
Cadence Innovus(TM) Implementation System.
Copyright 2020 Cadence Design Systems, Inc. All rights reserved worldwide.

Version:	v20.11-s130_1, built Wed Aug 5 15:53:11 PDT 2020
Options:	
Date:		Sat Oct 25 22:44:51 2025
Host:		isaserver (x86_64 w/Linux 3.10.0-1160.81.1.el7.x86_64) (6cores*6cpus*QEMU Virtual CPU version 2.5+ 16384KB)
OS:		CentOS Linux release 7.9.2009 (Core)

License:
		invs	Innovus Implementation System	20.1	checkout succeeded
		8 CPU jobs allowed with the current license(s). Use setMultiCpuUsage to set your required CPU count.
Change the soft stacksize limit to 0.2%RAM (64 mbytes). Set global soft_stack_size_limit to change the value.

**INFO:  MMMC transition support version v31-84 

<CMD> set_global _enable_mmmc_by_default_flow      $CTE::mmmc_default
<CMD> suppressMessage ENCEXT-2799
<CMD> win
<CMD> set init_design_netlisttype verilog
<CMD> set init_design_settop 1
<CMD> set init_top_cell myfir
<CMD> set init_verilog ../netlist/myfir.v
<CMD> set init_lef_file /eda/dk/nangate45/lef/NangateOpenCellLibrary.lef
<CMD> set init_gnd_net VSS
<CMD> set init_pwr_net VDD
<CMD> set init_mmmc_file mmm_design.tcl
<CMD> init_design
#% Begin Load MMMC data ... (date=10/25 22:55:24, mem=575.1M)
#% End Load MMMC data ... (date=10/25 22:55:24, total cpu=0:00:00.1, real=0:00:00.0, peak res=575.3M, current mem=575.3M)
my_rc

Loading LEF file /eda/dk/nangate45/lef/NangateOpenCellLibrary.lef ...
Set DBUPerIGU to M2 pitch 380.

viaInitial starts at Sat Oct 25 22:55:25 2025
viaInitial ends at Sat Oct 25 22:55:25 2025

##  Check design process and node:  
##  Both design process and tech node are not set.

Loading view definition file from mmm_design.tcl
Reading MY_LIBSET timing library '/eda/dk/nangate45/liberty/NangateOpenCellLibrary_typical_ecsm.lib' ...
Read 134 cells in library 'NangateOpenCellLibrary' 
*** End library_loading (cpu=0.04min, real=0.03min, mem=16.0M, fe_cpu=3.99min, fe_real=10.60min, fe_mem=786.0M) ***
#% Begin Load netlist data ... (date=10/25 22:55:27, mem=589.1M)
*** Begin netlist parsing (mem=786.0M) ***
Created 134 new cells from 1 timing libraries.
Reading netlist ...
Backslashed names will retain backslash and a trailing blank character.
Reading verilog netlist '../netlist/myfir.v'

*** Memory Usage v#2 (Current mem = 785.957M, initial mem = 272.285M) ***
*** End netlist parsing (cpu=0:00:00.1, real=0:00:00.0, mem=786.0M) ***
#% End Load netlist data ... (date=10/25 22:55:27, total cpu=0:00:00.1, real=0:00:00.0, peak res=594.9M, current mem=594.9M)
Set top cell to myfir.
Hooked 134 DB cells to tlib cells.
Starting recursive module instantiation check.
No recursion found.
Building hierarchical netlist for Cell myfir ...
*** Netlist is unique.
** info: there are 158 modules.
** info: there are 3163 stdCell insts.

*** Memory Usage v#2 (Current mem = 824.469M, initial mem = 272.285M) ***
Generated pitch 1.68 in metal10 is different from 1.6 defined in technology file in preferred direction.
Generated pitch 0.84 in metal8 is different from 0.8 defined in technology file in preferred direction.
Generated pitch 0.84 in metal7 is different from 0.8 defined in technology file in preferred direction.
Set Default Net Delay as 1000 ps.
Set Default Net Load as 0.5 pF. 
Set Default Input Pin Transition as 0.1 ps.
Extraction setup Started 
Initializing multi-corner RC extraction with 1 active RC Corners ...
Reading Capacitance Table File /eda/dk/nangate45/lef/captables/NCSU_FreePDK_45nm.capTbl ...
Cap table was created using Encounter 08.10-p004_1.
Process name: master_techFreePDK45.
Importing multi-corner RC tables ... 
Summary of Active RC-Corners : 
 
 Analysis View: MyAnView
    RC-Corner Name        : my_rc
    RC-Corner Index       : 0
    RC-Corner Temperature : 25 Celsius
    RC-Corner Cap Table   : '/eda/dk/nangate45/lef/captables/NCSU_FreePDK_45nm.capTbl'
    RC-Corner PreRoute Res Factor         : 1
    RC-Corner PreRoute Cap Factor         : 1
    RC-Corner PostRoute Res Factor        : 1 {1 1 1}
    RC-Corner PostRoute Cap Factor        : 1 {1 1 1}
    RC-Corner PostRoute XCap Factor       : 1 {1 1 1}
    RC-Corner PreRoute Clock Res Factor   : 1	[Derived from postRoute_res (effortLevel low)]
    RC-Corner PreRoute Clock Cap Factor   : 1	[Derived from postRoute_cap (effortLevel low)]
    RC-Corner PostRoute Clock Cap Factor  : 1 {1 1 1} 	[Derived from postRoute_cap (effortLevel low)]
    RC-Corner PostRoute Clock Res Factor  : 1 {1 1 1} 	[Derived from postRoute_res (effortLevel low)]
Updating RC grid for preRoute extraction ...
Initializing multi-corner capacitance tables ... 
Initializing multi-corner resistance tables ...
*Info: initialize multi-corner CTS.
Reading timing constraints file '../netlist/myfir.sdc' ...
Current (total cpu=0:04:01, real=0:10:38, peak res=820.3M, current mem=820.3M)
**WARN: (TCLCMD-1461):	Skipped unsupported command: set_units (File ../netlist/myfir.sdc, Line 8).

INFO (CTE): Reading of timing constraints file ../netlist/myfir.sdc completed, with 1 WARNING
Ending "Constraint file reading stats" (total cpu=0:00:00.2, real=0:00:00.0, peak res=839.5M, current mem=839.5M)
Current (total cpu=0:04:02, real=0:10:38, peak res=839.5M, current mem=839.5M)
Total number of combinational cells: 99
Total number of sequential cells: 29
Total number of tristate cells: 6
Total number of level shifter cells: 0
Total number of power gating cells: 0
Total number of isolation cells: 0
Total number of power switch cells: 0
Total number of pulse generator cells: 0
Total number of always on buffers: 0
Total number of retention cells: 0
List of usable buffers: BUF_X1 BUF_X2 BUF_X4 BUF_X8 BUF_X16 BUF_X32 CLKBUF_X1 CLKBUF_X2 CLKBUF_X3
Total number of usable buffers: 9
List of unusable buffers:
Total number of unusable buffers: 0
List of usable inverters: INV_X1 INV_X2 INV_X4 INV_X8 INV_X16 INV_X32
Total number of usable inverters: 6
List of unusable inverters:
Total number of unusable inverters: 0
List of identified usable delay cells:
Total number of identified usable delay cells: 0
List of identified unusable delay cells:
Total number of identified unusable delay cells: 0
No delay cells were detected in the set of buffers. Buffers will be used to fix hold violations.
#% Begin Load MMMC data ... (date=10/25 22:55:30, mem=861.3M)
#% End Load MMMC data ... (date=10/25 22:55:30, total cpu=0:00:00.0, real=0:00:00.0, peak res=861.3M, current mem=861.3M)

*** Summary of all messages that are not suppressed in this session:
Severity  ID               Count  Summary                                  
WARNING   TCLCMD-1461          1  Skipped unsupported command: %s          
*** Message Summary: 1 warning(s), 0 error(s)

<CMD> zoomBox -12.49750 14.00300 120.51650 71.08000
<CMD> zoomBox -2.37250 17.46500 110.68950 65.98050
<CMD> zoomBox -123.97250 -24.33500 228.71200 127.00350
<CMD> zoomBox -97.17650 -15.00800 202.60600 113.63000
<CMD> getIoFlowFlag
<CMD> getIoFlowFlag
<CMD> setIoFlowFlag 0
<CMD> floorPlan -coreMarginsBy die -site FreePDK45_38x28_10R_NP_162NW_34O -r 0.975609756098 0.700001 5.0 5.0 5.0 5.0
Generated pitch 1.68 in metal10 is different from 1.6 defined in technology file in preferred direction.
Generated pitch 0.84 in metal8 is different from 0.8 defined in technology file in preferred direction.
Generated pitch 0.84 in metal7 is different from 0.8 defined in technology file in preferred direction.
**WARN: (IMPFP-325):	Floorplan of the design is resized. All current floorplan objects are automatically derived based on specified new floorplan. This may change blocks, fixed standard cells, existing routes and blockages.
<CMD> uiSetTool select
<CMD> getIoFlowFlag
<CMD> fit
<CMD> set sprCreateIeRingOffset 1.0
<CMD> set sprCreateIeRingThreshold 1.0
<CMD> set sprCreateIeRingJogDistance 1.0
<CMD> set sprCreateIeRingLayers {}
<CMD> set sprCreateIeRingOffset 1.0
<CMD> set sprCreateIeRingThreshold 1.0
<CMD> set sprCreateIeRingJogDistance 1.0
<CMD> set sprCreateIeRingLayers {}
<CMD> set sprCreateIeStripeWidth 10.0
<CMD> set sprCreateIeStripeThreshold 1.0
<CMD> set sprCreateIeStripeWidth 10.0
<CMD> set sprCreateIeStripeThreshold 1.0
<CMD> set sprCreateIeRingOffset 1.0
<CMD> set sprCreateIeRingThreshold 1.0
<CMD> set sprCreateIeRingJogDistance 1.0
<CMD> set sprCreateIeRingLayers {}
<CMD> set sprCreateIeStripeWidth 10.0
<CMD> set sprCreateIeStripeThreshold 1.0
<CMD> setAddRingMode -ring_target default -extend_over_row 0 -ignore_rows 0 -avoid_short 0 -skip_crossing_trunks none -stacked_via_top_layer metal10 -stacked_via_bottom_layer metal1 -via_using_exact_crossover_size 1 -orthogonal_only true -skip_via_on_pin {  standardcell } -skip_via_on_wire_shape {  noshape }
The ring targets are set to core/block ring wires.
addRing command will consider rows while creating rings.
addRing command will disallow rings to go over rows.
addRing command will ignore shorts while creating rings.
<CMD> addRing -nets {VDD VSS} -type core_rings -follow core -layer {top metal1 bottom metal1 left metal2 right metal2} -width {top 0.8 bottom 0.8 left 0.8 right 0.8} -spacing {top 0.8 bottom 0.8 left 0.8 right 0.8} -offset {top 1.8 bottom 1.8 left 1.8 right 1.8} -center 1 -threshold 0 -jog_distance 0 -snap_wire_center_to_grid None

Loading cell geometries (cpu: 0:00:00.0, real: 0:00:00.0, peak mem: 1108.6M)
Ring generation is complete.
vias are now being generated.
addRing created 8 wires.
ViaGen created 8 vias, deleted 0 via to avoid violation.
+--------+----------------+----------------+
|  Layer |     Created    |     Deleted    |
+--------+----------------+----------------+
| metal1 |        4       |       NA       |
|  via1  |        8       |        0       |
| metal2 |        4       |       NA       |
+--------+----------------+----------------+
<CMD> clearGlobalNets
<CMD> globalNetConnect VDD -type pgpin -pin VDD -instanceBasename * -hierarchicalInstance {}
<CMD> globalNetConnect VSS -type pgpin -pin VSS -instanceBasename * -hierarchicalInstance {}
<CMD> clearGlobalNets
<CMD> globalNetConnect VDD -type pgpin -pin VDD -instanceBasename * -hierarchicalInstance {}
<CMD> globalNetConnect VSS -type pgpin -pin VSS -instanceBasename * -hierarchicalInstance {}
<CMD> setSrouteMode -viaConnectToShape { noshape }
<CMD> sroute -connect { blockPin padPin padRing corePin floatingStripe } -layerChangeRange { metal1(1) metal10(10) } -blockPinTarget { nearestTarget } -padPinPortConnect { allPort oneGeom } -padPinTarget { nearestTarget } -corePinTarget { firstAfterRowEnd } -floatingStripeTarget { blockring padring ring stripe ringpin blockpin followpin } -allowJogging 1 -crossoverViaLayerRange { metal1(1) metal10(10) } -nets { VDD VSS } -allowLayerChange 1 -blockPin useLef -targetViaLayerRange { metal1(1) metal10(10) }
*** Begin SPECIAL ROUTE on Sat Oct 25 23:24:07 2025 ***
SPECIAL ROUTE ran on directory: /home/isa30_2025_2026/labISA/lab1/innovus
SPECIAL ROUTE ran on machine: isaserver (Linux 3.10.0-1160.81.1.el7.x86_64 x86_64 2.00Ghz)

Begin option processing ...
srouteConnectPowerBump set to false
routeSelectNet set to "VDD VSS"
routeSpecial set to true
srouteBlockPin set to "useLef"
srouteBottomLayerLimit set to 1
srouteBottomTargetLayerLimit set to 1
srouteConnectConverterPin set to false
srouteCrossoverViaBottomLayer set to 1
srouteCrossoverViaTopLayer set to 10
srouteFloatingStripeTarget set to "blockring padring ring stripe ringpin blockpin followpin"
srouteFollowCorePinEnd set to 3
srouteJogControl set to "preferWithChanges differentLayer"
srouteNoViaOnWireShape set to "padring ring stripe blockring blockpin coverpin blockwire corewire followpin iowire"
sroutePadPinAllPorts set to true
sroutePreserveExistingRoutes set to true
srouteRoutePowerBarPortOnBothDir set to true
srouteStopBlockPin set to "nearestTarget"
srouteTopLayerLimit set to 10
srouteTopTargetLayerLimit set to 10
End option processing: cpu: 0:00:00, real: 0:00:00, peak: 2229.00 megs.

Reading DB technology information...
Finished reading DB technology information.
Reading floorplan and netlist information...
Finished reading floorplan and netlist information.
Read in 20 layers, 10 routing layers, 1 overlap layer
Read in 134 macros, 18 used
Read in 18 components
  18 core components: 18 unplaced, 0 placed, 0 fixed
Read in 147 logical pins
Read in 147 nets
Read in 2 special nets, 2 routed
Read in 36 terminals
2 nets selected.

Begin power routing ...
**WARN: (IMPSR-1254):	Unable to connect the specified objects, since block pins of the VDD net were not found in the design. Check netlist or change the parameter value to include block pins in the design.
**WARN: (IMPSR-1256):	Unable to find any CORE class pad pin of the VDD net due to unavailability of the pin or check netlist in the routing area or layer. Change routing area or layer to include the expected pin or check netlist. Alternatively, change port class in the technology file.
Type 'man IMPSR-1256' for more detail.
Cannot find any AREAIO class pad pin of net VDD. Check net list, or change port class in the technology file, or change option to include pin in given range.
**WARN: (IMPSR-1254):	Unable to connect the specified objects, since block pins of the VSS net were not found in the design. Check netlist or change the parameter value to include block pins in the design.
**WARN: (IMPSR-1256):	Unable to find any CORE class pad pin of the VSS net due to unavailability of the pin or check netlist in the routing area or layer. Change routing area or layer to include the expected pin or check netlist. Alternatively, change port class in the technology file.
Type 'man IMPSR-1256' for more detail.
Cannot find any AREAIO class pad pin of net VSS. Check net list, or change port class in the technology file, or change option to include pin in given range.
CPU time for FollowPin 0 seconds
CPU time for FollowPin 0 seconds
  Number of IO ports routed: 0
  Number of Block ports routed: 0
  Number of Stripe ports routed: 0
  Number of Core ports routed: 142
  Number of Pad ports routed: 0
  Number of Power Bump ports routed: 0
  Number of Followpin connections: 71
End power routing: cpu: 0:00:00, real: 0:00:00, peak: 2260.00 megs.



 Begin updating DB with routing results ...
 Updating DB with 0 via definition ...Extracting standard cell pins and blockage ...... 
Pin and blockage extraction finished

sroute created 213 wires.
ViaGen created 142 vias, deleted 0 via to avoid violation.
+--------+----------------+----------------+
|  Layer |     Created    |     Deleted    |
+--------+----------------+----------------+
| metal1 |       213      |       NA       |
|  via1  |       142      |        0       |
+--------+----------------+----------------+
<CMD> setPlaceMode -prerouteAsObs {1 2 3 4 5 6 7 8}
<CMD> setRouteMode -earlyGlobalHonorMsvRouteConstraint false -earlyGlobalRoutePartitionPinGuide true
<CMD> setEndCapMode -reset
<CMD> setEndCapMode -boundary_tap false
<CMD> setNanoRouteMode -quiet -droutePostRouteSpreadWire 1
<CMD> setNanoRouteMode -quiet -timingEngine {}
<CMD> setUsefulSkewMode -maxSkew false -noBoundary false -useCells {CLKBUF_X3 CLKBUF_X2 CLKBUF_X1 BUF_X32 BUF_X16 BUF_X8 BUF_X4 BUF_X2 BUF_X1 INV_X32 INV_X16 INV_X8 INV_X4 INV_X2 INV_X1} -maxAllowedDelay 1
<CMD> setPlaceMode -reset
<CMD> setPlaceMode -congEffort auto -timingDriven 1 -clkGateAware 1 -powerDriven 0 -ignoreScan 1 -reorderScan 1 -ignoreSpare 0 -placeIOPins 1 -moduleAwareSpare 0 -preserveRouting 1 -rmAffectedRouting 0 -checkRoute 0 -swapEEQ 0
<CMD> setPlaceMode -fp false
<CMD> place_design
Extracting standard cell pins and blockage ...... 
Pin and blockage extraction finished
*** Starting placeDesign default flow ***
*** Start deleteBufferTree ***
Info: Detect buffers to remove automatically.
Analyzing netlist ...
Updating netlist

*summary: 0 instances (buffers/inverters) removed
*** Finish deleteBufferTree (0:00:00.7) ***
**INFO: Enable pre-place timing setting for timing analysis
Set Using Default Delay Limit as 101.
**WARN: (IMPDC-1629):	The default delay limit was set to 101. This is less than the default of 1000 and may result in inaccurate delay calculation for nets with a fanout higher than the setting.  If needed, the default delay limit may be adjusted by running the command 'set delaycal_use_default_delay_limit'.
Set Default Net Delay as 0 ps.
Set Default Net Load as 0 pF. 
**INFO: Analyzing IO path groups for slack adjustment
Effort level <high> specified for reg2reg_tmp.2181 path_group
AAE DB initialization (MEM=1150.86 CPU=0:00:00.0 REAL=0:00:00.0) 
#################################################################################
# Design Stage: PreRoute
# Design Name: myfir
# Design Mode: 90nm
# Analysis Mode: MMMC Non-OCV 
# Parasitics Mode: No SPEF/RCDB 
# Signoff Settings: SI Off 
#################################################################################
Calculate delays in Single mode...
Start delay calculation (fullDC) (1 T). (MEM=1150.86)
siFlow : Timing analysis mode is single, using late cdB files
Total number of fetched objects 4237
End delay calculation. (MEM=1198.99 CPU=0:00:02.7 REAL=0:00:02.0)
End delay calculation (fullDC). (MEM=1171.91 CPU=0:00:03.2 REAL=0:00:03.0)
**INFO: Disable pre-place timing setting for timing analysis
Set Using Default Delay Limit as 1000.
Set Default Net Delay as 1000 ps.
Set Default Net Load as 0.5 pF. 
**INFO: Pre-place timing setting for timing analysis already disabled
Deleted 0 physical inst  (cell - / prefix -).
INFO: #ExclusiveGroups=0
INFO: There are no Exclusive Groups.
*** Starting "NanoPlace(TM) placement v#15 (mem=1162.4M)" ...
*** Build Buffered Sizing Timing Model
(cpu=0:00:00.8 mem=1170.4M) ***
*** Build Virtual Sizing Timing Model
(cpu=0:00:01.0 mem=1170.4M) ***
No user-set net weight.
Net fanout histogram:
2		: 2529 (64.0%) nets
3		: 955 (24.2%) nets
4     -	14	: 432 (10.9%) nets
15    -	39	: 34 (0.9%) nets
40    -	79	: 0 (0.0%) nets
80    -	159	: 0 (0.0%) nets
160   -	319	: 1 (0.0%) nets
320   -	639	: 0 (0.0%) nets
640   -	1279	: 0 (0.0%) nets
1280  -	2559	: 0 (0.0%) nets
2560  -	5119	: 0 (0.0%) nets
5120+		: 0 (0.0%) nets
Options: timingDriven clkGateAware ignoreScan pinGuide congEffort=auto gpeffort=medium 
**WARN: (IMPSP-9042):	Scan chains were not defined, -place_global_ignore_scan option will be ignored.
Define the scan chains before using this option.
Type 'man IMPSP-9042' for more detail.
#std cell=3163 (0 fixed + 3163 movable) #buf cell=0 #inv cell=319 #block=0 (0 floating + 0 preplaced)
#ioInst=0 #net=3951 #term=12545 #term/net=3.18, #fixedIo=0, #floatIo=0, #fixedPin=0, #floatPin=147
stdCell: 3163 single + 0 double + 0 multi
Total standard cell length = 5.0637 (mm), area = 0.0071 (mm^2)
Estimated cell power/ground rail width = 0.197 um
Average module density = 0.700.
Density for the design = 0.700.
       = stdcell_area 26651 sites (7089 um^2) / alloc_area 38080 sites (10129 um^2).
Pin Density = 0.3294.
            = total # of pins 12545 / total area 38080.
=== lastAutoLevel = 7 
Clock gating cells determined by native netlist tracing.
Iteration  1: Total net bbox = 1.255e-10 (1.28e-11 1.13e-10)
              Est.  stn bbox = 1.344e-10 (1.37e-11 1.21e-10)
              cpu = 0:00:00.0 real = 0:00:00.0 mem = 1173.6M
Iteration  2: Total net bbox = 1.255e-10 (1.28e-11 1.13e-10)
              Est.  stn bbox = 1.344e-10 (1.37e-11 1.21e-10)
              cpu = 0:00:00.0 real = 0:00:00.0 mem = 1173.6M
Iteration  3: Total net bbox = 3.127e+02 (2.05e+02 1.07e+02)
              Est.  stn bbox = 3.769e+02 (2.51e+02 1.26e+02)
              cpu = 0:00:00.5 real = 0:00:00.0 mem = 1180.7M
Active setup views:
    MyAnView
Iteration  4: Total net bbox = 8.383e+03 (3.21e+03 5.17e+03)
              Est.  stn bbox = 9.918e+03 (3.87e+03 6.05e+03)
              cpu = 0:00:01.9 real = 0:00:02.0 mem = 1180.7M
Iteration  5: Total net bbox = 1.877e+04 (6.98e+03 1.18e+04)
              Est.  stn bbox = 2.242e+04 (8.23e+03 1.42e+04)
              cpu = 0:00:02.7 real = 0:00:03.0 mem = 1180.7M
Iteration  6: Total net bbox = 2.438e+04 (1.21e+04 1.23e+04)
              Est.  stn bbox = 2.889e+04 (1.42e+04 1.47e+04)
              cpu = 0:00:03.2 real = 0:00:03.0 mem = 1182.3M
Iteration  7: Total net bbox = 2.835e+04 (1.38e+04 1.46e+04)
              Est.  stn bbox = 3.298e+04 (1.59e+04 1.71e+04)
              cpu = 0:00:00.2 real = 0:00:00.0 mem = 1182.3M
Iteration  8: Total net bbox = 2.835e+04 (1.38e+04 1.46e+04)
              Est.  stn bbox = 3.298e+04 (1.59e+04 1.71e+04)
              cpu = 0:00:03.7 real = 0:00:04.0 mem = 1193.8M
Iteration  9: Total net bbox = 2.962e+04 (1.37e+04 1.59e+04)
              Est.  stn bbox = 3.422e+04 (1.58e+04 1.84e+04)
              cpu = 0:00:02.0 real = 0:00:02.0 mem = 1197.4M
Iteration 10: Total net bbox = 3.042e+04 (1.43e+04 1.61e+04)
              Est.  stn bbox = 3.508e+04 (1.64e+04 1.86e+04)
              cpu = 0:00:05.9 real = 0:00:06.0 mem = 1197.4M
Iteration 11: Total net bbox = 3.042e+04 (1.43e+04 1.61e+04)
              Est.  stn bbox = 3.508e+04 (1.64e+04 1.86e+04)
              cpu = 0:00:00.0 real = 0:00:00.0 mem = 1197.4M
Iteration 12: Total net bbox = 3.042e+04 (1.43e+04 1.61e+04)
              Est.  stn bbox = 3.508e+04 (1.64e+04 1.86e+04)
              cpu = 0:00:00.0 real = 0:00:00.0 mem = 1197.4M
*** cost = 3.042e+04 (1.43e+04 1.61e+04) (cpu for global=0:00:18.6) real=0:00:19.0***
Info: 23 clock gating cells identified, 23 (on average) moved 69/3
Solver runtime cpu: 0:00:13.8 real: 0:00:13.4
Core Placement runtime cpu: 0:00:14.3 real: 0:00:15.0
**WARN: (IMPSP-9025):	No scan chain specified/traced.
Type 'man IMPSP-9025' for more detail.
*** Starting refinePlace (0:15:13 mem=1213.4M) ***
Total net bbox length = 3.055e+04 (1.447e+04 1.608e+04) (ext = 2.467e+03)
Move report: Detail placement moves 3163 insts, mean move: 0.72 um, max move: 10.14 um
	Max move on inst (DataRegIn_Dout_reg_9_): (31.14, 12.16) --> (28.12, 5.04)
	Runtime: CPU: 0:00:00.8 REAL: 0:00:01.0 MEM: 1213.4MB
Summary Report:
Instances move: 3163 (out of 3163 movable)
Instances flipped: 0
Mean displacement: 0.72 um
Max displacement: 10.14 um (Instance: DataRegIn_Dout_reg_9_) (31.145, 12.156) -> (28.12, 5.04)
	Length: 20 sites, height: 1 rows, site name: FreePDK45_38x28_10R_NP_162NW_34O, cell type: DFFR_X1
Total net bbox length = 2.885e+04 (1.276e+04 1.609e+04) (ext = 2.454e+03)
Runtime: CPU: 0:00:00.9 REAL: 0:00:01.0 MEM: 1213.4MB
*** Finished refinePlace (0:15:14 mem=1213.4M) ***
*** End of Placement (cpu=0:00:21.2, real=0:00:22.0, mem=1213.4M) ***
default core: bins with density > 0.750 = 19.64 % ( 11 / 56 )
Density distribution unevenness ratio = 3.481%
*** Free Virtual Timing Model ...(mem=1213.4M)
Starting IO pin assignment...
The design is not routed. Using placement based method for pin assignment.
Completed IO pin assignment.
**INFO: Enable pre-place timing setting for timing analysis
Set Using Default Delay Limit as 101.
**WARN: (IMPDC-1629):	The default delay limit was set to 101. This is less than the default of 1000 and may result in inaccurate delay calculation for nets with a fanout higher than the setting.  If needed, the default delay limit may be adjusted by running the command 'set delaycal_use_default_delay_limit'.
Set Default Net Delay as 0 ps.
Set Default Net Load as 0 pF. 
**INFO: Analyzing IO path groups for slack adjustment
Effort level <high> specified for reg2reg_tmp.2181 path_group
#################################################################################
# Design Stage: PreRoute
# Design Name: myfir
# Design Mode: 90nm
# Analysis Mode: MMMC Non-OCV 
# Parasitics Mode: No SPEF/RCDB 
# Signoff Settings: SI Off 
#################################################################################
Calculate delays in Single mode...
Start delay calculation (fullDC) (1 T). (MEM=1201.92)
Total number of fetched objects 4237
End delay calculation. (MEM=1224.12 CPU=0:00:02.5 REAL=0:00:02.0)
End delay calculation (fullDC). (MEM=1224.12 CPU=0:00:02.8 REAL=0:00:03.0)
**INFO: Disable pre-place timing setting for timing analysis
Set Using Default Delay Limit as 1000.
Set Default Net Delay as 1000 ps.
Set Default Net Load as 0.5 pF. 
Info: Disable timing driven in postCTS congRepair.

Starting congRepair ...
[NR-eGR] Track table information for default rule: 
[NR-eGR] metal1 has no routable track
[NR-eGR] metal2 has single uniform track structure
[NR-eGR] metal3 has single uniform track structure
[NR-eGR] metal4 has single uniform track structure
[NR-eGR] metal5 has single uniform track structure
[NR-eGR] metal6 has single uniform track structure
[NR-eGR] metal7 has single uniform track structure
[NR-eGR] metal8 has single uniform track structure
[NR-eGR] metal9 has single uniform track structure
[NR-eGR] metal10 has single uniform track structure
[NR-eGR] Read 154 PG shapes
[NR-eGR] #Routing Blockages  : 0
[NR-eGR] #Instance Blockages : 0
[NR-eGR] #PG Blockages       : 154
[NR-eGR] #Halo Blockages     : 0
[NR-eGR] #Boundary Blockages : 0
[NR-eGR] Num Prerouted Nets = 0  Num Prerouted Wires = 0
[NR-eGR] Read numTotalNets=3951  numIgnoredNets=0
[NR-eGR] There are 24 clock nets ( 0 with NDR ).
[NR-eGR] ============ Routing rule table ============
[NR-eGR] Rule id: 0  Nets: 3951 
[NR-eGR] ========================================
[NR-eGR] 
[NR-eGR] Layer group 1: route 3951 net(s) in layer range [2, 10]
[NR-eGR] Early Global Route overflow of layer group 1: 0.00% H + 0.00% V. EstWL: 3.241000e+04um
[NR-eGR] Congestion Analysis By layer: (blocked Gcells are excluded) 
[NR-eGR]                        OverCon            
[NR-eGR]                         #Gcell     %Gcell
[NR-eGR]       Layer                (0)    OverCon 
[NR-eGR] ----------------------------------------------
[NR-eGR]  metal1  (1)         0( 0.00%)   ( 0.00%) 
[NR-eGR]  metal2  (2)         0( 0.00%)   ( 0.00%) 
[NR-eGR]  metal3  (3)         0( 0.00%)   ( 0.00%) 
[NR-eGR]  metal4  (4)         0( 0.00%)   ( 0.00%) 
[NR-eGR]  metal5  (5)         0( 0.00%)   ( 0.00%) 
[NR-eGR]  metal6  (6)         0( 0.00%)   ( 0.00%) 
[NR-eGR]  metal7  (7)         0( 0.00%)   ( 0.00%) 
[NR-eGR]  metal8  (8)         0( 0.00%)   ( 0.00%) 
[NR-eGR]  metal9  (9)         0( 0.00%)   ( 0.00%) 
[NR-eGR] metal10 (10)         0( 0.00%)   ( 0.00%) 
[NR-eGR] ----------------------------------------------
[NR-eGR] Total                0( 0.00%)   ( 0.00%) 
[NR-eGR] 
[NR-eGR] Overflow after Early Global Route (GR compatible) 0.00% H + 0.00% V
[NR-eGR] Overflow after Early Global Route 0.00% H + 0.00% V
Early Global Route congestion estimation runtime: 0.13 seconds, mem = 1222.6M
Local HotSpot Analysis: normalized max congestion hotspot area = 0.00, normalized total congestion hotspot area = 0.00 (area is in unit of 4 std-cell row bins)
Skipped repairing congestion.
[NR-eGR] Started Export DB wires ( Curr Mem: 1222.61 MB )
[NR-eGR] Started Export all nets ( Curr Mem: 1222.61 MB )
[NR-eGR] Finished Export all nets ( CPU: 0.03 sec, Real: 0.04 sec, Curr Mem: 1222.61 MB )
[NR-eGR] Started Set wire vias ( Curr Mem: 1222.61 MB )
[NR-eGR] Finished Set wire vias ( CPU: 0.00 sec, Real: 0.01 sec, Curr Mem: 1222.61 MB )
[NR-eGR] Finished Export DB wires ( CPU: 0.04 sec, Real: 0.04 sec, Curr Mem: 1222.61 MB )
[NR-eGR] --------------------------------------------------------------------------
[NR-eGR] metal1  (1F) length: 0.000000e+00um, number of vias: 12398
[NR-eGR] metal2  (2V) length: 1.047061e+04um, number of vias: 15178
[NR-eGR] metal3  (3H) length: 1.450910e+04um, number of vias: 5127
[NR-eGR] metal4  (4V) length: 7.702600e+03um, number of vias: 288
[NR-eGR] metal5  (5H) length: 5.617300e+02um, number of vias: 252
[NR-eGR] metal6  (6V) length: 1.562945e+03um, number of vias: 12
[NR-eGR] metal7  (7H) length: 1.240000e+00um, number of vias: 9
[NR-eGR] metal8  (8V) length: 9.349000e+01um, number of vias: 3
[NR-eGR] metal9  (9H) length: 5.915000e+00um, number of vias: 2
[NR-eGR] metal10 (10V) length: 0.000000e+00um, number of vias: 0
[NR-eGR] Total length: 3.490763e+04um, number of vias: 33269
[NR-eGR] --------------------------------------------------------------------------
[NR-eGR] Total eGR-routed clock nets wire length: 1.018230e+03um 
[NR-eGR] --------------------------------------------------------------------------
Early Global Route wiring runtime: 0.15 seconds, mem = 1167.6M
Tdgp not successfully inited but do clear! skip clearing
End of congRepair (cpu=0:00:00.3, real=0:00:00.0)
*** Finishing placeDesign default flow ***
**placeDesign ... cpu = 0: 0:31, real = 0: 0:32, mem = 1167.6M **
Tdgp not successfully inited but do clear! skip clearing

*** Summary of all messages that are not suppressed in this session:
Severity  ID               Count  Summary                                  
WARNING   IMPDC-1629           2  The default delay limit was set to %d. T...
WARNING   IMPSP-9025           1  No scan chain specified/traced.          
WARNING   IMPSP-9042           1  Scan chains were not defined, -place_glo...
*** Message Summary: 4 warning(s), 0 error(s)

<CMD> zoomBox -158.28450 -7.36850 277.91100 220.38400
<CMD> gui_select -rect {165.52000 76.80100 172.45150 129.77800}
<CMD> zoomBox -124.36900 -43.23950 246.39700 150.35000
<CMD> pan 28.86550 84.32300
<CMD> zoomBox -52.69150 -33.90450 215.18700 105.96400
<CMD> pan -31.01400 50.40950
<CMD> pan 12.46650 64.39600
<CMD> setDesignMode -process 45
##  Process: 45            (User Set)               
##     Node: (not set)                           

##  Check design process and node:  
##  Design tech node is not set.

Applying the recommended capacitance filtering threshold values for 45nm process node: total_c_th=0, relative_c_th=1 and coupling_c_th=0.1.
	These values will be used by all post-route extraction engines, including TQuantus, IQuantus and Quantus QRC extraction.
	Capacitance filtering mode(-capFilterMode option of the setExtractRCMode) is 'relAndCoup' for all engines.
	The accuracy mode for postRoute effortLevel low extraction will be set to 'high'.
	Default value for EffortLevel(-effortLevel option of the setExtractRCMode) in postRoute extraction mode will be 'medium' if Quantus QRC technology file is specified else 'low'.
<CMD> setOptMode -fixCap true -fixTran true -fixFanoutLoad false
<CMD> optDesign -preCTS
**optDesign ... cpu = 0:00:00, real = 0:00:00, mem = 932.1M, totSessionCpu=0:16:43 **
Executing: place_opt_design -opt
No user sequential activity specified, applying default sequential activity of "0.2" for Dynamic Power reporting.
'set_default_switching_activity' finished successfully.
*** Starting GigaPlace ***
**INFO: User settings:
setDesignMode -process                              45
setExtractRCMode -coupling_c_th                     0.1
setExtractRCMode -engine                            preRoute
setExtractRCMode -relative_c_th                     1
setExtractRCMode -total_c_th                        0
setUsefulSkewMode -maxAllowedDelay                  1
setUsefulSkewMode -maxSkew                          false
setUsefulSkewMode -noBoundary                       false
setUsefulSkewMode -useCells                         {BUF_X1 BUF_X2 BUF_X4 BUF_X8 BUF_X16 BUF_X32 CLKBUF_X1 CLKBUF_X2 CLKBUF_X3 INV_X1 INV_X2 INV_X4 INV_X8 INV_X16 INV_X32}
setDelayCalMode -engine                             aae
setDelayCalMode -ignoreNetLoad                      false
setOptMode -fixCap                                  true
setOptMode -fixFanoutLoad                           false
setOptMode -fixTran                                 true
setPlaceMode -place_design_floorplan_mode           false
setPlaceMode -place_detail_check_route              false
setPlaceMode -place_detail_preserve_routing         true
setPlaceMode -place_detail_remove_affected_routing  false
setPlaceMode -place_detail_swap_eeq_cells           false
setPlaceMode -place_global_clock_gate_aware         true
setPlaceMode -place_global_cong_effort              auto
setPlaceMode -place_global_ignore_scan              true
setPlaceMode -place_global_ignore_spare             false
setPlaceMode -place_global_module_aware_spare       false
setPlaceMode -place_global_place_io_pins            true
setPlaceMode -place_global_reorder_scan             true
setPlaceMode -powerDriven                           false
setPlaceMode -timingDriven                          true
setAnalysisMode -analysisType                       single
setAnalysisMode -clkSrcPath                         true
setAnalysisMode -clockPropagation                   sdcControl
setAnalysisMode -virtualIPO                         false
setRouteMode -earlyGlobalHonorMsvRouteConstraint    false
setRouteMode -earlyGlobalRoutePartitionPinGuide     true

**optDesign ... cpu = 0:00:00, real = 0:00:00, mem = 933.0M, totSessionCpu=0:16:43 **
**INFO: setDesignMode -flowEffort standard -> setting 'setOptMode -allEndPoints true' for the duration of this command.
GigaOpt running with 1 threads.
Updating RC grid for preRoute extraction ...
Initializing multi-corner capacitance tables ... 
Initializing multi-corner resistance tables ...
Setting timing_disable_library_data_to_data_checks to 'true'.
Setting timing_disable_user_data_to_data_checks to 'true'.
**optDesign ... cpu = 0:00:01, real = 0:00:01, mem = 949.6M, totSessionCpu=0:16:45 **
*** optDesign -preCTS ***
DRC Margin: user margin 0.0; extra margin 0.2
Setup Target Slack: user slack 0; extra slack 0.0
Hold Target Slack: user slack 0
**WARN: (IMPOPT-3195):	Analysis mode has changed.
Type 'man IMPOPT-3195' for more detail.
Multi-VT timing optimization disabled based on library information.
[NR-eGR] Started Early Global Route kernel ( Curr Mem: 1199.18 MB )
[NR-eGR] Track table information for default rule: 
[NR-eGR] metal1 has no routable track
[NR-eGR] metal2 has single uniform track structure
[NR-eGR] metal3 has single uniform track structure
[NR-eGR] metal4 has single uniform track structure
[NR-eGR] metal5 has single uniform track structure
[NR-eGR] metal6 has single uniform track structure
[NR-eGR] metal7 has single uniform track structure
[NR-eGR] metal8 has single uniform track structure
[NR-eGR] metal9 has single uniform track structure
[NR-eGR] metal10 has single uniform track structure
[NR-eGR] Read 154 PG shapes
[NR-eGR] #Routing Blockages  : 0
[NR-eGR] #Instance Blockages : 0
[NR-eGR] #PG Blockages       : 154
[NR-eGR] #Halo Blockages     : 0
[NR-eGR] #Boundary Blockages : 0
[NR-eGR] Num Prerouted Nets = 0  Num Prerouted Wires = 0
[NR-eGR] Read numTotalNets=3951  numIgnoredNets=0
[NR-eGR] There are 24 clock nets ( 0 with NDR ).
[NR-eGR] ============ Routing rule table ============
[NR-eGR] Rule id: 0  Nets: 3951 
[NR-eGR] ========================================
[NR-eGR] 
[NR-eGR] Layer group 1: route 3951 net(s) in layer range [2, 10]
[NR-eGR] Early Global Route overflow of layer group 1: 0.00% H + 0.00% V. EstWL: 3.272080e+04um
[NR-eGR] Congestion Analysis By layer: (blocked Gcells are excluded) 
[NR-eGR]                        OverCon            
[NR-eGR]                         #Gcell     %Gcell
[NR-eGR]       Layer                (0)    OverCon 
[NR-eGR] ----------------------------------------------
[NR-eGR]  metal1  (1)         0( 0.00%)   ( 0.00%) 
[NR-eGR]  metal2  (2)         0( 0.00%)   ( 0.00%) 
[NR-eGR]  metal3  (3)         0( 0.00%)   ( 0.00%) 
[NR-eGR]  metal4  (4)         0( 0.00%)   ( 0.00%) 
[NR-eGR]  metal5  (5)         0( 0.00%)   ( 0.00%) 
[NR-eGR]  metal6  (6)         0( 0.00%)   ( 0.00%) 
[NR-eGR]  metal7  (7)         0( 0.00%)   ( 0.00%) 
[NR-eGR]  metal8  (8)         0( 0.00%)   ( 0.00%) 
[NR-eGR]  metal9  (9)         0( 0.00%)   ( 0.00%) 
[NR-eGR] metal10 (10)         0( 0.00%)   ( 0.00%) 
[NR-eGR] ----------------------------------------------
[NR-eGR] Total                0( 0.00%)   ( 0.00%) 
[NR-eGR] 
[NR-eGR] Overflow after Early Global Route (GR compatible) 0.00% H + 0.00% V
[NR-eGR] Overflow after Early Global Route 0.00% H + 0.00% V
[NR-eGR] Started Export DB wires ( Curr Mem: 1199.18 MB )
[NR-eGR] Started Export all nets ( Curr Mem: 1199.18 MB )
[NR-eGR] Finished Export all nets ( CPU: 0.03 sec, Real: 0.04 sec, Curr Mem: 1199.18 MB )
[NR-eGR] Started Set wire vias ( Curr Mem: 1199.18 MB )
[NR-eGR] Finished Set wire vias ( CPU: 0.00 sec, Real: 0.01 sec, Curr Mem: 1199.18 MB )
[NR-eGR] Finished Export DB wires ( CPU: 0.04 sec, Real: 0.05 sec, Curr Mem: 1199.18 MB )
[NR-eGR] --------------------------------------------------------------------------
[NR-eGR] metal1  (1F) length: 0.000000e+00um, number of vias: 12398
[NR-eGR] metal2  (2V) length: 1.086880e+04um, number of vias: 15338
[NR-eGR] metal3  (3H) length: 1.449922e+04um, number of vias: 5002
[NR-eGR] metal4  (4V) length: 7.603015e+03um, number of vias: 304
[NR-eGR] metal5  (5H) length: 5.586500e+02um, number of vias: 262
[NR-eGR] metal6  (6V) length: 1.613820e+03um, number of vias: 14
[NR-eGR] metal7  (7H) length: 2.395000e+00um, number of vias: 9
[NR-eGR] metal8  (8V) length: 9.139000e+01um, number of vias: 3
[NR-eGR] metal9  (9H) length: 5.915000e+00um, number of vias: 2
[NR-eGR] metal10 (10V) length: 0.000000e+00um, number of vias: 0
[NR-eGR] Total length: 3.524319e+04um, number of vias: 33332
[NR-eGR] --------------------------------------------------------------------------
[NR-eGR] Total eGR-routed clock nets wire length: 1.023960e+03um 
[NR-eGR] --------------------------------------------------------------------------
[NR-eGR] Finished Early Global Route kernel ( CPU: 0.30 sec, Real: 0.30 sec, Curr Mem: 1199.18 MB )
Extraction called for design 'myfir' of instances=3163 and nets=4009 using extraction engine 'preRoute' .
PreRoute RC Extraction called for design myfir.
RC Extraction called in multi-corner(1) mode.
RCMode: PreRoute
      RC Corner Indexes            0   
Capacitance Scaling Factor   : 1.00000 
Resistance Scaling Factor    : 1.00000 
Clock Cap. Scaling Factor    : 1.00000 
Clock Res. Scaling Factor    : 1.00000 
Shrink Factor                : 1.00000
PreRoute extraction is honoring NDR/Shielding/ExtraSpace for clock nets.
Using capacitance table file ...
Updating RC grid for preRoute extraction ...
Initializing multi-corner capacitance tables ... 
Initializing multi-corner resistance tables ...
PreRoute RC Extraction DONE (CPU Time: 0:00:00.3  Real Time: 0:00:00.0  MEM: 1199.180M)
Starting delay calculation for Setup views
#################################################################################
# Design Stage: PreRoute
# Design Name: myfir
# Design Mode: 45nm
# Analysis Mode: MMMC Non-OCV 
# Parasitics Mode: No SPEF/RCDB 
# Signoff Settings: SI Off 
#################################################################################
Calculate delays in Single mode...
Start delay calculation (fullDC) (1 T). (MEM=1205.72)
Total number of fetched objects 4237
End delay calculation. (MEM=1233.93 CPU=0:00:02.8 REAL=0:00:03.0)
End delay calculation (fullDC). (MEM=1233.93 CPU=0:00:03.3 REAL=0:00:04.0)
*** Done Building Timing Graph (cpu=0:00:03.9 real=0:00:04.0 totSessionCpu=0:16:50 mem=1233.9M)

------------------------------------------------------------
             Initial Summary                             
------------------------------------------------------------

Setup views included:
 MyAnView 

+--------------------+---------+
|     Setup mode     |   all   |
+--------------------+---------+
|           WNS (ns):|  4.423  |
|           TNS (ns):|  0.000  |
|    Violating Paths:|    0    |
|          All Paths:|   539   |
+--------------------+---------+

+----------------+-------------------------------+------------------+
|                |              Real             |       Total      |
|    DRVs        +------------------+------------+------------------|
|                |  Nr nets(terms)  | Worst Vio  |  Nr nets(terms)  |
+----------------+------------------+------------+------------------+
|   max_cap      |      0 (0)       |   0.000    |      0 (0)       |
|   max_tran     |      0 (0)       |   0.000    |      0 (0)       |
|   max_fanout   |      0 (0)       |     0      |      0 (0)       |
|   max_length   |      0 (0)       |     0      |      0 (0)       |
+----------------+------------------+------------+------------------+

Density: 69.987%
------------------------------------------------------------
**optDesign ... cpu = 0:00:06, real = 0:00:06, mem = 979.0M, totSessionCpu=0:16:50 **
** INFO : this run is activating medium effort placeOptDesign flow
*** Starting optimizing excluded clock nets MEM= 1208.2M) ***
*info: No excluded clock nets to be optimized.
*** Finished optimizing excluded clock nets (CPU Time= 0:00:00.0  MEM= 1208.2M) ***
The useful skew maximum allowed delay set by user is: 1
Info: 24 clock nets excluded from IPO operation.
*** AreaOpt [begin] : cpu/real = 0:00:00.0/0:00:00.0 (0.0), totSession cpu/real = 0:16:50.4/0:47:28.2 (0.4), mem = 1208.2M

Footprint cell information for calculating maxBufDist
*info: There are 9 candidate Buffer cells
*info: There are 6 candidate Inverter cells


Netlist preparation processing... 
Removed 20 instances
*info: Marking 0 isolation instances dont touch
*info: Marking 0 level shifter instances dont touch
*** AreaOpt [finish] : cpu/real = 0:00:02.7/0:00:02.7 (1.0), totSession cpu/real = 0:16:53.1/0:47:30.9 (0.4), mem = 1385.3M

Active setup views:
 MyAnView
  Dominating endpoints: 0
  Dominating TNS: -0.000

Begin: GigaOpt Global Optimization
*info: use new DP (enabled)
Info: 24 clock nets excluded from IPO operation.
*** SetupOpt [begin] : cpu/real = 0:00:00.0/0:00:00.0 (0.0), totSession cpu/real = 0:16:53.3/0:47:31.2 (0.4), mem = 1304.3M
*info: 24 clock nets excluded
*info: 2 special nets excluded.
*info: 78 no-driver nets excluded.
** GigaOpt Global Opt WNS Slack 0.000  TNS Slack 0.000 
+--------+--------+----------+------------+--------+----------+---------+--------------------------------------+
|  WNS   |  TNS   | Density  |    Real    |  Mem   |Worst View|Pathgroup|              End Point               |
+--------+--------+----------+------------+--------+----------+---------+--------------------------------------+
|   0.000|   0.000|    69.72%|   0:00:00.0| 1331.4M|  MyAnView|       NA| NA                                   |
+--------+--------+----------+------------+--------+----------+---------+--------------------------------------+

*** Finish pre-CTS Global Setup Fixing (cpu=0:00:00.0 real=0:00:00.0 mem=1331.4M) ***

*** Finish pre-CTS Setup Fixing (cpu=0:00:00.0 real=0:00:00.0 mem=1331.4M) ***
Bottom Preferred Layer:
    None
Via Pillar Rule:
    None
** GigaOpt Global Opt End WNS Slack 0.000  TNS Slack 0.000 
*** SetupOpt [finish] : cpu/real = 0:00:09.8/0:00:09.8 (1.0), totSession cpu/real = 0:17:03.2/0:47:41.0 (0.4), mem = 1312.3M
End: GigaOpt Global Optimization
*** Timing Is met
*** Check timing (0:00:00.0)
Info: 24 clock nets excluded from IPO operation.
Begin: Area Reclaim Optimization
*** AreaOpt [begin] : cpu/real = 0:00:00.0/0:00:00.0 (0.0), totSession cpu/real = 0:17:03.8/0:47:41.6 (0.4), mem = 1331.4M
Reclaim Optimization WNS Slack 0.000  TNS Slack 0.000 Density 69.72
+----------+---------+--------+--------+------------+--------+
| Density  | Commits |  WNS   |  TNS   |    Real    |  Mem   |
+----------+---------+--------+--------+------------+--------+
|    69.72%|        -|   0.000|   0.000|   0:00:00.0| 1331.4M|
|    69.72%|        0|   0.000|   0.000|   0:00:00.0| 1331.4M|
|    69.72%|        0|   0.000|   0.000|   0:00:00.0| 1350.5M|
|    69.72%|        0|   0.000|   0.000|   0:00:00.0| 1350.5M|
|    69.72%|        0|   0.000|   0.000|   0:00:00.0| 1350.5M|
+----------+---------+--------+--------+------------+--------+
Reclaim Optimization End WNS Slack 0.000  TNS Slack 0.000 Density 69.72
Bottom Preferred Layer:
    None
Via Pillar Rule:
    None
End: Core Area Reclaim Optimization (cpu = 0:00:02.0) (real = 0:00:02.0) **
*** AreaOpt [finish] : cpu/real = 0:00:01.5/0:00:01.5 (1.0), totSession cpu/real = 0:17:05.3/0:47:43.1 (0.4), mem = 1350.5M
Executing incremental physical updates
Executing incremental physical updates
End: Area Reclaim Optimization (cpu=0:00:02, real=0:00:02, mem=1312.41M, totSessionCpu=0:17:05).

*** Start incrementalPlace ***
No Views given, use default active views for adaptive view pruning
SKP will enable view:
  MyAnView
[NR-eGR] Track table information for default rule: 
[NR-eGR] metal1 has no routable track
[NR-eGR] metal2 has single uniform track structure
[NR-eGR] metal3 has single uniform track structure
[NR-eGR] metal4 has single uniform track structure
[NR-eGR] metal5 has single uniform track structure
[NR-eGR] metal6 has single uniform track structure
[NR-eGR] metal7 has single uniform track structure
[NR-eGR] metal8 has single uniform track structure
[NR-eGR] metal9 has single uniform track structure
[NR-eGR] metal10 has single uniform track structure
[NR-eGR] Read 154 PG shapes
[NR-eGR] #Routing Blockages  : 0
[NR-eGR] #Instance Blockages : 0
[NR-eGR] #PG Blockages       : 154
[NR-eGR] #Halo Blockages     : 0
[NR-eGR] #Boundary Blockages : 0
[NR-eGR] Num Prerouted Nets = 0  Num Prerouted Wires = 0
[NR-eGR] Read numTotalNets=3931  numIgnoredNets=0
[NR-eGR] There are 24 clock nets ( 0 with NDR ).
[NR-eGR] ============ Routing rule table ============
[NR-eGR] Rule id: 0  Nets: 3931 
[NR-eGR] ========================================
[NR-eGR] 
[NR-eGR] Layer group 1: route 3931 net(s) in layer range [2, 10]
[NR-eGR] Early Global Route overflow of layer group 1: 0.00% H + 0.00% V. EstWL: 3.233160e+04um
[NR-eGR] Congestion Analysis By layer: (blocked Gcells are excluded) 
[NR-eGR]                        OverCon            
[NR-eGR]                         #Gcell     %Gcell
[NR-eGR]       Layer                (0)    OverCon 
[NR-eGR] ----------------------------------------------
[NR-eGR]  metal1  (1)         0( 0.00%)   ( 0.00%) 
[NR-eGR]  metal2  (2)         0( 0.00%)   ( 0.00%) 
[NR-eGR]  metal3  (3)         0( 0.00%)   ( 0.00%) 
[NR-eGR]  metal4  (4)         0( 0.00%)   ( 0.00%) 
[NR-eGR]  metal5  (5)         0( 0.00%)   ( 0.00%) 
[NR-eGR]  metal6  (6)         0( 0.00%)   ( 0.00%) 
[NR-eGR]  metal7  (7)         0( 0.00%)   ( 0.00%) 
[NR-eGR]  metal8  (8)         0( 0.00%)   ( 0.00%) 
[NR-eGR]  metal9  (9)         0( 0.00%)   ( 0.00%) 
[NR-eGR] metal10 (10)         0( 0.00%)   ( 0.00%) 
[NR-eGR] ----------------------------------------------
[NR-eGR] Total                0( 0.00%)   ( 0.00%) 
[NR-eGR] 
[NR-eGR] Overflow after Early Global Route (GR compatible) 0.00% H + 0.00% V
[NR-eGR] Overflow after Early Global Route 0.00% H + 0.00% V
Early Global Route congestion estimation runtime: 0.12 seconds, mem = 1314.4M
Local HotSpot Analysis: normalized max congestion hotspot area = 0.00, normalized total congestion hotspot area = 0.00 (area is in unit of 4 std-cell row bins)

=== incrementalPlace Internal Loop 1 ===
*** Finished SKP initialization (cpu=0:00:01.1, real=0:00:01.0)***
Iteration  5: Total net bbox = 2.269e+04 (9.67e+03 1.30e+04)
              Est.  stn bbox = 2.686e+04 (1.14e+04 1.54e+04)
              cpu = 0:00:01.4 real = 0:00:02.0 mem = 1326.6M
Iteration  6: Total net bbox = 2.620e+04 (1.19e+04 1.43e+04)
              Est.  stn bbox = 3.078e+04 (1.39e+04 1.69e+04)
              cpu = 0:00:01.8 real = 0:00:02.0 mem = 1325.2M
Iteration  7: Total net bbox = 2.636e+04 (1.20e+04 1.43e+04)
              Est.  stn bbox = 3.075e+04 (1.40e+04 1.68e+04)
              cpu = 0:00:01.5 real = 0:00:01.0 mem = 1323.2M
Iteration  8: Total net bbox = 2.753e+04 (1.27e+04 1.49e+04)
              Est.  stn bbox = 3.203e+04 (1.47e+04 1.73e+04)
              cpu = 0:00:02.0 real = 0:00:02.0 mem = 1323.2M
Iteration  9: Total net bbox = 2.847e+04 (1.31e+04 1.54e+04)
              Est.  stn bbox = 3.298e+04 (1.51e+04 1.79e+04)
              cpu = 0:00:01.9 real = 0:00:02.0 mem = 1323.2M
Move report: Timing Driven Placement moves 3143 insts, mean move: 5.31 um, max move: 26.94 um
	Max move on inst (add4_add_21_U1_1): (63.27, 51.24) --> (50.18, 65.10)

Finished Incremental Placement (cpu=0:00:10.3, real=0:00:10.0, mem=1323.2M)
**WARN: (IMPSP-9025):	No scan chain specified/traced.
Type 'man IMPSP-9025' for more detail.
*** Starting refinePlace (0:17:16 mem=1324.0M) ***
Total net bbox length = 2.943e+04 (1.387e+04 1.556e+04) (ext = 2.241e+03)
Move report: Detail placement moves 3143 insts, mean move: 0.64 um, max move: 7.45 um
	Max move on inst (reg8_clk_gate_Dout_reg/latch): (87.19, 65.00) --> (79.99, 65.24)
	Runtime: CPU: 0:00:00.6 REAL: 0:00:01.0 MEM: 1325.5MB
Summary Report:
Instances move: 3143 (out of 3143 movable)
Instances flipped: 0
Mean displacement: 0.64 um
Max displacement: 7.45 um (Instance: reg8_clk_gate_Dout_reg/latch) (87.193, 64.997) -> (79.99, 65.24)
	Length: 15 sites, height: 1 rows, site name: FreePDK45_38x28_10R_NP_162NW_34O, cell type: CLKGATETST_X1
Total net bbox length = 2.771e+04 (1.200e+04 1.572e+04) (ext = 2.121e+03)
Runtime: CPU: 0:00:00.7 REAL: 0:00:01.0 MEM: 1325.5MB
*** Finished refinePlace (0:17:17 mem=1325.5M) ***
[NR-eGR] Track table information for default rule: 
[NR-eGR] metal1 has no routable track
[NR-eGR] metal2 has single uniform track structure
[NR-eGR] metal3 has single uniform track structure
[NR-eGR] metal4 has single uniform track structure
[NR-eGR] metal5 has single uniform track structure
[NR-eGR] metal6 has single uniform track structure
[NR-eGR] metal7 has single uniform track structure
[NR-eGR] metal8 has single uniform track structure
[NR-eGR] metal9 has single uniform track structure
[NR-eGR] metal10 has single uniform track structure
[NR-eGR] Read 154 PG shapes
[NR-eGR] #Routing Blockages  : 0
[NR-eGR] #Instance Blockages : 0
[NR-eGR] #PG Blockages       : 154
[NR-eGR] #Halo Blockages     : 0
[NR-eGR] #Boundary Blockages : 0
[NR-eGR] Num Prerouted Nets = 0  Num Prerouted Wires = 0
[NR-eGR] Read numTotalNets=3931  numIgnoredNets=0
[NR-eGR] There are 24 clock nets ( 0 with NDR ).
[NR-eGR] ============ Routing rule table ============
[NR-eGR] Rule id: 0  Nets: 3931 
[NR-eGR] ========================================
[NR-eGR] 
[NR-eGR] Layer group 1: route 3931 net(s) in layer range [2, 10]
[NR-eGR] Early Global Route overflow of layer group 1: 0.00% H + 0.00% V. EstWL: 3.106600e+04um
[NR-eGR] Congestion Analysis By layer: (blocked Gcells are excluded) 
[NR-eGR]                        OverCon            
[NR-eGR]                         #Gcell     %Gcell
[NR-eGR]       Layer                (0)    OverCon 
[NR-eGR] ----------------------------------------------
[NR-eGR]  metal1  (1)         0( 0.00%)   ( 0.00%) 
[NR-eGR]  metal2  (2)         0( 0.00%)   ( 0.00%) 
[NR-eGR]  metal3  (3)         0( 0.00%)   ( 0.00%) 
[NR-eGR]  metal4  (4)         0( 0.00%)   ( 0.00%) 
[NR-eGR]  metal5  (5)         0( 0.00%)   ( 0.00%) 
[NR-eGR]  metal6  (6)         0( 0.00%)   ( 0.00%) 
[NR-eGR]  metal7  (7)         0( 0.00%)   ( 0.00%) 
[NR-eGR]  metal8  (8)         0( 0.00%)   ( 0.00%) 
[NR-eGR]  metal9  (9)         0( 0.00%)   ( 0.00%) 
[NR-eGR] metal10 (10)         0( 0.00%)   ( 0.00%) 
[NR-eGR] ----------------------------------------------
[NR-eGR] Total                0( 0.00%)   ( 0.00%) 
[NR-eGR] 
[NR-eGR] Overflow after Early Global Route (GR compatible) 0.00% H + 0.00% V
[NR-eGR] Overflow after Early Global Route 0.00% H + 0.00% V
Early Global Route congestion estimation runtime: 0.14 seconds, mem = 1325.5M
Local HotSpot Analysis: normalized max congestion hotspot area = 0.00, normalized total congestion hotspot area = 0.00 (area is in unit of 4 std-cell row bins)
[NR-eGR] Started Export DB wires ( Curr Mem: 1325.50 MB )
[NR-eGR] Started Export all nets ( Curr Mem: 1325.50 MB )
[NR-eGR] Finished Export all nets ( CPU: 0.04 sec, Real: 0.04 sec, Curr Mem: 1325.50 MB )
[NR-eGR] Started Set wire vias ( Curr Mem: 1325.50 MB )
[NR-eGR] Finished Set wire vias ( CPU: 0.01 sec, Real: 0.01 sec, Curr Mem: 1325.50 MB )
[NR-eGR] Finished Export DB wires ( CPU: 0.05 sec, Real: 0.05 sec, Curr Mem: 1325.50 MB )
[NR-eGR] --------------------------------------------------------------------------
[NR-eGR] metal1  (1F) length: 0.000000e+00um, number of vias: 12349
[NR-eGR] metal2  (2V) length: 9.639355e+03um, number of vias: 15032
[NR-eGR] metal3  (3H) length: 1.365033e+04um, number of vias: 5105
[NR-eGR] metal4  (4V) length: 8.086000e+03um, number of vias: 330
[NR-eGR] metal5  (5H) length: 6.637700e+02um, number of vias: 292
[NR-eGR] metal6  (6V) length: 1.521245e+03um, number of vias: 12
[NR-eGR] metal7  (7H) length: 7.235000e+00um, number of vias: 7
[NR-eGR] metal8  (8V) length: 5.058000e+01um, number of vias: 5
[NR-eGR] metal9  (9H) length: 6.865000e+00um, number of vias: 2
[NR-eGR] metal10 (10V) length: 1.760000e+00um, number of vias: 0
[NR-eGR] Total length: 3.362714e+04um, number of vias: 33134
[NR-eGR] --------------------------------------------------------------------------
[NR-eGR] Total eGR-routed clock nets wire length: 1.033690e+03um 
[NR-eGR] --------------------------------------------------------------------------
Early Global Route wiring runtime: 0.18 seconds, mem = 1323.5M
0 delay mode for cte disabled.

*** Finished incrementalPlace (cpu=0:00:11.6, real=0:00:11.0)***
Start to check current routing status for nets...
All nets are already routed correctly.
End to check current routing status for nets (mem=1307.5M)
Extraction called for design 'myfir' of instances=3143 and nets=4009 using extraction engine 'preRoute' .
PreRoute RC Extraction called for design myfir.
RC Extraction called in multi-corner(1) mode.
RCMode: PreRoute
      RC Corner Indexes            0   
Capacitance Scaling Factor   : 1.00000 
Resistance Scaling Factor    : 1.00000 
Clock Cap. Scaling Factor    : 1.00000 
Clock Res. Scaling Factor    : 1.00000 
Shrink Factor                : 1.00000
PreRoute extraction is honoring NDR/Shielding/ExtraSpace for clock nets.
Using capacitance table file ...
Updating RC grid for preRoute extraction ...
Initializing multi-corner capacitance tables ... 
Initializing multi-corner resistance tables ...
PreRoute RC Extraction DONE (CPU Time: 0:00:00.4  Real Time: 0:00:01.0  MEM: 1307.496M)
Compute RC Scale Done ...
**optDesign ... cpu = 0:00:34, real = 0:00:34, mem = 1050.5M, totSessionCpu=0:17:18 **
#################################################################################
# Design Stage: PreRoute
# Design Name: myfir
# Design Mode: 45nm
# Analysis Mode: MMMC Non-OCV 
# Parasitics Mode: No SPEF/RCDB 
# Signoff Settings: SI Off 
#################################################################################
Calculate delays in Single mode...
Start delay calculation (fullDC) (1 T). (MEM=1309.51)
Total number of fetched objects 4217
End delay calculation. (MEM=1344.71 CPU=0:00:02.7 REAL=0:00:03.0)
End delay calculation (fullDC). (MEM=1344.71 CPU=0:00:03.2 REAL=0:00:04.0)
*** Timing Is met
*** Check timing (0:00:00.0)
*** Timing Is met
*** Check timing (0:00:00.0)
Info: 24 clock nets excluded from IPO operation.
Begin: Area Reclaim Optimization
*** AreaOpt [begin] : cpu/real = 0:00:00.0/0:00:00.0 (0.0), totSession cpu/real = 0:17:22.2/0:47:59.9 (0.4), mem = 1411.8M
Reclaim Optimization WNS Slack 0.000  TNS Slack 0.000 Density 69.72
+----------+---------+--------+--------+------------+--------+
| Density  | Commits |  WNS   |  TNS   |    Real    |  Mem   |
+----------+---------+--------+--------+------------+--------+
|    69.72%|        -|   0.000|   0.000|   0:00:00.0| 1411.8M|
|    69.72%|        0|   0.000|   0.000|   0:00:00.0| 1411.8M|
|    69.72%|        0|   0.000|   0.000|   0:00:01.0| 1411.8M|
|    69.72%|        0|   0.000|   0.000|   0:00:00.0| 1411.8M|
|    69.72%|        0|   0.000|   0.000|   0:00:00.0| 1411.8M|
+----------+---------+--------+--------+------------+--------+
Reclaim Optimization End WNS Slack 0.000  TNS Slack 0.000 Density 69.72
Bottom Preferred Layer:
    None
Via Pillar Rule:
    None
End: Core Area Reclaim Optimization (cpu = 0:00:01.9) (real = 0:00:02.0) **
*** Starting refinePlace (0:17:24 mem=1411.8M) ***
Total net bbox length = 2.771e+04 (1.200e+04 1.572e+04) (ext = 2.121e+03)
Move report: Detail placement moves 0 insts, mean move: 0.00 um, max move: 0.00 um
	Runtime: CPU: 0:00:00.1 REAL: 0:00:00.0 MEM: 1411.8MB
Summary Report:
Instances move: 0 (out of 3143 movable)
Instances flipped: 0
Mean displacement: 0.00 um
Max displacement: 0.00 um 
Total net bbox length = 2.771e+04 (1.200e+04 1.572e+04) (ext = 2.121e+03)
Runtime: CPU: 0:00:00.1 REAL: 0:00:00.0 MEM: 1411.8MB
*** Finished refinePlace (0:17:24 mem=1411.8M) ***
*** maximum move = 0.00 um ***
*** Finished re-routing un-routed nets (1411.8M) ***

*** Finish Physical Update (cpu=0:00:00.3 real=0:00:00.0 mem=1411.8M) ***
*** AreaOpt [finish] : cpu/real = 0:00:02.2/0:00:02.2 (1.0), totSession cpu/real = 0:17:24.5/0:48:02.1 (0.4), mem = 1411.8M
End: Area Reclaim Optimization (cpu=0:00:02, real=0:00:03, mem=1331.72M, totSessionCpu=0:17:24).
Begin: GigaOpt postEco DRV Optimization
Info: 24 clock nets excluded from IPO operation.
*** DrvOpt [begin] : cpu/real = 0:00:00.0/0:00:00.0 (0.0), totSession cpu/real = 0:17:24.6/0:48:02.2 (0.4), mem = 1331.7M
+-------------------------------------------------------------------------------------------------------------------------------------------------------+
|        max-tran       |        max-cap        |  max-fanout |  max-length |       setup       |        |        |        |       |          |         |
+-------------------------------------------------------------------------------------------------------------------------------------------------------+
| nets | terms|  wViol  | nets | terms|  wViol  | nets | terms| nets | terms|   WNS   |   TNS   |  #Buf  |  #Inv  | #Resize|Density|   Real   |   Mem   |
+-------------------------------------------------------------------------------------------------------------------------------------------------------+
|     0|     0|     0.00|     0|     0|     0.00|     0|     0|     0|     0|     4.42|     0.00|       0|       0|       0|  69.72|          |         |
|     0|     0|     0.00|     0|     0|     0.00|     0|     0|     0|     0|     4.42|     0.00|       3|       0|       0|  69.76| 0:00:01.0|  1401.4M|
|     0|     0|     0.00|     0|     0|     0.00|     0|     0|     0|     0|     4.42|     0.00|       0|       0|       0|  69.76| 0:00:00.0|  1401.4M|
+-------------------------------------------------------------------------------------------------------------------------------------------------------+
Bottom Preferred Layer:
    None
Via Pillar Rule:
    None

*** Finish DRV Fixing (cpu=0:00:01.2 real=0:00:01.0 mem=1401.4M) ***

*** Starting refinePlace (0:17:29 mem=1401.4M) ***
Total net bbox length = 2.789e+04 (1.208e+04 1.580e+04) (ext = 2.121e+03)
Move report: Detail placement moves 4 insts, mean move: 1.35 um, max move: 1.90 um
	Max move on inst (FE_OFC2_RSTn): (35.72, 100.24) --> (37.62, 100.24)
	Runtime: CPU: 0:00:00.1 REAL: 0:00:00.0 MEM: 1404.5MB
Summary Report:
Instances move: 4 (out of 3146 movable)
Instances flipped: 0
Mean displacement: 1.35 um
Max displacement: 1.90 um (Instance: FE_OFC2_RSTn) (35.72, 100.24) -> (37.62, 100.24)
	Length: 5 sites, height: 1 rows, site name: FreePDK45_38x28_10R_NP_162NW_34O, cell type: CLKBUF_X3
Total net bbox length = 2.789e+04 (1.208e+04 1.580e+04) (ext = 2.121e+03)
Runtime: CPU: 0:00:00.1 REAL: 0:00:00.0 MEM: 1404.5MB
*** Finished refinePlace (0:17:29 mem=1404.5M) ***
*** maximum move = 1.90 um ***
*** Finished re-routing un-routed nets (1404.5M) ***

*** Finish Physical Update (cpu=0:00:00.3 real=0:00:00.0 mem=1404.5M) ***
*** DrvOpt [finish] : cpu/real = 0:00:04.8/0:00:04.8 (1.0), totSession cpu/real = 0:17:29.4/0:48:07.0 (0.4), mem = 1385.4M
End: GigaOpt postEco DRV Optimization

Active setup views:
 MyAnView
  Dominating endpoints: 0
  Dominating TNS: -0.000

Extraction called for design 'myfir' of instances=3146 and nets=4012 using extraction engine 'preRoute' .
PreRoute RC Extraction called for design myfir.
RC Extraction called in multi-corner(1) mode.
RCMode: PreRoute
      RC Corner Indexes            0   
Capacitance Scaling Factor   : 1.00000 
Resistance Scaling Factor    : 1.00000 
Clock Cap. Scaling Factor    : 1.00000 
Clock Res. Scaling Factor    : 1.00000 
Shrink Factor                : 1.00000
PreRoute extraction is honoring NDR/Shielding/ExtraSpace for clock nets.
Using capacitance table file ...
Skipped RC grid update for preRoute extraction.
Initializing multi-corner capacitance tables ... 
Initializing multi-corner resistance tables ...
PreRoute RC Extraction DONE (CPU Time: 0:00:00.4  Real Time: 0:00:00.0  MEM: 1322.910M)
Skewing Data Summary (End_of_FINAL)
--------------------------------------------------
 Total skewed count:0
--------------------------------------------------
[NR-eGR] Track table information for default rule: 
[NR-eGR] metal1 has no routable track
[NR-eGR] metal2 has single uniform track structure
[NR-eGR] metal3 has single uniform track structure
[NR-eGR] metal4 has single uniform track structure
[NR-eGR] metal5 has single uniform track structure
[NR-eGR] metal6 has single uniform track structure
[NR-eGR] metal7 has single uniform track structure
[NR-eGR] metal8 has single uniform track structure
[NR-eGR] metal9 has single uniform track structure
[NR-eGR] metal10 has single uniform track structure
[NR-eGR] Read 154 PG shapes
[NR-eGR] #Routing Blockages  : 0
[NR-eGR] #Instance Blockages : 0
[NR-eGR] #PG Blockages       : 154
[NR-eGR] #Halo Blockages     : 0
[NR-eGR] #Boundary Blockages : 0
[NR-eGR] Num Prerouted Nets = 0  Num Prerouted Wires = 0
[NR-eGR] Read numTotalNets=3934  numIgnoredNets=0
[NR-eGR] There are 24 clock nets ( 0 with NDR ).
[NR-eGR] ============ Routing rule table ============
[NR-eGR] Rule id: 0  Nets: 3934 
[NR-eGR] ========================================
[NR-eGR] 
[NR-eGR] Layer group 1: route 3934 net(s) in layer range [2, 10]
[NR-eGR] Early Global Route overflow of layer group 1: 0.00% H + 0.00% V. EstWL: 3.106320e+04um
[NR-eGR] Congestion Analysis By layer: (blocked Gcells are excluded) 
[NR-eGR]                        OverCon            
[NR-eGR]                         #Gcell     %Gcell
[NR-eGR]       Layer                (0)    OverCon 
[NR-eGR] ----------------------------------------------
[NR-eGR]  metal1  (1)         0( 0.00%)   ( 0.00%) 
[NR-eGR]  metal2  (2)         0( 0.00%)   ( 0.00%) 
[NR-eGR]  metal3  (3)         0( 0.00%)   ( 0.00%) 
[NR-eGR]  metal4  (4)         0( 0.00%)   ( 0.00%) 
[NR-eGR]  metal5  (5)         0( 0.00%)   ( 0.00%) 
[NR-eGR]  metal6  (6)         0( 0.00%)   ( 0.00%) 
[NR-eGR]  metal7  (7)         0( 0.00%)   ( 0.00%) 
[NR-eGR]  metal8  (8)         0( 0.00%)   ( 0.00%) 
[NR-eGR]  metal9  (9)         0( 0.00%)   ( 0.00%) 
[NR-eGR] metal10 (10)         0( 0.00%)   ( 0.00%) 
[NR-eGR] ----------------------------------------------
[NR-eGR] Total                0( 0.00%)   ( 0.00%) 
[NR-eGR] 
[NR-eGR] Overflow after Early Global Route (GR compatible) 0.00% H + 0.00% V
[NR-eGR] Overflow after Early Global Route 0.00% H + 0.00% V
[NR-eGR] Finished Early Global Route kernel ( CPU: 0.17 sec, Real: 0.17 sec, Curr Mem: 1330.44 MB )
[hotspot] +------------+---------------+---------------+
[hotspot] |            |   max hotspot | total hotspot |
[hotspot] +------------+---------------+---------------+
[hotspot] | normalized |          0.00 |          0.00 |
[hotspot] +------------+---------------+---------------+
Local HotSpot Analysis: normalized max congestion hotspot area = 0.00, normalized total congestion hotspot area = 0.00 (area is in unit of 4 std-cell row bins)
Starting delay calculation for Setup views
#################################################################################
# Design Stage: PreRoute
# Design Name: myfir
# Design Mode: 45nm
# Analysis Mode: MMMC Non-OCV 
# Parasitics Mode: No SPEF/RCDB 
# Signoff Settings: SI Off 
#################################################################################
Calculate delays in Single mode...
Start delay calculation (fullDC) (1 T). (MEM=1320.44)
Total number of fetched objects 4220
End delay calculation. (MEM=1347.64 CPU=0:00:02.8 REAL=0:00:03.0)
End delay calculation (fullDC). (MEM=1347.64 CPU=0:00:03.3 REAL=0:00:03.0)
*** Done Building Timing Graph (cpu=0:00:03.7 real=0:00:04.0 totSessionCpu=0:17:34 mem=1347.6M)
Reported timing to dir ./timingReports
**optDesign ... cpu = 0:00:51, real = 0:00:50, mem = 1083.4M, totSessionCpu=0:17:34 **

------------------------------------------------------------
     optDesign Final Summary                             
------------------------------------------------------------

Setup views included:
 MyAnView 

+--------------------+---------+---------+---------+---------+
|     Setup mode     |   all   | reg2reg |reg2cgate| default |
+--------------------+---------+---------+---------+---------+
|           WNS (ns):|  4.424  |  4.424  |  7.248  |  6.703  |
|           TNS (ns):|  0.000  |  0.000  |  0.000  |  0.000  |
|    Violating Paths:|    0    |    0    |    0    |    0    |
|          All Paths:|   539   |   119   |   11    |   409   |
+--------------------+---------+---------+---------+---------+

+----------------+-------------------------------+------------------+
|                |              Real             |       Total      |
|    DRVs        +------------------+------------+------------------|
|                |  Nr nets(terms)  | Worst Vio  |  Nr nets(terms)  |
+----------------+------------------+------------+------------------+
|   max_cap      |      0 (0)       |   0.000    |      0 (0)       |
|   max_tran     |      0 (0)       |   0.000    |      0 (0)       |
|   max_fanout   |      0 (0)       |     0      |      0 (0)       |
|   max_length   |      0 (0)       |     0      |      0 (0)       |
+----------------+------------------+------------+------------------+

Density: 69.764%
Routing Overflow: 0.00% H and 0.00% V
------------------------------------------------------------
**optDesign ... cpu = 0:00:51, real = 0:00:54, mem = 1085.7M, totSessionCpu=0:17:35 **
**WARN: (IMPOPT-3195):	Analysis mode has changed.
Type 'man IMPOPT-3195' for more detail.
*** Finished optDesign ***
**place_opt_design ... cpu = 0:00:52, real = 0:00:54, mem = 1239.9M **
*** Finished GigaPlace ***

*** Summary of all messages that are not suppressed in this session:
Severity  ID               Count  Summary                                  
WARNING   IMPSP-9025           1  No scan chain specified/traced.          
WARNING   IMPOPT-3195          2  Analysis mode has changed.               
*** Message Summary: 3 warning(s), 0 error(s)

<CMD> set_ccopt_property target_max_trans 0.0.8
**ERROR: (IMPCCOPT-2149):	Invalid value for property: Could not scale value 0.0.8 from the units given (.8) to the storage value..
**ERROR: (IMPCCOPT-2066):	Command 'set_ccopt_property' used with the property 'target_max_trans' gave result ''.
For help on this property run 'set_ccopt_property -help target_max_trans'

<CMD> set_ccopt_property target_max_trans 0.08
<CMD> set_ccopt_property target_skew 0.5
<CMD> create_ccopt_clock_tree -name MY_CLK -source CLK
Extracting original clock gating for MY_CLK...
  clock_tree MY_CLK contains 255 sinks and 23 clock gates.
  Extraction for MY_CLK complete.
Extracting original clock gating for MY_CLK done.
<CMD> ccopt_design
#% Begin ccopt_design (date=10/25 23:34:52, mem=1003.4M)
Turning off fast DC mode./nRuntime...
**INFO: User's settings:
setNanoRouteMode -droutePostRouteSpreadWire         1
setNanoRouteMode -extractThirdPartyCompatible       false
setNanoRouteMode -grouteExpTdStdDelay               10.1
setNanoRouteMode -timingEngine                      {}
setDesignMode -process                              45
setExtractRCMode -coupling_c_th                     0.1
setExtractRCMode -engine                            preRoute
setExtractRCMode -relative_c_th                     1
setExtractRCMode -total_c_th                        0
setDelayCalMode -enable_high_fanout                 true
setDelayCalMode -eng_copyNetPropToNewNet            true
setDelayCalMode -engine                             aae
setDelayCalMode -ignoreNetLoad                      false
setOptMode -activeHoldViews                         { MyAnView }
setOptMode -activeSetupViews                        { MyAnView }
setOptMode -autoSetupViews                          { MyAnView}
setOptMode -autoTDGRSetupViews                      { MyAnView}
setOptMode -drcMargin                               0
setOptMode -fixCap                                  true
setOptMode -fixDrc                                  true
setOptMode -fixFanoutLoad                           false
setOptMode -fixTran                                 true
setOptMode -optimizeFF                              true
setOptMode -preserveAllSequential                   true
setOptMode -setupTargetSlack                        0
setPlaceMode -place_design_floorplan_mode           false
setPlaceMode -place_detail_check_route              false
setPlaceMode -place_detail_preserve_routing         true
setPlaceMode -place_detail_remove_affected_routing  false
setPlaceMode -place_detail_swap_eeq_cells           false
setPlaceMode -place_global_clock_gate_aware         true
setPlaceMode -place_global_cong_effort              auto
setPlaceMode -place_global_ignore_scan              true
setPlaceMode -place_global_ignore_spare             false
setPlaceMode -place_global_module_aware_spare       false
setPlaceMode -place_global_place_io_pins            true
setPlaceMode -place_global_reorder_scan             true
setPlaceMode -powerDriven                           false
setPlaceMode -timingDriven                          true
setRouteMode -earlyGlobalHonorMsvRouteConstraint    false
setRouteMode -earlyGlobalRoutePartitionPinGuide     true

(ccopt_design): CTS Engine: auto. Used Spec: pre-existing CCOPT spec.
Placement constraints of type 'region' or 'fence' will not be downgraded to 'guide' because the property change_fences_to_guides has been set to false.
Set place::cacheFPlanSiteMark to 1
'setDesignMode -flowEffort standard' => 'setOptMode -usefulSkewCCOpt standard' 
Using CCOpt effort standard.
CCOpt::Phase::Initialization...
Check Prerequisites...
Leaving CCOpt scope - CheckPlace...
Begin checking placement ... (start mem=1230.4M, init mem=1247.1M)
*info: Placed = 3146          
*info: Unplaced = 0           
Placement Density:69.76%(7067/10129)
Placement Density (including fixed std cells):69.76%(7067/10129)
Finished checkPlace (total: cpu=0:00:00.1, real=0:00:00.0; vio checks: cpu=0:00:00.1, real=0:00:00.0; mem=1247.1M)
Leaving CCOpt scope - CheckPlace done. (took cpu=0:00:00.1 real=0:00:00.1)
Innovus will update I/O latencies
Found 0 ideal nets, 0 pins with transition annotations, 0 instances with delay annotations, 0 nets with delay annotations, refer to logv for details.

Check Prerequisites done. (took cpu=0:00:00.1 real=0:00:00.1)
CCOpt::Phase::Initialization done. (took cpu=0:00:00.1 real=0:00:00.1)
Executing ccopt post-processing.
Synthesizing clock trees with CCOpt...
CCOpt::Phase::PreparingToBalance...
Leaving CCOpt scope - Initializing power interface...
Leaving CCOpt scope - Initializing power interface done. (took cpu=0:00:00.0 real=0:00:00.0)
Found 0 advancing pin insertion delay (0.000% of 255 clock tree sinks)
Found 0 delaying pin insertion delay (0.000% of 255 clock tree sinks)
Leaving CCOpt scope - optDesignGlobalRouteStep...
[NR-eGR] Started Early Global Route kernel ( Curr Mem: 1247.14 MB )
[NR-eGR] Track table information for default rule: 
[NR-eGR] metal1 has no routable track
[NR-eGR] metal2 has single uniform track structure
[NR-eGR] metal3 has single uniform track structure
[NR-eGR] metal4 has single uniform track structure
[NR-eGR] metal5 has single uniform track structure
[NR-eGR] metal6 has single uniform track structure
[NR-eGR] metal7 has single uniform track structure
[NR-eGR] metal8 has single uniform track structure
[NR-eGR] metal9 has single uniform track structure
[NR-eGR] metal10 has single uniform track structure
[NR-eGR] Read 154 PG shapes
[NR-eGR] #Routing Blockages  : 0
[NR-eGR] #Instance Blockages : 0
[NR-eGR] #PG Blockages       : 154
[NR-eGR] #Halo Blockages     : 0
[NR-eGR] #Boundary Blockages : 0
[NR-eGR] Num Prerouted Nets = 0  Num Prerouted Wires = 0
[NR-eGR] Read numTotalNets=3934  numIgnoredNets=0
[NR-eGR] There are 24 clock nets ( 0 with NDR ).
[NR-eGR] ============ Routing rule table ============
[NR-eGR] Rule id: 0  Nets: 3934 
[NR-eGR] ========================================
[NR-eGR] 
[NR-eGR] Layer group 1: route 3934 net(s) in layer range [2, 10]
[NR-eGR] Early Global Route overflow of layer group 1: 0.00% H + 0.00% V. EstWL: 3.106320e+04um
[NR-eGR] Congestion Analysis By layer: (blocked Gcells are excluded) 
[NR-eGR]                        OverCon            
[NR-eGR]                         #Gcell     %Gcell
[NR-eGR]       Layer                (0)    OverCon 
[NR-eGR] ----------------------------------------------
[NR-eGR]  metal1  (1)         0( 0.00%)   ( 0.00%) 
[NR-eGR]  metal2  (2)         0( 0.00%)   ( 0.00%) 
[NR-eGR]  metal3  (3)         0( 0.00%)   ( 0.00%) 
[NR-eGR]  metal4  (4)         0( 0.00%)   ( 0.00%) 
[NR-eGR]  metal5  (5)         0( 0.00%)   ( 0.00%) 
[NR-eGR]  metal6  (6)         0( 0.00%)   ( 0.00%) 
[NR-eGR]  metal7  (7)         0( 0.00%)   ( 0.00%) 
[NR-eGR]  metal8  (8)         0( 0.00%)   ( 0.00%) 
[NR-eGR]  metal9  (9)         0( 0.00%)   ( 0.00%) 
[NR-eGR] metal10 (10)         0( 0.00%)   ( 0.00%) 
[NR-eGR] ----------------------------------------------
[NR-eGR] Total                0( 0.00%)   ( 0.00%) 
[NR-eGR] 
[NR-eGR] Overflow after Early Global Route (GR compatible) 0.00% H + 0.00% V
[NR-eGR] Overflow after Early Global Route 0.00% H + 0.00% V
[NR-eGR] Started Export DB wires ( Curr Mem: 1247.14 MB )
[NR-eGR] Started Export all nets ( Curr Mem: 1247.14 MB )
[NR-eGR] Finished Export all nets ( CPU: 0.04 sec, Real: 0.04 sec, Curr Mem: 1247.14 MB )
[NR-eGR] Started Set wire vias ( Curr Mem: 1247.14 MB )
[NR-eGR] Finished Set wire vias ( CPU: 0.01 sec, Real: 0.01 sec, Curr Mem: 1247.14 MB )
[NR-eGR] Finished Export DB wires ( CPU: 0.05 sec, Real: 0.05 sec, Curr Mem: 1247.14 MB )
[NR-eGR] --------------------------------------------------------------------------
[NR-eGR] metal1  (1F) length: 0.000000e+00um, number of vias: 12355
[NR-eGR] metal2  (2V) length: 9.669220e+03um, number of vias: 15054
[NR-eGR] metal3  (3H) length: 1.367290e+04um, number of vias: 5039
[NR-eGR] metal4  (4V) length: 7.968635e+03um, number of vias: 325
[NR-eGR] metal5  (5H) length: 6.472250e+02um, number of vias: 292
[NR-eGR] metal6  (6V) length: 1.614880e+03um, number of vias: 14
[NR-eGR] metal7  (7H) length: 8.355000e+00um, number of vias: 7
[NR-eGR] metal8  (8V) length: 5.058000e+01um, number of vias: 5
[NR-eGR] metal9  (9H) length: 6.865000e+00um, number of vias: 2
[NR-eGR] metal10 (10V) length: 1.760000e+00um, number of vias: 0
[NR-eGR] Total length: 3.364042e+04um, number of vias: 33093
[NR-eGR] --------------------------------------------------------------------------
[NR-eGR] Total eGR-routed clock nets wire length: 1.031710e+03um 
[NR-eGR] --------------------------------------------------------------------------
[NR-eGR] Finished Early Global Route kernel ( CPU: 0.30 sec, Real: 0.30 sec, Curr Mem: 1237.14 MB )
Leaving CCOpt scope - optDesignGlobalRouteStep done. (took cpu=0:00:00.3 real=0:00:00.3)
Rebuilding timing graph...
Rebuilding timing graph done.
Legalization setup...
Using cell based legalization.
Initializing placement interface...
  Use check_library -place or consult logv if problems occur.
Initializing placement interface done.
Legalization setup done. (took cpu=0:00:00.1 real=0:00:00.1)
Validating CTS configuration...
Checking module port directions...
Checking module port directions done. (took cpu=0:00:00.0 real=0:00:00.0)
Non-default CCOpt properties:
cts_merge_clock_gates is set for at least one object
cts_merge_clock_logic is set for at least one object
route_type is set for at least one object
target_max_trans is set for at least one object
target_skew is set for at least one object
Route type trimming info:
  No route type modifications were made.
Updating RC grid for preRoute extraction ...
Initializing multi-corner capacitance tables ... 
Initializing multi-corner resistance tables ...
**WARN: (IMPCCOPT-1184):	The library has no usable balanced inverters for power domain auto-default, while balancing clock_tree MY_CLK. If this is not intended behavior, you can specify a list of lib_cells to use with the inverter_cells property.
Clock tree balancer configuration for clock_tree MY_CLK:
Non-default CCOpt properties:
  cts_merge_clock_gates: true (default: false)
  cts_merge_clock_logic: true (default: false)
  route_type (leaf): default_route_type_leaf (default: default)
  route_type (trunk): default_route_type_nonleaf (default: default)
  route_type (top): default_route_type_nonleaf (default: default)
For power domain auto-default:
  Buffers:     CLKBUF_X3 CLKBUF_X2 CLKBUF_X1 
  Inverters:   
  Clock gates: CLKGATETST_X8 CLKGATETST_X4 CLKGATETST_X2 CLKGATETST_X1 
  Unblocked area available for placement of any clock cells in power_domain auto-default: 10129.280um^2
Top Routing info:
  Route-type name: default_route_type_nonleaf; Top/bottom preferred layer name: metal4/metal3; 
  Unshielded; Mask Constraint: 0; Source: route_type.
Trunk Routing info:
  Route-type name: default_route_type_nonleaf; Top/bottom preferred layer name: metal4/metal3; 
  Unshielded; Preferred extra space: 1; Mask Constraint: 0; Source: route_type.
Leaf Routing info:
  Route-type name: default_route_type_leaf; Top/bottom preferred layer name: metal4/metal3; 
  Unshielded; Preferred extra space: 1; Mask Constraint: 0; Source: route_type.
For timing_corner my_delay:both, late and power domain auto-default:
  Slew time target (leaf):    0.080ns
  Slew time target (trunk):   0.080ns
  Slew time target (top):     0.080ns (Note: no nets are considered top nets in this clock tree)
  Buffer unit delay: 0.047ns
  Buffer max distance: 597.377um
Fastest wire driving cells and distances:
  Buffer    : {lib_cell:CLKBUF_X3, fastest_considered_half_corner=my_delay:both.late, optimalDrivingDistance=597.377um, saturatedSlew=0.068ns, speed=4338.250um per ns, cellArea=2.226um^2 per 1000um}
  Clock gate (with test): {lib_cell:CLKGATETST_X8, fastest_considered_half_corner=my_delay:both.late, optimalDrivingDistance=728.875um, saturatedSlew=0.064ns, speed=5637.084um per ns, cellArea=10.583um^2 per 1000um}
  Clock gate   (no test): {lib_cell:CLKGATE_X8, fastest_considered_half_corner=my_delay:both.late, optimalDrivingDistance=707.875um, saturatedSlew=0.061ns, speed=5855.046um per ns, cellArea=9.770um^2 per 1000um}


Logic Sizing Table:

----------------------------------------------------------
Cell    Instance count    Source    Eligible library cells
----------------------------------------------------------
  (empty table)
----------------------------------------------------------


Clock tree balancer configuration for skew_group MY_CLK:
  Sources:                     pin CLK
  Total number of sinks:       255
  Delay constrained sinks:     255
  Non-leaf sinks:              0
  Ignore pins:                 0
 Timing corner my_delay:both.late:
  Skew target:                 0.500ns
**WARN: (IMPCCOPT-1361):	Routing configuration for top nets in clock tree MY_CLK: preferred layers metal3-metal4 are outside NanoRoute configured layer range. This is likely to cause routing correlation issues.
**WARN: (IMPCCOPT-1361):	Routing configuration for trunk nets in clock tree MY_CLK: preferred layers metal3-metal4 are outside NanoRoute configured layer range. This is likely to cause routing correlation issues.
**WARN: (IMPCCOPT-1361):	Routing configuration for leaf nets in clock tree MY_CLK: preferred layers metal3-metal4 are outside NanoRoute configured layer range. This is likely to cause routing correlation issues.
Primary reporting skew groups are:
skew_group MY_CLK with 255 clock sinks

Clock DAG stats initial state:
  cell counts      : b=0, i=0, icg=23, nicg=0, l=0, total=23
  cell areas       : b=0.000um^2, i=0.000um^2, icg=91.770um^2, nicg=0.000um^2, l=0.000um^2, total=91.770um^2
  hp wire lengths  : top=0.000um, trunk=0.000um, leaf=421.680um, total=421.680um
Clock DAG library cell distribution initial state {count}:
   ICGs: CLKGATETST_X1: 23 

Distribution of half-perimeter wire length by ICG depth:

---------------------------------------------------------------------------
Min ICG    Max ICG    Count    HPWL
Depth      Depth               (um)
---------------------------------------------------------------------------
   0          0        23      [min=11, max=38, avg=18, sd=5, total=422]
   0          1         1      [min=187, max=187, avg=187, sd=0, total=187]
---------------------------------------------------------------------------

No ideal or dont_touch nets found in the clock tree
No dont_touch hnets found in the clock tree
Validating CTS configuration done. (took cpu=0:00:02.5 real=0:00:02.5)
CCOpt configuration status: all checks passed.
Adding exclusion drivers to pins that are effective_sink_type exclude...
    Adding exclusion drivers (these will be instances of the smallest area library cells).
  No exclusion drivers are needed.
Adding exclusion drivers to pins that are effective_sink_type exclude done.
Antenna diode management...
  Found 0 antenna diodes in the clock trees.
  
Antenna diode management done.
Adding driver cells for primary IOs...
  
  ----------------------------------------------------------------------------------------------
  CCOpt reported the following when adding drivers below input ports and above output ports     
  ----------------------------------------------------------------------------------------------
    (empty table)
  ----------------------------------------------------------------------------------------------
  
  
Adding driver cells for primary IOs done.
Adding driver cell for primary IO roots...
Adding driver cell for primary IO roots done.
Maximizing clock DAG abstraction...
Maximizing clock DAG abstraction done.
CCOpt::Phase::PreparingToBalance done. (took cpu=0:00:03.2 real=0:00:03.2)
Synthesizing clock trees...
  Preparing To Balance...
  Library trimming clock gates in power domain auto-default and half-corner my_delay:both.late removed 0 of 4 cells
  Original list had 4 cells:
  CLKGATETST_X8 CLKGATETST_X4 CLKGATETST_X2 CLKGATETST_X1 
  Library trimming was not able to trim any cells:
  CLKGATETST_X8 CLKGATETST_X4 CLKGATETST_X2 CLKGATETST_X1 
  Merging duplicate siblings in DAG...
    Clock DAG stats before merging:
      cell counts      : b=0, i=0, icg=23, nicg=0, l=0, total=23
      cell areas       : b=0.000um^2, i=0.000um^2, icg=91.770um^2, nicg=0.000um^2, l=0.000um^2, total=91.770um^2
      hp wire lengths  : top=0.000um, trunk=0.000um, leaf=421.680um, total=421.680um
    Clock DAG library cell distribution before merging {count}:
       ICGs: CLKGATETST_X1: 23 
    Resynthesising clock tree into netlist...
      Reset timing graph...
Ignoring AAE DB Resetting ...
      Reset timing graph done.
    Resynthesising clock tree into netlist done.
    
    Clock gate merging summary:
    
    ----------------------------------------------------------
    Description                          Number of occurrences
    ----------------------------------------------------------
    Total clock gates                             23
    Globally unique enables                        2
    Potentially mergeable clock gates             21
    Actually merged clock gates                    0
    ----------------------------------------------------------
    
    --------------------------------------------
    Cannot merge reason    Number of occurrences
    --------------------------------------------
    UndrivenTestPins                23
    --------------------------------------------
    
    Disconnecting clock tree from netlist...
    Disconnecting clock tree from netlist done.
  Merging duplicate siblings in DAG done.
  Preparing To Balance done. (took cpu=0:00:00.4 real=0:00:00.4)
  CCOpt::Phase::Construction...
  Stage::Clustering...
  Clustering...
    Initialize for clustering...
    Clock DAG stats before clustering:
      cell counts      : b=0, i=0, icg=23, nicg=0, l=0, total=23
      cell areas       : b=0.000um^2, i=0.000um^2, icg=177.422um^2, nicg=0.000um^2, l=0.000um^2, total=177.422um^2
      hp wire lengths  : top=0.000um, trunk=0.000um, leaf=421.680um, total=421.680um
    Clock DAG library cell distribution before clustering {count}:
       ICGs: CLKGATETST_X8: 23 
    Computing max distances from locked parents...
      Computing distance_from_locked_parent_restrictions for 0 nodes driven by 0 locked parents
    Computing max distances from locked parents done.
    Initialize for clustering done. (took cpu=0:00:00.0 real=0:00:00.0)
    Bottom-up phase...
    Clustering clock_tree MY_CLK...
        Clock tree timing engine global stage delay update for my_delay:both.late...
        Clock tree timing engine global stage delay update for my_delay:both.late done. (took cpu=0:00:00.1 real=0:00:00.1)
    Clustering clock_tree MY_CLK done.
    Clock DAG stats after bottom-up phase:
      cell counts      : b=4, i=0, icg=23, nicg=0, l=0, total=27
      cell areas       : b=5.320um^2, i=0.000um^2, icg=175.028um^2, nicg=0.000um^2, l=0.000um^2, total=180.348um^2
      hp wire lengths  : top=0.000um, trunk=279.200um, leaf=416.755um, total=695.955um
    Clock DAG library cell distribution after bottom-up phase {count}:
       Bufs: CLKBUF_X3: 4 
       ICGs: CLKGATETST_X8: 22 CLKGATETST_X4: 1 
    Bottom-up phase done. (took cpu=0:00:00.8 real=0:00:00.8)
    Legalizing clock trees...
    Resynthesising clock tree into netlist...
      Reset timing graph...
Ignoring AAE DB Resetting ...
      Reset timing graph done.
    Resynthesising clock tree into netlist done.
    Commiting net attributes....
    Commiting net attributes. done.
    Leaving CCOpt scope - ClockRefiner...
    Performing a single pass refine place with checks partially disabled for clock sinks and datapath.
*** Starting refinePlace (0:18:14 mem=1285.8M) ***
Total net bbox length = 2.811e+04 (1.217e+04 1.593e+04) (ext = 2.127e+03)
Move report: Detail placement moves 232 insts, mean move: 0.90 um, max move: 4.32 um
	Max move on inst (cReg10_Dout_reg_9_): (57.76, 13.44) --> (56.24, 10.64)
	Runtime: CPU: 0:00:00.2 REAL: 0:00:00.0 MEM: 1285.8MB
Summary Report:
Instances move: 232 (out of 3150 movable)
Instances flipped: 0
Mean displacement: 0.90 um
Max displacement: 4.32 um (Instance: cReg10_Dout_reg_9_) (57.76, 13.44) -> (56.24, 10.64)
	Length: 20 sites, height: 1 rows, site name: FreePDK45_38x28_10R_NP_162NW_34O, cell type: DFFR_X1
Total net bbox length = 2.817e+04 (1.223e+04 1.594e+04) (ext = 2.125e+03)
Runtime: CPU: 0:00:00.2 REAL: 0:00:00.0 MEM: 1285.8MB
*** Finished refinePlace (0:18:14 mem=1285.8M) ***
    ClockRefiner summary
    All clock instances: Moved 54, flipped 27 and cell swapped 0 (out of a total of 282).
    The largest move was 4.32 um for cReg10_Dout_reg_9_.
    Leaving CCOpt scope - ClockRefiner done. (took cpu=0:00:00.3 real=0:00:00.3)
    Disconnecting clock tree from netlist...
    Disconnecting clock tree from netlist done.
    Clock tree timing engine global stage delay update for my_delay:both.late...
    Clock tree timing engine global stage delay update for my_delay:both.late done. (took cpu=0:00:00.1 real=0:00:00.1)
    
    Clock tree legalization - Histogram:
    ====================================
    
    --------------------------------
    Movement (um)    Number of cells
    --------------------------------
    [0.76,0.964)            1
    [0.964,1.168)           0
    [1.168,1.372)           0
    [1.372,1.576)           0
    [1.576,1.78)            0
    [1.78,1.984)            0
    [1.984,2.188)           0
    [2.188,2.392)           0
    [2.392,2.596)           0
    [2.596,2.8)             2
    --------------------------------
    
    
    Clock tree legalization - Top 10 Movements:
    ===========================================
    
    -------------------------------------------------------------------------------------------------------------------------------------------------------------------------
    Movement (um)    Desired            Achieved           Node
                     location           location           
    -------------------------------------------------------------------------------------------------------------------------------------------------------------------------
        2.8          (33.250,14.840)    (33.250,12.040)    cell DataRegIn_clk_gate_Dout_reg/latch (a lib_cell CLKGATETST_X8) at (33.250,12.040), in power domain auto-default
        2.8          (57.570,14.840)    (57.570,12.040)    cell cReg10_clk_gate_Dout_reg/latch (a lib_cell CLKGATETST_X8) at (57.570,12.040), in power domain auto-default
        0.76         (54.910,14.840)    (54.150,14.840)    CTS_ccl_a_buf_00011 (a lib_cell CLKBUF_X3) at (54.150,14.840), in power domain auto-default
        0            (55.940,93.802)    (55.940,93.802)    cell cReg6_clk_gate_Dout_reg/latch (a lib_cell CLKGATETST_X8) at (51.300,93.240), in power domain auto-default
        0            (28.580,15.403)    (28.580,15.403)    cell cReg0_clk_gate_Dout_reg/latch (a lib_cell CLKGATETST_X8) at (23.940,14.840), in power domain auto-default
        0            (18.890,35.002)    (18.890,35.002)    cell cReg2_clk_gate_Dout_reg/latch (a lib_cell CLKGATETST_X8) at (14.250,34.440), in power domain auto-default
        0            (54.950,23.610)    (54.950,23.610)    CTS_ccl_a_buf_00003 (a lib_cell CLKBUF_X3) at (54.340,23.240), in power domain auto-default
        0            (54.760,15.210)    (54.760,15.210)    CTS_ccl_a_buf_00011 (a lib_cell CLKBUF_X3) at (54.150,14.840), in power domain auto-default
        0            (15.620,85.210)    (15.620,85.210)    cell cReg3_clk_gate_Dout_reg/latch (a lib_cell CLKGATETST_X4) at (12.350,84.840), in power domain auto-default
        0            (55.520,43.210)    (55.520,43.210)    CTS_ccl_a_buf_00013 (a lib_cell CLKBUF_X3) at (54.910,42.840), in power domain auto-default
    -------------------------------------------------------------------------------------------------------------------------------------------------------------------------
    
    Legalizing clock trees done. (took cpu=0:00:00.5 real=0:00:00.5)
    Clock DAG stats after 'Clustering':
      cell counts      : b=4, i=0, icg=23, nicg=0, l=0, total=27
      cell areas       : b=5.320um^2, i=0.000um^2, icg=175.028um^2, nicg=0.000um^2, l=0.000um^2, total=180.348um^2
      cell capacitance : b=5.685fF, i=0.000fF, icg=179.541fF, nicg=0.000fF, l=0.000fF, total=185.225fF
      sink capacitance : count=255, total=249.034fF, avg=0.977fF, sd=0.000fF, min=0.977fF, max=0.977fF
      wire capacitance : top=0.000fF, trunk=44.842fF, leaf=72.114fF, total=116.956fF
      wire lengths     : top=0.000um, trunk=460.849um, leaf=667.128um, total=1127.977um
      hp wire lengths  : top=0.000um, trunk=282.000um, leaf=427.735um, total=709.735um
    Clock DAG net violations after 'Clustering': none
    Clock DAG primary half-corner transition distribution after 'Clustering':
      Trunk : target=0.080ns count=4 avg=0.042ns sd=0.027ns min=0.002ns max=0.059ns {1 <= 0.048ns, 3 <= 0.064ns, 0 <= 0.072ns, 0 <= 0.076ns, 0 <= 0.080ns}
      Leaf  : target=0.080ns count=24 avg=0.009ns sd=0.001ns min=0.009ns max=0.013ns {24 <= 0.048ns, 0 <= 0.064ns, 0 <= 0.072ns, 0 <= 0.076ns, 0 <= 0.080ns}
    Clock DAG library cell distribution after 'Clustering' {count}:
       Bufs: CLKBUF_X3: 4 
       ICGs: CLKGATETST_X8: 22 CLKGATETST_X4: 1 
    Primary reporting skew groups after 'Clustering':
      skew_group MY_CLK: insertion delay [min=0.113, max=0.132, avg=0.122, sd=0.005], skew [0.019 vs 0.500], 100% {0.113, 0.132} (wid=0.009 ws=0.007) (gid=0.128 gs=0.019)
    Skew group summary after 'Clustering':
      skew_group MY_CLK: insertion delay [min=0.113, max=0.132, avg=0.122, sd=0.005], skew [0.019 vs 0.500], 100% {0.113, 0.132} (wid=0.009 ws=0.007) (gid=0.128 gs=0.019)
    Legalizer API calls during this step: 403 succeeded with high effort: 403 succeeded with medium effort: 0 succeeded with low effort: 0 succeeded with basic effort: 0 succeeded with basic unbounded effort: 0
  Clustering done. (took cpu=0:00:01.4 real=0:00:01.4)
  Looking for fanout violations...
  Looking for fanout violations done.
  CongRepair After Initial Clustering...
  Reset timing graph...
Ignoring AAE DB Resetting ...
  Reset timing graph done.
  Leaving CCOpt scope - Early Global Route...
  Clock implementation routing...
Net route status summary:
  Clock:        28 (unrouted=28, trialRouted=0, noStatus=0, routed=0, fixed=0, [crossesIlmBoundary=0, tooFewTerms=0, (crossesIlmBoundary AND tooFewTerms=0)])
  Non-clock:  3988 (unrouted=80, trialRouted=3908, noStatus=0, routed=0, fixed=0, [crossesIlmBoundary=0, tooFewTerms=78, (crossesIlmBoundary AND tooFewTerms=0)])
    Routing using eGR only...
      Early Global Route - eGR only step...
(ccopt eGR): There are 28 nets for routing of which 28 have one or more fixed wires.
(ccopt eGR): Start to route 28 all nets
[NR-eGR] Track table information for default rule: 
[NR-eGR] metal1 has no routable track
[NR-eGR] metal2 has single uniform track structure
[NR-eGR] metal3 has single uniform track structure
[NR-eGR] metal4 has single uniform track structure
[NR-eGR] metal5 has single uniform track structure
[NR-eGR] metal6 has single uniform track structure
[NR-eGR] metal7 has single uniform track structure
[NR-eGR] metal8 has single uniform track structure
[NR-eGR] metal9 has single uniform track structure
[NR-eGR] metal10 has single uniform track structure
[NR-eGR] Read 478 PG shapes
[NR-eGR] #Routing Blockages  : 0
[NR-eGR] #Instance Blockages : 0
[NR-eGR] #PG Blockages       : 478
[NR-eGR] #Halo Blockages     : 0
[NR-eGR] #Boundary Blockages : 0
[NR-eGR] Num Prerouted Nets = 0  Num Prerouted Wires = 0
[NR-eGR] Read numTotalNets=3938  numIgnoredNets=3910
[NR-eGR] Connected 0 must-join pins/ports
[NR-eGR] There are 28 clock nets ( 28 with NDR ).
[NR-eGR] ============ Routing rule table ============
[NR-eGR] Rule id: 0  Nets: 28 
[NR-eGR] Rule id: 1  Nets: 0 
[NR-eGR] ========================================
[NR-eGR] 
[NR-eGR] Layer group 1: route 28 net(s) in layer range [3, 4]
[NR-eGR] Early Global Route overflow of layer group 1: 0.00% H + 0.00% V. EstWL: 1.094800e+03um
[NR-eGR] Create a new net group with 2 nets and layer range [3, 6]
[NR-eGR] Layer group 2: route 2 net(s) in layer range [3, 6]
[NR-eGR] Early Global Route overflow of layer group 2: 0.00% H + 0.00% V. EstWL: 1.093400e+03um
[NR-eGR] Create a new net group with 2 nets and layer range [3, 8]
[NR-eGR] Layer group 3: route 2 net(s) in layer range [3, 8]
[NR-eGR] Early Global Route overflow of layer group 3: 0.00% H + 0.00% V. EstWL: 1.093400e+03um
[NR-eGR] Create a new net group with 2 nets and layer range [3, 10]
[NR-eGR] Layer group 4: route 2 net(s) in layer range [3, 10]
[NR-eGR] Early Global Route overflow of layer group 4: 0.00% H + 0.00% V. EstWL: 1.093400e+03um
[NR-eGR] Congestion Analysis By layer: (blocked Gcells are excluded) 
[NR-eGR]                        OverCon            
[NR-eGR]                         #Gcell     %Gcell
[NR-eGR]       Layer                (0)    OverCon 
[NR-eGR] ----------------------------------------------
[NR-eGR]  metal1  (1)         0( 0.00%)   ( 0.00%) 
[NR-eGR]  metal2  (2)         0( 0.00%)   ( 0.00%) 
[NR-eGR]  metal3  (3)         0( 0.00%)   ( 0.00%) 
[NR-eGR]  metal4  (4)         0( 0.00%)   ( 0.00%) 
[NR-eGR]  metal5  (5)         0( 0.00%)   ( 0.00%) 
[NR-eGR]  metal6  (6)         0( 0.00%)   ( 0.00%) 
[NR-eGR]  metal7  (7)         0( 0.00%)   ( 0.00%) 
[NR-eGR]  metal8  (8)         0( 0.00%)   ( 0.00%) 
[NR-eGR]  metal9  (9)         0( 0.00%)   ( 0.00%) 
[NR-eGR] metal10 (10)         0( 0.00%)   ( 0.00%) 
[NR-eGR] ----------------------------------------------
[NR-eGR] Total                0( 0.00%)   ( 0.00%) 
[NR-eGR] 
[NR-eGR] Overflow after Early Global Route (GR compatible) 0.00% H + 0.00% V
[NR-eGR] Overflow after Early Global Route 0.00% H + 0.00% V
[NR-eGR] Started Export DB wires ( Curr Mem: 1285.83 MB )
[NR-eGR] Started Export all nets ( Curr Mem: 1285.83 MB )
[NR-eGR] Finished Export all nets ( CPU: 0.00 sec, Real: 0.00 sec, Curr Mem: 1285.83 MB )
[NR-eGR] Started Set wire vias ( Curr Mem: 1285.83 MB )
[NR-eGR] Finished Set wire vias ( CPU: 0.00 sec, Real: 0.00 sec, Curr Mem: 1285.83 MB )
[NR-eGR] Finished Export DB wires ( CPU: 0.00 sec, Real: 0.00 sec, Curr Mem: 1285.83 MB )
[NR-eGR] --------------------------------------------------------------------------
[NR-eGR] metal1  (1F) length: 0.000000e+00um, number of vias: 12337
[NR-eGR] metal2  (2V) length: 9.500750e+03um, number of vias: 14943
[NR-eGR] metal3  (3H) length: 1.356957e+04um, number of vias: 5075
[NR-eGR] metal4  (4V) length: 8.038705e+03um, number of vias: 312
[NR-eGR] metal5  (5H) length: 5.681650e+02um, number of vias: 276
[NR-eGR] metal6  (6V) length: 1.458640e+03um, number of vias: 14
[NR-eGR] metal7  (7H) length: 8.355000e+00um, number of vias: 7
[NR-eGR] metal8  (8V) length: 5.058000e+01um, number of vias: 5
[NR-eGR] metal9  (9H) length: 6.865000e+00um, number of vias: 2
[NR-eGR] metal10 (10V) length: 1.760000e+00um, number of vias: 0
[NR-eGR] Total length: 3.320339e+04um, number of vias: 32971
[NR-eGR] --------------------------------------------------------------------------
[NR-eGR] Total eGR-routed clock nets wire length: 1.155745e+03um 
[NR-eGR] --------------------------------------------------------------------------
[NR-eGR] Report for selected net(s) only.
[NR-eGR] metal1  (1H) length: 0.000000e+00um, number of vias: 309
[NR-eGR] metal2  (2V) length: 2.672550e+02um, number of vias: 364
[NR-eGR] metal3  (3H) length: 4.861300e+02um, number of vias: 144
[NR-eGR] metal4  (4V) length: 3.833200e+02um, number of vias: 7
[NR-eGR] metal5  (5H) length: 1.904000e+01um, number of vias: 0
[NR-eGR] metal6  (6V) length: 0.000000e+00um, number of vias: 0
[NR-eGR] metal7  (7H) length: 0.000000e+00um, number of vias: 0
[NR-eGR] metal8  (8V) length: 0.000000e+00um, number of vias: 0
[NR-eGR] metal9  (9H) length: 0.000000e+00um, number of vias: 0
[NR-eGR] metal10 (10V) length: 0.000000e+00um, number of vias: 0
[NR-eGR] Total length: 1.155745e+03um, number of vias: 824
[NR-eGR] --------------------------------------------------------------------------
[NR-eGR] Total routed clock nets wire length: 1.155745e+03um, number of vias: 824
[NR-eGR] --------------------------------------------------------------------------
[NR-eGR] Finished Early Global Route kernel ( CPU: 0.18 sec, Real: 0.18 sec, Curr Mem: 1241.83 MB )
      Early Global Route - eGR only step done. (took cpu=0:00:00.3 real=0:00:00.3)
    Routing using eGR only done.
Net route status summary:
  Clock:        28 (unrouted=0, trialRouted=0, noStatus=0, routed=28, fixed=0, [crossesIlmBoundary=0, tooFewTerms=0, (crossesIlmBoundary AND tooFewTerms=0)])
  Non-clock:  3988 (unrouted=80, trialRouted=3908, noStatus=0, routed=0, fixed=0, [crossesIlmBoundary=0, tooFewTerms=78, (crossesIlmBoundary AND tooFewTerms=0)])

CCOPT: Done with clock implementation routing.

  Clock implementation routing done.
  CCOpt: Starting congestion repair using flow wrapper...
    Congestion Repair...
Info: Disable timing driven in postCTS congRepair.

Starting congRepair ...
[NR-eGR] Track table information for default rule: 
[NR-eGR] metal1 has no routable track
[NR-eGR] metal2 has single uniform track structure
[NR-eGR] metal3 has single uniform track structure
[NR-eGR] metal4 has single uniform track structure
[NR-eGR] metal5 has single uniform track structure
[NR-eGR] metal6 has single uniform track structure
[NR-eGR] metal7 has single uniform track structure
[NR-eGR] metal8 has single uniform track structure
[NR-eGR] metal9 has single uniform track structure
[NR-eGR] metal10 has single uniform track structure
[NR-eGR] Read 154 PG shapes
[NR-eGR] #Routing Blockages  : 0
[NR-eGR] #Instance Blockages : 0
[NR-eGR] #PG Blockages       : 154
[NR-eGR] #Halo Blockages     : 0
[NR-eGR] #Boundary Blockages : 0
[NR-eGR] Num Prerouted Nets = 28  Num Prerouted Wires = 1151
[NR-eGR] Read numTotalNets=3938  numIgnoredNets=28
[NR-eGR] ============ Routing rule table ============
[NR-eGR] Rule id: 0  Nets: 0 
[NR-eGR] Rule id: 1  Nets: 3910 
[NR-eGR] ========================================
[NR-eGR] 
[NR-eGR] Layer group 1: route 3910 net(s) in layer range [2, 10]
[NR-eGR] Early Global Route overflow of layer group 1: 0.00% H + 0.00% V. EstWL: 3.017560e+04um
[NR-eGR] Congestion Analysis By layer: (blocked Gcells are excluded) 
[NR-eGR]                        OverCon            
[NR-eGR]                         #Gcell     %Gcell
[NR-eGR]       Layer                (1)    OverCon 
[NR-eGR] ----------------------------------------------
[NR-eGR]  metal1  (1)         0( 0.00%)   ( 0.00%) 
[NR-eGR]  metal2  (2)         1( 0.02%)   ( 0.02%) 
[NR-eGR]  metal3  (3)         0( 0.00%)   ( 0.00%) 
[NR-eGR]  metal4  (4)         1( 0.02%)   ( 0.02%) 
[NR-eGR]  metal5  (5)         0( 0.00%)   ( 0.00%) 
[NR-eGR]  metal6  (6)         0( 0.00%)   ( 0.00%) 
[NR-eGR]  metal7  (7)         0( 0.00%)   ( 0.00%) 
[NR-eGR]  metal8  (8)         0( 0.00%)   ( 0.00%) 
[NR-eGR]  metal9  (9)         0( 0.00%)   ( 0.00%) 
[NR-eGR] metal10 (10)         0( 0.00%)   ( 0.00%) 
[NR-eGR] ----------------------------------------------
[NR-eGR] Total                2( 0.00%)   ( 0.00%) 
[NR-eGR] 
[NR-eGR] Overflow after Early Global Route (GR compatible) 0.00% H + 0.00% V
[NR-eGR] Overflow after Early Global Route 0.00% H + 0.00% V
Early Global Route congestion estimation runtime: 0.14 seconds, mem = 1241.8M
Local HotSpot Analysis: normalized max congestion hotspot area = 0.00, normalized total congestion hotspot area = 0.00 (area is in unit of 4 std-cell row bins)
Skipped repairing congestion.
[NR-eGR] Started Export DB wires ( Curr Mem: 1241.83 MB )
[NR-eGR] Started Export all nets ( Curr Mem: 1241.83 MB )
[NR-eGR] Finished Export all nets ( CPU: 0.03 sec, Real: 0.04 sec, Curr Mem: 1241.83 MB )
[NR-eGR] Started Set wire vias ( Curr Mem: 1241.83 MB )
[NR-eGR] Finished Set wire vias ( CPU: 0.00 sec, Real: 0.01 sec, Curr Mem: 1241.83 MB )
[NR-eGR] Finished Export DB wires ( CPU: 0.04 sec, Real: 0.04 sec, Curr Mem: 1241.83 MB )
[NR-eGR] --------------------------------------------------------------------------
[NR-eGR] metal1  (1F) length: 0.000000e+00um, number of vias: 12363
[NR-eGR] metal2  (2V) length: 9.606690e+03um, number of vias: 15003
[NR-eGR] metal3  (3H) length: 1.370542e+04um, number of vias: 5166
[NR-eGR] metal4  (4V) length: 7.983970e+03um, number of vias: 418
[NR-eGR] metal5  (5H) length: 7.437100e+02um, number of vias: 385
[NR-eGR] metal6  (6V) length: 1.744080e+03um, number of vias: 14
[NR-eGR] metal7  (7H) length: 6.705000e+00um, number of vias: 9
[NR-eGR] metal8  (8V) length: 6.262000e+01um, number of vias: 3
[NR-eGR] metal9  (9H) length: 6.025000e+00um, number of vias: 2
[NR-eGR] metal10 (10V) length: 2.040000e+00um, number of vias: 0
[NR-eGR] Total length: 3.386126e+04um, number of vias: 33363
[NR-eGR] --------------------------------------------------------------------------
[NR-eGR] Total eGR-routed clock nets wire length: 0.000000e+00um 
[NR-eGR] --------------------------------------------------------------------------
Early Global Route wiring runtime: 0.16 seconds, mem = 1241.8M
Tdgp not successfully inited but do clear! skip clearing
End of congRepair (cpu=0:00:00.3, real=0:00:00.0)
    Congestion Repair done. (took cpu=0:00:00.3 real=0:00:00.3)
  CCOpt: Starting congestion repair using flow wrapper done.
  Leaving CCOpt scope - Early Global Route done. (took cpu=0:00:00.8 real=0:00:00.7)
  Leaving CCOpt scope - extractRC...
  Updating RC parasitics by calling: "extractRC -noRouteCheck"...
Extraction called for design 'myfir' of instances=3150 and nets=4016 using extraction engine 'preRoute' .
PreRoute RC Extraction called for design myfir.
RC Extraction called in multi-corner(1) mode.
RCMode: PreRoute
      RC Corner Indexes            0   
Capacitance Scaling Factor   : 1.00000 
Resistance Scaling Factor    : 1.00000 
Clock Cap. Scaling Factor    : 1.00000 
Clock Res. Scaling Factor    : 1.00000 
Shrink Factor                : 1.00000
PreRoute extraction is honoring NDR/Shielding/ExtraSpace for clock nets.
Using capacitance table file ...
Updating RC grid for preRoute extraction ...
Initializing multi-corner capacitance tables ... 
Initializing multi-corner resistance tables ...
PreRoute RC Extraction DONE (CPU Time: 0:00:00.4  Real Time: 0:00:00.0  MEM: 1241.828M)
  Updating RC parasitics by calling: "extractRC -noRouteCheck" done.
  Leaving CCOpt scope - extractRC done. (took cpu=0:00:00.4 real=0:00:00.4)
  Clock tree timing engine global stage delay update for my_delay:both.late...
  Clock tree timing engine global stage delay update for my_delay:both.late done. (took cpu=0:00:00.1 real=0:00:00.1)
  Clock DAG stats after clustering cong repair call:
    cell counts      : b=4, i=0, icg=23, nicg=0, l=0, total=27
    cell areas       : b=5.320um^2, i=0.000um^2, icg=175.028um^2, nicg=0.000um^2, l=0.000um^2, total=180.348um^2
    cell capacitance : b=5.685fF, i=0.000fF, icg=179.541fF, nicg=0.000fF, l=0.000fF, total=185.225fF
    sink capacitance : count=255, total=249.034fF, avg=0.977fF, sd=0.000fF, min=0.977fF, max=0.977fF
    wire capacitance : top=0.000fF, trunk=45.188fF, leaf=72.430fF, total=117.618fF
    wire lengths     : top=0.000um, trunk=460.849um, leaf=667.128um, total=1127.977um
    hp wire lengths  : top=0.000um, trunk=282.000um, leaf=427.735um, total=709.735um
  Clock DAG net violations after clustering cong repair call: none
  Clock DAG primary half-corner transition distribution after clustering cong repair call:
    Trunk : target=0.080ns count=4 avg=0.042ns sd=0.027ns min=0.002ns max=0.059ns {1 <= 0.048ns, 3 <= 0.064ns, 0 <= 0.072ns, 0 <= 0.076ns, 0 <= 0.080ns}
    Leaf  : target=0.080ns count=24 avg=0.009ns sd=0.001ns min=0.009ns max=0.013ns {24 <= 0.048ns, 0 <= 0.064ns, 0 <= 0.072ns, 0 <= 0.076ns, 0 <= 0.080ns}
  Clock DAG library cell distribution after clustering cong repair call {count}:
     Bufs: CLKBUF_X3: 4 
     ICGs: CLKGATETST_X8: 22 CLKGATETST_X4: 1 
  Primary reporting skew groups after clustering cong repair call:
    skew_group MY_CLK: insertion delay [min=0.113, max=0.133, avg=0.123, sd=0.005], skew [0.019 vs 0.500], 100% {0.113, 0.133} (wid=0.009 ws=0.007) (gid=0.128 gs=0.018)
  Skew group summary after clustering cong repair call:
    skew_group MY_CLK: insertion delay [min=0.113, max=0.133, avg=0.123, sd=0.005], skew [0.019 vs 0.500], 100% {0.113, 0.133} (wid=0.009 ws=0.007) (gid=0.128 gs=0.018)
  CongRepair After Initial Clustering done. (took cpu=0:00:01.2 real=0:00:01.2)
  Stage::Clustering done. (took cpu=0:00:02.6 real=0:00:02.6)
  Stage::DRV Fixing...
  Fixing clock tree slew time and max cap violations...
    Fixing clock tree overload: ...20% ...40% ...60% ...80% ...100% 
    Clock DAG stats after 'Fixing clock tree slew time and max cap violations':
      cell counts      : b=4, i=0, icg=23, nicg=0, l=0, total=27
      cell areas       : b=5.320um^2, i=0.000um^2, icg=175.028um^2, nicg=0.000um^2, l=0.000um^2, total=180.348um^2
      cell capacitance : b=5.685fF, i=0.000fF, icg=179.541fF, nicg=0.000fF, l=0.000fF, total=185.225fF
      sink capacitance : count=255, total=249.034fF, avg=0.977fF, sd=0.000fF, min=0.977fF, max=0.977fF
      wire capacitance : top=0.000fF, trunk=45.188fF, leaf=72.430fF, total=117.618fF
      wire lengths     : top=0.000um, trunk=460.849um, leaf=667.128um, total=1127.977um
      hp wire lengths  : top=0.000um, trunk=282.000um, leaf=427.735um, total=709.735um
    Clock DAG net violations after 'Fixing clock tree slew time and max cap violations': none
    Clock DAG primary half-corner transition distribution after 'Fixing clock tree slew time and max cap violations':
      Trunk : target=0.080ns count=4 avg=0.042ns sd=0.027ns min=0.002ns max=0.059ns {1 <= 0.048ns, 3 <= 0.064ns, 0 <= 0.072ns, 0 <= 0.076ns, 0 <= 0.080ns}
      Leaf  : target=0.080ns count=24 avg=0.009ns sd=0.001ns min=0.009ns max=0.013ns {24 <= 0.048ns, 0 <= 0.064ns, 0 <= 0.072ns, 0 <= 0.076ns, 0 <= 0.080ns}
    Clock DAG library cell distribution after 'Fixing clock tree slew time and max cap violations' {count}:
       Bufs: CLKBUF_X3: 4 
       ICGs: CLKGATETST_X8: 22 CLKGATETST_X4: 1 
    Primary reporting skew groups after 'Fixing clock tree slew time and max cap violations':
      skew_group MY_CLK: insertion delay [min=0.113, max=0.133], skew [0.019 vs 0.500]
    Skew group summary after 'Fixing clock tree slew time and max cap violations':
      skew_group MY_CLK: insertion delay [min=0.113, max=0.133], skew [0.019 vs 0.500]
    Legalizer API calls during this step: 0 succeeded with high effort: 0 succeeded with medium effort: 0 succeeded with low effort: 0 succeeded with basic effort: 0 succeeded with basic unbounded effort: 0
  Fixing clock tree slew time and max cap violations done. (took cpu=0:00:00.0 real=0:00:00.0)
  Fixing clock tree slew time and max cap violations - detailed pass...
    Fixing clock tree overload: ...20% ...40% ...60% ...80% ...100% 
    Clock DAG stats after 'Fixing clock tree slew time and max cap violations - detailed pass':
      cell counts      : b=4, i=0, icg=23, nicg=0, l=0, total=27
      cell areas       : b=5.320um^2, i=0.000um^2, icg=175.028um^2, nicg=0.000um^2, l=0.000um^2, total=180.348um^2
      cell capacitance : b=5.685fF, i=0.000fF, icg=179.541fF, nicg=0.000fF, l=0.000fF, total=185.225fF
      sink capacitance : count=255, total=249.034fF, avg=0.977fF, sd=0.000fF, min=0.977fF, max=0.977fF
      wire capacitance : top=0.000fF, trunk=45.188fF, leaf=72.430fF, total=117.618fF
      wire lengths     : top=0.000um, trunk=460.849um, leaf=667.128um, total=1127.977um
      hp wire lengths  : top=0.000um, trunk=282.000um, leaf=427.735um, total=709.735um
    Clock DAG net violations after 'Fixing clock tree slew time and max cap violations - detailed pass': none
    Clock DAG primary half-corner transition distribution after 'Fixing clock tree slew time and max cap violations - detailed pass':
      Trunk : target=0.080ns count=4 avg=0.042ns sd=0.027ns min=0.002ns max=0.059ns {1 <= 0.048ns, 3 <= 0.064ns, 0 <= 0.072ns, 0 <= 0.076ns, 0 <= 0.080ns}
      Leaf  : target=0.080ns count=24 avg=0.009ns sd=0.001ns min=0.009ns max=0.013ns {24 <= 0.048ns, 0 <= 0.064ns, 0 <= 0.072ns, 0 <= 0.076ns, 0 <= 0.080ns}
    Clock DAG library cell distribution after 'Fixing clock tree slew time and max cap violations - detailed pass' {count}:
       Bufs: CLKBUF_X3: 4 
       ICGs: CLKGATETST_X8: 22 CLKGATETST_X4: 1 
    Primary reporting skew groups after 'Fixing clock tree slew time and max cap violations - detailed pass':
      skew_group MY_CLK: insertion delay [min=0.113, max=0.133, avg=0.123, sd=0.005], skew [0.019 vs 0.500], 100% {0.113, 0.133} (wid=0.009 ws=0.007) (gid=0.128 gs=0.018)
    Skew group summary after 'Fixing clock tree slew time and max cap violations - detailed pass':
      skew_group MY_CLK: insertion delay [min=0.113, max=0.133, avg=0.123, sd=0.005], skew [0.019 vs 0.500], 100% {0.113, 0.133} (wid=0.009 ws=0.007) (gid=0.128 gs=0.018)
    Legalizer API calls during this step: 0 succeeded with high effort: 0 succeeded with medium effort: 0 succeeded with low effort: 0 succeeded with basic effort: 0 succeeded with basic unbounded effort: 0
  Fixing clock tree slew time and max cap violations - detailed pass done. (took cpu=0:00:00.0 real=0:00:00.0)
  Stage::DRV Fixing done. (took cpu=0:00:00.1 real=0:00:00.1)
  Stage::Insertion Delay Reduction...
  Removing unnecessary root buffering...
    Clock DAG stats after 'Removing unnecessary root buffering':
      cell counts      : b=4, i=0, icg=23, nicg=0, l=0, total=27
      cell areas       : b=5.320um^2, i=0.000um^2, icg=175.028um^2, nicg=0.000um^2, l=0.000um^2, total=180.348um^2
      cell capacitance : b=5.685fF, i=0.000fF, icg=179.541fF, nicg=0.000fF, l=0.000fF, total=185.225fF
      sink capacitance : count=255, total=249.034fF, avg=0.977fF, sd=0.000fF, min=0.977fF, max=0.977fF
      wire capacitance : top=0.000fF, trunk=45.188fF, leaf=72.430fF, total=117.618fF
      wire lengths     : top=0.000um, trunk=460.849um, leaf=667.128um, total=1127.977um
      hp wire lengths  : top=0.000um, trunk=282.000um, leaf=427.735um, total=709.735um
    Clock DAG net violations after 'Removing unnecessary root buffering': none
    Clock DAG primary half-corner transition distribution after 'Removing unnecessary root buffering':
      Trunk : target=0.080ns count=4 avg=0.042ns sd=0.027ns min=0.002ns max=0.059ns {1 <= 0.048ns, 3 <= 0.064ns, 0 <= 0.072ns, 0 <= 0.076ns, 0 <= 0.080ns}
      Leaf  : target=0.080ns count=24 avg=0.009ns sd=0.001ns min=0.009ns max=0.013ns {24 <= 0.048ns, 0 <= 0.064ns, 0 <= 0.072ns, 0 <= 0.076ns, 0 <= 0.080ns}
    Clock DAG library cell distribution after 'Removing unnecessary root buffering' {count}:
       Bufs: CLKBUF_X3: 4 
       ICGs: CLKGATETST_X8: 22 CLKGATETST_X4: 1 
    Primary reporting skew groups after 'Removing unnecessary root buffering':
      skew_group MY_CLK: insertion delay [min=0.113, max=0.133], skew [0.019 vs 0.500]
    Skew group summary after 'Removing unnecessary root buffering':
      skew_group MY_CLK: insertion delay [min=0.113, max=0.133], skew [0.019 vs 0.500]
    Legalizer API calls during this step: 0 succeeded with high effort: 0 succeeded with medium effort: 0 succeeded with low effort: 0 succeeded with basic effort: 0 succeeded with basic unbounded effort: 0
  Removing unnecessary root buffering done. (took cpu=0:00:00.0 real=0:00:00.0)
  Removing unconstrained drivers...
    Clock DAG stats after 'Removing unconstrained drivers':
      cell counts      : b=4, i=0, icg=23, nicg=0, l=0, total=27
      cell areas       : b=5.320um^2, i=0.000um^2, icg=175.028um^2, nicg=0.000um^2, l=0.000um^2, total=180.348um^2
      cell capacitance : b=5.685fF, i=0.000fF, icg=179.541fF, nicg=0.000fF, l=0.000fF, total=185.225fF
      sink capacitance : count=255, total=249.034fF, avg=0.977fF, sd=0.000fF, min=0.977fF, max=0.977fF
      wire capacitance : top=0.000fF, trunk=45.188fF, leaf=72.430fF, total=117.618fF
      wire lengths     : top=0.000um, trunk=460.849um, leaf=667.128um, total=1127.977um
      hp wire lengths  : top=0.000um, trunk=282.000um, leaf=427.735um, total=709.735um
    Clock DAG net violations after 'Removing unconstrained drivers': none
    Clock DAG primary half-corner transition distribution after 'Removing unconstrained drivers':
      Trunk : target=0.080ns count=4 avg=0.042ns sd=0.027ns min=0.002ns max=0.059ns {1 <= 0.048ns, 3 <= 0.064ns, 0 <= 0.072ns, 0 <= 0.076ns, 0 <= 0.080ns}
      Leaf  : target=0.080ns count=24 avg=0.009ns sd=0.001ns min=0.009ns max=0.013ns {24 <= 0.048ns, 0 <= 0.064ns, 0 <= 0.072ns, 0 <= 0.076ns, 0 <= 0.080ns}
    Clock DAG library cell distribution after 'Removing unconstrained drivers' {count}:
       Bufs: CLKBUF_X3: 4 
       ICGs: CLKGATETST_X8: 22 CLKGATETST_X4: 1 
    Primary reporting skew groups after 'Removing unconstrained drivers':
      skew_group MY_CLK: insertion delay [min=0.113, max=0.133], skew [0.019 vs 0.500]
    Skew group summary after 'Removing unconstrained drivers':
      skew_group MY_CLK: insertion delay [min=0.113, max=0.133], skew [0.019 vs 0.500]
    Legalizer API calls during this step: 0 succeeded with high effort: 0 succeeded with medium effort: 0 succeeded with low effort: 0 succeeded with basic effort: 0 succeeded with basic unbounded effort: 0
  Removing unconstrained drivers done. (took cpu=0:00:00.0 real=0:00:00.0)
  Reducing insertion delay 1...
    Clock DAG stats after 'Reducing insertion delay 1':
      cell counts      : b=4, i=0, icg=23, nicg=0, l=0, total=27
      cell areas       : b=5.320um^2, i=0.000um^2, icg=175.028um^2, nicg=0.000um^2, l=0.000um^2, total=180.348um^2
      cell capacitance : b=5.685fF, i=0.000fF, icg=179.541fF, nicg=0.000fF, l=0.000fF, total=185.225fF
      sink capacitance : count=255, total=249.034fF, avg=0.977fF, sd=0.000fF, min=0.977fF, max=0.977fF
      wire capacitance : top=0.000fF, trunk=45.188fF, leaf=72.430fF, total=117.618fF
      wire lengths     : top=0.000um, trunk=460.849um, leaf=667.128um, total=1127.977um
      hp wire lengths  : top=0.000um, trunk=282.000um, leaf=427.735um, total=709.735um
    Clock DAG net violations after 'Reducing insertion delay 1': none
    Clock DAG primary half-corner transition distribution after 'Reducing insertion delay 1':
      Trunk : target=0.080ns count=4 avg=0.042ns sd=0.027ns min=0.002ns max=0.059ns {1 <= 0.048ns, 3 <= 0.064ns, 0 <= 0.072ns, 0 <= 0.076ns, 0 <= 0.080ns}
      Leaf  : target=0.080ns count=24 avg=0.009ns sd=0.001ns min=0.009ns max=0.013ns {24 <= 0.048ns, 0 <= 0.064ns, 0 <= 0.072ns, 0 <= 0.076ns, 0 <= 0.080ns}
    Clock DAG library cell distribution after 'Reducing insertion delay 1' {count}:
       Bufs: CLKBUF_X3: 4 
       ICGs: CLKGATETST_X8: 22 CLKGATETST_X4: 1 
    Primary reporting skew groups after 'Reducing insertion delay 1':
      skew_group MY_CLK: insertion delay [min=0.113, max=0.133], skew [0.019 vs 0.500]
    Skew group summary after 'Reducing insertion delay 1':
      skew_group MY_CLK: insertion delay [min=0.113, max=0.133], skew [0.019 vs 0.500]
    Legalizer API calls during this step: 6 succeeded with high effort: 6 succeeded with medium effort: 0 succeeded with low effort: 0 succeeded with basic effort: 0 succeeded with basic unbounded effort: 0
  Reducing insertion delay 1 done. (took cpu=0:00:00.1 real=0:00:00.1)
  Removing longest path buffering...
    Clock DAG stats after 'Removing longest path buffering':
      cell counts      : b=4, i=0, icg=23, nicg=0, l=0, total=27
      cell areas       : b=5.320um^2, i=0.000um^2, icg=175.028um^2, nicg=0.000um^2, l=0.000um^2, total=180.348um^2
      cell capacitance : b=5.685fF, i=0.000fF, icg=179.541fF, nicg=0.000fF, l=0.000fF, total=185.225fF
      sink capacitance : count=255, total=249.034fF, avg=0.977fF, sd=0.000fF, min=0.977fF, max=0.977fF
      wire capacitance : top=0.000fF, trunk=45.188fF, leaf=72.430fF, total=117.618fF
      wire lengths     : top=0.000um, trunk=460.849um, leaf=667.128um, total=1127.977um
      hp wire lengths  : top=0.000um, trunk=282.000um, leaf=427.735um, total=709.735um
    Clock DAG net violations after 'Removing longest path buffering': none
    Clock DAG primary half-corner transition distribution after 'Removing longest path buffering':
      Trunk : target=0.080ns count=4 avg=0.042ns sd=0.027ns min=0.002ns max=0.059ns {1 <= 0.048ns, 3 <= 0.064ns, 0 <= 0.072ns, 0 <= 0.076ns, 0 <= 0.080ns}
      Leaf  : target=0.080ns count=24 avg=0.009ns sd=0.001ns min=0.009ns max=0.013ns {24 <= 0.048ns, 0 <= 0.064ns, 0 <= 0.072ns, 0 <= 0.076ns, 0 <= 0.080ns}
    Clock DAG library cell distribution after 'Removing longest path buffering' {count}:
       Bufs: CLKBUF_X3: 4 
       ICGs: CLKGATETST_X8: 22 CLKGATETST_X4: 1 
    Primary reporting skew groups after 'Removing longest path buffering':
      skew_group MY_CLK: insertion delay [min=0.113, max=0.133], skew [0.019 vs 0.500]
    Skew group summary after 'Removing longest path buffering':
      skew_group MY_CLK: insertion delay [min=0.113, max=0.133], skew [0.019 vs 0.500]
    Legalizer API calls during this step: 0 succeeded with high effort: 0 succeeded with medium effort: 0 succeeded with low effort: 0 succeeded with basic effort: 0 succeeded with basic unbounded effort: 0
  Removing longest path buffering done. (took cpu=0:00:00.0 real=0:00:00.0)
  Reducing insertion delay 2...
    Clock DAG stats after 'Reducing insertion delay 2':
      cell counts      : b=4, i=0, icg=23, nicg=0, l=0, total=27
      cell areas       : b=5.320um^2, i=0.000um^2, icg=177.422um^2, nicg=0.000um^2, l=0.000um^2, total=182.742um^2
      cell capacitance : b=5.685fF, i=0.000fF, icg=183.061fF, nicg=0.000fF, l=0.000fF, total=188.746fF
      sink capacitance : count=255, total=249.034fF, avg=0.977fF, sd=0.000fF, min=0.977fF, max=0.977fF
      wire capacitance : top=0.000fF, trunk=43.754fF, leaf=72.372fF, total=116.126fF
      wire lengths     : top=0.000um, trunk=449.314um, leaf=666.793um, total=1116.107um
      hp wire lengths  : top=0.000um, trunk=305.800um, leaf=427.735um, total=733.535um
    Clock DAG net violations after 'Reducing insertion delay 2': none
    Clock DAG primary half-corner transition distribution after 'Reducing insertion delay 2':
      Trunk : target=0.080ns count=4 avg=0.044ns sd=0.028ns min=0.002ns max=0.065ns {1 <= 0.048ns, 2 <= 0.064ns, 1 <= 0.072ns, 0 <= 0.076ns, 0 <= 0.080ns}
      Leaf  : target=0.080ns count=24 avg=0.009ns sd=0.000ns min=0.009ns max=0.010ns {24 <= 0.048ns, 0 <= 0.064ns, 0 <= 0.072ns, 0 <= 0.076ns, 0 <= 0.080ns}
    Clock DAG library cell distribution after 'Reducing insertion delay 2' {count}:
       Bufs: CLKBUF_X3: 4 
       ICGs: CLKGATETST_X8: 23 
    Primary reporting skew groups after 'Reducing insertion delay 2':
      skew_group MY_CLK: insertion delay [min=0.113, max=0.129, avg=0.123, sd=0.005], skew [0.016 vs 0.500], 100% {0.113, 0.129} (wid=0.015 ws=0.013) (gid=0.128 gs=0.018)
    Skew group summary after 'Reducing insertion delay 2':
      skew_group MY_CLK: insertion delay [min=0.113, max=0.129, avg=0.123, sd=0.005], skew [0.016 vs 0.500], 100% {0.113, 0.129} (wid=0.015 ws=0.013) (gid=0.128 gs=0.018)
    Legalizer API calls during this step: 105 succeeded with high effort: 105 succeeded with medium effort: 0 succeeded with low effort: 0 succeeded with basic effort: 0 succeeded with basic unbounded effort: 0
  Reducing insertion delay 2 done. (took cpu=0:00:00.7 real=0:00:00.7)
  Stage::Insertion Delay Reduction done. (took cpu=0:00:00.8 real=0:00:00.8)
  CCOpt::Phase::Construction done. (took cpu=0:00:03.5 real=0:00:03.5)
  CCOpt::Phase::Implementation...
  Stage::Reducing Power...
  Improving clock tree routing...
    Iteration 1...
    Iteration 1 done.
    Clock DAG stats after 'Improving clock tree routing':
      cell counts      : b=4, i=0, icg=23, nicg=0, l=0, total=27
      cell areas       : b=5.320um^2, i=0.000um^2, icg=177.422um^2, nicg=0.000um^2, l=0.000um^2, total=182.742um^2
      cell capacitance : b=5.685fF, i=0.000fF, icg=183.061fF, nicg=0.000fF, l=0.000fF, total=188.746fF
      sink capacitance : count=255, total=249.034fF, avg=0.977fF, sd=0.000fF, min=0.977fF, max=0.977fF
      wire capacitance : top=0.000fF, trunk=43.754fF, leaf=72.372fF, total=116.126fF
      wire lengths     : top=0.000um, trunk=449.314um, leaf=666.793um, total=1116.107um
      hp wire lengths  : top=0.000um, trunk=305.800um, leaf=427.735um, total=733.535um
    Clock DAG net violations after 'Improving clock tree routing': none
    Clock DAG primary half-corner transition distribution after 'Improving clock tree routing':
      Trunk : target=0.080ns count=4 avg=0.044ns sd=0.028ns min=0.002ns max=0.065ns {1 <= 0.048ns, 2 <= 0.064ns, 1 <= 0.072ns, 0 <= 0.076ns, 0 <= 0.080ns}
      Leaf  : target=0.080ns count=24 avg=0.009ns sd=0.000ns min=0.009ns max=0.010ns {24 <= 0.048ns, 0 <= 0.064ns, 0 <= 0.072ns, 0 <= 0.076ns, 0 <= 0.080ns}
    Clock DAG library cell distribution after 'Improving clock tree routing' {count}:
       Bufs: CLKBUF_X3: 4 
       ICGs: CLKGATETST_X8: 23 
    Primary reporting skew groups after 'Improving clock tree routing':
      skew_group MY_CLK: insertion delay [min=0.113, max=0.129], skew [0.016 vs 0.500]
    Skew group summary after 'Improving clock tree routing':
      skew_group MY_CLK: insertion delay [min=0.113, max=0.129], skew [0.016 vs 0.500]
    Legalizer API calls during this step: 11 succeeded with high effort: 11 succeeded with medium effort: 0 succeeded with low effort: 0 succeeded with basic effort: 0 succeeded with basic unbounded effort: 0
  Improving clock tree routing done. (took cpu=0:00:00.2 real=0:00:00.2)
  Reducing clock tree power 1...
    Resizing gates: ...20% ...40% ...60% ...80% ...Legalizing clock trees...
    Legalizing clock trees done. (took cpu=0:00:00.0 real=0:00:00.0)
    100% 
    Clock DAG stats after reducing clock tree power 1 iteration 1:
      cell counts      : b=4, i=0, icg=23, nicg=0, l=0, total=27
      cell areas       : b=4.788um^2, i=0.000um^2, icg=94.962um^2, nicg=0.000um^2, l=0.000um^2, total=99.750um^2
      cell capacitance : b=5.043fF, i=0.000fF, icg=51.352fF, nicg=0.000fF, l=0.000fF, total=56.395fF
      sink capacitance : count=255, total=249.034fF, avg=0.977fF, sd=0.000fF, min=0.977fF, max=0.977fF
      wire capacitance : top=0.000fF, trunk=43.404fF, leaf=70.074fF, total=113.478fF
      wire lengths     : top=0.000um, trunk=446.475um, leaf=642.649um, total=1089.124um
      hp wire lengths  : top=0.000um, trunk=305.800um, leaf=427.735um, total=733.535um
    Clock DAG net violations after reducing clock tree power 1 iteration 1: none
    Clock DAG primary half-corner transition distribution after reducing clock tree power 1 iteration 1:
      Trunk : target=0.080ns count=4 avg=0.020ns sd=0.013ns min=0.002ns max=0.032ns {4 <= 0.048ns, 0 <= 0.064ns, 0 <= 0.072ns, 0 <= 0.076ns, 0 <= 0.080ns}
      Leaf  : target=0.080ns count=24 avg=0.026ns sd=0.008ns min=0.011ns max=0.034ns {24 <= 0.048ns, 0 <= 0.064ns, 0 <= 0.072ns, 0 <= 0.076ns, 0 <= 0.080ns}
    Clock DAG library cell distribution after reducing clock tree power 1 iteration 1 {count}:
       Bufs: CLKBUF_X3: 3 CLKBUF_X1: 1 
       ICGs: CLKGATETST_X4: 1 CLKGATETST_X2: 7 CLKGATETST_X1: 15 
    Primary reporting skew groups after reducing clock tree power 1 iteration 1:
      skew_group MY_CLK: insertion delay [min=0.085, max=0.119], skew [0.033 vs 0.500]
    Skew group summary after reducing clock tree power 1 iteration 1:
      skew_group MY_CLK: insertion delay [min=0.085, max=0.119], skew [0.033 vs 0.500]
    Resizing gates: ...20% ...40% ...60% ...80% ...Legalizing clock trees...
    Legalizing clock trees done. (took cpu=0:00:00.0 real=0:00:00.0)
    100% 
    Clock DAG stats after reducing clock tree power 1 iteration 2:
      cell counts      : b=4, i=0, icg=23, nicg=0, l=0, total=27
      cell areas       : b=3.990um^2, i=0.000um^2, icg=91.770um^2, nicg=0.000um^2, l=0.000um^2, total=95.760um^2
      cell capacitance : b=4.998fF, i=0.000fF, icg=41.681fF, nicg=0.000fF, l=0.000fF, total=46.678fF
      sink capacitance : count=255, total=249.034fF, avg=0.977fF, sd=0.000fF, min=0.977fF, max=0.977fF
      wire capacitance : top=0.000fF, trunk=43.345fF, leaf=70.160fF, total=113.505fF
      wire lengths     : top=0.000um, trunk=445.800um, leaf=641.883um, total=1087.683um
      hp wire lengths  : top=0.000um, trunk=305.800um, leaf=427.735um, total=733.535um
    Clock DAG net violations after reducing clock tree power 1 iteration 2: none
    Clock DAG primary half-corner transition distribution after reducing clock tree power 1 iteration 2:
      Trunk : target=0.080ns count=4 avg=0.025ns sd=0.016ns min=0.002ns max=0.039ns {4 <= 0.048ns, 0 <= 0.064ns, 0 <= 0.072ns, 0 <= 0.076ns, 0 <= 0.080ns}
      Leaf  : target=0.080ns count=24 avg=0.031ns sd=0.004ns min=0.011ns max=0.037ns {24 <= 0.048ns, 0 <= 0.064ns, 0 <= 0.072ns, 0 <= 0.076ns, 0 <= 0.080ns}
    Clock DAG library cell distribution after reducing clock tree power 1 iteration 2 {count}:
       Bufs: CLKBUF_X2: 3 CLKBUF_X1: 1 
       ICGs: CLKGATETST_X1: 23 
    Primary reporting skew groups after reducing clock tree power 1 iteration 2:
      skew_group MY_CLK: insertion delay [min=0.092, max=0.130], skew [0.038 vs 0.500]
    Skew group summary after reducing clock tree power 1 iteration 2:
      skew_group MY_CLK: insertion delay [min=0.092, max=0.130], skew [0.038 vs 0.500]
    Resizing gates: ...20% ...40% ...60% ...80% ...Legalizing clock trees...
    Legalizing clock trees done. (took cpu=0:00:00.0 real=0:00:00.0)
    100% 
    Clock DAG stats after 'Reducing clock tree power 1':
      cell counts      : b=4, i=0, icg=23, nicg=0, l=0, total=27
      cell areas       : b=3.990um^2, i=0.000um^2, icg=91.770um^2, nicg=0.000um^2, l=0.000um^2, total=95.760um^2
      cell capacitance : b=4.998fF, i=0.000fF, icg=41.681fF, nicg=0.000fF, l=0.000fF, total=46.678fF
      sink capacitance : count=255, total=249.034fF, avg=0.977fF, sd=0.000fF, min=0.977fF, max=0.977fF
      wire capacitance : top=0.000fF, trunk=43.345fF, leaf=70.160fF, total=113.505fF
      wire lengths     : top=0.000um, trunk=445.800um, leaf=641.883um, total=1087.683um
      hp wire lengths  : top=0.000um, trunk=305.800um, leaf=427.735um, total=733.535um
    Clock DAG net violations after 'Reducing clock tree power 1': none
    Clock DAG primary half-corner transition distribution after 'Reducing clock tree power 1':
      Trunk : target=0.080ns count=4 avg=0.025ns sd=0.016ns min=0.002ns max=0.039ns {4 <= 0.048ns, 0 <= 0.064ns, 0 <= 0.072ns, 0 <= 0.076ns, 0 <= 0.080ns}
      Leaf  : target=0.080ns count=24 avg=0.031ns sd=0.004ns min=0.011ns max=0.037ns {24 <= 0.048ns, 0 <= 0.064ns, 0 <= 0.072ns, 0 <= 0.076ns, 0 <= 0.080ns}
    Clock DAG library cell distribution after 'Reducing clock tree power 1' {count}:
       Bufs: CLKBUF_X2: 3 CLKBUF_X1: 1 
       ICGs: CLKGATETST_X1: 23 
    Primary reporting skew groups after 'Reducing clock tree power 1':
      skew_group MY_CLK: insertion delay [min=0.092, max=0.130], skew [0.038 vs 0.500]
    Skew group summary after 'Reducing clock tree power 1':
      skew_group MY_CLK: insertion delay [min=0.092, max=0.130], skew [0.038 vs 0.500]
    Legalizer API calls during this step: 199 succeeded with high effort: 199 succeeded with medium effort: 0 succeeded with low effort: 0 succeeded with basic effort: 0 succeeded with basic unbounded effort: 0
  Reducing clock tree power 1 done. (took cpu=0:00:01.2 real=0:00:01.2)
  Reducing clock tree power 2...
    Clock DAG stats after 'Reducing clock tree power 2':
      cell counts      : b=4, i=0, icg=23, nicg=0, l=0, total=27
      cell areas       : b=3.990um^2, i=0.000um^2, icg=91.770um^2, nicg=0.000um^2, l=0.000um^2, total=95.760um^2
      cell capacitance : b=4.998fF, i=0.000fF, icg=41.681fF, nicg=0.000fF, l=0.000fF, total=46.678fF
      sink capacitance : count=255, total=249.034fF, avg=0.977fF, sd=0.000fF, min=0.977fF, max=0.977fF
      wire capacitance : top=0.000fF, trunk=43.345fF, leaf=70.160fF, total=113.505fF
      wire lengths     : top=0.000um, trunk=445.800um, leaf=641.883um, total=1087.683um
      hp wire lengths  : top=0.000um, trunk=305.800um, leaf=427.735um, total=733.535um
    Clock DAG net violations after 'Reducing clock tree power 2': none
    Clock DAG primary half-corner transition distribution after 'Reducing clock tree power 2':
      Trunk : target=0.080ns count=4 avg=0.025ns sd=0.016ns min=0.002ns max=0.039ns {4 <= 0.048ns, 0 <= 0.064ns, 0 <= 0.072ns, 0 <= 0.076ns, 0 <= 0.080ns}
      Leaf  : target=0.080ns count=24 avg=0.031ns sd=0.004ns min=0.011ns max=0.037ns {24 <= 0.048ns, 0 <= 0.064ns, 0 <= 0.072ns, 0 <= 0.076ns, 0 <= 0.080ns}
    Clock DAG library cell distribution after 'Reducing clock tree power 2' {count}:
       Bufs: CLKBUF_X2: 3 CLKBUF_X1: 1 
       ICGs: CLKGATETST_X1: 23 
    Primary reporting skew groups after 'Reducing clock tree power 2':
      skew_group MY_CLK: insertion delay [min=0.092, max=0.130, avg=0.117, sd=0.007], skew [0.038 vs 0.500], 100% {0.092, 0.130} (wid=0.007 ws=0.006) (gid=0.123 gs=0.032)
    Skew group summary after 'Reducing clock tree power 2':
      skew_group MY_CLK: insertion delay [min=0.092, max=0.130, avg=0.117, sd=0.007], skew [0.038 vs 0.500], 100% {0.092, 0.130} (wid=0.007 ws=0.006) (gid=0.123 gs=0.032)
    Legalizer API calls during this step: 0 succeeded with high effort: 0 succeeded with medium effort: 0 succeeded with low effort: 0 succeeded with basic effort: 0 succeeded with basic unbounded effort: 0
  Reducing clock tree power 2 done. (took cpu=0:00:00.0 real=0:00:00.0)
  Stage::Reducing Power done. (took cpu=0:00:01.4 real=0:00:01.4)
  Stage::Balancing...
  Approximately balancing fragments step...
    Resolve constraints - Approximately balancing fragments...
    Resolving skew group constraints...
      Solving LP: 1 skew groups; 2 fragments, 2 fraglets and 3 vertices; 21 variables and 54 constraints; tolerance 1
    Resolving skew group constraints done.
    Resolve constraints - Approximately balancing fragments done. (took cpu=0:00:00.2 real=0:00:00.2)
    Estimate delay to be added in balancing - Approximately balancing fragments...
    Trial balancer estimated the amount of delay to be added in balancing: 0.000ns
    Estimate delay to be added in balancing - Approximately balancing fragments done. (took cpu=0:00:00.0 real=0:00:00.0)
    Approximately balancing fragments...
      Moving gates to improve sub-tree skew...
        Tried: 29 Succeeded: 0
        Topology Tried: 0 Succeeded: 0
        0 Succeeded with SS ratio
        0 Succeeded with Lollipop: 0 with tier one, 0 with tier two. 
        Total reducing skew: 0 Average reducing skew for 0 nets : 0
        Clock DAG stats after 'Moving gates to improve sub-tree skew':
          cell counts      : b=4, i=0, icg=23, nicg=0, l=0, total=27
          cell areas       : b=3.990um^2, i=0.000um^2, icg=91.770um^2, nicg=0.000um^2, l=0.000um^2, total=95.760um^2
          cell capacitance : b=4.998fF, i=0.000fF, icg=41.681fF, nicg=0.000fF, l=0.000fF, total=46.678fF
          sink capacitance : count=255, total=249.034fF, avg=0.977fF, sd=0.000fF, min=0.977fF, max=0.977fF
          wire capacitance : top=0.000fF, trunk=43.345fF, leaf=70.160fF, total=113.505fF
          wire lengths     : top=0.000um, trunk=445.800um, leaf=641.883um, total=1087.683um
          hp wire lengths  : top=0.000um, trunk=305.800um, leaf=427.735um, total=733.535um
        Clock DAG net violations after 'Moving gates to improve sub-tree skew': none
        Clock DAG primary half-corner transition distribution after 'Moving gates to improve sub-tree skew':
          Trunk : target=0.080ns count=4 avg=0.025ns sd=0.016ns min=0.002ns max=0.039ns {4 <= 0.048ns, 0 <= 0.064ns, 0 <= 0.072ns, 0 <= 0.076ns, 0 <= 0.080ns}
          Leaf  : target=0.080ns count=24 avg=0.031ns sd=0.004ns min=0.011ns max=0.037ns {24 <= 0.048ns, 0 <= 0.064ns, 0 <= 0.072ns, 0 <= 0.076ns, 0 <= 0.080ns}
        Clock DAG library cell distribution after 'Moving gates to improve sub-tree skew' {count}:
           Bufs: CLKBUF_X2: 3 CLKBUF_X1: 1 
           ICGs: CLKGATETST_X1: 23 
        Legalizer API calls during this step: 0 succeeded with high effort: 0 succeeded with medium effort: 0 succeeded with low effort: 0 succeeded with basic effort: 0 succeeded with basic unbounded effort: 0
      Moving gates to improve sub-tree skew done. (took cpu=0:00:00.0 real=0:00:00.0)
      Approximately balancing fragments bottom up...
        bottom up balancing: ...20% ...40% ...60% ...80% ...100% 
        Clock DAG stats after 'Approximately balancing fragments bottom up':
          cell counts      : b=4, i=0, icg=23, nicg=0, l=0, total=27
          cell areas       : b=3.990um^2, i=0.000um^2, icg=91.770um^2, nicg=0.000um^2, l=0.000um^2, total=95.760um^2
          cell capacitance : b=4.998fF, i=0.000fF, icg=41.681fF, nicg=0.000fF, l=0.000fF, total=46.678fF
          sink capacitance : count=255, total=249.034fF, avg=0.977fF, sd=0.000fF, min=0.977fF, max=0.977fF
          wire capacitance : top=0.000fF, trunk=43.345fF, leaf=70.160fF, total=113.505fF
          wire lengths     : top=0.000um, trunk=445.800um, leaf=641.883um, total=1087.683um
          hp wire lengths  : top=0.000um, trunk=305.800um, leaf=427.735um, total=733.535um
        Clock DAG net violations after 'Approximately balancing fragments bottom up': none
        Clock DAG primary half-corner transition distribution after 'Approximately balancing fragments bottom up':
          Trunk : target=0.080ns count=4 avg=0.025ns sd=0.016ns min=0.002ns max=0.039ns {4 <= 0.048ns, 0 <= 0.064ns, 0 <= 0.072ns, 0 <= 0.076ns, 0 <= 0.080ns}
          Leaf  : target=0.080ns count=24 avg=0.031ns sd=0.004ns min=0.011ns max=0.037ns {24 <= 0.048ns, 0 <= 0.064ns, 0 <= 0.072ns, 0 <= 0.076ns, 0 <= 0.080ns}
        Clock DAG library cell distribution after 'Approximately balancing fragments bottom up' {count}:
           Bufs: CLKBUF_X2: 3 CLKBUF_X1: 1 
           ICGs: CLKGATETST_X1: 23 
        Legalizer API calls during this step: 0 succeeded with high effort: 0 succeeded with medium effort: 0 succeeded with low effort: 0 succeeded with basic effort: 0 succeeded with basic unbounded effort: 0
      Approximately balancing fragments bottom up done. (took cpu=0:00:00.1 real=0:00:00.1)
      Approximately balancing fragments, wire and cell delays...
      Approximately balancing fragments, wire and cell delays, iteration 1...
        Clock DAG stats after Approximately balancing fragments, wire and cell delays, iteration 1:
          cell counts      : b=4, i=0, icg=23, nicg=0, l=0, total=27
          cell areas       : b=3.990um^2, i=0.000um^2, icg=91.770um^2, nicg=0.000um^2, l=0.000um^2, total=95.760um^2
          cell capacitance : b=4.998fF, i=0.000fF, icg=41.681fF, nicg=0.000fF, l=0.000fF, total=46.678fF
          sink capacitance : count=255, total=249.034fF, avg=0.977fF, sd=0.000fF, min=0.977fF, max=0.977fF
          wire capacitance : top=0.000fF, trunk=43.345fF, leaf=70.160fF, total=113.505fF
          wire lengths     : top=0.000um, trunk=445.800um, leaf=641.883um, total=1087.683um
          hp wire lengths  : top=0.000um, trunk=305.800um, leaf=427.735um, total=733.535um
        Clock DAG net violations after Approximately balancing fragments, wire and cell delays, iteration 1: none
        Clock DAG primary half-corner transition distribution after Approximately balancing fragments, wire and cell delays, iteration 1:
          Trunk : target=0.080ns count=4 avg=0.025ns sd=0.016ns min=0.002ns max=0.039ns {4 <= 0.048ns, 0 <= 0.064ns, 0 <= 0.072ns, 0 <= 0.076ns, 0 <= 0.080ns}
          Leaf  : target=0.080ns count=24 avg=0.031ns sd=0.004ns min=0.011ns max=0.037ns {24 <= 0.048ns, 0 <= 0.064ns, 0 <= 0.072ns, 0 <= 0.076ns, 0 <= 0.080ns}
        Clock DAG library cell distribution after Approximately balancing fragments, wire and cell delays, iteration 1 {count}:
           Bufs: CLKBUF_X2: 3 CLKBUF_X1: 1 
           ICGs: CLKGATETST_X1: 23 
      Approximately balancing fragments, wire and cell delays, iteration 1 done.
      Approximately balancing fragments, wire and cell delays done. (took cpu=0:00:00.0 real=0:00:00.0)
    Approximately balancing fragments done.
    Clock DAG stats after 'Approximately balancing fragments step':
      cell counts      : b=4, i=0, icg=23, nicg=0, l=0, total=27
      cell areas       : b=3.990um^2, i=0.000um^2, icg=91.770um^2, nicg=0.000um^2, l=0.000um^2, total=95.760um^2
      cell capacitance : b=4.998fF, i=0.000fF, icg=41.681fF, nicg=0.000fF, l=0.000fF, total=46.678fF
      sink capacitance : count=255, total=249.034fF, avg=0.977fF, sd=0.000fF, min=0.977fF, max=0.977fF
      wire capacitance : top=0.000fF, trunk=43.345fF, leaf=70.160fF, total=113.505fF
      wire lengths     : top=0.000um, trunk=445.800um, leaf=641.883um, total=1087.683um
      hp wire lengths  : top=0.000um, trunk=305.800um, leaf=427.735um, total=733.535um
    Clock DAG net violations after 'Approximately balancing fragments step': none
    Clock DAG primary half-corner transition distribution after 'Approximately balancing fragments step':
      Trunk : target=0.080ns count=4 avg=0.025ns sd=0.016ns min=0.002ns max=0.039ns {4 <= 0.048ns, 0 <= 0.064ns, 0 <= 0.072ns, 0 <= 0.076ns, 0 <= 0.080ns}
      Leaf  : target=0.080ns count=24 avg=0.031ns sd=0.004ns min=0.011ns max=0.037ns {24 <= 0.048ns, 0 <= 0.064ns, 0 <= 0.072ns, 0 <= 0.076ns, 0 <= 0.080ns}
    Clock DAG library cell distribution after 'Approximately balancing fragments step' {count}:
       Bufs: CLKBUF_X2: 3 CLKBUF_X1: 1 
       ICGs: CLKGATETST_X1: 23 
    Legalizer API calls during this step: 0 succeeded with high effort: 0 succeeded with medium effort: 0 succeeded with low effort: 0 succeeded with basic effort: 0 succeeded with basic unbounded effort: 0
  Approximately balancing fragments step done. (took cpu=0:00:00.4 real=0:00:00.4)
  Clock DAG stats after Approximately balancing fragments:
    cell counts      : b=4, i=0, icg=23, nicg=0, l=0, total=27
    cell areas       : b=3.990um^2, i=0.000um^2, icg=91.770um^2, nicg=0.000um^2, l=0.000um^2, total=95.760um^2
    cell capacitance : b=4.998fF, i=0.000fF, icg=41.681fF, nicg=0.000fF, l=0.000fF, total=46.678fF
    sink capacitance : count=255, total=249.034fF, avg=0.977fF, sd=0.000fF, min=0.977fF, max=0.977fF
    wire capacitance : top=0.000fF, trunk=43.345fF, leaf=70.160fF, total=113.505fF
    wire lengths     : top=0.000um, trunk=445.800um, leaf=641.883um, total=1087.683um
    hp wire lengths  : top=0.000um, trunk=305.800um, leaf=427.735um, total=733.535um
  Clock DAG net violations after Approximately balancing fragments: none
  Clock DAG primary half-corner transition distribution after Approximately balancing fragments:
    Trunk : target=0.080ns count=4 avg=0.025ns sd=0.016ns min=0.002ns max=0.039ns {4 <= 0.048ns, 0 <= 0.064ns, 0 <= 0.072ns, 0 <= 0.076ns, 0 <= 0.080ns}
    Leaf  : target=0.080ns count=24 avg=0.031ns sd=0.004ns min=0.011ns max=0.037ns {24 <= 0.048ns, 0 <= 0.064ns, 0 <= 0.072ns, 0 <= 0.076ns, 0 <= 0.080ns}
  Clock DAG library cell distribution after Approximately balancing fragments {count}:
     Bufs: CLKBUF_X2: 3 CLKBUF_X1: 1 
     ICGs: CLKGATETST_X1: 23 
  Primary reporting skew groups after Approximately balancing fragments:
    skew_group MY_CLK: insertion delay [min=0.092, max=0.130], skew [0.038 vs 0.500]
  Skew group summary after Approximately balancing fragments:
    skew_group MY_CLK: insertion delay [min=0.092, max=0.130], skew [0.038 vs 0.500]
  Improving fragments clock skew...
    Clock DAG stats after 'Improving fragments clock skew':
      cell counts      : b=4, i=0, icg=23, nicg=0, l=0, total=27
      cell areas       : b=3.990um^2, i=0.000um^2, icg=91.770um^2, nicg=0.000um^2, l=0.000um^2, total=95.760um^2
      cell capacitance : b=4.998fF, i=0.000fF, icg=41.681fF, nicg=0.000fF, l=0.000fF, total=46.678fF
      sink capacitance : count=255, total=249.034fF, avg=0.977fF, sd=0.000fF, min=0.977fF, max=0.977fF
      wire capacitance : top=0.000fF, trunk=43.345fF, leaf=70.160fF, total=113.505fF
      wire lengths     : top=0.000um, trunk=445.800um, leaf=641.883um, total=1087.683um
      hp wire lengths  : top=0.000um, trunk=305.800um, leaf=427.735um, total=733.535um
    Clock DAG net violations after 'Improving fragments clock skew': none
    Clock DAG primary half-corner transition distribution after 'Improving fragments clock skew':
      Trunk : target=0.080ns count=4 avg=0.025ns sd=0.016ns min=0.002ns max=0.039ns {4 <= 0.048ns, 0 <= 0.064ns, 0 <= 0.072ns, 0 <= 0.076ns, 0 <= 0.080ns}
      Leaf  : target=0.080ns count=24 avg=0.031ns sd=0.004ns min=0.011ns max=0.037ns {24 <= 0.048ns, 0 <= 0.064ns, 0 <= 0.072ns, 0 <= 0.076ns, 0 <= 0.080ns}
    Clock DAG library cell distribution after 'Improving fragments clock skew' {count}:
       Bufs: CLKBUF_X2: 3 CLKBUF_X1: 1 
       ICGs: CLKGATETST_X1: 23 
    Primary reporting skew groups after 'Improving fragments clock skew':
      skew_group MY_CLK: insertion delay [min=0.092, max=0.130], skew [0.038 vs 0.500]
    Skew group summary after 'Improving fragments clock skew':
      skew_group MY_CLK: insertion delay [min=0.092, max=0.130], skew [0.038 vs 0.500]
    Legalizer API calls during this step: 0 succeeded with high effort: 0 succeeded with medium effort: 0 succeeded with low effort: 0 succeeded with basic effort: 0 succeeded with basic unbounded effort: 0
  Improving fragments clock skew done. (took cpu=0:00:00.0 real=0:00:00.0)
  Approximately balancing step...
    Resolve constraints - Approximately balancing...
    Resolving skew group constraints...
      Solving LP: 1 skew groups; 2 fragments, 2 fraglets and 3 vertices; 21 variables and 54 constraints; tolerance 1
    Resolving skew group constraints done.
    Resolve constraints - Approximately balancing done. (took cpu=0:00:00.0 real=0:00:00.0)
    Approximately balancing...
      Approximately balancing, wire and cell delays...
      Approximately balancing, wire and cell delays, iteration 1...
        Clock DAG stats after Approximately balancing, wire and cell delays, iteration 1:
          cell counts      : b=4, i=0, icg=23, nicg=0, l=0, total=27
          cell areas       : b=3.990um^2, i=0.000um^2, icg=91.770um^2, nicg=0.000um^2, l=0.000um^2, total=95.760um^2
          cell capacitance : b=4.998fF, i=0.000fF, icg=41.681fF, nicg=0.000fF, l=0.000fF, total=46.678fF
          sink capacitance : count=255, total=249.034fF, avg=0.977fF, sd=0.000fF, min=0.977fF, max=0.977fF
          wire capacitance : top=0.000fF, trunk=43.345fF, leaf=70.160fF, total=113.505fF
          wire lengths     : top=0.000um, trunk=445.800um, leaf=641.883um, total=1087.683um
          hp wire lengths  : top=0.000um, trunk=305.800um, leaf=427.735um, total=733.535um
        Clock DAG net violations after Approximately balancing, wire and cell delays, iteration 1: none
        Clock DAG primary half-corner transition distribution after Approximately balancing, wire and cell delays, iteration 1:
          Trunk : target=0.080ns count=4 avg=0.025ns sd=0.016ns min=0.002ns max=0.039ns {4 <= 0.048ns, 0 <= 0.064ns, 0 <= 0.072ns, 0 <= 0.076ns, 0 <= 0.080ns}
          Leaf  : target=0.080ns count=24 avg=0.031ns sd=0.004ns min=0.011ns max=0.037ns {24 <= 0.048ns, 0 <= 0.064ns, 0 <= 0.072ns, 0 <= 0.076ns, 0 <= 0.080ns}
        Clock DAG library cell distribution after Approximately balancing, wire and cell delays, iteration 1 {count}:
           Bufs: CLKBUF_X2: 3 CLKBUF_X1: 1 
           ICGs: CLKGATETST_X1: 23 
      Approximately balancing, wire and cell delays, iteration 1 done.
      Approximately balancing, wire and cell delays done. (took cpu=0:00:00.0 real=0:00:00.0)
    Approximately balancing done.
    Clock DAG stats after 'Approximately balancing step':
      cell counts      : b=4, i=0, icg=23, nicg=0, l=0, total=27
      cell areas       : b=3.990um^2, i=0.000um^2, icg=91.770um^2, nicg=0.000um^2, l=0.000um^2, total=95.760um^2
      cell capacitance : b=4.998fF, i=0.000fF, icg=41.681fF, nicg=0.000fF, l=0.000fF, total=46.678fF
      sink capacitance : count=255, total=249.034fF, avg=0.977fF, sd=0.000fF, min=0.977fF, max=0.977fF
      wire capacitance : top=0.000fF, trunk=43.345fF, leaf=70.160fF, total=113.505fF
      wire lengths     : top=0.000um, trunk=445.800um, leaf=641.883um, total=1087.683um
      hp wire lengths  : top=0.000um, trunk=305.800um, leaf=427.735um, total=733.535um
    Clock DAG net violations after 'Approximately balancing step': none
    Clock DAG primary half-corner transition distribution after 'Approximately balancing step':
      Trunk : target=0.080ns count=4 avg=0.025ns sd=0.016ns min=0.002ns max=0.039ns {4 <= 0.048ns, 0 <= 0.064ns, 0 <= 0.072ns, 0 <= 0.076ns, 0 <= 0.080ns}
      Leaf  : target=0.080ns count=24 avg=0.031ns sd=0.004ns min=0.011ns max=0.037ns {24 <= 0.048ns, 0 <= 0.064ns, 0 <= 0.072ns, 0 <= 0.076ns, 0 <= 0.080ns}
    Clock DAG library cell distribution after 'Approximately balancing step' {count}:
       Bufs: CLKBUF_X2: 3 CLKBUF_X1: 1 
       ICGs: CLKGATETST_X1: 23 
    Primary reporting skew groups after 'Approximately balancing step':
      skew_group MY_CLK: insertion delay [min=0.092, max=0.130], skew [0.038 vs 0.500]
    Skew group summary after 'Approximately balancing step':
      skew_group MY_CLK: insertion delay [min=0.092, max=0.130], skew [0.038 vs 0.500]
    Legalizer API calls during this step: 0 succeeded with high effort: 0 succeeded with medium effort: 0 succeeded with low effort: 0 succeeded with basic effort: 0 succeeded with basic unbounded effort: 0
  Approximately balancing step done. (took cpu=0:00:00.1 real=0:00:00.1)
  Fixing clock tree overload...
    Fixing clock tree overload: ...20% ...40% ...60% ...80% ...100% 
    Clock DAG stats after 'Fixing clock tree overload':
      cell counts      : b=4, i=0, icg=23, nicg=0, l=0, total=27
      cell areas       : b=3.990um^2, i=0.000um^2, icg=91.770um^2, nicg=0.000um^2, l=0.000um^2, total=95.760um^2
      cell capacitance : b=4.998fF, i=0.000fF, icg=41.681fF, nicg=0.000fF, l=0.000fF, total=46.678fF
      sink capacitance : count=255, total=249.034fF, avg=0.977fF, sd=0.000fF, min=0.977fF, max=0.977fF
      wire capacitance : top=0.000fF, trunk=43.345fF, leaf=70.160fF, total=113.505fF
      wire lengths     : top=0.000um, trunk=445.800um, leaf=641.883um, total=1087.683um
      hp wire lengths  : top=0.000um, trunk=305.800um, leaf=427.735um, total=733.535um
    Clock DAG net violations after 'Fixing clock tree overload': none
    Clock DAG primary half-corner transition distribution after 'Fixing clock tree overload':
      Trunk : target=0.080ns count=4 avg=0.025ns sd=0.016ns min=0.002ns max=0.039ns {4 <= 0.048ns, 0 <= 0.064ns, 0 <= 0.072ns, 0 <= 0.076ns, 0 <= 0.080ns}
      Leaf  : target=0.080ns count=24 avg=0.031ns sd=0.004ns min=0.011ns max=0.037ns {24 <= 0.048ns, 0 <= 0.064ns, 0 <= 0.072ns, 0 <= 0.076ns, 0 <= 0.080ns}
    Clock DAG library cell distribution after 'Fixing clock tree overload' {count}:
       Bufs: CLKBUF_X2: 3 CLKBUF_X1: 1 
       ICGs: CLKGATETST_X1: 23 
    Primary reporting skew groups after 'Fixing clock tree overload':
      skew_group MY_CLK: insertion delay [min=0.092, max=0.130], skew [0.038 vs 0.500]
    Skew group summary after 'Fixing clock tree overload':
      skew_group MY_CLK: insertion delay [min=0.092, max=0.130], skew [0.038 vs 0.500]
    Legalizer API calls during this step: 0 succeeded with high effort: 0 succeeded with medium effort: 0 succeeded with low effort: 0 succeeded with basic effort: 0 succeeded with basic unbounded effort: 0
  Fixing clock tree overload done. (took cpu=0:00:00.0 real=0:00:00.0)
  Approximately balancing paths...
    Added 0 buffers.
    Clock DAG stats after 'Approximately balancing paths':
      cell counts      : b=4, i=0, icg=23, nicg=0, l=0, total=27
      cell areas       : b=3.990um^2, i=0.000um^2, icg=91.770um^2, nicg=0.000um^2, l=0.000um^2, total=95.760um^2
      cell capacitance : b=4.998fF, i=0.000fF, icg=41.681fF, nicg=0.000fF, l=0.000fF, total=46.678fF
      sink capacitance : count=255, total=249.034fF, avg=0.977fF, sd=0.000fF, min=0.977fF, max=0.977fF
      wire capacitance : top=0.000fF, trunk=43.345fF, leaf=70.160fF, total=113.505fF
      wire lengths     : top=0.000um, trunk=445.800um, leaf=641.883um, total=1087.683um
      hp wire lengths  : top=0.000um, trunk=305.800um, leaf=427.735um, total=733.535um
    Clock DAG net violations after 'Approximately balancing paths': none
    Clock DAG primary half-corner transition distribution after 'Approximately balancing paths':
      Trunk : target=0.080ns count=4 avg=0.025ns sd=0.016ns min=0.002ns max=0.039ns {4 <= 0.048ns, 0 <= 0.064ns, 0 <= 0.072ns, 0 <= 0.076ns, 0 <= 0.080ns}
      Leaf  : target=0.080ns count=24 avg=0.031ns sd=0.004ns min=0.011ns max=0.037ns {24 <= 0.048ns, 0 <= 0.064ns, 0 <= 0.072ns, 0 <= 0.076ns, 0 <= 0.080ns}
    Clock DAG library cell distribution after 'Approximately balancing paths' {count}:
       Bufs: CLKBUF_X2: 3 CLKBUF_X1: 1 
       ICGs: CLKGATETST_X1: 23 
    Primary reporting skew groups after 'Approximately balancing paths':
      skew_group MY_CLK: insertion delay [min=0.092, max=0.130, avg=0.117, sd=0.007], skew [0.038 vs 0.500], 100% {0.092, 0.130} (wid=0.007 ws=0.006) (gid=0.123 gs=0.032)
    Skew group summary after 'Approximately balancing paths':
      skew_group MY_CLK: insertion delay [min=0.092, max=0.130, avg=0.117, sd=0.007], skew [0.038 vs 0.500], 100% {0.092, 0.130} (wid=0.007 ws=0.006) (gid=0.123 gs=0.032)
    Legalizer API calls during this step: 0 succeeded with high effort: 0 succeeded with medium effort: 0 succeeded with low effort: 0 succeeded with basic effort: 0 succeeded with basic unbounded effort: 0
  Approximately balancing paths done. (took cpu=0:00:00.0 real=0:00:00.0)
  Stage::Balancing done. (took cpu=0:00:00.6 real=0:00:00.6)
  Stage::Polishing...
  Merging balancing drivers for power...
    Tried: 29 Succeeded: 0
    Clock tree timing engine global stage delay update for my_delay:both.late...
    Clock tree timing engine global stage delay update for my_delay:both.late done. (took cpu=0:00:00.1 real=0:00:00.1)
    Clock DAG stats after 'Merging balancing drivers for power':
      cell counts      : b=4, i=0, icg=23, nicg=0, l=0, total=27
      cell areas       : b=3.990um^2, i=0.000um^2, icg=91.770um^2, nicg=0.000um^2, l=0.000um^2, total=95.760um^2
      cell capacitance : b=4.998fF, i=0.000fF, icg=41.681fF, nicg=0.000fF, l=0.000fF, total=46.678fF
      sink capacitance : count=255, total=249.034fF, avg=0.977fF, sd=0.000fF, min=0.977fF, max=0.977fF
      wire capacitance : top=0.000fF, trunk=43.345fF, leaf=70.160fF, total=113.505fF
      wire lengths     : top=0.000um, trunk=445.800um, leaf=641.883um, total=1087.683um
      hp wire lengths  : top=0.000um, trunk=305.800um, leaf=427.735um, total=733.535um
    Clock DAG net violations after 'Merging balancing drivers for power': none
    Clock DAG primary half-corner transition distribution after 'Merging balancing drivers for power':
      Trunk : target=0.080ns count=4 avg=0.025ns sd=0.016ns min=0.002ns max=0.039ns {4 <= 0.048ns, 0 <= 0.064ns, 0 <= 0.072ns, 0 <= 0.076ns, 0 <= 0.080ns}
      Leaf  : target=0.080ns count=24 avg=0.031ns sd=0.004ns min=0.011ns max=0.037ns {24 <= 0.048ns, 0 <= 0.064ns, 0 <= 0.072ns, 0 <= 0.076ns, 0 <= 0.080ns}
    Clock DAG library cell distribution after 'Merging balancing drivers for power' {count}:
       Bufs: CLKBUF_X2: 3 CLKBUF_X1: 1 
       ICGs: CLKGATETST_X1: 23 
    Primary reporting skew groups after 'Merging balancing drivers for power':
      skew_group MY_CLK: insertion delay [min=0.092, max=0.130], skew [0.038 vs 0.500]
    Skew group summary after 'Merging balancing drivers for power':
      skew_group MY_CLK: insertion delay [min=0.092, max=0.130], skew [0.038 vs 0.500]
    Legalizer API calls during this step: 0 succeeded with high effort: 0 succeeded with medium effort: 0 succeeded with low effort: 0 succeeded with basic effort: 0 succeeded with basic unbounded effort: 0
  Merging balancing drivers for power done. (took cpu=0:00:00.1 real=0:00:00.1)
  Improving clock skew...
    Clock DAG stats after 'Improving clock skew':
      cell counts      : b=4, i=0, icg=23, nicg=0, l=0, total=27
      cell areas       : b=3.990um^2, i=0.000um^2, icg=91.770um^2, nicg=0.000um^2, l=0.000um^2, total=95.760um^2
      cell capacitance : b=4.998fF, i=0.000fF, icg=41.681fF, nicg=0.000fF, l=0.000fF, total=46.678fF
      sink capacitance : count=255, total=249.034fF, avg=0.977fF, sd=0.000fF, min=0.977fF, max=0.977fF
      wire capacitance : top=0.000fF, trunk=43.345fF, leaf=70.160fF, total=113.505fF
      wire lengths     : top=0.000um, trunk=445.800um, leaf=641.883um, total=1087.683um
      hp wire lengths  : top=0.000um, trunk=305.800um, leaf=427.735um, total=733.535um
    Clock DAG net violations after 'Improving clock skew': none
    Clock DAG primary half-corner transition distribution after 'Improving clock skew':
      Trunk : target=0.080ns count=4 avg=0.025ns sd=0.016ns min=0.002ns max=0.039ns {4 <= 0.048ns, 0 <= 0.064ns, 0 <= 0.072ns, 0 <= 0.076ns, 0 <= 0.080ns}
      Leaf  : target=0.080ns count=24 avg=0.031ns sd=0.004ns min=0.011ns max=0.037ns {24 <= 0.048ns, 0 <= 0.064ns, 0 <= 0.072ns, 0 <= 0.076ns, 0 <= 0.080ns}
    Clock DAG library cell distribution after 'Improving clock skew' {count}:
       Bufs: CLKBUF_X2: 3 CLKBUF_X1: 1 
       ICGs: CLKGATETST_X1: 23 
    Primary reporting skew groups after 'Improving clock skew':
      skew_group MY_CLK: insertion delay [min=0.092, max=0.130, avg=0.117, sd=0.006], skew [0.038 vs 0.500], 100% {0.092, 0.130} (wid=0.007 ws=0.006) (gid=0.123 gs=0.032)
    Skew group summary after 'Improving clock skew':
      skew_group MY_CLK: insertion delay [min=0.092, max=0.130, avg=0.117, sd=0.006], skew [0.038 vs 0.500], 100% {0.092, 0.130} (wid=0.007 ws=0.006) (gid=0.123 gs=0.032)
    Legalizer API calls during this step: 0 succeeded with high effort: 0 succeeded with medium effort: 0 succeeded with low effort: 0 succeeded with basic effort: 0 succeeded with basic unbounded effort: 0
  Improving clock skew done. (took cpu=0:00:00.0 real=0:00:00.0)
  Moving gates to reduce wire capacitance...
    Modified slew target multipliers. Leaf=(1 to 0.9) Trunk=(1 to 0.95) Top=(1 to 0.95)
    Iteration 1...
      Artificially removing short and long paths...
        Legalizer API calls during this step: 0 succeeded with high effort: 0 succeeded with medium effort: 0 succeeded with low effort: 0 succeeded with basic effort: 0 succeeded with basic unbounded effort: 0
      Artificially removing short and long paths done. (took cpu=0:00:00.0 real=0:00:00.0)
      Moving gates to reduce wire capacitance - iteration 1: WireCapReduction...
        Legalizing clock trees...
        Legalizing clock trees done. (took cpu=0:00:00.0 real=0:00:00.0)
        Legalizer API calls during this step: 184 succeeded with high effort: 184 succeeded with medium effort: 0 succeeded with low effort: 0 succeeded with basic effort: 0 succeeded with basic unbounded effort: 0
      Moving gates to reduce wire capacitance - iteration 1: WireCapReduction done. (took cpu=0:00:00.3 real=0:00:00.3)
      Moving gates to reduce wire capacitance - iteration 1: MoveGates...
        Moving gates: ...20% ...40% ...60% ...80% ...Legalizing clock trees...
        Legalizing clock trees done. (took cpu=0:00:00.0 real=0:00:00.0)
        100% 
        Legalizer API calls during this step: 348 succeeded with high effort: 348 succeeded with medium effort: 0 succeeded with low effort: 0 succeeded with basic effort: 0 succeeded with basic unbounded effort: 0
      Moving gates to reduce wire capacitance - iteration 1: MoveGates done. (took cpu=0:00:01.0 real=0:00:01.0)
    Iteration 1 done.
    Iteration 2...
      Artificially removing short and long paths...
        Legalizer API calls during this step: 0 succeeded with high effort: 0 succeeded with medium effort: 0 succeeded with low effort: 0 succeeded with basic effort: 0 succeeded with basic unbounded effort: 0
      Artificially removing short and long paths done. (took cpu=0:00:00.0 real=0:00:00.0)
      Moving gates to reduce wire capacitance - iteration 2: WireCapReduction...
        Legalizing clock trees...
        Legalizing clock trees done. (took cpu=0:00:00.0 real=0:00:00.0)
        Legalizer API calls during this step: 153 succeeded with high effort: 153 succeeded with medium effort: 0 succeeded with low effort: 0 succeeded with basic effort: 0 succeeded with basic unbounded effort: 0
      Moving gates to reduce wire capacitance - iteration 2: WireCapReduction done. (took cpu=0:00:00.3 real=0:00:00.3)
      Moving gates to reduce wire capacitance - iteration 2: MoveGates...
        Moving gates: ...20% ...40% ...60% ...80% ...Legalizing clock trees...
        Legalizing clock trees done. (took cpu=0:00:00.0 real=0:00:00.0)
        100% 
        Legalizer API calls during this step: 334 succeeded with high effort: 334 succeeded with medium effort: 0 succeeded with low effort: 0 succeeded with basic effort: 0 succeeded with basic unbounded effort: 0
      Moving gates to reduce wire capacitance - iteration 2: MoveGates done. (took cpu=0:00:00.7 real=0:00:00.7)
    Iteration 2 done.
    Reverted slew target multipliers. Leaf=(0.9 to 1) Trunk=(0.95 to 1) Top=(0.95 to 1)
    Clock DAG stats after 'Moving gates to reduce wire capacitance':
      cell counts      : b=4, i=0, icg=23, nicg=0, l=0, total=27
      cell areas       : b=3.990um^2, i=0.000um^2, icg=91.770um^2, nicg=0.000um^2, l=0.000um^2, total=95.760um^2
      cell capacitance : b=4.998fF, i=0.000fF, icg=41.681fF, nicg=0.000fF, l=0.000fF, total=46.678fF
      sink capacitance : count=255, total=249.034fF, avg=0.977fF, sd=0.000fF, min=0.977fF, max=0.977fF
      wire capacitance : top=0.000fF, trunk=39.082fF, leaf=67.349fF, total=106.432fF
      wire lengths     : top=0.000um, trunk=406.774um, leaf=609.229um, total=1016.004um
      hp wire lengths  : top=0.000um, trunk=285.910um, leaf=460.720um, total=746.630um
    Clock DAG net violations after 'Moving gates to reduce wire capacitance': none
    Clock DAG primary half-corner transition distribution after 'Moving gates to reduce wire capacitance':
      Trunk : target=0.080ns count=4 avg=0.024ns sd=0.015ns min=0.002ns max=0.037ns {4 <= 0.048ns, 0 <= 0.064ns, 0 <= 0.072ns, 0 <= 0.076ns, 0 <= 0.080ns}
      Leaf  : target=0.080ns count=24 avg=0.031ns sd=0.004ns min=0.011ns max=0.035ns {24 <= 0.048ns, 0 <= 0.064ns, 0 <= 0.072ns, 0 <= 0.076ns, 0 <= 0.080ns}
    Clock DAG library cell distribution after 'Moving gates to reduce wire capacitance' {count}:
       Bufs: CLKBUF_X2: 3 CLKBUF_X1: 1 
       ICGs: CLKGATETST_X1: 23 
    Primary reporting skew groups after 'Moving gates to reduce wire capacitance':
      skew_group MY_CLK: insertion delay [min=0.089, max=0.125, avg=0.114, sd=0.006], skew [0.036 vs 0.500], 100% {0.089, 0.125} (wid=0.006 ws=0.005) (gid=0.119 gs=0.031)
    Skew group summary after 'Moving gates to reduce wire capacitance':
      skew_group MY_CLK: insertion delay [min=0.089, max=0.125, avg=0.114, sd=0.006], skew [0.036 vs 0.500], 100% {0.089, 0.125} (wid=0.006 ws=0.005) (gid=0.119 gs=0.031)
    Legalizer API calls during this step: 1019 succeeded with high effort: 1019 succeeded with medium effort: 0 succeeded with low effort: 0 succeeded with basic effort: 0 succeeded with basic unbounded effort: 0
  Moving gates to reduce wire capacitance done. (took cpu=0:00:02.4 real=0:00:02.4)
  Reducing clock tree power 3...
    Artificially removing short and long paths...
      Legalizer API calls during this step: 0 succeeded with high effort: 0 succeeded with medium effort: 0 succeeded with low effort: 0 succeeded with basic effort: 0 succeeded with basic unbounded effort: 0
    Artificially removing short and long paths done. (took cpu=0:00:00.0 real=0:00:00.0)
    Initial gate capacitance is (rise=295.712fF fall=267.346fF).
    Resizing gates: ...20% ...40% ...60% ...80% ...Legalizing clock trees...
    Legalizing clock trees done. (took cpu=0:00:00.0 real=0:00:00.0)
    100% 
    Clock DAG stats after 'Reducing clock tree power 3':
      cell counts      : b=4, i=0, icg=23, nicg=0, l=0, total=27
      cell areas       : b=3.990um^2, i=0.000um^2, icg=91.770um^2, nicg=0.000um^2, l=0.000um^2, total=95.760um^2
      cell capacitance : b=4.998fF, i=0.000fF, icg=41.681fF, nicg=0.000fF, l=0.000fF, total=46.678fF
      sink capacitance : count=255, total=249.034fF, avg=0.977fF, sd=0.000fF, min=0.977fF, max=0.977fF
      wire capacitance : top=0.000fF, trunk=39.082fF, leaf=67.349fF, total=106.432fF
      wire lengths     : top=0.000um, trunk=406.774um, leaf=609.229um, total=1016.004um
      hp wire lengths  : top=0.000um, trunk=285.910um, leaf=460.720um, total=746.630um
    Clock DAG net violations after 'Reducing clock tree power 3': none
    Clock DAG primary half-corner transition distribution after 'Reducing clock tree power 3':
      Trunk : target=0.080ns count=4 avg=0.024ns sd=0.015ns min=0.002ns max=0.037ns {4 <= 0.048ns, 0 <= 0.064ns, 0 <= 0.072ns, 0 <= 0.076ns, 0 <= 0.080ns}
      Leaf  : target=0.080ns count=24 avg=0.031ns sd=0.004ns min=0.011ns max=0.035ns {24 <= 0.048ns, 0 <= 0.064ns, 0 <= 0.072ns, 0 <= 0.076ns, 0 <= 0.080ns}
    Clock DAG library cell distribution after 'Reducing clock tree power 3' {count}:
       Bufs: CLKBUF_X2: 3 CLKBUF_X1: 1 
       ICGs: CLKGATETST_X1: 23 
    Primary reporting skew groups after 'Reducing clock tree power 3':
      skew_group MY_CLK: insertion delay [min=0.089, max=0.125, avg=0.114, sd=0.006], skew [0.036 vs 0.500], 100% {0.089, 0.125} (wid=0.006 ws=0.005) (gid=0.119 gs=0.031)
    Skew group summary after 'Reducing clock tree power 3':
      skew_group MY_CLK: insertion delay [min=0.089, max=0.125, avg=0.114, sd=0.006], skew [0.036 vs 0.500], 100% {0.089, 0.125} (wid=0.006 ws=0.005) (gid=0.119 gs=0.031)
    Legalizer API calls during this step: 55 succeeded with high effort: 55 succeeded with medium effort: 0 succeeded with low effort: 0 succeeded with basic effort: 0 succeeded with basic unbounded effort: 0
  Reducing clock tree power 3 done. (took cpu=0:00:00.2 real=0:00:00.2)
  Improving insertion delay...
    Clock DAG stats after 'Improving insertion delay':
      cell counts      : b=4, i=0, icg=23, nicg=0, l=0, total=27
      cell areas       : b=3.990um^2, i=0.000um^2, icg=91.770um^2, nicg=0.000um^2, l=0.000um^2, total=95.760um^2
      cell capacitance : b=4.998fF, i=0.000fF, icg=41.681fF, nicg=0.000fF, l=0.000fF, total=46.678fF
      sink capacitance : count=255, total=249.034fF, avg=0.977fF, sd=0.000fF, min=0.977fF, max=0.977fF
      wire capacitance : top=0.000fF, trunk=39.082fF, leaf=67.349fF, total=106.432fF
      wire lengths     : top=0.000um, trunk=406.774um, leaf=609.229um, total=1016.004um
      hp wire lengths  : top=0.000um, trunk=285.910um, leaf=460.720um, total=746.630um
    Clock DAG net violations after 'Improving insertion delay': none
    Clock DAG primary half-corner transition distribution after 'Improving insertion delay':
      Trunk : target=0.080ns count=4 avg=0.024ns sd=0.015ns min=0.002ns max=0.037ns {4 <= 0.048ns, 0 <= 0.064ns, 0 <= 0.072ns, 0 <= 0.076ns, 0 <= 0.080ns}
      Leaf  : target=0.080ns count=24 avg=0.031ns sd=0.004ns min=0.011ns max=0.035ns {24 <= 0.048ns, 0 <= 0.064ns, 0 <= 0.072ns, 0 <= 0.076ns, 0 <= 0.080ns}
    Clock DAG library cell distribution after 'Improving insertion delay' {count}:
       Bufs: CLKBUF_X2: 3 CLKBUF_X1: 1 
       ICGs: CLKGATETST_X1: 23 
    Primary reporting skew groups after 'Improving insertion delay':
      skew_group MY_CLK: insertion delay [min=0.089, max=0.125, avg=0.114, sd=0.006], skew [0.036 vs 0.500], 100% {0.089, 0.125} (wid=0.006 ws=0.005) (gid=0.119 gs=0.031)
    Skew group summary after 'Improving insertion delay':
      skew_group MY_CLK: insertion delay [min=0.089, max=0.125, avg=0.114, sd=0.006], skew [0.036 vs 0.500], 100% {0.089, 0.125} (wid=0.006 ws=0.005) (gid=0.119 gs=0.031)
    Legalizer API calls during this step: 0 succeeded with high effort: 0 succeeded with medium effort: 0 succeeded with low effort: 0 succeeded with basic effort: 0 succeeded with basic unbounded effort: 0
  Improving insertion delay done. (took cpu=0:00:00.0 real=0:00:00.0)
  Wire Opt OverFix...
    Wire Reduction extra effort...
      Modified slew target multipliers. Leaf=(1 to 0.95) Trunk=(1 to 1) Top=(1 to 1)
      Artificially removing short and long paths...
        Legalizer API calls during this step: 0 succeeded with high effort: 0 succeeded with medium effort: 0 succeeded with low effort: 0 succeeded with basic effort: 0 succeeded with basic unbounded effort: 0
      Artificially removing short and long paths done. (took cpu=0:00:00.0 real=0:00:00.0)
      Global shorten wires A0...
        Legalizer API calls during this step: 10 succeeded with high effort: 10 succeeded with medium effort: 0 succeeded with low effort: 0 succeeded with basic effort: 0 succeeded with basic unbounded effort: 0
      Global shorten wires A0 done. (took cpu=0:00:00.0 real=0:00:00.0)
      Move For Wirelength - core...
        Move for wirelength. considered=28, filtered=28, permitted=27, cannotCompute=3, computed=24, moveTooSmall=39, resolved=0, predictFail=7, currentlyIllegal=0, legalizationFail=2, legalizedMoveTooSmall=14, ignoredLeafDriver=0, worse=69, accepted=1
        Max accepted move=8.360um, total accepted move=8.360um, average move=8.360um
        Move for wirelength. considered=28, filtered=28, permitted=27, cannotCompute=3, computed=24, moveTooSmall=40, resolved=0, predictFail=7, currentlyIllegal=0, legalizationFail=2, legalizedMoveTooSmall=14, ignoredLeafDriver=0, worse=71, accepted=0
        Max accepted move=0.000um, total accepted move=0.000um
        Legalizer API calls during this step: 187 succeeded with high effort: 187 succeeded with medium effort: 0 succeeded with low effort: 0 succeeded with basic effort: 0 succeeded with basic unbounded effort: 0
      Move For Wirelength - core done. (took cpu=0:00:00.3 real=0:00:00.3)
      Global shorten wires A1...
        Legalizer API calls during this step: 10 succeeded with high effort: 10 succeeded with medium effort: 0 succeeded with low effort: 0 succeeded with basic effort: 0 succeeded with basic unbounded effort: 0
      Global shorten wires A1 done. (took cpu=0:00:00.0 real=0:00:00.0)
      Move For Wirelength - core...
        Move for wirelength. considered=28, filtered=28, permitted=27, cannotCompute=25, computed=2, moveTooSmall=41, resolved=0, predictFail=0, currentlyIllegal=0, legalizationFail=0, legalizedMoveTooSmall=0, ignoredLeafDriver=0, worse=2, accepted=0
        Max accepted move=0.000um, total accepted move=0.000um
        Legalizer API calls during this step: 2 succeeded with high effort: 2 succeeded with medium effort: 0 succeeded with low effort: 0 succeeded with basic effort: 0 succeeded with basic unbounded effort: 0
      Move For Wirelength - core done. (took cpu=0:00:00.0 real=0:00:00.0)
      Global shorten wires B...
        Legalizer API calls during this step: 118 succeeded with high effort: 118 succeeded with medium effort: 0 succeeded with low effort: 0 succeeded with basic effort: 0 succeeded with basic unbounded effort: 0
      Global shorten wires B done. (took cpu=0:00:00.1 real=0:00:00.1)
      Move For Wirelength - branch...
        Move for wirelength. considered=28, filtered=28, permitted=27, cannotCompute=0, computed=27, moveTooSmall=0, resolved=0, predictFail=0, currentlyIllegal=0, legalizationFail=0, legalizedMoveTooSmall=0, ignoredLeafDriver=0, worse=27, accepted=2
        Max accepted move=0.570um, total accepted move=0.760um, average move=0.380um
        Move for wirelength. considered=28, filtered=28, permitted=27, cannotCompute=25, computed=2, moveTooSmall=0, resolved=0, predictFail=38, currentlyIllegal=0, legalizationFail=0, legalizedMoveTooSmall=0, ignoredLeafDriver=0, worse=2, accepted=0
        Max accepted move=0.000um, total accepted move=0.000um
        Legalizer API calls during this step: 31 succeeded with high effort: 31 succeeded with medium effort: 0 succeeded with low effort: 0 succeeded with basic effort: 0 succeeded with basic unbounded effort: 0
      Move For Wirelength - branch done. (took cpu=0:00:00.1 real=0:00:00.1)
      Reverted slew target multipliers. Leaf=(0.95 to 1) Trunk=(1 to 1) Top=(1 to 1)
      Clock DAG stats after 'Wire Reduction extra effort':
        cell counts      : b=4, i=0, icg=23, nicg=0, l=0, total=27
        cell areas       : b=3.990um^2, i=0.000um^2, icg=91.770um^2, nicg=0.000um^2, l=0.000um^2, total=95.760um^2
        cell capacitance : b=4.998fF, i=0.000fF, icg=41.681fF, nicg=0.000fF, l=0.000fF, total=46.678fF
        sink capacitance : count=255, total=249.034fF, avg=0.977fF, sd=0.000fF, min=0.977fF, max=0.977fF
        wire capacitance : top=0.000fF, trunk=38.409fF, leaf=67.932fF, total=106.341fF
        wire lengths     : top=0.000um, trunk=397.875um, leaf=616.149um, total=1014.024um
        hp wire lengths  : top=0.000um, trunk=285.910um, leaf=468.290um, total=754.200um
      Clock DAG net violations after 'Wire Reduction extra effort': none
      Clock DAG primary half-corner transition distribution after 'Wire Reduction extra effort':
        Trunk : target=0.080ns count=4 avg=0.024ns sd=0.015ns min=0.002ns max=0.036ns {4 <= 0.048ns, 0 <= 0.064ns, 0 <= 0.072ns, 0 <= 0.076ns, 0 <= 0.080ns}
        Leaf  : target=0.080ns count=24 avg=0.031ns sd=0.004ns min=0.011ns max=0.035ns {24 <= 0.048ns, 0 <= 0.064ns, 0 <= 0.072ns, 0 <= 0.076ns, 0 <= 0.080ns}
      Clock DAG library cell distribution after 'Wire Reduction extra effort' {count}:
         Bufs: CLKBUF_X2: 3 CLKBUF_X1: 1 
         ICGs: CLKGATETST_X1: 23 
      Primary reporting skew groups after 'Wire Reduction extra effort':
        skew_group MY_CLK: insertion delay [min=0.089, max=0.124, avg=0.114, sd=0.006], skew [0.035 vs 0.500], 100% {0.089, 0.124} (wid=0.006 ws=0.005) (gid=0.119 gs=0.030)
      Skew group summary after 'Wire Reduction extra effort':
        skew_group MY_CLK: insertion delay [min=0.089, max=0.124, avg=0.114, sd=0.006], skew [0.035 vs 0.500], 100% {0.089, 0.124} (wid=0.006 ws=0.005) (gid=0.119 gs=0.030)
      Legalizer API calls during this step: 358 succeeded with high effort: 358 succeeded with medium effort: 0 succeeded with low effort: 0 succeeded with basic effort: 0 succeeded with basic unbounded effort: 0
    Wire Reduction extra effort done. (took cpu=0:00:00.6 real=0:00:00.6)
    Optimizing orientation...
    FlipOpt...
    Disconnecting clock tree from netlist...
    Disconnecting clock tree from netlist done.
    Performing Single Threaded FlipOpt
    Optimizing orientation on clock cells...
      Orientation Wirelength Optimization: Attempted = 29 , Succeeded = 2 , Constraints Broken = 25 , CannotMove = 2 , Illegal = 0 , Other = 0
    Optimizing orientation on clock cells done.
    Resynthesising clock tree into netlist...
      Reset timing graph...
Ignoring AAE DB Resetting ...
      Reset timing graph done.
    Resynthesising clock tree into netlist done.
    FlipOpt done. (took cpu=0:00:00.1 real=0:00:00.1)
    Optimizing orientation done. (took cpu=0:00:00.1 real=0:00:00.1)
    Clock DAG stats after 'Wire Opt OverFix':
      cell counts      : b=4, i=0, icg=23, nicg=0, l=0, total=27
      cell areas       : b=3.990um^2, i=0.000um^2, icg=91.770um^2, nicg=0.000um^2, l=0.000um^2, total=95.760um^2
      cell capacitance : b=4.998fF, i=0.000fF, icg=41.681fF, nicg=0.000fF, l=0.000fF, total=46.678fF
      sink capacitance : count=255, total=249.034fF, avg=0.977fF, sd=0.000fF, min=0.977fF, max=0.977fF
      wire capacitance : top=0.000fF, trunk=38.755fF, leaf=67.661fF, total=106.416fF
      wire lengths     : top=0.000um, trunk=399.175um, leaf=613.069um, total=1012.244um
      hp wire lengths  : top=0.000um, trunk=285.910um, leaf=468.290um, total=754.200um
    Clock DAG net violations after 'Wire Opt OverFix': none
    Clock DAG primary half-corner transition distribution after 'Wire Opt OverFix':
      Trunk : target=0.080ns count=4 avg=0.024ns sd=0.015ns min=0.002ns max=0.036ns {4 <= 0.048ns, 0 <= 0.064ns, 0 <= 0.072ns, 0 <= 0.076ns, 0 <= 0.080ns}
      Leaf  : target=0.080ns count=24 avg=0.031ns sd=0.004ns min=0.011ns max=0.035ns {24 <= 0.048ns, 0 <= 0.064ns, 0 <= 0.072ns, 0 <= 0.076ns, 0 <= 0.080ns}
    Clock DAG library cell distribution after 'Wire Opt OverFix' {count}:
       Bufs: CLKBUF_X2: 3 CLKBUF_X1: 1 
       ICGs: CLKGATETST_X1: 23 
    Primary reporting skew groups after 'Wire Opt OverFix':
      skew_group MY_CLK: insertion delay [min=0.089, max=0.124, avg=0.114, sd=0.006], skew [0.035 vs 0.500], 100% {0.089, 0.124} (wid=0.006 ws=0.005) (gid=0.119 gs=0.030)
    Skew group summary after 'Wire Opt OverFix':
      skew_group MY_CLK: insertion delay [min=0.089, max=0.124, avg=0.114, sd=0.006], skew [0.035 vs 0.500], 100% {0.089, 0.124} (wid=0.006 ws=0.005) (gid=0.119 gs=0.030)
    Legalizer API calls during this step: 358 succeeded with high effort: 358 succeeded with medium effort: 0 succeeded with low effort: 0 succeeded with basic effort: 0 succeeded with basic unbounded effort: 0
  Wire Opt OverFix done. (took cpu=0:00:00.7 real=0:00:00.7)
  Total capacitance is (rise=402.128fF fall=373.762fF), of which (rise=106.416fF fall=106.416fF) is wire, and (rise=295.712fF fall=267.346fF) is gate.
  Stage::Polishing done. (took cpu=0:00:03.4 real=0:00:03.4)
  Stage::Updating netlist...
  Reset timing graph...
Ignoring AAE DB Resetting ...
  Reset timing graph done.
  Setting non-default rules before calling refine place.
  Leaving CCOpt scope - ClockRefiner...
  Performing Clock Only Refine Place.
*** Starting refinePlace (0:18:22 mem=1283.0M) ***
Total net bbox length = 2.813e+04 (1.220e+04 1.593e+04) (ext = 2.125e+03)
Move report: Detail placement moves 0 insts, mean move: 0.00 um, max move: 0.00 um
	Runtime: CPU: 0:00:00.0 REAL: 0:00:00.0 MEM: 1283.0MB
Summary Report:
Instances move: 0 (out of 3150 movable)
Instances flipped: 0
Mean displacement: 0.00 um
Max displacement: 0.00 um 
Total net bbox length = 2.813e+04 (1.220e+04 1.593e+04) (ext = 2.125e+03)
Runtime: CPU: 0:00:00.0 REAL: 0:00:00.0 MEM: 1283.0MB
*** Finished refinePlace (0:18:22 mem=1283.0M) ***
  ClockRefiner summary
  All clock instances: Moved 0, flipped 0 and cell swapped 0 (out of a total of 282).
  Leaving CCOpt scope - ClockRefiner done. (took cpu=0:00:00.1 real=0:00:00.1)
  Stage::Updating netlist done. (took cpu=0:00:00.1 real=0:00:00.1)
  CCOpt::Phase::Implementation done. (took cpu=0:00:05.5 real=0:00:05.5)
  CCOpt::Phase::eGRPC...
  eGR Post Conditioning loop iteration 0...
    Clock implementation routing...
      Leaving CCOpt scope - Routing Tools...
Net route status summary:
  Clock:        28 (unrouted=28, trialRouted=0, noStatus=0, routed=0, fixed=0, [crossesIlmBoundary=0, tooFewTerms=0, (crossesIlmBoundary AND tooFewTerms=0)])
  Non-clock:  3988 (unrouted=80, trialRouted=3908, noStatus=0, routed=0, fixed=0, [crossesIlmBoundary=0, tooFewTerms=78, (crossesIlmBoundary AND tooFewTerms=0)])
      Routing using eGR only...
        Early Global Route - eGR only step...
(ccopt eGR): There are 28 nets for routing of which 28 have one or more fixed wires.
(ccopt eGR): Start to route 28 all nets
[NR-eGR] Track table information for default rule: 
[NR-eGR] metal1 has no routable track
[NR-eGR] metal2 has single uniform track structure
[NR-eGR] metal3 has single uniform track structure
[NR-eGR] metal4 has single uniform track structure
[NR-eGR] metal5 has single uniform track structure
[NR-eGR] metal6 has single uniform track structure
[NR-eGR] metal7 has single uniform track structure
[NR-eGR] metal8 has single uniform track structure
[NR-eGR] metal9 has single uniform track structure
[NR-eGR] metal10 has single uniform track structure
[NR-eGR] Read 478 PG shapes
[NR-eGR] #Routing Blockages  : 0
[NR-eGR] #Instance Blockages : 0
[NR-eGR] #PG Blockages       : 478
[NR-eGR] #Halo Blockages     : 0
[NR-eGR] #Boundary Blockages : 0
[NR-eGR] Num Prerouted Nets = 0  Num Prerouted Wires = 0
[NR-eGR] Read numTotalNets=3938  numIgnoredNets=3910
[NR-eGR] Connected 0 must-join pins/ports
[NR-eGR] There are 28 clock nets ( 28 with NDR ).
[NR-eGR] ============ Routing rule table ============
[NR-eGR] Rule id: 0  Nets: 28 
[NR-eGR] Rule id: 1  Nets: 0 
[NR-eGR] ========================================
[NR-eGR] 
[NR-eGR] Layer group 1: route 28 net(s) in layer range [3, 4]
[NR-eGR] Early Global Route overflow of layer group 1: 0.00% H + 0.00% V. EstWL: 1.005200e+03um
[NR-eGR] Create a new net group with 1 nets and layer range [3, 6]
[NR-eGR] Layer group 2: route 1 net(s) in layer range [3, 6]
[NR-eGR] Early Global Route overflow of layer group 2: 0.00% H + 0.00% V. EstWL: 1.003800e+03um
[NR-eGR] Create a new net group with 1 nets and layer range [3, 8]
[NR-eGR] Layer group 3: route 1 net(s) in layer range [3, 8]
[NR-eGR] Early Global Route overflow of layer group 3: 0.00% H + 0.00% V. EstWL: 1.003800e+03um
[NR-eGR] Create a new net group with 1 nets and layer range [3, 10]
[NR-eGR] Layer group 4: route 1 net(s) in layer range [3, 10]
[NR-eGR] Early Global Route overflow of layer group 4: 0.00% H + 0.00% V. EstWL: 1.003800e+03um
[NR-eGR] Congestion Analysis By layer: (blocked Gcells are excluded) 
[NR-eGR]                        OverCon            
[NR-eGR]                         #Gcell     %Gcell
[NR-eGR]       Layer                (0)    OverCon 
[NR-eGR] ----------------------------------------------
[NR-eGR]  metal1  (1)         0( 0.00%)   ( 0.00%) 
[NR-eGR]  metal2  (2)         0( 0.00%)   ( 0.00%) 
[NR-eGR]  metal3  (3)         0( 0.00%)   ( 0.00%) 
[NR-eGR]  metal4  (4)         0( 0.00%)   ( 0.00%) 
[NR-eGR]  metal5  (5)         0( 0.00%)   ( 0.00%) 
[NR-eGR]  metal6  (6)         0( 0.00%)   ( 0.00%) 
[NR-eGR]  metal7  (7)         0( 0.00%)   ( 0.00%) 
[NR-eGR]  metal8  (8)         0( 0.00%)   ( 0.00%) 
[NR-eGR]  metal9  (9)         0( 0.00%)   ( 0.00%) 
[NR-eGR] metal10 (10)         0( 0.00%)   ( 0.00%) 
[NR-eGR] ----------------------------------------------
[NR-eGR] Total                0( 0.00%)   ( 0.00%) 
[NR-eGR] 
[NR-eGR] Overflow after Early Global Route (GR compatible) 0.00% H + 0.00% V
[NR-eGR] Overflow after Early Global Route 0.00% H + 0.00% V
[NR-eGR] Started Export DB wires ( Curr Mem: 1283.04 MB )
[NR-eGR] Started Export all nets ( Curr Mem: 1283.04 MB )
[NR-eGR] Finished Export all nets ( CPU: 0.00 sec, Real: 0.00 sec, Curr Mem: 1283.04 MB )
[NR-eGR] Started Set wire vias ( Curr Mem: 1283.04 MB )
[NR-eGR] Finished Set wire vias ( CPU: 0.00 sec, Real: 0.00 sec, Curr Mem: 1283.04 MB )
[NR-eGR] Finished Export DB wires ( CPU: 0.00 sec, Real: 0.00 sec, Curr Mem: 1283.04 MB )
[NR-eGR] --------------------------------------------------------------------------
[NR-eGR] metal1  (1F) length: 0.000000e+00um, number of vias: 12337
[NR-eGR] metal2  (2V) length: 9.576015e+03um, number of vias: 14969
[NR-eGR] metal3  (3H) length: 1.342857e+04um, number of vias: 5126
[NR-eGR] metal4  (4V) length: 7.776350e+03um, number of vias: 408
[NR-eGR] metal5  (5H) length: 7.145100e+02um, number of vias: 372
[NR-eGR] metal6  (6V) length: 1.681640e+03um, number of vias: 12
[NR-eGR] metal7  (7H) length: 5.795000e+00um, number of vias: 7
[NR-eGR] metal8  (8V) length: 1.222000e+01um, number of vias: 3
[NR-eGR] metal9  (9H) length: 6.025000e+00um, number of vias: 2
[NR-eGR] metal10 (10V) length: 2.040000e+00um, number of vias: 0
[NR-eGR] Total length: 3.320317e+04um, number of vias: 33236
[NR-eGR] --------------------------------------------------------------------------
[NR-eGR] Total eGR-routed clock nets wire length: 1.061115e+03um 
[NR-eGR] --------------------------------------------------------------------------
[NR-eGR] Report for selected net(s) only.
[NR-eGR] metal1  (1H) length: 0.000000e+00um, number of vias: 309
[NR-eGR] metal2  (2V) length: 2.798150e+02um, number of vias: 363
[NR-eGR] metal3  (3H) length: 3.896750e+02um, number of vias: 129
[NR-eGR] metal4  (4V) length: 3.245200e+02um, number of vias: 9
[NR-eGR] metal5  (5H) length: 6.710500e+01um, number of vias: 0
[NR-eGR] metal6  (6V) length: 0.000000e+00um, number of vias: 0
[NR-eGR] metal7  (7H) length: 0.000000e+00um, number of vias: 0
[NR-eGR] metal8  (8V) length: 0.000000e+00um, number of vias: 0
[NR-eGR] metal9  (9H) length: 0.000000e+00um, number of vias: 0
[NR-eGR] metal10 (10V) length: 0.000000e+00um, number of vias: 0
[NR-eGR] Total length: 1.061115e+03um, number of vias: 810
[NR-eGR] --------------------------------------------------------------------------
[NR-eGR] Total routed clock nets wire length: 1.061115e+03um, number of vias: 810
[NR-eGR] --------------------------------------------------------------------------
[NR-eGR] Finished Early Global Route kernel ( CPU: 0.16 sec, Real: 0.16 sec, Curr Mem: 1242.04 MB )
        Early Global Route - eGR only step done. (took cpu=0:00:00.2 real=0:00:00.2)
Set FIXED routing status on 28 net(s)
      Routing using eGR only done.
Net route status summary:
  Clock:        28 (unrouted=0, trialRouted=0, noStatus=0, routed=0, fixed=28, [crossesIlmBoundary=0, tooFewTerms=0, (crossesIlmBoundary AND tooFewTerms=0)])
  Non-clock:  3988 (unrouted=80, trialRouted=3908, noStatus=0, routed=0, fixed=0, [crossesIlmBoundary=0, tooFewTerms=78, (crossesIlmBoundary AND tooFewTerms=0)])

CCOPT: Done with clock implementation routing.

      Leaving CCOpt scope - Routing Tools done. (took cpu=0:00:00.3 real=0:00:00.3)
    Clock implementation routing done.
    Leaving CCOpt scope - extractRC...
    Updating RC parasitics by calling: "extractRC -noRouteCheck"...
Extraction called for design 'myfir' of instances=3150 and nets=4016 using extraction engine 'preRoute' .
PreRoute RC Extraction called for design myfir.
RC Extraction called in multi-corner(1) mode.
RCMode: PreRoute
      RC Corner Indexes            0   
Capacitance Scaling Factor   : 1.00000 
Resistance Scaling Factor    : 1.00000 
Clock Cap. Scaling Factor    : 1.00000 
Clock Res. Scaling Factor    : 1.00000 
Shrink Factor                : 1.00000
PreRoute extraction is honoring NDR/Shielding/ExtraSpace for clock nets.
Using capacitance table file ...
Updating RC grid for preRoute extraction ...
Initializing multi-corner capacitance tables ... 
Initializing multi-corner resistance tables ...
PreRoute RC Extraction DONE (CPU Time: 0:00:00.3  Real Time: 0:00:00.0  MEM: 1242.039M)
    Updating RC parasitics by calling: "extractRC -noRouteCheck" done.
    Leaving CCOpt scope - extractRC done. (took cpu=0:00:00.3 real=0:00:00.3)
    Calling post conditioning for eGRPC...
      eGRPC...
        eGRPC active optimizations:
         - Move Down
         - Downsizing before DRV sizing
         - DRV fixing with cell sizing
         - Move to fanout
         - Cloning
        
        Currently running CTS, using active skew data
        Reset bufferability constraints...
        Resetting previous bufferability status on all nets so that eGRPC will attempt to fix all clock tree violations.
        Clock tree timing engine global stage delay update for my_delay:both.late...
        Clock tree timing engine global stage delay update for my_delay:both.late done. (took cpu=0:00:00.1 real=0:00:00.1)
        Reset bufferability constraints done. (took cpu=0:00:00.1 real=0:00:00.1)
        Clock DAG stats eGRPC initial state:
          cell counts      : b=4, i=0, icg=23, nicg=0, l=0, total=27
          cell areas       : b=3.990um^2, i=0.000um^2, icg=91.770um^2, nicg=0.000um^2, l=0.000um^2, total=95.760um^2
          cell capacitance : b=4.998fF, i=0.000fF, icg=41.681fF, nicg=0.000fF, l=0.000fF, total=46.678fF
          sink capacitance : count=255, total=249.034fF, avg=0.977fF, sd=0.000fF, min=0.977fF, max=0.977fF
          wire capacitance : top=0.000fF, trunk=40.077fF, leaf=69.320fF, total=109.398fF
          wire lengths     : top=0.000um, trunk=410.380um, leaf=650.735um, total=1061.115um
          hp wire lengths  : top=0.000um, trunk=285.910um, leaf=468.290um, total=754.200um
        Clock DAG net violations eGRPC initial state: none
        Clock DAG primary half-corner transition distribution eGRPC initial state:
          Trunk : target=0.080ns count=4 avg=0.024ns sd=0.015ns min=0.002ns max=0.036ns {4 <= 0.048ns, 0 <= 0.064ns, 0 <= 0.072ns, 0 <= 0.076ns, 0 <= 0.080ns}
          Leaf  : target=0.080ns count=24 avg=0.031ns sd=0.004ns min=0.011ns max=0.035ns {24 <= 0.048ns, 0 <= 0.064ns, 0 <= 0.072ns, 0 <= 0.076ns, 0 <= 0.080ns}
        Clock DAG library cell distribution eGRPC initial state {count}:
           Bufs: CLKBUF_X2: 3 CLKBUF_X1: 1 
           ICGs: CLKGATETST_X1: 23 
        Primary reporting skew groups eGRPC initial state:
          skew_group MY_CLK: insertion delay [min=0.090, max=0.126, avg=0.115, sd=0.006], skew [0.036 vs 0.500], 100% {0.090, 0.126} (wid=0.005 ws=0.004) (gid=0.121 gs=0.032)
        Skew group summary eGRPC initial state:
          skew_group MY_CLK: insertion delay [min=0.090, max=0.126, avg=0.115, sd=0.006], skew [0.036 vs 0.500], 100% {0.090, 0.126} (wid=0.005 ws=0.004) (gid=0.121 gs=0.032)
        eGRPC Moving buffers...
          Violation analysis...
          Violation analysis done. (took cpu=0:00:00.0 real=0:00:00.0)
          Clock DAG stats after 'eGRPC Moving buffers':
            cell counts      : b=4, i=0, icg=23, nicg=0, l=0, total=27
            cell areas       : b=3.990um^2, i=0.000um^2, icg=91.770um^2, nicg=0.000um^2, l=0.000um^2, total=95.760um^2
            cell capacitance : b=4.998fF, i=0.000fF, icg=41.681fF, nicg=0.000fF, l=0.000fF, total=46.678fF
            sink capacitance : count=255, total=249.034fF, avg=0.977fF, sd=0.000fF, min=0.977fF, max=0.977fF
            wire capacitance : top=0.000fF, trunk=40.077fF, leaf=69.320fF, total=109.398fF
            wire lengths     : top=0.000um, trunk=410.380um, leaf=650.735um, total=1061.115um
            hp wire lengths  : top=0.000um, trunk=285.910um, leaf=468.290um, total=754.200um
          Clock DAG net violations after 'eGRPC Moving buffers': none
          Clock DAG primary half-corner transition distribution after 'eGRPC Moving buffers':
            Trunk : target=0.080ns count=4 avg=0.024ns sd=0.015ns min=0.002ns max=0.036ns {4 <= 0.048ns, 0 <= 0.064ns, 0 <= 0.072ns, 0 <= 0.076ns, 0 <= 0.080ns}
            Leaf  : target=0.080ns count=24 avg=0.031ns sd=0.004ns min=0.011ns max=0.035ns {24 <= 0.048ns, 0 <= 0.064ns, 0 <= 0.072ns, 0 <= 0.076ns, 0 <= 0.080ns}
          Clock DAG library cell distribution after 'eGRPC Moving buffers' {count}:
             Bufs: CLKBUF_X2: 3 CLKBUF_X1: 1 
             ICGs: CLKGATETST_X1: 23 
          Primary reporting skew groups after 'eGRPC Moving buffers':
            skew_group MY_CLK: insertion delay [min=0.090, max=0.126, avg=0.115, sd=0.006], skew [0.036 vs 0.500], 100% {0.090, 0.126} (wid=0.005 ws=0.004) (gid=0.121 gs=0.032)
          Skew group summary after 'eGRPC Moving buffers':
            skew_group MY_CLK: insertion delay [min=0.090, max=0.126, avg=0.115, sd=0.006], skew [0.036 vs 0.500], 100% {0.090, 0.126} (wid=0.005 ws=0.004) (gid=0.121 gs=0.032)
          Legalizer API calls during this step: 0 succeeded with high effort: 0 succeeded with medium effort: 0 succeeded with low effort: 0 succeeded with basic effort: 0 succeeded with basic unbounded effort: 0
        eGRPC Moving buffers done. (took cpu=0:00:00.1 real=0:00:00.1)
        eGRPC Initial Pass of Downsizing Clock Tree cells...
          Artificially removing long paths...
            Legalizer API calls during this step: 0 succeeded with high effort: 0 succeeded with medium effort: 0 succeeded with low effort: 0 succeeded with basic effort: 0 succeeded with basic unbounded effort: 0
          Artificially removing long paths done. (took cpu=0:00:00.0 real=0:00:00.0)
          Modifying slew-target multiplier from 1 to 0.9
          Downsizing prefiltering...
          Downsizing prefiltering done.
          Downsizing: ...20% ...40% ...60% ...80% ...100% 
          DoDownSizing Summary : numSized = 0, numUnchanged = 19, numSkippedDueToOther = 0, numSkippedDueToCloseToSlewTarget = 0, numSkippedDueToCloseToSkewTarget = 9
          CCOpt-eGRPC Downsizing: considered: 19, tested: 0, violation detected: 0, violation ignored (due to small violation): 0, cannot run: 0, attempted: 19, unsuccessful: 0, sized: 0
          Reverting slew-target multiplier from 0.9 to 1
          Clock DAG stats after 'eGRPC Initial Pass of Downsizing Clock Tree cells':
            cell counts      : b=4, i=0, icg=23, nicg=0, l=0, total=27
            cell areas       : b=3.990um^2, i=0.000um^2, icg=91.770um^2, nicg=0.000um^2, l=0.000um^2, total=95.760um^2
            cell capacitance : b=4.998fF, i=0.000fF, icg=41.681fF, nicg=0.000fF, l=0.000fF, total=46.678fF
            sink capacitance : count=255, total=249.034fF, avg=0.977fF, sd=0.000fF, min=0.977fF, max=0.977fF
            wire capacitance : top=0.000fF, trunk=40.077fF, leaf=69.320fF, total=109.398fF
            wire lengths     : top=0.000um, trunk=410.380um, leaf=650.735um, total=1061.115um
            hp wire lengths  : top=0.000um, trunk=285.910um, leaf=468.290um, total=754.200um
          Clock DAG net violations after 'eGRPC Initial Pass of Downsizing Clock Tree cells': none
          Clock DAG primary half-corner transition distribution after 'eGRPC Initial Pass of Downsizing Clock Tree cells':
            Trunk : target=0.080ns count=4 avg=0.024ns sd=0.015ns min=0.002ns max=0.036ns {4 <= 0.048ns, 0 <= 0.064ns, 0 <= 0.072ns, 0 <= 0.076ns, 0 <= 0.080ns}
            Leaf  : target=0.080ns count=24 avg=0.031ns sd=0.004ns min=0.011ns max=0.035ns {24 <= 0.048ns, 0 <= 0.064ns, 0 <= 0.072ns, 0 <= 0.076ns, 0 <= 0.080ns}
          Clock DAG library cell distribution after 'eGRPC Initial Pass of Downsizing Clock Tree cells' {count}:
             Bufs: CLKBUF_X2: 3 CLKBUF_X1: 1 
             ICGs: CLKGATETST_X1: 23 
          Primary reporting skew groups after 'eGRPC Initial Pass of Downsizing Clock Tree cells':
            skew_group MY_CLK: insertion delay [min=0.090, max=0.126, avg=0.115, sd=0.006], skew [0.036 vs 0.500], 100% {0.090, 0.126} (wid=0.005 ws=0.004) (gid=0.121 gs=0.032)
          Skew group summary after 'eGRPC Initial Pass of Downsizing Clock Tree cells':
            skew_group MY_CLK: insertion delay [min=0.090, max=0.126, avg=0.115, sd=0.006], skew [0.036 vs 0.500], 100% {0.090, 0.126} (wid=0.005 ws=0.004) (gid=0.121 gs=0.032)
          Legalizer API calls during this step: 21 succeeded with high effort: 21 succeeded with medium effort: 0 succeeded with low effort: 0 succeeded with basic effort: 0 succeeded with basic unbounded effort: 0
        eGRPC Initial Pass of Downsizing Clock Tree cells done. (took cpu=0:00:00.2 real=0:00:00.2)
        eGRPC Fixing DRVs...
          Fixing clock tree DRVs: ...20% ...40% ...60% ...80% ...100% 
          CCOpt-eGRPC: considered: 28, tested: 28, violation detected: 0, violation ignored (due to small violation): 0, cannot run: 0, attempted: 0, unsuccessful: 0, sized: 0
          
          PRO Statistics: Fix DRVs (cell sizing):
          =======================================
          
          Cell changes by Net Type:
          
          -------------------------------------------------------------------------------------------------
          Net Type    Attempted    Upsized     Downsized    Swapped Same Size    Total Changed    Not Sized
          -------------------------------------------------------------------------------------------------
          top                0            0           0            0                    0                0
          trunk              0            0           0            0                    0                0
          leaf               0            0           0            0                    0                0
          -------------------------------------------------------------------------------------------------
          Total              0            0           0            0                    0                0
          -------------------------------------------------------------------------------------------------
          
          Upsized: 0, Downsized: 0, Sized but same area: 0, Unchanged: 0, Area change: 0.000um^2 (0.000%)
          Max. move: 0.000um, Min. move: 0.000um, Avg. move: N/A
          
          Clock DAG stats after 'eGRPC Fixing DRVs':
            cell counts      : b=4, i=0, icg=23, nicg=0, l=0, total=27
            cell areas       : b=3.990um^2, i=0.000um^2, icg=91.770um^2, nicg=0.000um^2, l=0.000um^2, total=95.760um^2
            cell capacitance : b=4.998fF, i=0.000fF, icg=41.681fF, nicg=0.000fF, l=0.000fF, total=46.678fF
            sink capacitance : count=255, total=249.034fF, avg=0.977fF, sd=0.000fF, min=0.977fF, max=0.977fF
            wire capacitance : top=0.000fF, trunk=40.077fF, leaf=69.320fF, total=109.398fF
            wire lengths     : top=0.000um, trunk=410.380um, leaf=650.735um, total=1061.115um
            hp wire lengths  : top=0.000um, trunk=285.910um, leaf=468.290um, total=754.200um
          Clock DAG net violations after 'eGRPC Fixing DRVs': none
          Clock DAG primary half-corner transition distribution after 'eGRPC Fixing DRVs':
            Trunk : target=0.080ns count=4 avg=0.024ns sd=0.015ns min=0.002ns max=0.036ns {4 <= 0.048ns, 0 <= 0.064ns, 0 <= 0.072ns, 0 <= 0.076ns, 0 <= 0.080ns}
            Leaf  : target=0.080ns count=24 avg=0.031ns sd=0.004ns min=0.011ns max=0.035ns {24 <= 0.048ns, 0 <= 0.064ns, 0 <= 0.072ns, 0 <= 0.076ns, 0 <= 0.080ns}
          Clock DAG library cell distribution after 'eGRPC Fixing DRVs' {count}:
             Bufs: CLKBUF_X2: 3 CLKBUF_X1: 1 
             ICGs: CLKGATETST_X1: 23 
          Primary reporting skew groups after 'eGRPC Fixing DRVs':
            skew_group MY_CLK: insertion delay [min=0.090, max=0.126, avg=0.115, sd=0.006], skew [0.036 vs 0.500], 100% {0.090, 0.126} (wid=0.005 ws=0.004) (gid=0.121 gs=0.032)
          Skew group summary after 'eGRPC Fixing DRVs':
            skew_group MY_CLK: insertion delay [min=0.090, max=0.126, avg=0.115, sd=0.006], skew [0.036 vs 0.500], 100% {0.090, 0.126} (wid=0.005 ws=0.004) (gid=0.121 gs=0.032)
          Legalizer API calls during this step: 0 succeeded with high effort: 0 succeeded with medium effort: 0 succeeded with low effort: 0 succeeded with basic effort: 0 succeeded with basic unbounded effort: 0
        eGRPC Fixing DRVs done. (took cpu=0:00:00.0 real=0:00:00.0)
        Reconnecting optimized routes...
        Reset timing graph...
Ignoring AAE DB Resetting ...
        Reset timing graph done.
        Reconnecting optimized routes done. (took cpu=0:00:00.0 real=0:00:00.0)
        Violation analysis...
        Violation analysis done. (took cpu=0:00:00.0 real=0:00:00.0)
        Reset timing graph...
Ignoring AAE DB Resetting ...
        Reset timing graph done.
        Set dirty flag on 0 instances, 0 nets
        Clock DAG stats before routing clock trees:
          cell counts      : b=4, i=0, icg=23, nicg=0, l=0, total=27
          cell areas       : b=3.990um^2, i=0.000um^2, icg=91.770um^2, nicg=0.000um^2, l=0.000um^2, total=95.760um^2
          cell capacitance : b=4.998fF, i=0.000fF, icg=41.681fF, nicg=0.000fF, l=0.000fF, total=46.678fF
          sink capacitance : count=255, total=249.034fF, avg=0.977fF, sd=0.000fF, min=0.977fF, max=0.977fF
          wire capacitance : top=0.000fF, trunk=40.077fF, leaf=69.320fF, total=109.398fF
          wire lengths     : top=0.000um, trunk=410.380um, leaf=650.735um, total=1061.115um
          hp wire lengths  : top=0.000um, trunk=285.910um, leaf=468.290um, total=754.200um
        Clock DAG net violations before routing clock trees: none
        Clock DAG primary half-corner transition distribution before routing clock trees:
          Trunk : target=0.080ns count=4 avg=0.024ns sd=0.015ns min=0.002ns max=0.036ns {4 <= 0.048ns, 0 <= 0.064ns, 0 <= 0.072ns, 0 <= 0.076ns, 0 <= 0.080ns}
          Leaf  : target=0.080ns count=24 avg=0.031ns sd=0.004ns min=0.011ns max=0.035ns {24 <= 0.048ns, 0 <= 0.064ns, 0 <= 0.072ns, 0 <= 0.076ns, 0 <= 0.080ns}
        Clock DAG library cell distribution before routing clock trees {count}:
           Bufs: CLKBUF_X2: 3 CLKBUF_X1: 1 
           ICGs: CLKGATETST_X1: 23 
        Primary reporting skew groups before routing clock trees:
          skew_group MY_CLK: insertion delay [min=0.090, max=0.126, avg=0.115, sd=0.006], skew [0.036 vs 0.500], 100% {0.090, 0.126} (wid=0.005 ws=0.004) (gid=0.121 gs=0.032)
        Skew group summary before routing clock trees:
          skew_group MY_CLK: insertion delay [min=0.090, max=0.126, avg=0.115, sd=0.006], skew [0.036 vs 0.500], 100% {0.090, 0.126} (wid=0.005 ws=0.004) (gid=0.121 gs=0.032)
      eGRPC done.
    Calling post conditioning for eGRPC done.
  eGR Post Conditioning loop iteration 0 done.
  Refine place not called during Post Conditioning. Calling it now the eGR->PC Loop is complete.
  Leaving CCOpt scope - ClockRefiner...
  Performing Single Pass Refine Place.
*** Starting refinePlace (0:18:23 mem=1280.3M) ***
Total net bbox length = 2.813e+04 (1.220e+04 1.593e+04) (ext = 2.125e+03)
Move report: Detail placement moves 52 insts, mean move: 1.57 um, max move: 4.39 um
	Max move on inst (mul9_mult_28_U317): (91.58, 16.24) --> (91.39, 12.04)
	Runtime: CPU: 0:00:00.1 REAL: 0:00:00.0 MEM: 1280.3MB
Summary Report:
Instances move: 52 (out of 3150 movable)
Instances flipped: 0
Mean displacement: 1.57 um
Max displacement: 4.39 um (Instance: mul9_mult_28_U317) (91.58, 16.24) -> (91.39, 12.04)
	Length: 2 sites, height: 1 rows, site name: FreePDK45_38x28_10R_NP_162NW_34O, cell type: INV_X1
	Violation at original loc: Placement Blockage Violation
Total net bbox length = 2.822e+04 (1.226e+04 1.596e+04) (ext = 2.125e+03)
Runtime: CPU: 0:00:00.1 REAL: 0:00:00.0 MEM: 1280.3MB
*** Finished refinePlace (0:18:23 mem=1280.3M) ***
  ClockRefiner summary
  All clock instances: Moved 0, flipped 0 and cell swapped 0 (out of a total of 282).
  Leaving CCOpt scope - ClockRefiner done. (took cpu=0:00:00.2 real=0:00:00.2)
  CCOpt::Phase::eGRPC done. (took cpu=0:00:01.3 real=0:00:01.3)
  CCOpt::Phase::Routing...
  Clock implementation routing...
    Leaving CCOpt scope - Routing Tools...
Net route status summary:
  Clock:        28 (unrouted=0, trialRouted=0, noStatus=0, routed=0, fixed=28, [crossesIlmBoundary=0, tooFewTerms=0, (crossesIlmBoundary AND tooFewTerms=0)])
  Non-clock:  3988 (unrouted=80, trialRouted=3908, noStatus=0, routed=0, fixed=0, [crossesIlmBoundary=0, tooFewTerms=78, (crossesIlmBoundary AND tooFewTerms=0)])
    Routing using eGR in eGR->NR Step...
      Early Global Route - eGR->NR step...
(ccopt eGR): There are 28 nets for routing of which 28 have one or more fixed wires.
(ccopt eGR): Start to route 28 all nets
[NR-eGR] Track table information for default rule: 
[NR-eGR] metal1 has no routable track
[NR-eGR] metal2 has single uniform track structure
[NR-eGR] metal3 has single uniform track structure
[NR-eGR] metal4 has single uniform track structure
[NR-eGR] metal5 has single uniform track structure
[NR-eGR] metal6 has single uniform track structure
[NR-eGR] metal7 has single uniform track structure
[NR-eGR] metal8 has single uniform track structure
[NR-eGR] metal9 has single uniform track structure
[NR-eGR] metal10 has single uniform track structure
[NR-eGR] Read 478 PG shapes
[NR-eGR] #Routing Blockages  : 0
[NR-eGR] #Instance Blockages : 0
[NR-eGR] #PG Blockages       : 478
[NR-eGR] #Halo Blockages     : 0
[NR-eGR] #Boundary Blockages : 0
[NR-eGR] Num Prerouted Nets = 0  Num Prerouted Wires = 0
[NR-eGR] Read numTotalNets=3938  numIgnoredNets=3910
[NR-eGR] Connected 0 must-join pins/ports
[NR-eGR] There are 28 clock nets ( 28 with NDR ).
[NR-eGR] ============ Routing rule table ============
[NR-eGR] Rule id: 0  Nets: 28 
[NR-eGR] Rule id: 1  Nets: 0 
[NR-eGR] ========================================
[NR-eGR] 
[NR-eGR] Layer group 1: route 28 net(s) in layer range [3, 4]
[NR-eGR] Early Global Route overflow of layer group 1: 0.00% H + 0.00% V. EstWL: 1.005200e+03um
[NR-eGR] Create a new net group with 1 nets and layer range [3, 6]
[NR-eGR] Layer group 2: route 1 net(s) in layer range [3, 6]
[NR-eGR] Early Global Route overflow of layer group 2: 0.00% H + 0.00% V. EstWL: 1.003800e+03um
[NR-eGR] Create a new net group with 1 nets and layer range [3, 8]
[NR-eGR] Layer group 3: route 1 net(s) in layer range [3, 8]
[NR-eGR] Early Global Route overflow of layer group 3: 0.00% H + 0.00% V. EstWL: 1.003800e+03um
[NR-eGR] Create a new net group with 1 nets and layer range [3, 10]
[NR-eGR] Layer group 4: route 1 net(s) in layer range [3, 10]
[NR-eGR] Early Global Route overflow of layer group 4: 0.00% H + 0.00% V. EstWL: 1.003800e+03um
[NR-eGR] Congestion Analysis By layer: (blocked Gcells are excluded) 
[NR-eGR]                        OverCon            
[NR-eGR]                         #Gcell     %Gcell
[NR-eGR]       Layer                (0)    OverCon 
[NR-eGR] ----------------------------------------------
[NR-eGR]  metal1  (1)         0( 0.00%)   ( 0.00%) 
[NR-eGR]  metal2  (2)         0( 0.00%)   ( 0.00%) 
[NR-eGR]  metal3  (3)         0( 0.00%)   ( 0.00%) 
[NR-eGR]  metal4  (4)         0( 0.00%)   ( 0.00%) 
[NR-eGR]  metal5  (5)         0( 0.00%)   ( 0.00%) 
[NR-eGR]  metal6  (6)         0( 0.00%)   ( 0.00%) 
[NR-eGR]  metal7  (7)         0( 0.00%)   ( 0.00%) 
[NR-eGR]  metal8  (8)         0( 0.00%)   ( 0.00%) 
[NR-eGR]  metal9  (9)         0( 0.00%)   ( 0.00%) 
[NR-eGR] metal10 (10)         0( 0.00%)   ( 0.00%) 
[NR-eGR] ----------------------------------------------
[NR-eGR] Total                0( 0.00%)   ( 0.00%) 
[NR-eGR] 
[NR-eGR] Overflow after Early Global Route (GR compatible) 0.00% H + 0.00% V
[NR-eGR] Overflow after Early Global Route 0.00% H + 0.00% V
[NR-eGR] Started Export DB wires ( Curr Mem: 1280.27 MB )
[NR-eGR] Started Export route guide file ( Curr Mem: 1280.27 MB )
[NR-eGR] Finished Export route guide file ( CPU: 0.02 sec, Real: 0.02 sec, Curr Mem: 1280.27 MB )
[NR-eGR] Started Export all nets ( Curr Mem: 1280.27 MB )
[NR-eGR] Finished Export all nets ( CPU: 0.00 sec, Real: 0.00 sec, Curr Mem: 1280.27 MB )
[NR-eGR] Started Set wire vias ( Curr Mem: 1280.27 MB )
[NR-eGR] Finished Set wire vias ( CPU: 0.00 sec, Real: 0.00 sec, Curr Mem: 1280.27 MB )
[NR-eGR] Finished Export DB wires ( CPU: 0.02 sec, Real: 0.02 sec, Curr Mem: 1280.27 MB )
[NR-eGR] --------------------------------------------------------------------------
[NR-eGR] metal1  (1F) length: 0.000000e+00um, number of vias: 12337
[NR-eGR] metal2  (2V) length: 9.576015e+03um, number of vias: 14969
[NR-eGR] metal3  (3H) length: 1.342857e+04um, number of vias: 5126
[NR-eGR] metal4  (4V) length: 7.776350e+03um, number of vias: 408
[NR-eGR] metal5  (5H) length: 7.145100e+02um, number of vias: 372
[NR-eGR] metal6  (6V) length: 1.681640e+03um, number of vias: 12
[NR-eGR] metal7  (7H) length: 5.795000e+00um, number of vias: 7
[NR-eGR] metal8  (8V) length: 1.222000e+01um, number of vias: 3
[NR-eGR] metal9  (9H) length: 6.025000e+00um, number of vias: 2
[NR-eGR] metal10 (10V) length: 2.040000e+00um, number of vias: 0
[NR-eGR] Total length: 3.320317e+04um, number of vias: 33236
[NR-eGR] --------------------------------------------------------------------------
[NR-eGR] Total eGR-routed clock nets wire length: 1.061115e+03um 
[NR-eGR] --------------------------------------------------------------------------
[NR-eGR] Report for selected net(s) only.
[NR-eGR] metal1  (1H) length: 0.000000e+00um, number of vias: 309
[NR-eGR] metal2  (2V) length: 2.798150e+02um, number of vias: 363
[NR-eGR] metal3  (3H) length: 3.896750e+02um, number of vias: 129
[NR-eGR] metal4  (4V) length: 3.245200e+02um, number of vias: 9
[NR-eGR] metal5  (5H) length: 6.710500e+01um, number of vias: 0
[NR-eGR] metal6  (6V) length: 0.000000e+00um, number of vias: 0
[NR-eGR] metal7  (7H) length: 0.000000e+00um, number of vias: 0
[NR-eGR] metal8  (8V) length: 0.000000e+00um, number of vias: 0
[NR-eGR] metal9  (9H) length: 0.000000e+00um, number of vias: 0
[NR-eGR] metal10 (10V) length: 0.000000e+00um, number of vias: 0
[NR-eGR] Total length: 1.061115e+03um, number of vias: 810
[NR-eGR] --------------------------------------------------------------------------
[NR-eGR] Total routed clock nets wire length: 1.061115e+03um, number of vias: 810
[NR-eGR] --------------------------------------------------------------------------
[NR-eGR] Finished Early Global Route kernel ( CPU: 0.17 sec, Real: 0.17 sec, Curr Mem: 1242.27 MB )
Generated NR early global route guides for clocks to: /tmp/innovus_temp_2181_isaserver_isa30_2025_2026_VLOzYY/.rgfeQVc7W
      Early Global Route - eGR->NR step done. (took cpu=0:00:00.3 real=0:00:00.3)
    Routing using eGR in eGR->NR Step done.
    Routing using NR in eGR->NR Step...

CCOPT: Preparing to route 28 clock nets with NanoRoute.
  All net are default rule.
  Removed pre-existing routes for 28 nets.
  Preferred NanoRoute mode settings: Current
-droutePostRouteSpreadWire auto
**WARN: (IMPTCM-77):	Option "-routeExpDeterministicMultiThread" for command setNanoRouteMode is obsolete and will be removed in a future release. The obsolete option still works in this release but to avoid this warning and to ensure compatibility with future releases, remove the obsolete option from your script.
#WARNING (NRIF-47) This option supports a feature that is under development and experimental, use at your own risk.
#WARNING (NRIF-47) This option supports a feature that is under development and experimental, use at your own risk.
      Clock detailed routing...
        NanoRoute...
% Begin globalDetailRoute (date=10/25 23:35:06, mem=989.2M)

globalDetailRoute

#Start globalDetailRoute on Sat Oct 25 23:35:06 2025
#
#WARNING (NRIG-1303) Congestion map does not match the GCELL grid, clearing map.
#num needed restored net=0
#need_extraction net=0 (total=4016)
#NanoRoute Version 20.11-s130_1 NR200802-2257/20_11-UB
#Skip comparing routing design signature in db-snapshot flow
#Start routing data preparation on Sat Oct 25 23:35:07 2025
#
#Minimum voltage of a net in the design = 0.000.
#Maximum voltage of a net in the design = 1.100.
#Voltage range [0.000 - 1.100] has 3991 nets.
#Voltage range [0.000 - 0.000] has 24 nets.
#Voltage range [1.100 - 1.100] has 1 net.
#Initial pin access analysis.
#Detail pin access analysis.
# metal1       H   Track-Pitch = 0.14000    Line-2-Via Pitch = 0.13500
# metal2       V   Track-Pitch = 0.19000    Line-2-Via Pitch = 0.14000
# metal3       H   Track-Pitch = 0.14000    Line-2-Via Pitch = 0.14000
# metal4       V   Track-Pitch = 0.28000    Line-2-Via Pitch = 0.28000
# metal5       H   Track-Pitch = 0.28000    Line-2-Via Pitch = 0.28000
# metal6       V   Track-Pitch = 0.28000    Line-2-Via Pitch = 0.28000
# metal7       H   Track-Pitch = 0.84000    Line-2-Via Pitch = 0.80000
# metal8       V   Track-Pitch = 0.84000    Line-2-Via Pitch = 0.80000
# metal9       H   Track-Pitch = 1.60000    Line-2-Via Pitch = 1.60000
# metal10      V   Track-Pitch = 1.68000    Line-2-Via Pitch = 1.60000
#Monitoring time of adding inner blkg by smac
#cpu time = 00:00:00, elapsed time = 00:00:00, memory = 995.91 (MB), peak = 1106.38 (MB)
#Regenerating Ggrids automatically.
#Auto generating G-grids with size=15 tracks, using layer metal3's pitch = 0.14000.
#Using automatically generated G-grids.
#Done routing data preparation.
#cpu time = 00:00:00, elapsed time = 00:00:00, memory = 996.29 (MB), peak = 1106.38 (MB)
#reading routing guides ......
#
#Finished routing data preparation on Sat Oct 25 23:35:07 2025
#
#Cpu time = 00:00:01
#Elapsed time = 00:00:01
#Increased memory = 5.88 (MB)
#Total memory = 996.39 (MB)
#Peak memory = 1106.38 (MB)
#
#
#Start global routing on Sat Oct 25 23:35:07 2025
#
#
#Start global routing initialization on Sat Oct 25 23:35:07 2025
#
#Number of eco nets is 0
#
#Start global routing data preparation on Sat Oct 25 23:35:07 2025
#
#Start routing resource analysis on Sat Oct 25 23:35:07 2025
#
#Routing resource analysis is done on Sat Oct 25 23:35:07 2025
#
#  Resource Analysis:
#
#               Routing  #Avail      #Track     #Total     %Gcell
#  Layer      Direction   Track     Blocked      Gcell    Blocked
#  --------------------------------------------------------------
#  metal1         H         744          28        2754    67.10%
#  metal2         V         560          38        2754     3.63%
#  metal3         H         772           0        2754     0.00%
#  metal4         V         405           0        2754     0.00%
#  metal5         H         385           0        2754     0.00%
#  metal6         V         405           0        2754     0.00%
#  metal7         H         128           0        2754     0.00%
#  metal8         V         135           0        2754     0.00%
#  metal9         H          52           0        2754     0.04%
#  metal10        V          54           0        2754     0.04%
#  --------------------------------------------------------------
#  Total                   3640       0.99%       27540     7.08%
#
#  28 nets (0.70%) with 1 preferred extra spacing.
#
#
#
#Global routing data preparation is done on Sat Oct 25 23:35:07 2025
#
#cpu time = 00:00:00, elapsed time = 00:00:00, memory = 997.17 (MB), peak = 1106.38 (MB)
#
#Routing guide is on.
#
#Global routing initialization is done on Sat Oct 25 23:35:07 2025
#
#cpu time = 00:00:00, elapsed time = 00:00:00, memory = 997.26 (MB), peak = 1106.38 (MB)
#
#start global routing iteration 1...
#cpu time = 00:00:00, elapsed time = 00:00:00, memory = 998.32 (MB), peak = 1106.38 (MB)
#
#start global routing iteration 2...
#cpu time = 00:00:00, elapsed time = 00:00:00, memory = 998.39 (MB), peak = 1106.38 (MB)
#
#
#Total number of trivial nets (e.g. < 2 pins) = 78 (skipped).
#Total number of selected nets for routing = 28.
#Total number of unselected nets (but routable) for routing = 3910 (skipped).
#Total number of nets in the design = 4016.
#
#3910 skipped nets do not have any wires.
#28 routable nets have only global wires.
#28 global routed or unrouted (routable) nets have been constrained (e.g. have preferred extra spacing, require shielding etc.)
#
#Routed net constraints summary:
#------------------------------------------------
#        Rules   Pref Extra Space   Unconstrained  
#------------------------------------------------
#      Default                 28               0  
#------------------------------------------------
#        Total                 28               0  
#------------------------------------------------
#
#Routing constraints summary of the whole design:
#------------------------------------------------
#        Rules   Pref Extra Space   Unconstrained  
#------------------------------------------------
#      Default                 28            3910  
#------------------------------------------------
#        Total                 28            3910  
#------------------------------------------------
#
#
#  Congestion Analysis: (blocked Gcells are excluded)
#
#                 OverCon          
#                  #Gcell    %Gcell
#     Layer           (1)   OverCon
#  --------------------------------
#  metal1        0(0.00%)   (0.00%)
#  metal2        0(0.00%)   (0.00%)
#  metal3        0(0.00%)   (0.00%)
#  metal4        0(0.00%)   (0.00%)
#  metal5        0(0.00%)   (0.00%)
#  metal6        0(0.00%)   (0.00%)
#  metal7        0(0.00%)   (0.00%)
#  metal8        0(0.00%)   (0.00%)
#  metal9        0(0.00%)   (0.00%)
#  metal10       0(0.00%)   (0.00%)
#  --------------------------------
#     Total      0(0.00%)   (0.00%)
#
#  The worst congested Gcell overcon (routing demand over resource in number of tracks) = 1
#  Overflow after GR: 0.00% H + 0.00% V
#
#Complete Global Routing.
#Total number of nets with non-default rule or having extra spacing = 28
#Total wire length = 1046 um.
#Total half perimeter of net bounding box = 797 um.
#Total wire length on LAYER metal1 = 0 um.
#Total wire length on LAYER metal2 = 231 um.
#Total wire length on LAYER metal3 = 410 um.
#Total wire length on LAYER metal4 = 340 um.
#Total wire length on LAYER metal5 = 65 um.
#Total wire length on LAYER metal6 = 0 um.
#Total wire length on LAYER metal7 = 0 um.
#Total wire length on LAYER metal8 = 0 um.
#Total wire length on LAYER metal9 = 0 um.
#Total wire length on LAYER metal10 = 0 um.
#Total number of vias = 652
#Up-Via Summary (total 652):
#           
#-----------------------
# metal1            309
# metal2            224
# metal3            111
# metal4              8
#-----------------------
#                   652 
#
#Total number of involved priority nets 28
#Maximum src to sink distance for priority net 127.4
#Average of max src_to_sink distance for priority net 27.7
#Average of ave src_to_sink distance for priority net 17.3
#Max overcon = 0 track.
#Total overcon = 0.00%.
#Worst layer Gcell overcon rate = 0.00%.
#
#Global routing statistics:
#Cpu time = 00:00:00
#Elapsed time = 00:00:00
#Increased memory = 2.13 (MB)
#Total memory = 998.54 (MB)
#Peak memory = 1106.38 (MB)
#
#Finished global routing on Sat Oct 25 23:35:07 2025
#
#
#reading routing guides ......
#cpu time = 00:00:00, elapsed time = 00:00:00, memory = 998.04 (MB), peak = 1106.38 (MB)
#Start Track Assignment.
#Done with 137 horizontal wires in 2 hboxes and 180 vertical wires in 2 hboxes.
#Done with 131 horizontal wires in 2 hboxes and 167 vertical wires in 2 hboxes.
#Complete Track Assignment.
#Total number of nets with non-default rule or having extra spacing = 28
#Total wire length = 1105 um.
#Total half perimeter of net bounding box = 797 um.
#Total wire length on LAYER metal1 = 66 um.
#Total wire length on LAYER metal2 = 224 um.
#Total wire length on LAYER metal3 = 396 um.
#Total wire length on LAYER metal4 = 352 um.
#Total wire length on LAYER metal5 = 67 um.
#Total wire length on LAYER metal6 = 0 um.
#Total wire length on LAYER metal7 = 0 um.
#Total wire length on LAYER metal8 = 0 um.
#Total wire length on LAYER metal9 = 0 um.
#Total wire length on LAYER metal10 = 0 um.
#Total number of vias = 652
#Up-Via Summary (total 652):
#           
#-----------------------
# metal1            309
# metal2            224
# metal3            111
# metal4              8
#-----------------------
#                   652 
#
#cpu time = 00:00:00, elapsed time = 00:00:00, memory = 998.35 (MB), peak = 1106.38 (MB)
#
#Routing data preparation, pin analysis, global routing and track assignment statistics:
#Cpu time = 00:00:01
#Elapsed time = 00:00:01
#Increased memory = 7.99 (MB)
#Total memory = 998.36 (MB)
#Peak memory = 1106.38 (MB)
#
#Start Detail Routing..
#start initial detail routing ...
# ECO: 12.5% of the total area was rechecked for DRC, and 63.9% required routing.
#   number of violations = 0
#cpu time = 00:00:02, elapsed time = 00:00:02, memory = 1003.85 (MB), peak = 1106.38 (MB)
#Complete Detail Routing.
#Total number of nets with non-default rule or having extra spacing = 28
#Total wire length = 1086 um.
#Total half perimeter of net bounding box = 797 um.
#Total wire length on LAYER metal1 = 1 um.
#Total wire length on LAYER metal2 = 149 um.
#Total wire length on LAYER metal3 = 445 um.
#Total wire length on LAYER metal4 = 424 um.
#Total wire length on LAYER metal5 = 67 um.
#Total wire length on LAYER metal6 = 0 um.
#Total wire length on LAYER metal7 = 0 um.
#Total wire length on LAYER metal8 = 0 um.
#Total wire length on LAYER metal9 = 0 um.
#Total wire length on LAYER metal10 = 0 um.
#Total number of vias = 762
#Up-Via Summary (total 762):
#           
#-----------------------
# metal1            310
# metal2            269
# metal3            175
# metal4              8
#-----------------------
#                   762 
#
#Total number of DRC violations = 0
#Cpu time = 00:00:02
#Elapsed time = 00:00:02
#Increased memory = 3.38 (MB)
#Total memory = 1001.73 (MB)
#Peak memory = 1106.38 (MB)
#detailRoute Statistics:
#Cpu time = 00:00:02
#Elapsed time = 00:00:02
#Increased memory = 3.38 (MB)
#Total memory = 1001.74 (MB)
#Peak memory = 1106.38 (MB)
#Skip updating routing design signature in db-snapshot flow
#
#globalDetailRoute statistics:
#Cpu time = 00:00:03
#Elapsed time = 00:00:03
#Increased memory = 24.54 (MB)
#Total memory = 1013.76 (MB)
#Peak memory = 1106.38 (MB)
#Number of warnings = 1
#Total number of warnings = 3
#Number of fails = 0
#Total number of fails = 0
#Complete globalDetailRoute on Sat Oct 25 23:35:10 2025
#
% End globalDetailRoute (date=10/25 23:35:10, total cpu=0:00:03.5, real=0:00:04.0, peak res=1013.5M, current mem=1013.5M)
        NanoRoute done. (took cpu=0:00:03.6 real=0:00:03.6)
      Clock detailed routing done.
Checking guided vs. routed lengths for 28 nets...

      
      Guided max path lengths
      =======================
      
      ---------------------------------------
      From (um)    To (um)    Number of paths
      ---------------------------------------
         0.000      20.000          20
        20.000      40.000           5
        40.000      60.000           1
        60.000      80.000           0
        80.000     100.000           1
       100.000     120.000           1
      ---------------------------------------
      
      Deviation of routing from guided max path lengths
      =================================================
      
      -------------------------------------
      From (%)    To (%)    Number of paths
      -------------------------------------
      below        0.000          11
        0.000     10.000          13
       10.000     20.000           1
       20.000     30.000           1
       30.000     40.000           1
       40.000     50.000           0
       50.000     60.000           1
      -------------------------------------
      

    Top 4 notable deviations of routed length from guided length
    =============================================================

    Net CTS_1 (9 terminals)
    Guided length:  max path =   117.500um, total =   155.595um
    Routed length:  max path =   128.490um, total =   164.490um
    Deviation:      max path =     9.353%,  total =     5.717%

    Net CTS_5 (10 terminals)
    Guided length:  max path =    58.540um, total =    80.350um
    Routed length:  max path =    58.150um, total =    82.830um
    Deviation:      max path =    -0.666%,  total =     3.086%

    Net CTS_2 (8 terminals)
    Guided length:  max path =    93.870um, total =   113.210um
    Routed length:  max path =    93.540um, total =   114.320um
    Deviation:      max path =    -0.352%,  total =     0.980%

    Net CLK (4 terminals)
    Guided length:  max path =    39.700um, total =    50.020um
    Routed length:  max path =    39.865um, total =    50.465um
    Deviation:      max path =     0.416%,  total =     0.890%

Set FIXED routing status on 28 net(s)
Set FIXED placed status on 27 instance(s)
      Route Remaining Unrouted Nets...
Running earlyGlobalRoute to complete any remaining unrouted nets.
Updating RC grid for preRoute extraction ...
Initializing multi-corner capacitance tables ... 
Initializing multi-corner resistance tables ...
[NR-eGR] Started Early Global Route kernel ( Curr Mem: 1257.70 MB )
[NR-eGR] Track table information for default rule: 
[NR-eGR] metal1 has no routable track
[NR-eGR] metal2 has single uniform track structure
[NR-eGR] metal3 has single uniform track structure
[NR-eGR] metal4 has single uniform track structure
[NR-eGR] metal5 has single uniform track structure
[NR-eGR] metal6 has single uniform track structure
[NR-eGR] metal7 has single uniform track structure
[NR-eGR] metal8 has single uniform track structure
[NR-eGR] metal9 has single uniform track structure
[NR-eGR] metal10 has single uniform track structure
[NR-eGR] Read 154 PG shapes
[NR-eGR] #Routing Blockages  : 0
[NR-eGR] #Instance Blockages : 0
[NR-eGR] #PG Blockages       : 154
[NR-eGR] #Halo Blockages     : 0
[NR-eGR] #Boundary Blockages : 0
[NR-eGR] Num Prerouted Nets = 28  Num Prerouted Wires = 891
[NR-eGR] Read numTotalNets=3938  numIgnoredNets=28
[NR-eGR] ============ Routing rule table ============
[NR-eGR] Rule id: 0  Nets: 0 
[NR-eGR] Rule id: 1  Nets: 3910 
[NR-eGR] ========================================
[NR-eGR] 
[NR-eGR] Layer group 1: route 3910 net(s) in layer range [2, 10]
[NR-eGR] Early Global Route overflow of layer group 1: 0.00% H + 0.00% V. EstWL: 3.025260e+04um
[NR-eGR] Congestion Analysis By layer: (blocked Gcells are excluded) 
[NR-eGR]                        OverCon            
[NR-eGR]                         #Gcell     %Gcell
[NR-eGR]       Layer                (2)    OverCon 
[NR-eGR] ----------------------------------------------
[NR-eGR]  metal1  (1)         0( 0.00%)   ( 0.00%) 
[NR-eGR]  metal2  (2)         0( 0.00%)   ( 0.00%) 
[NR-eGR]  metal3  (3)         0( 0.00%)   ( 0.00%) 
[NR-eGR]  metal4  (4)         1( 0.02%)   ( 0.02%) 
[NR-eGR]  metal5  (5)         0( 0.00%)   ( 0.00%) 
[NR-eGR]  metal6  (6)         0( 0.00%)   ( 0.00%) 
[NR-eGR]  metal7  (7)         1( 0.02%)   ( 0.02%) 
[NR-eGR]  metal8  (8)         0( 0.00%)   ( 0.00%) 
[NR-eGR]  metal9  (9)         0( 0.00%)   ( 0.00%) 
[NR-eGR] metal10 (10)         0( 0.00%)   ( 0.00%) 
[NR-eGR] ----------------------------------------------
[NR-eGR] Total                2( 0.00%)   ( 0.00%) 
[NR-eGR] 
[NR-eGR] Overflow after Early Global Route (GR compatible) 0.00% H + 0.00% V
[NR-eGR] Overflow after Early Global Route 0.00% H + 0.00% V
[NR-eGR] Started Export DB wires ( Curr Mem: 1257.70 MB )
[NR-eGR] Started Export all nets ( Curr Mem: 1257.70 MB )
[NR-eGR] Finished Export all nets ( CPU: 0.04 sec, Real: 0.03 sec, Curr Mem: 1257.70 MB )
[NR-eGR] Started Set wire vias ( Curr Mem: 1257.70 MB )
[NR-eGR] Finished Set wire vias ( CPU: 0.00 sec, Real: 0.01 sec, Curr Mem: 1257.70 MB )
[NR-eGR] Finished Export DB wires ( CPU: 0.04 sec, Real: 0.04 sec, Curr Mem: 1257.70 MB )
[NR-eGR] --------------------------------------------------------------------------
[NR-eGR] metal1  (1F) length: 1.030000e+00um, number of vias: 12364
[NR-eGR] metal2  (2V) length: 9.435740e+03um, number of vias: 14882
[NR-eGR] metal3  (3H) length: 1.358146e+04um, number of vias: 5230
[NR-eGR] metal4  (4V) length: 7.943105e+03um, number of vias: 447
[NR-eGR] metal5  (5H) length: 9.375850e+02um, number of vias: 402
[NR-eGR] metal6  (6V) length: 1.858255e+03um, number of vias: 18
[NR-eGR] metal7  (7H) length: 1.972500e+01um, number of vias: 9
[NR-eGR] metal8  (8V) length: 8.698000e+01um, number of vias: 5
[NR-eGR] metal9  (9H) length: 6.865000e+00um, number of vias: 2
[NR-eGR] metal10 (10V) length: 2.600000e+00um, number of vias: 0
[NR-eGR] Total length: 3.387335e+04um, number of vias: 33359
[NR-eGR] --------------------------------------------------------------------------
[NR-eGR] Total eGR-routed clock nets wire length: 0.000000e+00um 
[NR-eGR] --------------------------------------------------------------------------
[NR-eGR] Finished Early Global Route kernel ( CPU: 0.27 sec, Real: 0.27 sec, Curr Mem: 1257.70 MB )
      Route Remaining Unrouted Nets done. (took cpu=0:00:00.5 real=0:00:00.5)
    Routing using NR in eGR->NR Step done.
Net route status summary:
  Clock:        28 (unrouted=0, trialRouted=0, noStatus=0, routed=0, fixed=28, [crossesIlmBoundary=0, tooFewTerms=0, (crossesIlmBoundary AND tooFewTerms=0)])
  Non-clock:  3988 (unrouted=78, trialRouted=3910, noStatus=0, routed=0, fixed=0, [crossesIlmBoundary=0, tooFewTerms=78, (crossesIlmBoundary AND tooFewTerms=0)])

CCOPT: Done with clock implementation routing.

    Leaving CCOpt scope - Routing Tools done. (took cpu=0:00:04.4 real=0:00:04.5)
  Clock implementation routing done.
  Leaving CCOpt scope - extractRC...
  Updating RC parasitics by calling: "extractRC -noRouteCheck"...
Extraction called for design 'myfir' of instances=3150 and nets=4016 using extraction engine 'preRoute' .
PreRoute RC Extraction called for design myfir.
RC Extraction called in multi-corner(1) mode.
RCMode: PreRoute
      RC Corner Indexes            0   
Capacitance Scaling Factor   : 1.00000 
Resistance Scaling Factor    : 1.00000 
Clock Cap. Scaling Factor    : 1.00000 
Clock Res. Scaling Factor    : 1.00000 
Shrink Factor                : 1.00000
PreRoute extraction is honoring NDR/Shielding/ExtraSpace for clock nets.
Using capacitance table file ...
Updating RC grid for preRoute extraction ...
Initializing multi-corner capacitance tables ... 
Initializing multi-corner resistance tables ...
PreRoute RC Extraction DONE (CPU Time: 0:00:00.3  Real Time: 0:00:00.0  MEM: 1257.695M)
  Updating RC parasitics by calling: "extractRC -noRouteCheck" done.
  Leaving CCOpt scope - extractRC done. (took cpu=0:00:00.3 real=0:00:00.3)
  Clock tree timing engine global stage delay update for my_delay:both.late...
  Clock tree timing engine global stage delay update for my_delay:both.late done. (took cpu=0:00:00.1 real=0:00:00.1)
  Clock DAG stats after routing clock trees:
    cell counts      : b=4, i=0, icg=23, nicg=0, l=0, total=27
    cell areas       : b=3.990um^2, i=0.000um^2, icg=91.770um^2, nicg=0.000um^2, l=0.000um^2, total=95.760um^2
    cell capacitance : b=4.998fF, i=0.000fF, icg=41.681fF, nicg=0.000fF, l=0.000fF, total=46.678fF
    sink capacitance : count=255, total=249.034fF, avg=0.977fF, sd=0.000fF, min=0.977fF, max=0.977fF
    wire capacitance : top=0.000fF, trunk=40.263fF, leaf=68.600fF, total=108.863fF
    wire lengths     : top=0.000um, trunk=412.105um, leaf=674.170um, total=1086.275um
    hp wire lengths  : top=0.000um, trunk=285.910um, leaf=468.290um, total=754.200um
  Clock DAG net violations after routing clock trees: none
  Clock DAG primary half-corner transition distribution after routing clock trees:
    Trunk : target=0.080ns count=4 avg=0.024ns sd=0.015ns min=0.002ns max=0.037ns {4 <= 0.048ns, 0 <= 0.064ns, 0 <= 0.072ns, 0 <= 0.076ns, 0 <= 0.080ns}
    Leaf  : target=0.080ns count=24 avg=0.031ns sd=0.005ns min=0.011ns max=0.036ns {24 <= 0.048ns, 0 <= 0.064ns, 0 <= 0.072ns, 0 <= 0.076ns, 0 <= 0.080ns}
  Clock DAG library cell distribution after routing clock trees {count}:
     Bufs: CLKBUF_X2: 3 CLKBUF_X1: 1 
     ICGs: CLKGATETST_X1: 23 
  Primary reporting skew groups after routing clock trees:
    skew_group MY_CLK: insertion delay [min=0.089, max=0.127, avg=0.115, sd=0.006], skew [0.038 vs 0.500], 100% {0.089, 0.127} (wid=0.005 ws=0.004) (gid=0.122 gs=0.034)
  Skew group summary after routing clock trees:
    skew_group MY_CLK: insertion delay [min=0.089, max=0.127, avg=0.115, sd=0.006], skew [0.038 vs 0.500], 100% {0.089, 0.127} (wid=0.005 ws=0.004) (gid=0.122 gs=0.034)
  CCOpt::Phase::Routing done. (took cpu=0:00:04.8 real=0:00:04.9)
  CCOpt::Phase::PostConditioning...
  Post Conditioning - Blocking space for clock sinks to ensure they remain legal.
  Removing CTS place status from clock tree and sinks.
  Switching to inst based legalization.
  PostConditioning...
    PostConditioning active optimizations:
     - DRV fixing with cell sizing and buffering
     - Skew fixing with cell sizing
    
    Currently running CTS, using active skew data
    Reset bufferability constraints...
    Resetting previous bufferability status on all nets so that PostConditioning will attempt to fix all clock tree violations.
    Reset bufferability constraints done. (took cpu=0:00:00.0 real=0:00:00.0)
    PostConditioning Upsizing To Fix DRVs...
      Fixing clock tree DRVs with upsizing: ...20% ...40% ...60% ...80% ...100% 
      CCOpt-PostConditioning: considered: 28, tested: 28, violation detected: 0, violation ignored (due to small violation): 0, cannot run: 0, attempted: 0, unsuccessful: 0, sized: 0
      
      PRO Statistics: Fix DRVs (initial upsizing):
      ============================================
      
      Cell changes by Net Type:
      
      -------------------------------------------------------------------------------------------------
      Net Type    Attempted    Upsized     Downsized    Swapped Same Size    Total Changed    Not Sized
      -------------------------------------------------------------------------------------------------
      top                0            0           0            0                    0                0
      trunk              0            0           0            0                    0                0
      leaf               0            0           0            0                    0                0
      -------------------------------------------------------------------------------------------------
      Total              0            0           0            0                    0                0
      -------------------------------------------------------------------------------------------------
      
      Upsized: 0, Downsized: 0, Sized but same area: 0, Unchanged: 0, Area change: 0.000um^2 (0.000%)
      Max. move: 0.000um, Min. move: 0.000um, Avg. move: N/A
      
      Clock DAG stats after 'PostConditioning Upsizing To Fix DRVs':
        cell counts      : b=4, i=0, icg=23, nicg=0, l=0, total=27
        cell areas       : b=3.990um^2, i=0.000um^2, icg=91.770um^2, nicg=0.000um^2, l=0.000um^2, total=95.760um^2
        cell capacitance : b=4.998fF, i=0.000fF, icg=41.681fF, nicg=0.000fF, l=0.000fF, total=46.678fF
        sink capacitance : count=255, total=249.034fF, avg=0.977fF, sd=0.000fF, min=0.977fF, max=0.977fF
        wire capacitance : top=0.000fF, trunk=40.263fF, leaf=68.600fF, total=108.863fF
        wire lengths     : top=0.000um, trunk=412.105um, leaf=674.170um, total=1086.275um
        hp wire lengths  : top=0.000um, trunk=285.910um, leaf=468.290um, total=754.200um
      Clock DAG net violations after 'PostConditioning Upsizing To Fix DRVs': none
      Clock DAG primary half-corner transition distribution after 'PostConditioning Upsizing To Fix DRVs':
        Trunk : target=0.080ns count=4 avg=0.024ns sd=0.015ns min=0.002ns max=0.037ns {4 <= 0.048ns, 0 <= 0.064ns, 0 <= 0.072ns, 0 <= 0.076ns, 0 <= 0.080ns}
        Leaf  : target=0.080ns count=24 avg=0.031ns sd=0.005ns min=0.011ns max=0.036ns {24 <= 0.048ns, 0 <= 0.064ns, 0 <= 0.072ns, 0 <= 0.076ns, 0 <= 0.080ns}
      Clock DAG library cell distribution after 'PostConditioning Upsizing To Fix DRVs' {count}:
         Bufs: CLKBUF_X2: 3 CLKBUF_X1: 1 
         ICGs: CLKGATETST_X1: 23 
      Primary reporting skew groups after 'PostConditioning Upsizing To Fix DRVs':
        skew_group MY_CLK: insertion delay [min=0.089, max=0.127, avg=0.115, sd=0.006], skew [0.038 vs 0.500], 100% {0.089, 0.127} (wid=0.005 ws=0.004) (gid=0.122 gs=0.034)
      Skew group summary after 'PostConditioning Upsizing To Fix DRVs':
        skew_group MY_CLK: insertion delay [min=0.089, max=0.127, avg=0.115, sd=0.006], skew [0.038 vs 0.500], 100% {0.089, 0.127} (wid=0.005 ws=0.004) (gid=0.122 gs=0.034)
      Legalizer API calls during this step: 0 succeeded with high effort: 0 succeeded with medium effort: 0 succeeded with low effort: 0 succeeded with basic effort: 0 succeeded with basic unbounded effort: 0
    PostConditioning Upsizing To Fix DRVs done. (took cpu=0:00:00.0 real=0:00:00.0)
    Recomputing CTS skew targets...
    Resolving skew group constraints...
      Solving LP: 1 skew groups; 2 fragments, 2 fraglets and 3 vertices; 21 variables and 54 constraints; tolerance 1
    Resolving skew group constraints done.
    Recomputing CTS skew targets done. (took cpu=0:00:00.0 real=0:00:00.0)
    PostConditioning Fixing DRVs...
      Fixing clock tree DRVs: ...20% ...40% ...60% ...80% ...100% 
      CCOpt-PostConditioning: considered: 28, tested: 28, violation detected: 0, violation ignored (due to small violation): 0, cannot run: 0, attempted: 0, unsuccessful: 0, sized: 0
      
      PRO Statistics: Fix DRVs (cell sizing):
      =======================================
      
      Cell changes by Net Type:
      
      -------------------------------------------------------------------------------------------------
      Net Type    Attempted    Upsized     Downsized    Swapped Same Size    Total Changed    Not Sized
      -------------------------------------------------------------------------------------------------
      top                0            0           0            0                    0                0
      trunk              0            0           0            0                    0                0
      leaf               0            0           0            0                    0                0
      -------------------------------------------------------------------------------------------------
      Total              0            0           0            0                    0                0
      -------------------------------------------------------------------------------------------------
      
      Upsized: 0, Downsized: 0, Sized but same area: 0, Unchanged: 0, Area change: 0.000um^2 (0.000%)
      Max. move: 0.000um, Min. move: 0.000um, Avg. move: N/A
      
      Clock DAG stats after 'PostConditioning Fixing DRVs':
        cell counts      : b=4, i=0, icg=23, nicg=0, l=0, total=27
        cell areas       : b=3.990um^2, i=0.000um^2, icg=91.770um^2, nicg=0.000um^2, l=0.000um^2, total=95.760um^2
        cell capacitance : b=4.998fF, i=0.000fF, icg=41.681fF, nicg=0.000fF, l=0.000fF, total=46.678fF
        sink capacitance : count=255, total=249.034fF, avg=0.977fF, sd=0.000fF, min=0.977fF, max=0.977fF
        wire capacitance : top=0.000fF, trunk=40.263fF, leaf=68.600fF, total=108.863fF
        wire lengths     : top=0.000um, trunk=412.105um, leaf=674.170um, total=1086.275um
        hp wire lengths  : top=0.000um, trunk=285.910um, leaf=468.290um, total=754.200um
      Clock DAG net violations after 'PostConditioning Fixing DRVs': none
      Clock DAG primary half-corner transition distribution after 'PostConditioning Fixing DRVs':
        Trunk : target=0.080ns count=4 avg=0.024ns sd=0.015ns min=0.002ns max=0.037ns {4 <= 0.048ns, 0 <= 0.064ns, 0 <= 0.072ns, 0 <= 0.076ns, 0 <= 0.080ns}
        Leaf  : target=0.080ns count=24 avg=0.031ns sd=0.005ns min=0.011ns max=0.036ns {24 <= 0.048ns, 0 <= 0.064ns, 0 <= 0.072ns, 0 <= 0.076ns, 0 <= 0.080ns}
      Clock DAG library cell distribution after 'PostConditioning Fixing DRVs' {count}:
         Bufs: CLKBUF_X2: 3 CLKBUF_X1: 1 
         ICGs: CLKGATETST_X1: 23 
      Primary reporting skew groups after 'PostConditioning Fixing DRVs':
        skew_group MY_CLK: insertion delay [min=0.089, max=0.127, avg=0.115, sd=0.006], skew [0.038 vs 0.500], 100% {0.089, 0.127} (wid=0.005 ws=0.004) (gid=0.122 gs=0.034)
      Skew group summary after 'PostConditioning Fixing DRVs':
        skew_group MY_CLK: insertion delay [min=0.089, max=0.127, avg=0.115, sd=0.006], skew [0.038 vs 0.500], 100% {0.089, 0.127} (wid=0.005 ws=0.004) (gid=0.122 gs=0.034)
      Legalizer API calls during this step: 0 succeeded with high effort: 0 succeeded with medium effort: 0 succeeded with low effort: 0 succeeded with basic effort: 0 succeeded with basic unbounded effort: 0
    PostConditioning Fixing DRVs done. (took cpu=0:00:00.0 real=0:00:00.0)
    Buffering to fix DRVs...
    Fixing DRVs with route buffering pass 1. Quick buffering: enabled
    Rebuffering to fix clock tree DRVs: ...20% ...40% ...60% ...80% ...100% 
    Inserted 0 buffers and inverters.
    success count. Default: 0, QS: 0, QD: 0, FS: 0, MQS: 0
    CCOpt-PostConditioning: nets considered: 28, nets tested: 28, nets violation detected: 0, nets violation ignored (due to small violation): 0, nets cannot run: 0, nets attempted: 0, nets unsuccessful: 0, buffered: 0
    Clock DAG stats PostConditioning after re-buffering DRV fixing:
      cell counts      : b=4, i=0, icg=23, nicg=0, l=0, total=27
      cell areas       : b=3.990um^2, i=0.000um^2, icg=91.770um^2, nicg=0.000um^2, l=0.000um^2, total=95.760um^2
      cell capacitance : b=4.998fF, i=0.000fF, icg=41.681fF, nicg=0.000fF, l=0.000fF, total=46.678fF
      sink capacitance : count=255, total=249.034fF, avg=0.977fF, sd=0.000fF, min=0.977fF, max=0.977fF
      wire capacitance : top=0.000fF, trunk=40.263fF, leaf=68.600fF, total=108.863fF
      wire lengths     : top=0.000um, trunk=412.105um, leaf=674.170um, total=1086.275um
      hp wire lengths  : top=0.000um, trunk=285.910um, leaf=468.290um, total=754.200um
    Clock DAG net violations PostConditioning after re-buffering DRV fixing: none
    Clock DAG primary half-corner transition distribution PostConditioning after re-buffering DRV fixing:
      Trunk : target=0.080ns count=4 avg=0.024ns sd=0.015ns min=0.002ns max=0.037ns {4 <= 0.048ns, 0 <= 0.064ns, 0 <= 0.072ns, 0 <= 0.076ns, 0 <= 0.080ns}
      Leaf  : target=0.080ns count=24 avg=0.031ns sd=0.005ns min=0.011ns max=0.036ns {24 <= 0.048ns, 0 <= 0.064ns, 0 <= 0.072ns, 0 <= 0.076ns, 0 <= 0.080ns}
    Clock DAG library cell distribution PostConditioning after re-buffering DRV fixing {count}:
       Bufs: CLKBUF_X2: 3 CLKBUF_X1: 1 
       ICGs: CLKGATETST_X1: 23 
    Primary reporting skew groups PostConditioning after re-buffering DRV fixing:
      skew_group MY_CLK: insertion delay [min=0.089, max=0.127, avg=0.115, sd=0.006], skew [0.038 vs 0.500], 100% {0.089, 0.127} (wid=0.005 ws=0.004) (gid=0.122 gs=0.034)
    Skew group summary PostConditioning after re-buffering DRV fixing:
      skew_group MY_CLK: insertion delay [min=0.089, max=0.127, avg=0.115, sd=0.006], skew [0.038 vs 0.500], 100% {0.089, 0.127} (wid=0.005 ws=0.004) (gid=0.122 gs=0.034)
    Buffering to fix DRVs done. (took cpu=0:00:00.0 real=0:00:00.0)
    PostConditioning Fixing Skew by cell sizing...
      Resized 0 clock insts to decrease delay.
      Resized 0 clock insts to increase delay.
      
      PRO Statistics: Fix Skew (cell sizing):
      =======================================
      
      Cell changes by Net Type:
      
      -------------------------------------------------------------------------------------------------
      Net Type    Attempted    Upsized     Downsized    Swapped Same Size    Total Changed    Not Sized
      -------------------------------------------------------------------------------------------------
      top                0            0           0            0                    0                0
      trunk              0            0           0            0                    0                0
      leaf               0            0           0            0                    0                0
      -------------------------------------------------------------------------------------------------
      Total              0            0           0            0                    0                0
      -------------------------------------------------------------------------------------------------
      
      Upsized: 0, Downsized: 0, Sized but same area: 0, Unchanged: 0, Area change: 0.000um^2 (0.000%)
      Max. move: 0.000um, Min. move: 0.000um, Avg. move: N/A
      
      Clock DAG stats after 'PostConditioning Fixing Skew by cell sizing':
        cell counts      : b=4, i=0, icg=23, nicg=0, l=0, total=27
        cell areas       : b=3.990um^2, i=0.000um^2, icg=91.770um^2, nicg=0.000um^2, l=0.000um^2, total=95.760um^2
        cell capacitance : b=4.998fF, i=0.000fF, icg=41.681fF, nicg=0.000fF, l=0.000fF, total=46.678fF
        sink capacitance : count=255, total=249.034fF, avg=0.977fF, sd=0.000fF, min=0.977fF, max=0.977fF
        wire capacitance : top=0.000fF, trunk=40.263fF, leaf=68.600fF, total=108.863fF
        wire lengths     : top=0.000um, trunk=412.105um, leaf=674.170um, total=1086.275um
        hp wire lengths  : top=0.000um, trunk=285.910um, leaf=468.290um, total=754.200um
      Clock DAG net violations after 'PostConditioning Fixing Skew by cell sizing': none
      Clock DAG primary half-corner transition distribution after 'PostConditioning Fixing Skew by cell sizing':
        Trunk : target=0.080ns count=4 avg=0.024ns sd=0.015ns min=0.002ns max=0.037ns {4 <= 0.048ns, 0 <= 0.064ns, 0 <= 0.072ns, 0 <= 0.076ns, 0 <= 0.080ns}
        Leaf  : target=0.080ns count=24 avg=0.031ns sd=0.005ns min=0.011ns max=0.036ns {24 <= 0.048ns, 0 <= 0.064ns, 0 <= 0.072ns, 0 <= 0.076ns, 0 <= 0.080ns}
      Clock DAG library cell distribution after 'PostConditioning Fixing Skew by cell sizing' {count}:
         Bufs: CLKBUF_X2: 3 CLKBUF_X1: 1 
         ICGs: CLKGATETST_X1: 23 
      Primary reporting skew groups after 'PostConditioning Fixing Skew by cell sizing':
        skew_group MY_CLK: insertion delay [min=0.089, max=0.127, avg=0.115, sd=0.006], skew [0.038 vs 0.500], 100% {0.089, 0.127} (wid=0.005 ws=0.004) (gid=0.122 gs=0.034)
      Skew group summary after 'PostConditioning Fixing Skew by cell sizing':
        skew_group MY_CLK: insertion delay [min=0.089, max=0.127, avg=0.115, sd=0.006], skew [0.038 vs 0.500], 100% {0.089, 0.127} (wid=0.005 ws=0.004) (gid=0.122 gs=0.034)
      Legalizer API calls during this step: 0 succeeded with high effort: 0 succeeded with medium effort: 0 succeeded with low effort: 0 succeeded with basic effort: 0 succeeded with basic unbounded effort: 0
    PostConditioning Fixing Skew by cell sizing done. (took cpu=0:00:00.0 real=0:00:00.0)
    Reconnecting optimized routes...
    Reset timing graph...
Ignoring AAE DB Resetting ...
    Reset timing graph done.
    Reconnecting optimized routes done. (took cpu=0:00:00.0 real=0:00:00.0)
Skipping refinePlace: no changes were made during DRV and/or skew fixing steps so it is unnecessary.
    Set dirty flag on 0 instances, 0 nets
  PostConditioning done.
Net route status summary:
  Clock:        28 (unrouted=0, trialRouted=0, noStatus=0, routed=0, fixed=28, [crossesIlmBoundary=0, tooFewTerms=0, (crossesIlmBoundary AND tooFewTerms=0)])
  Non-clock:  3988 (unrouted=78, trialRouted=3910, noStatus=0, routed=0, fixed=0, [crossesIlmBoundary=0, tooFewTerms=78, (crossesIlmBoundary AND tooFewTerms=0)])
  Update timing and DAG stats after post-conditioning...
  Update timing and DAG stats after post-conditioning done. (took cpu=0:00:00.0 real=0:00:00.0)
  Clock tree timing engine global stage delay update for my_delay:both.late...
  Clock tree timing engine global stage delay update for my_delay:both.late done. (took cpu=0:00:00.1 real=0:00:00.1)
  Clock DAG stats after post-conditioning:
    cell counts      : b=4, i=0, icg=23, nicg=0, l=0, total=27
    cell areas       : b=3.990um^2, i=0.000um^2, icg=91.770um^2, nicg=0.000um^2, l=0.000um^2, total=95.760um^2
    cell capacitance : b=4.998fF, i=0.000fF, icg=41.681fF, nicg=0.000fF, l=0.000fF, total=46.678fF
    sink capacitance : count=255, total=249.034fF, avg=0.977fF, sd=0.000fF, min=0.977fF, max=0.977fF
    wire capacitance : top=0.000fF, trunk=40.263fF, leaf=68.600fF, total=108.863fF
    wire lengths     : top=0.000um, trunk=412.105um, leaf=674.170um, total=1086.275um
    hp wire lengths  : top=0.000um, trunk=285.910um, leaf=468.290um, total=754.200um
  Clock DAG net violations after post-conditioning: none
  Clock DAG primary half-corner transition distribution after post-conditioning:
    Trunk : target=0.080ns count=4 avg=0.024ns sd=0.015ns min=0.002ns max=0.037ns {4 <= 0.048ns, 0 <= 0.064ns, 0 <= 0.072ns, 0 <= 0.076ns, 0 <= 0.080ns}
    Leaf  : target=0.080ns count=24 avg=0.031ns sd=0.005ns min=0.011ns max=0.036ns {24 <= 0.048ns, 0 <= 0.064ns, 0 <= 0.072ns, 0 <= 0.076ns, 0 <= 0.080ns}
  Clock DAG library cell distribution after post-conditioning {count}:
     Bufs: CLKBUF_X2: 3 CLKBUF_X1: 1 
     ICGs: CLKGATETST_X1: 23 
  Primary reporting skew groups after post-conditioning:
    skew_group MY_CLK: insertion delay [min=0.089, max=0.127, avg=0.115, sd=0.006], skew [0.038 vs 0.500], 100% {0.089, 0.127} (wid=0.005 ws=0.004) (gid=0.122 gs=0.034)
  Skew group summary after post-conditioning:
    skew_group MY_CLK: insertion delay [min=0.089, max=0.127, avg=0.115, sd=0.006], skew [0.038 vs 0.500], 100% {0.089, 0.127} (wid=0.005 ws=0.004) (gid=0.122 gs=0.034)
  CCOpt::Phase::PostConditioning done. (took cpu=0:00:00.3 real=0:00:00.3)
  Setting CTS place status to fixed for clock tree and sinks.
  Post-balance tidy up or trial balance steps...
  
  Clock DAG stats at end of CTS:
  ==============================
  
  ------------------------------------------------------------
  Cell type                     Count    Area      Capacitance
  ------------------------------------------------------------
  Buffers                         4       3.990       4.998
  Inverters                       0       0.000       0.000
  Integrated Clock Gates         23      91.770      41.681
  Non-Integrated Clock Gates      0       0.000       0.000
  Clock Logic                     0       0.000       0.000
  All                            27      95.760      46.678
  ------------------------------------------------------------
  
  
  Clock DAG wire lengths at end of CTS:
  =====================================
  
  --------------------
  Type     Wire Length
  --------------------
  Top          0.000
  Trunk      412.105
  Leaf       674.170
  Total     1086.275
  --------------------
  
  
  Clock DAG hp wire lengths at end of CTS:
  ========================================
  
  -----------------------
  Type     hp Wire Length
  -----------------------
  Top           0.000
  Trunk       285.910
  Leaf        468.290
  Total       754.200
  -----------------------
  
  
  Clock DAG capacitances at end of CTS:
  =====================================
  
  --------------------------------------
  Type     Gate       Wire       Total
  --------------------------------------
  Top        0.000      0.000      0.000
  Trunk     46.678     40.263     86.941
  Leaf     249.034     68.600    317.634
  Total    295.712    108.863    404.576
  --------------------------------------
  
  
  Clock DAG sink capacitances at end of CTS:
  ==========================================
  
  ----------------------------------------------------------
  Count    Total      Average    Std. Dev.    Min      Max
  ----------------------------------------------------------
   255     249.034     0.977       0.000      0.977    0.977
  ----------------------------------------------------------
  
  
  Clock DAG net violations at end of CTS:
  =======================================
  
  None
  
  
  Clock DAG primary half-corner transition distribution at end of CTS:
  ====================================================================
  
  ---------------------------------------------------------------------------------------------------------------------------------------------------------------
  Net Type    Target    Count    Average    Std. Dev.    Min      Max      Distribution                                                               Over Target
  ---------------------------------------------------------------------------------------------------------------------------------------------------------------
  Trunk       0.080       4       0.024       0.015      0.002    0.037    {4 <= 0.048ns, 0 <= 0.064ns, 0 <= 0.072ns, 0 <= 0.076ns, 0 <= 0.080ns}          -
  Leaf        0.080      24       0.031       0.005      0.011    0.036    {24 <= 0.048ns, 0 <= 0.064ns, 0 <= 0.072ns, 0 <= 0.076ns, 0 <= 0.080ns}         -
  ---------------------------------------------------------------------------------------------------------------------------------------------------------------
  
  
  Clock DAG library cell distribution at end of CTS:
  ==================================================
  
  ----------------------------------------------
  Name             Type      Inst     Inst Area 
                             Count    (um^2)
  ----------------------------------------------
  CLKBUF_X2        buffer      3         3.192
  CLKBUF_X1        buffer      1         0.798
  CLKGATETST_X1    icg        23        91.770
  ----------------------------------------------
  
  
  Primary reporting skew groups summary at end of CTS:
  ====================================================
  
  --------------------------------------------------------------------------------------------------------------------------------------------------------------
  Half-corner           Skew Group    Min ID    Max ID    Skew     Skew target    Wire skew    Worst sink skew    Average ID    Std.Dev    Skew window occupancy
  --------------------------------------------------------------------------------------------------------------------------------------------------------------
  my_delay:both.late    MY_CLK        0.089     0.127     0.038       0.500         0.004           0.001           0.115        0.006     100% {0.089, 0.127}
  --------------------------------------------------------------------------------------------------------------------------------------------------------------
  
  
  Skew group summary at end of CTS:
  =================================
  
  --------------------------------------------------------------------------------------------------------------------------------------------------------------
  Half-corner           Skew Group    Min ID    Max ID    Skew     Skew target    Wire skew    Worst sink skew    Average ID    Std.Dev    Skew window occupancy
  --------------------------------------------------------------------------------------------------------------------------------------------------------------
  my_delay:both.late    MY_CLK        0.089     0.127     0.038       0.500         0.004           0.001           0.115        0.006     100% {0.089, 0.127}
  --------------------------------------------------------------------------------------------------------------------------------------------------------------
  
  
  Found a total of 0 clock tree pins with a slew violation.
  
  Post-balance tidy up or trial balance steps done. (took cpu=0:00:00.0 real=0:00:00.0)
Synthesizing clock trees done.
Tidy Up And Update Timing...
External - Set all clocks to propagated mode...
Innovus updating I/O latencies
#################################################################################
# Design Stage: PreRoute
# Design Name: myfir
# Design Mode: 45nm
# Analysis Mode: MMMC Non-OCV 
# Parasitics Mode: No SPEF/RCDB 
# Signoff Settings: SI Off 
#################################################################################
Calculate delays in Single mode...
Start delay calculation (fullDC) (1 T). (MEM=1309.16)
Total number of fetched objects 4224
End delay calculation. (MEM=1336.37 CPU=0:00:00.1 REAL=0:00:01.0)
End delay calculation (fullDC). (MEM=1336.37 CPU=0:00:00.6 REAL=0:00:01.0)
	Clock: CLK, View: MyAnView, Ideal Latency: 0, Propagated Latency: 0.114905
	 Executing: set_clock_latency -source -early -max -rise -0.114905 [get_pins CLK]
	Clock: CLK, View: MyAnView, Ideal Latency: 0, Propagated Latency: 0.114905
	 Executing: set_clock_latency -source -late -max -rise -0.114905 [get_pins CLK]
	Clock: CLK, View: MyAnView, Ideal Latency: 0, Propagated Latency: 0.127037
	 Executing: set_clock_latency -source -early -max -fall -0.127037 [get_pins CLK]
	Clock: CLK, View: MyAnView, Ideal Latency: 0, Propagated Latency: 0.127037
	 Executing: set_clock_latency -source -late -max -fall -0.127037 [get_pins CLK]
Setting all clocks to propagated mode.
External - Set all clocks to propagated mode done. (took cpu=0:00:01.3 real=0:00:01.3)
Clock DAG stats after update timingGraph:
  cell counts      : b=4, i=0, icg=23, nicg=0, l=0, total=27
  cell areas       : b=3.990um^2, i=0.000um^2, icg=91.770um^2, nicg=0.000um^2, l=0.000um^2, total=95.760um^2
  cell capacitance : b=4.998fF, i=0.000fF, icg=41.681fF, nicg=0.000fF, l=0.000fF, total=46.678fF
  sink capacitance : count=255, total=249.034fF, avg=0.977fF, sd=0.000fF, min=0.977fF, max=0.977fF
  wire capacitance : top=0.000fF, trunk=40.263fF, leaf=68.600fF, total=108.863fF
  wire lengths     : top=0.000um, trunk=412.105um, leaf=674.170um, total=1086.275um
  hp wire lengths  : top=0.000um, trunk=285.910um, leaf=468.290um, total=754.200um
Clock DAG net violations after update timingGraph: none
Clock DAG primary half-corner transition distribution after update timingGraph:
  Trunk : target=0.080ns count=4 avg=0.024ns sd=0.015ns min=0.002ns max=0.037ns {4 <= 0.048ns, 0 <= 0.064ns, 0 <= 0.072ns, 0 <= 0.076ns, 0 <= 0.080ns}
  Leaf  : target=0.080ns count=24 avg=0.031ns sd=0.005ns min=0.011ns max=0.036ns {24 <= 0.048ns, 0 <= 0.064ns, 0 <= 0.072ns, 0 <= 0.076ns, 0 <= 0.080ns}
Clock DAG library cell distribution after update timingGraph {count}:
   Bufs: CLKBUF_X2: 3 CLKBUF_X1: 1 
   ICGs: CLKGATETST_X1: 23 
Primary reporting skew groups after update timingGraph:
  skew_group MY_CLK: insertion delay [min=0.089, max=0.127, avg=0.115, sd=0.006], skew [0.038 vs 0.500], 100% {0.089, 0.127} (wid=0.005 ws=0.004) (gid=0.122 gs=0.034)
Skew group summary after update timingGraph:
  skew_group MY_CLK: insertion delay [min=0.089, max=0.127, avg=0.115, sd=0.006], skew [0.038 vs 0.500], 100% {0.089, 0.127} (wid=0.005 ws=0.004) (gid=0.122 gs=0.034)
Logging CTS constraint violations...
  No violations found.
Logging CTS constraint violations done.
Tidy Up And Update Timing done. (took cpu=0:00:01.3 real=0:00:01.3)
Runtime done. (took cpu=0:00:20.6 real=0:00:20.6)
Runtime Summary
===============
Clock Runtime:  (59%) Core CTS          12.09 (Init 3.27, Construction 2.03, Implementation 5.43, eGRPC 0.78, PostConditioning 0.34, Other 0.25)
Clock Runtime:  (28%) CTS services       5.80 (RefinePlace 0.57, EarlyGlobalClock 0.67, NanoRoute 3.57, ExtractRC 0.99, TimingAnalysis 0.00)
Clock Runtime:  (12%) Other CTS          2.60 (Init 0.44, CongRepair/EGR-DP 0.88, TimingUpdate 1.28, Other 0.00)
Clock Runtime: (100%) Total             20.49

Synthesizing clock trees with CCOpt done.
**WARN: (IMPSP-9025):	No scan chain specified/traced.
Type 'man IMPSP-9025' for more detail.
**optDesign ... cpu = 0:00:00, real = 0:00:00, mem = 1029.9M, totSessionCpu=0:18:30 **
**INFO: setDesignMode -flowEffort standard -> setting 'setOptMode -allEndPoints true' for the duration of this command.
Need call spDPlaceInit before registerPrioInstLoc.
GigaOpt running with 1 threads.
**optDesign ... cpu = 0:00:01, real = 0:00:01, mem = 1034.6M, totSessionCpu=0:18:31 **
*** optDesign -postCTS ***
DRC Margin: user margin 0.0; extra margin 0.2
Hold Target Slack: user slack 0
Setup Target Slack: user slack 0; extra slack 0.0
setUsefulSkewMode -ecoRoute false
Multi-VT timing optimization disabled based on library information.
Start to check current routing status for nets...
All nets are already routed correctly.
End to check current routing status for nets (mem=1255.3M)
Compute RC Scale Done ...
Starting delay calculation for Setup views
#################################################################################
# Design Stage: PreRoute
# Design Name: myfir
# Design Mode: 45nm
# Analysis Mode: MMMC Non-OCV 
# Parasitics Mode: No SPEF/RCDB 
# Signoff Settings: SI Off 
#################################################################################
Calculate delays in Single mode...
Start delay calculation (fullDC) (1 T). (MEM=1424.02)
Total number of fetched objects 4224
End delay calculation. (MEM=1403.53 CPU=0:00:02.5 REAL=0:00:03.0)
End delay calculation (fullDC). (MEM=1403.53 CPU=0:00:02.8 REAL=0:00:03.0)
*** Done Building Timing Graph (cpu=0:00:03.3 real=0:00:03.0 totSessionCpu=0:18:35 mem=1403.5M)

------------------------------------------------------------
             Initial Summary                             
------------------------------------------------------------

Setup views included:
 MyAnView 

+--------------------+---------+---------+---------+---------+
|     Setup mode     |   all   | reg2reg |reg2cgate| default |
+--------------------+---------+---------+---------+---------+
|           WNS (ns):|  4.403  |  4.403  |  7.213  |  6.711  |
|           TNS (ns):|  0.000  |  0.000  |  0.000  |  0.000  |
|    Violating Paths:|    0    |    0    |    0    |    0    |
|          All Paths:|   539   |   119   |   11    |   409   |
+--------------------+---------+---------+---------+---------+

+----------------+-------------------------------+------------------+
|                |              Real             |       Total      |
|    DRVs        +------------------+------------+------------------|
|                |  Nr nets(terms)  | Worst Vio  |  Nr nets(terms)  |
+----------------+------------------+------------+------------------+
|   max_cap      |      0 (0)       |   0.000    |      0 (0)       |
|   max_tran     |      0 (0)       |   0.000    |      0 (0)       |
|   max_fanout   |      0 (0)       |     0      |      0 (0)       |
|   max_length   |      0 (0)       |     0      |      0 (0)       |
+----------------+------------------+------------+------------------+

Density: 69.803%
------------------------------------------------------------
**optDesign ... cpu = 0:00:06, real = 0:00:05, mem = 1124.8M, totSessionCpu=0:18:35 **
** INFO : this run is activating low effort ccoptDesign flow
*** Starting optimizing excluded clock nets MEM= 1332.8M) ***
*info: No excluded clock nets to be optimized.
*** Finished optimizing excluded clock nets (CPU Time= 0:00:00.0  MEM= 1332.8M) ***
*** Starting optimizing excluded clock nets MEM= 1332.8M) ***
*info: No excluded clock nets to be optimized.
*** Finished optimizing excluded clock nets (CPU Time= 0:00:00.0  MEM= 1332.8M) ***
Info: Done creating the CCOpt slew target map.
Begin: GigaOpt high fanout net optimization
Info: 28 nets with fixed/cover wires excluded.
Info: 28 clock nets excluded from IPO operation.
*** DrvOpt [begin] : cpu/real = 0:00:00.0/0:00:00.0 (0.0), totSession cpu/real = 0:18:35.5/0:50:23.3 (0.4), mem = 1332.8M
*** DrvOpt [finish] : cpu/real = 0:00:03.8/0:00:03.8 (1.0), totSession cpu/real = 0:18:39.3/0:50:27.1 (0.4), mem = 1356.8M
End: GigaOpt high fanout net optimization
Begin: GigaOpt Global Optimization
*info: use new DP (enabled)
Info: 28 nets with fixed/cover wires excluded.
Info: 28 clock nets excluded from IPO operation.
*** SetupOpt [begin] : cpu/real = 0:00:00.0/0:00:00.0 (0.0), totSession cpu/real = 0:18:39.5/0:50:27.3 (0.4), mem = 1356.8M
*info: 28 clock nets excluded
*info: 2 special nets excluded.
*info: 78 no-driver nets excluded.
*info: 28 nets with fixed/cover wires excluded.
** GigaOpt Global Opt WNS Slack 0.000  TNS Slack 0.000 
+--------+--------+----------+------------+--------+----------+---------+--------------------------------------+
|  WNS   |  TNS   | Density  |    Real    |  Mem   |Worst View|Pathgroup|              End Point               |
+--------+--------+----------+------------+--------+----------+---------+--------------------------------------+
|   0.000|   0.000|    69.80%|   0:00:00.0| 1375.9M|  MyAnView|       NA| NA                                   |
+--------+--------+----------+------------+--------+----------+---------+--------------------------------------+

*** Finish post-CTS Global Setup Fixing (cpu=0:00:00.0 real=0:00:00.0 mem=1375.9M) ***

*** Finish post-CTS Setup Fixing (cpu=0:00:00.0 real=0:00:00.0 mem=1375.9M) ***
Bottom Preferred Layer:
+---------------+------------+----------+
|     Layer     |    CLK     |   Rule   |
+---------------+------------+----------+
| metal3 (z=3)  |         28 | default  |
+---------------+------------+----------+
Via Pillar Rule:
    None
** GigaOpt Global Opt End WNS Slack 0.000  TNS Slack 0.000 
*** SetupOpt [finish] : cpu/real = 0:00:06.8/0:00:06.8 (1.0), totSession cpu/real = 0:18:46.3/0:50:34.0 (0.4), mem = 1356.8M
End: GigaOpt Global Optimization
*** Timing Is met
*** Check timing (0:00:00.0)
Info: 28 nets with fixed/cover wires excluded.
Info: 28 clock nets excluded from IPO operation.
Info: 28 nets with fixed/cover wires excluded.
Info: 28 clock nets excluded from IPO operation.
Begin: Area Reclaim Optimization
*** AreaOpt [begin] : cpu/real = 0:00:00.0/0:00:00.0 (0.0), totSession cpu/real = 0:18:47.2/0:50:34.9 (0.4), mem = 1375.9M
Usable buffer cells for single buffer setup transform:
CLKBUF_X1 BUF_X1 CLKBUF_X2 BUF_X2 CLKBUF_X3 BUF_X4 BUF_X8 BUF_X16 BUF_X32 
Number of usable buffer cells above: 9
Reclaim Optimization WNS Slack 0.020  TNS Slack 0.000 Density 69.80
+----------+---------+--------+--------+------------+--------+
| Density  | Commits |  WNS   |  TNS   |    Real    |  Mem   |
+----------+---------+--------+--------+------------+--------+
|    69.80%|        -|   0.020|   0.000|   0:00:00.0| 1375.9M|
|    69.67%|       49|   0.020|   0.000|   0:00:03.0| 1427.5M|
|    69.67%|        0|   0.020|   0.000|   0:00:00.0| 1427.5M|
|    69.66%|        1|   0.020|   0.000|   0:00:01.0| 1427.5M|
|    69.66%|        0|   0.020|   0.000|   0:00:00.0| 1427.5M|
|    69.66%|        0|   0.020|   0.000|   0:00:00.0| 1427.5M|
+----------+---------+--------+--------+------------+--------+
Reclaim Optimization End WNS Slack 0.020  TNS Slack 0.000 Density 69.66
Bottom Preferred Layer:
+---------------+------------+----------+
|     Layer     |    CLK     |   Rule   |
+---------------+------------+----------+
| metal3 (z=3)  |         28 | default  |
+---------------+------------+----------+
Via Pillar Rule:
    None
End: Core Area Reclaim Optimization (cpu = 0:00:05.2) (real = 0:00:05.0) **
*** Starting refinePlace (0:18:52 mem=1427.5M) ***
Total net bbox length = 2.820e+04 (1.225e+04 1.595e+04) (ext = 2.125e+03)
Move report: Detail placement moves 0 insts, mean move: 0.00 um, max move: 0.00 um
	Runtime: CPU: 0:00:00.1 REAL: 0:00:00.0 MEM: 1427.5MB
Summary Report:
Instances move: 0 (out of 3121 movable)
Instances flipped: 0
Mean displacement: 0.00 um
Max displacement: 0.00 um 
Total net bbox length = 2.820e+04 (1.225e+04 1.595e+04) (ext = 2.125e+03)
Runtime: CPU: 0:00:00.1 REAL: 0:00:00.0 MEM: 1427.5MB
*** Finished refinePlace (0:18:52 mem=1427.5M) ***
*** maximum move = 0.00 um ***
*** Finished re-routing un-routed nets (1427.5M) ***

*** Finish Physical Update (cpu=0:00:00.3 real=0:00:00.0 mem=1427.5M) ***
*** AreaOpt [finish] : cpu/real = 0:00:05.0/0:00:05.0 (1.0), totSession cpu/real = 0:18:52.2/0:50:39.9 (0.4), mem = 1427.5M
End: Area Reclaim Optimization (cpu=0:00:05, real=0:00:05, mem=1368.46M, totSessionCpu=0:18:52).
[NR-eGR] Track table information for default rule: 
[NR-eGR] metal1 has no routable track
[NR-eGR] metal2 has single uniform track structure
[NR-eGR] metal3 has single uniform track structure
[NR-eGR] metal4 has single uniform track structure
[NR-eGR] metal5 has single uniform track structure
[NR-eGR] metal6 has single uniform track structure
[NR-eGR] metal7 has single uniform track structure
[NR-eGR] metal8 has single uniform track structure
[NR-eGR] metal9 has single uniform track structure
[NR-eGR] metal10 has single uniform track structure
[NR-eGR] Read 154 PG shapes
[NR-eGR] #Routing Blockages  : 0
[NR-eGR] #Instance Blockages : 0
[NR-eGR] #PG Blockages       : 154
[NR-eGR] #Halo Blockages     : 0
[NR-eGR] #Boundary Blockages : 0
[NR-eGR] Num Prerouted Nets = 28  Num Prerouted Wires = 891
[NR-eGR] Read numTotalNets=3934  numIgnoredNets=28
[NR-eGR] ============ Routing rule table ============
[NR-eGR] Rule id: 0  Nets: 0 
[NR-eGR] Rule id: 1  Nets: 3906 
[NR-eGR] ========================================
[NR-eGR] 
[NR-eGR] Layer group 1: route 3906 net(s) in layer range [2, 10]
[NR-eGR] Early Global Route overflow of layer group 1: 0.00% H + 0.00% V. EstWL: 3.024140e+04um
[NR-eGR] Congestion Analysis By layer: (blocked Gcells are excluded) 
[NR-eGR]                        OverCon            
[NR-eGR]                         #Gcell     %Gcell
[NR-eGR]       Layer                (2)    OverCon 
[NR-eGR] ----------------------------------------------
[NR-eGR]  metal1  (1)         0( 0.00%)   ( 0.00%) 
[NR-eGR]  metal2  (2)         0( 0.00%)   ( 0.00%) 
[NR-eGR]  metal3  (3)         0( 0.00%)   ( 0.00%) 
[NR-eGR]  metal4  (4)         1( 0.02%)   ( 0.02%) 
[NR-eGR]  metal5  (5)         0( 0.00%)   ( 0.00%) 
[NR-eGR]  metal6  (6)         0( 0.00%)   ( 0.00%) 
[NR-eGR]  metal7  (7)         1( 0.02%)   ( 0.02%) 
[NR-eGR]  metal8  (8)         0( 0.00%)   ( 0.00%) 
[NR-eGR]  metal9  (9)         0( 0.00%)   ( 0.00%) 
[NR-eGR] metal10 (10)         0( 0.00%)   ( 0.00%) 
[NR-eGR] ----------------------------------------------
[NR-eGR] Total                2( 0.00%)   ( 0.00%) 
[NR-eGR] 
[NR-eGR] Overflow after Early Global Route (GR compatible) 0.00% H + 0.00% V
[NR-eGR] Overflow after Early Global Route 0.00% H + 0.00% V
[NR-eGR] Started Export DB wires ( Curr Mem: 1368.46 MB )
[NR-eGR] Started Export all nets ( Curr Mem: 1368.46 MB )
[NR-eGR] Finished Export all nets ( CPU: 0.04 sec, Real: 0.04 sec, Curr Mem: 1368.46 MB )
[NR-eGR] Started Set wire vias ( Curr Mem: 1368.46 MB )
[NR-eGR] Finished Set wire vias ( CPU: 0.01 sec, Real: 0.01 sec, Curr Mem: 1368.46 MB )
[NR-eGR] Finished Export DB wires ( CPU: 0.06 sec, Real: 0.06 sec, Curr Mem: 1368.46 MB )
[NR-eGR] --------------------------------------------------------------------------
[NR-eGR] metal1  (1F) length: 1.030000e+00um, number of vias: 12310
[NR-eGR] metal2  (2V) length: 9.484590e+03um, number of vias: 14858
[NR-eGR] metal3  (3H) length: 1.360103e+04um, number of vias: 5210
[NR-eGR] metal4  (4V) length: 7.957290e+03um, number of vias: 430
[NR-eGR] metal5  (5H) length: 8.943250e+02um, number of vias: 385
[NR-eGR] metal6  (6V) length: 1.768065e+03um, number of vias: 16
[NR-eGR] metal7  (7H) length: 1.776500e+01um, number of vias: 9
[NR-eGR] metal8  (8V) length: 8.698000e+01um, number of vias: 5
[NR-eGR] metal9  (9H) length: 6.865000e+00um, number of vias: 2
[NR-eGR] metal10 (10V) length: 2.600000e+00um, number of vias: 0
[NR-eGR] Total length: 3.382054e+04um, number of vias: 33225
[NR-eGR] --------------------------------------------------------------------------
[NR-eGR] Total eGR-routed clock nets wire length: 0.000000e+00um 
[NR-eGR] --------------------------------------------------------------------------
[NR-eGR] Finished Early Global Route kernel ( CPU: 0.43 sec, Real: 0.42 sec, Curr Mem: 1354.95 MB )
Extraction called for design 'myfir' of instances=3148 and nets=4014 using extraction engine 'preRoute' .
PreRoute RC Extraction called for design myfir.
RC Extraction called in multi-corner(1) mode.
RCMode: PreRoute
      RC Corner Indexes            0   
Capacitance Scaling Factor   : 1.00000 
Resistance Scaling Factor    : 1.00000 
Clock Cap. Scaling Factor    : 1.00000 
Clock Res. Scaling Factor    : 1.00000 
Shrink Factor                : 1.00000
PreRoute extraction is honoring NDR/Shielding/ExtraSpace for clock nets.
Using capacitance table file ...
Updating RC grid for preRoute extraction ...
Initializing multi-corner capacitance tables ... 
Initializing multi-corner resistance tables ...
PreRoute RC Extraction DONE (CPU Time: 0:00:00.3  Real Time: 0:00:00.0  MEM: 1354.949M)
Compute RC Scale Done ...
[hotspot] +------------+---------------+---------------+
[hotspot] |            |   max hotspot | total hotspot |
[hotspot] +------------+---------------+---------------+
[hotspot] | normalized |          0.00 |          0.00 |
[hotspot] +------------+---------------+---------------+
Local HotSpot Analysis: normalized max congestion hotspot area = 0.00, normalized total congestion hotspot area = 0.00 (area is in unit of 4 std-cell row bins)
#################################################################################
# Design Stage: PreRoute
# Design Name: myfir
# Design Mode: 45nm
# Analysis Mode: MMMC Non-OCV 
# Parasitics Mode: No SPEF/RCDB 
# Signoff Settings: SI Off 
#################################################################################
Calculate delays in Single mode...
Start delay calculation (fullDC) (1 T). (MEM=1348.96)
Total number of fetched objects 4222
End delay calculation. (MEM=1367.91 CPU=0:00:02.7 REAL=0:00:03.0)
End delay calculation (fullDC). (MEM=1367.91 CPU=0:00:03.2 REAL=0:00:03.0)
Begin: GigaOpt postEco DRV Optimization
Info: 28 nets with fixed/cover wires excluded.
Info: 28 clock nets excluded from IPO operation.
*** DrvOpt [begin] : cpu/real = 0:00:00.0/0:00:00.0 (0.0), totSession cpu/real = 0:18:57.2/0:50:45.0 (0.4), mem = 1367.9M
+-------------------------------------------------------------------------------------------------------------------------------------------------------+
|        max-tran       |        max-cap        |  max-fanout |  max-length |       setup       |        |        |        |       |          |         |
+-------------------------------------------------------------------------------------------------------------------------------------------------------+
| nets | terms|  wViol  | nets | terms|  wViol  | nets | terms| nets | terms|   WNS   |   TNS   |  #Buf  |  #Inv  | #Resize|Density|   Real   |   Mem   |
+-------------------------------------------------------------------------------------------------------------------------------------------------------+
|     0|     0|     0.00|     0|     0|     0.00|     0|     0|     0|     0|     4.40|     0.00|       0|       0|       0|  69.66|          |         |
|     0|     0|     0.00|     0|     0|     0.00|     0|     0|     0|     0|     4.40|     0.00|       0|       0|       0|  69.66| 0:00:00.0|  1419.0M|
+-------------------------------------------------------------------------------------------------------------------------------------------------------+
Bottom Preferred Layer:
+---------------+------------+----------+
|     Layer     |    CLK     |   Rule   |
+---------------+------------+----------+
| metal3 (z=3)  |         28 | default  |
+---------------+------------+----------+
Via Pillar Rule:
    None

*** Finish DRV Fixing (cpu=0:00:00.2 real=0:00:00.0 mem=1419.0M) ***

*** DrvOpt [finish] : cpu/real = 0:00:02.9/0:00:02.9 (1.0), totSession cpu/real = 0:19:00.2/0:50:47.9 (0.4), mem = 1399.9M
End: GigaOpt postEco DRV Optimization
Running refinePlace -preserveRouting true -hardFence false
*** Starting refinePlace (0:19:00 mem=1399.9M) ***

Starting Small incrNP...
Density distribution unevenness ratio = 4.706%
Skipped incrNP (cpu=0:00:00.0, real=0:00:00.0, mem=1399.9M)
End of Small incrNP (cpu=0:00:00.0, real=0:00:00.0)
Move report: Detail placement moves 0 insts, mean move: 0.00 um, max move: 0.00 um
	Runtime: CPU: 0:00:00.1 REAL: 0:00:00.0 MEM: 1399.9MB
Summary Report:
Instances move: 0 (out of 3121 movable)
Instances flipped: 0
Mean displacement: 0.00 um
Max displacement: 0.00 um 
Runtime: CPU: 0:00:00.2 REAL: 0:00:00.0 MEM: 1399.9MB
*** Finished refinePlace (0:19:00 mem=1399.9M) ***

Active setup views:
 MyAnView
  Dominating endpoints: 0
  Dominating TNS: -0.000

Extraction called for design 'myfir' of instances=3148 and nets=4014 using extraction engine 'preRoute' .
PreRoute RC Extraction called for design myfir.
RC Extraction called in multi-corner(1) mode.
RCMode: PreRoute
      RC Corner Indexes            0   
Capacitance Scaling Factor   : 1.00000 
Resistance Scaling Factor    : 1.00000 
Clock Cap. Scaling Factor    : 1.00000 
Clock Res. Scaling Factor    : 1.00000 
Shrink Factor                : 1.00000
PreRoute extraction is honoring NDR/Shielding/ExtraSpace for clock nets.
Using capacitance table file ...
Updating RC grid for preRoute extraction ...
Initializing multi-corner capacitance tables ... 
Initializing multi-corner resistance tables ...
PreRoute RC Extraction DONE (CPU Time: 0:00:00.4  Real Time: 0:00:00.0  MEM: 1348.398M)
Starting delay calculation for Setup views
#################################################################################
# Design Stage: PreRoute
# Design Name: myfir
# Design Mode: 45nm
# Analysis Mode: MMMC Non-OCV 
# Parasitics Mode: No SPEF/RCDB 
# Signoff Settings: SI Off 
#################################################################################
Calculate delays in Single mode...
Start delay calculation (fullDC) (1 T). (MEM=1350.41)
Total number of fetched objects 4222
End delay calculation. (MEM=1377.62 CPU=0:00:02.8 REAL=0:00:03.0)
End delay calculation (fullDC). (MEM=1377.62 CPU=0:00:03.3 REAL=0:00:03.0)
*** Done Building Timing Graph (cpu=0:00:04.0 real=0:00:04.0 totSessionCpu=0:19:05 mem=1377.6M)
Reported timing to dir ./timingReports
**optDesign ... cpu = 0:00:35, real = 0:00:35, mem = 1130.9M, totSessionCpu=0:19:05 **

------------------------------------------------------------
     optDesign Final Summary                             
------------------------------------------------------------

Setup views included:
 MyAnView 

+--------------------+---------+---------+---------+---------+
|     Setup mode     |   all   | reg2reg |reg2cgate| default |
+--------------------+---------+---------+---------+---------+
|           WNS (ns):|  4.403  |  4.403  |  7.213  |  6.711  |
|           TNS (ns):|  0.000  |  0.000  |  0.000  |  0.000  |
|    Violating Paths:|    0    |    0    |    0    |    0    |
|          All Paths:|   539   |   119   |   11    |   409   |
+--------------------+---------+---------+---------+---------+

+----------------+-------------------------------+------------------+
|                |              Real             |       Total      |
|    DRVs        +------------------+------------+------------------|
|                |  Nr nets(terms)  | Worst Vio  |  Nr nets(terms)  |
+----------------+------------------+------------+------------------+
|   max_cap      |      0 (0)       |   0.000    |      0 (0)       |
|   max_tran     |      0 (0)       |   0.000    |      0 (0)       |
|   max_fanout   |      0 (0)       |     0      |      0 (0)       |
|   max_length   |      0 (0)       |     0      |      0 (0)       |
+----------------+------------------+------------+------------------+

Density: 69.659%
Routing Overflow: 0.00% H and 0.00% V
------------------------------------------------------------
**optDesign ... cpu = 0:00:36, real = 0:00:38, mem = 1134.1M, totSessionCpu=0:19:06 **
*** Finished optDesign ***
Info: Destroy the CCOpt slew target map.
Set place::cacheFPlanSiteMark to 0

*** Summary of all messages that are not suppressed in this session:
Severity  ID               Count  Summary                                  
WARNING   IMPSP-9025           1  No scan chain specified/traced.          
WARNING   IMPCCOPT-1361        3  Routing configuration for %s nets in clo...
WARNING   IMPCCOPT-1184        1  The library has no usable balanced %ss f...
WARNING   IMPTCM-77            1  Option "%s" for command %s is obsolete a...
*** Message Summary: 6 warning(s), 0 error(s)

#% End ccopt_design (date=10/25 23:35:51, total cpu=0:00:57.1, real=0:00:59.0, peak res=1144.8M, current mem=1051.5M)
<CMD> create_ccopt_clock_tree -name MY_CLK -source CLK
**WARN: (IMPCCOPT-4298):	Replacing clock tree MY_CLK with clock tree MY_CLK, as they have the same source pin CLK.
Un-defining clock tree MY_CLK.
Extracting original clock gating for MY_CLK...
  clock_tree MY_CLK contains 255 sinks and 23 clock gates.
  Extraction for MY_CLK complete.
Extracting original clock gating for MY_CLK done.
<CMD> ccopt_design
#% Begin ccopt_design (date=10/25 23:36:44, mem=1051.6M)
Runtime...
**INFO: User's settings:
setNanoRouteMode -droutePostRouteSpreadWire         1
setNanoRouteMode -extractThirdPartyCompatible       false
setNanoRouteMode -grouteExpTdStdDelay               10.1
setNanoRouteMode -timingEngine                      {}
setDesignMode -process                              45
setExtractRCMode -coupling_c_th                     0.1
setExtractRCMode -engine                            preRoute
setExtractRCMode -relative_c_th                     1
setExtractRCMode -total_c_th                        0
setDelayCalMode -enable_high_fanout                 true
setDelayCalMode -eng_copyNetPropToNewNet            true
setDelayCalMode -engine                             aae
setDelayCalMode -ignoreNetLoad                      false
setOptMode -activeSetupViews                        { MyAnView }
setOptMode -autoSetupViews                          { MyAnView}
setOptMode -autoTDGRSetupViews                      { MyAnView}
setOptMode -drcMargin                               0
setOptMode -fixCap                                  true
setOptMode -fixDrc                                  true
setOptMode -fixFanoutLoad                           false
setOptMode -fixTran                                 true
setOptMode -optimizeFF                              true
setOptMode -preserveAllSequential                   true
setOptMode -setupTargetSlack                        0
setPlaceMode -place_design_floorplan_mode           false
setPlaceMode -place_detail_check_route              false
setPlaceMode -place_detail_preserve_routing         true
setPlaceMode -place_detail_remove_affected_routing  false
setPlaceMode -place_detail_swap_eeq_cells           false
setPlaceMode -place_global_clock_gate_aware         true
setPlaceMode -place_global_cong_effort              auto
setPlaceMode -place_global_ignore_scan              true
setPlaceMode -place_global_ignore_spare             false
setPlaceMode -place_global_module_aware_spare       false
setPlaceMode -place_global_place_io_pins            true
setPlaceMode -place_global_reorder_scan             true
setPlaceMode -powerDriven                           false
setPlaceMode -timingDriven                          true
setRouteMode -earlyGlobalHonorMsvRouteConstraint    false
setRouteMode -earlyGlobalRoutePartitionPinGuide     true

(ccopt_design): CTS Engine: auto. Used Spec: pre-existing CCOPT spec.
Not setting up route_type 'default_route_type_nonleaf' from CTS mode settings, as it has already been done
Not setting up route_type 'default_route_type_leaf' from CTS mode settings, as it has already been done
Placement constraints of type 'region' or 'fence' will not be downgraded to 'guide' because the property change_fences_to_guides has been set to false.
Set place::cacheFPlanSiteMark to 1
'setDesignMode -flowEffort standard' => 'setOptMode -usefulSkewCCOpt standard' 
Using CCOpt effort standard.
CCOpt::Phase::Initialization...
Check Prerequisites...
**WARN: (IMPCCOPT-5046):	Net 'CLK' in clock tree 'MY_CLK' has existing routing that will be removed by CCOpt.
Type 'man IMPCCOPT-5046' for more detail.
**WARN: (IMPCCOPT-5046):	Net 'CTS_2' in clock tree 'MY_CLK' has existing routing that will be removed by CCOpt.
Type 'man IMPCCOPT-5046' for more detail.
**WARN: (IMPCCOPT-5046):	Net 'reg7_net79' in clock tree 'MY_CLK' has existing routing that will be removed by CCOpt.
Type 'man IMPCCOPT-5046' for more detail.
**WARN: (IMPCCOPT-5046):	Net 'reg8_net79' in clock tree 'MY_CLK' has existing routing that will be removed by CCOpt.
Type 'man IMPCCOPT-5046' for more detail.
**WARN: (IMPCCOPT-5046):	Net 'reg9_net79' in clock tree 'MY_CLK' has existing routing that will be removed by CCOpt.
Type 'man IMPCCOPT-5046' for more detail.
**WARN: (IMPCCOPT-5046):	Net 'reg10_net79' in clock tree 'MY_CLK' has existing routing that will be removed by CCOpt.
Type 'man IMPCCOPT-5046' for more detail.
**WARN: (IMPCCOPT-5046):	Net 'cReg7_net79' in clock tree 'MY_CLK' has existing routing that will be removed by CCOpt.
Type 'man IMPCCOPT-5046' for more detail.
**WARN: (IMPCCOPT-5046):	Net 'cReg8_net79' in clock tree 'MY_CLK' has existing routing that will be removed by CCOpt.
Type 'man IMPCCOPT-5046' for more detail.
**WARN: (IMPCCOPT-5046):	Net 'cReg9_net79' in clock tree 'MY_CLK' has existing routing that will be removed by CCOpt.
Type 'man IMPCCOPT-5046' for more detail.
**WARN: (IMPCCOPT-5046):	Net 'CTS_1' in clock tree 'MY_CLK' has existing routing that will be removed by CCOpt.
Type 'man IMPCCOPT-5046' for more detail.
**WARN: (IMPCCOPT-5046):	Net 'reg2_net79' in clock tree 'MY_CLK' has existing routing that will be removed by CCOpt.
Type 'man IMPCCOPT-5046' for more detail.
**WARN: (IMPCCOPT-5046):	Net 'reg3_net79' in clock tree 'MY_CLK' has existing routing that will be removed by CCOpt.
Type 'man IMPCCOPT-5046' for more detail.
**WARN: (IMPCCOPT-5046):	Net 'reg4_net79' in clock tree 'MY_CLK' has existing routing that will be removed by CCOpt.
Type 'man IMPCCOPT-5046' for more detail.
**WARN: (IMPCCOPT-5046):	Net 'reg5_net79' in clock tree 'MY_CLK' has existing routing that will be removed by CCOpt.
Type 'man IMPCCOPT-5046' for more detail.
**WARN: (IMPCCOPT-5046):	Net 'reg6_net79' in clock tree 'MY_CLK' has existing routing that will be removed by CCOpt.
Type 'man IMPCCOPT-5046' for more detail.
**WARN: (IMPCCOPT-5046):	Net 'cReg3_net79' in clock tree 'MY_CLK' has existing routing that will be removed by CCOpt.
Type 'man IMPCCOPT-5046' for more detail.
**WARN: (IMPCCOPT-5046):	Net 'cReg4_net79' in clock tree 'MY_CLK' has existing routing that will be removed by CCOpt.
Type 'man IMPCCOPT-5046' for more detail.
**WARN: (IMPCCOPT-5046):	Net 'cReg6_net79' in clock tree 'MY_CLK' has existing routing that will be removed by CCOpt.
Type 'man IMPCCOPT-5046' for more detail.
**WARN: (IMPCCOPT-5046):	Net 'CTS_5' in clock tree 'MY_CLK' has existing routing that will be removed by CCOpt.
Type 'man IMPCCOPT-5046' for more detail.
**WARN: (IMPCCOPT-5046):	Net 'CTS_4' in clock tree 'MY_CLK' has existing routing that will be removed by CCOpt.
Type 'man IMPCCOPT-5046' for more detail.
**WARN: (EMS-27):	Message (IMPCCOPT-5046) has exceeded the current message display limit of 20.
To increase the message display limit, refer to the product command reference manual.
**WARN: (IMPCCOPT-5047):	Found 28 clock net(s) with existing routing that will be removed by CCOpt.
Type 'man IMPCCOPT-5047' for more detail.
Leaving CCOpt scope - CheckPlace...
Begin checking placement ... (start mem=1272.9M, init mem=1289.6M)
*info: Placed = 3148           (Fixed = 27)
*info: Unplaced = 0           
Placement Density:69.66%(7056/10129)
Placement Density (including fixed std cells):69.66%(7056/10129)
Finished checkPlace (total: cpu=0:00:00.1, real=0:00:00.0; vio checks: cpu=0:00:00.0, real=0:00:00.0; mem=1289.6M)
Leaving CCOpt scope - CheckPlace done. (took cpu=0:00:00.1 real=0:00:00.1)
**WARN: (IMPCCOPT-2015):	Innovus will not update I/O latencies for the following reason(s):
 * There are 1 clocks in propagated mode.

Found 0 ideal nets, 0 pins with transition annotations, 0 instances with delay annotations, 0 nets with delay annotations, refer to logv for details.

Check Prerequisites done. (took cpu=0:00:00.1 real=0:00:00.1)
CCOpt::Phase::Initialization done. (took cpu=0:00:00.1 real=0:00:00.1)
Executing ccopt post-processing.
Synthesizing clock trees with CCOpt...
CCOpt::Phase::PreparingToBalance...
Leaving CCOpt scope - Initializing power interface...
Leaving CCOpt scope - Initializing power interface done. (took cpu=0:00:00.0 real=0:00:00.0)
Found 0 advancing pin insertion delay (0.000% of 255 clock tree sinks)
Found 0 delaying pin insertion delay (0.000% of 255 clock tree sinks)
Leaving CCOpt scope - optDesignGlobalRouteStep...
[NR-eGR] Track table information for default rule: 
[NR-eGR] metal1 has no routable track
[NR-eGR] metal2 has single uniform track structure
[NR-eGR] metal3 has single uniform track structure
[NR-eGR] metal4 has single uniform track structure
[NR-eGR] metal5 has single uniform track structure
[NR-eGR] metal6 has single uniform track structure
[NR-eGR] metal7 has single uniform track structure
[NR-eGR] metal8 has single uniform track structure
[NR-eGR] metal9 has single uniform track structure
[NR-eGR] metal10 has single uniform track structure
[NR-eGR] Read 154 PG shapes
[NR-eGR] #Routing Blockages  : 0
[NR-eGR] #Instance Blockages : 0
[NR-eGR] #PG Blockages       : 154
[NR-eGR] #Halo Blockages     : 0
[NR-eGR] #Boundary Blockages : 0
[NR-eGR] Num Prerouted Nets = 28  Num Prerouted Wires = 891
[NR-eGR] Read numTotalNets=3934  numIgnoredNets=28
[NR-eGR] ============ Routing rule table ============
[NR-eGR] Rule id: 0  Nets: 0 
[NR-eGR] Rule id: 1  Nets: 3906 
[NR-eGR] ========================================
[NR-eGR] 
[NR-eGR] Layer group 1: route 3906 net(s) in layer range [2, 10]
[NR-eGR] Early Global Route overflow of layer group 1: 0.00% H + 0.00% V. EstWL: 3.024140e+04um
[NR-eGR] Congestion Analysis By layer: (blocked Gcells are excluded) 
[NR-eGR]                        OverCon            
[NR-eGR]                         #Gcell     %Gcell
[NR-eGR]       Layer                (2)    OverCon 
[NR-eGR] ----------------------------------------------
[NR-eGR]  metal1  (1)         0( 0.00%)   ( 0.00%) 
[NR-eGR]  metal2  (2)         0( 0.00%)   ( 0.00%) 
[NR-eGR]  metal3  (3)         0( 0.00%)   ( 0.00%) 
[NR-eGR]  metal4  (4)         1( 0.02%)   ( 0.02%) 
[NR-eGR]  metal5  (5)         0( 0.00%)   ( 0.00%) 
[NR-eGR]  metal6  (6)         0( 0.00%)   ( 0.00%) 
[NR-eGR]  metal7  (7)         1( 0.02%)   ( 0.02%) 
[NR-eGR]  metal8  (8)         0( 0.00%)   ( 0.00%) 
[NR-eGR]  metal9  (9)         0( 0.00%)   ( 0.00%) 
[NR-eGR] metal10 (10)         0( 0.00%)   ( 0.00%) 
[NR-eGR] ----------------------------------------------
[NR-eGR] Total                2( 0.00%)   ( 0.00%) 
[NR-eGR] 
[NR-eGR] Overflow after Early Global Route (GR compatible) 0.00% H + 0.00% V
[NR-eGR] Overflow after Early Global Route 0.00% H + 0.00% V
[NR-eGR] Started Export DB wires ( Curr Mem: 1289.63 MB )
[NR-eGR] Started Export all nets ( Curr Mem: 1289.63 MB )
[NR-eGR] Finished Export all nets ( CPU: 0.04 sec, Real: 0.04 sec, Curr Mem: 1289.63 MB )
[NR-eGR] Started Set wire vias ( Curr Mem: 1289.63 MB )
[NR-eGR] Finished Set wire vias ( CPU: 0.01 sec, Real: 0.01 sec, Curr Mem: 1289.63 MB )
[NR-eGR] Finished Export DB wires ( CPU: 0.05 sec, Real: 0.05 sec, Curr Mem: 1289.63 MB )
[NR-eGR] --------------------------------------------------------------------------
[NR-eGR] metal1  (1F) length: 1.030000e+00um, number of vias: 12310
[NR-eGR] metal2  (2V) length: 9.484590e+03um, number of vias: 14858
[NR-eGR] metal3  (3H) length: 1.360103e+04um, number of vias: 5210
[NR-eGR] metal4  (4V) length: 7.957290e+03um, number of vias: 430
[NR-eGR] metal5  (5H) length: 8.943250e+02um, number of vias: 385
[NR-eGR] metal6  (6V) length: 1.768065e+03um, number of vias: 16
[NR-eGR] metal7  (7H) length: 1.776500e+01um, number of vias: 9
[NR-eGR] metal8  (8V) length: 8.698000e+01um, number of vias: 5
[NR-eGR] metal9  (9H) length: 6.865000e+00um, number of vias: 2
[NR-eGR] metal10 (10V) length: 2.600000e+00um, number of vias: 0
[NR-eGR] Total length: 3.382054e+04um, number of vias: 33225
[NR-eGR] --------------------------------------------------------------------------
[NR-eGR] Total eGR-routed clock nets wire length: 0.000000e+00um 
[NR-eGR] --------------------------------------------------------------------------
[NR-eGR] Finished Early Global Route kernel ( CPU: 0.36 sec, Real: 0.36 sec, Curr Mem: 1276.12 MB )
Leaving CCOpt scope - optDesignGlobalRouteStep done. (took cpu=0:00:00.4 real=0:00:00.4)
Rebuilding timing graph...
Rebuilding timing graph done.
Legalization setup...
Using cell based legalization.
Legalization setup done. (took cpu=0:00:00.1 real=0:00:00.1)
Validating CTS configuration...
Checking module port directions...
Checking module port directions done. (took cpu=0:00:00.0 real=0:00:00.0)
Non-default CCOpt properties:
cannot_merge_reason is set for at least one object
clock_nets_detailed_routed: 1 (default: false)
cts_merge_clock_gates is set for at least one object
cts_merge_clock_logic is set for at least one object
route_type is set for at least one object
target_insertion_delay is set for at least one object
target_max_trans is set for at least one object
target_skew is set for at least one object
target_skew_wire is set for at least one object
Route type trimming info:
  No route type modifications were made.
Updating RC grid for preRoute extraction ...
Initializing multi-corner capacitance tables ... 
Initializing multi-corner resistance tables ...
**WARN: (IMPCCOPT-1184):	The library has no usable balanced inverters for power domain auto-default, while balancing clock_tree MY_CLK. If this is not intended behavior, you can specify a list of lib_cells to use with the inverter_cells property.
Clock tree balancer configuration for clock_tree MY_CLK:
Non-default CCOpt properties:
  cts_merge_clock_gates: true (default: false)
  cts_merge_clock_logic: true (default: false)
  route_type (leaf): default_route_type_leaf (default: default)
  route_type (trunk): default_route_type_nonleaf (default: default)
  route_type (top): default_route_type_nonleaf (default: default)
For power domain auto-default:
  Buffers:     CLKBUF_X3 CLKBUF_X2 CLKBUF_X1 
  Inverters:   
  Clock gates: CLKGATETST_X8 CLKGATETST_X4 CLKGATETST_X2 CLKGATETST_X1 
  Unblocked area available for placement of any clock cells in power_domain auto-default: 10129.280um^2
Top Routing info:
  Route-type name: default_route_type_nonleaf; Top/bottom preferred layer name: metal4/metal3; 
  Unshielded; Mask Constraint: 0; Source: route_type.
Trunk Routing info:
  Route-type name: default_route_type_nonleaf; Top/bottom preferred layer name: metal4/metal3; 
  Unshielded; Preferred extra space: 1; Mask Constraint: 0; Source: route_type.
Leaf Routing info:
  Route-type name: default_route_type_leaf; Top/bottom preferred layer name: metal4/metal3; 
  Unshielded; Preferred extra space: 1; Mask Constraint: 0; Source: route_type.
For timing_corner my_delay:both, late and power domain auto-default:
  Slew time target (leaf):    0.080ns
  Slew time target (trunk):   0.080ns
  Slew time target (top):     0.080ns (Note: no nets are considered top nets in this clock tree)
  Buffer unit delay: 0.047ns
  Buffer max distance: 597.377um
Fastest wire driving cells and distances:
  Buffer    : {lib_cell:CLKBUF_X3, fastest_considered_half_corner=my_delay:both.late, optimalDrivingDistance=597.377um, saturatedSlew=0.068ns, speed=4338.250um per ns, cellArea=2.226um^2 per 1000um}
  Clock gate (with test): {lib_cell:CLKGATETST_X8, fastest_considered_half_corner=my_delay:both.late, optimalDrivingDistance=728.875um, saturatedSlew=0.064ns, speed=5637.084um per ns, cellArea=10.583um^2 per 1000um}
  Clock gate   (no test): {lib_cell:CLKGATE_X8, fastest_considered_half_corner=my_delay:both.late, optimalDrivingDistance=707.875um, saturatedSlew=0.061ns, speed=5855.046um per ns, cellArea=9.770um^2 per 1000um}


Logic Sizing Table:

----------------------------------------------------------
Cell    Instance count    Source    Eligible library cells
----------------------------------------------------------
  (empty table)
----------------------------------------------------------


Clock tree balancer configuration for skew_group MY_CLK:
  Sources:                     pin CLK
  Total number of sinks:       255
  Delay constrained sinks:     255
  Non-leaf sinks:              0
  Ignore pins:                 0
 Timing corner my_delay:both.late:
  Skew target:                 0.500ns
**WARN: (IMPCCOPT-1361):	Routing configuration for top nets in clock tree MY_CLK: preferred layers metal3-metal4 are outside NanoRoute configured layer range. This is likely to cause routing correlation issues.
**WARN: (IMPCCOPT-1361):	Routing configuration for trunk nets in clock tree MY_CLK: preferred layers metal3-metal4 are outside NanoRoute configured layer range. This is likely to cause routing correlation issues.
**WARN: (IMPCCOPT-1361):	Routing configuration for leaf nets in clock tree MY_CLK: preferred layers metal3-metal4 are outside NanoRoute configured layer range. This is likely to cause routing correlation issues.
Primary reporting skew groups are:
skew_group MY_CLK with 255 clock sinks

Clock DAG stats initial state:
  cell counts      : b=4, i=0, icg=23, nicg=0, l=0, total=27
  cell areas       : b=3.990um^2, i=0.000um^2, icg=91.770um^2, nicg=0.000um^2, l=0.000um^2, total=95.760um^2
  hp wire lengths  : top=0.000um, trunk=285.910um, leaf=468.290um, total=754.200um
Clock DAG library cell distribution initial state {count}:
   Bufs: CLKBUF_X2: 3 CLKBUF_X1: 1 
   ICGs: CLKGATETST_X1: 23 

Distribution of half-perimeter wire length by ICG depth:

----------------------------------------------------------------------------
Min ICG    Max ICG    Count    HPWL
Depth      Depth               (um)
----------------------------------------------------------------------------
   0          0        24      [min=12, max=38, avg=20, sd=6, total=468]
   0          1         2      [min=47, max=61, avg=54, sd=10, total=108]
   1          1         2      [min=105, max=120, avg=112, sd=11, total=225]
----------------------------------------------------------------------------

No ideal or dont_touch nets found in the clock tree
No dont_touch hnets found in the clock tree
Validating CTS configuration done. (took cpu=0:00:02.4 real=0:00:02.4)
CCOpt configuration status: all checks passed.
Adding exclusion drivers to pins that are effective_sink_type exclude...
    Adding exclusion drivers (these will be instances of the smallest area library cells).
  No exclusion drivers are needed.
Adding exclusion drivers to pins that are effective_sink_type exclude done.
Antenna diode management...
  Found 0 antenna diodes in the clock trees.
  
Antenna diode management done.
Adding driver cells for primary IOs...
  
  ----------------------------------------------------------------------------------------------
  CCOpt reported the following when adding drivers below input ports and above output ports     
  ----------------------------------------------------------------------------------------------
    (empty table)
  ----------------------------------------------------------------------------------------------
  
  
Adding driver cells for primary IOs done.
Adding driver cell for primary IO roots...
Adding driver cell for primary IO roots done.
Maximizing clock DAG abstraction...
Maximizing clock DAG abstraction done.
CCOpt::Phase::PreparingToBalance done. (took cpu=0:00:03.2 real=0:00:03.2)
Synthesizing clock trees...
  Preparing To Balance...
  Library trimming clock gates in power domain auto-default and half-corner my_delay:both.late removed 0 of 4 cells
  Original list had 4 cells:
  CLKGATETST_X8 CLKGATETST_X4 CLKGATETST_X2 CLKGATETST_X1 
  Library trimming was not able to trim any cells:
  CLKGATETST_X8 CLKGATETST_X4 CLKGATETST_X2 CLKGATETST_X1 
  Merging duplicate siblings in DAG...
    Clock DAG stats before merging:
      cell counts      : b=0, i=0, icg=23, nicg=0, l=0, total=23
      cell areas       : b=0.000um^2, i=0.000um^2, icg=91.770um^2, nicg=0.000um^2, l=0.000um^2, total=91.770um^2
      hp wire lengths  : top=0.000um, trunk=0.000um, leaf=455.680um, total=455.680um
    Clock DAG library cell distribution before merging {count}:
       ICGs: CLKGATETST_X1: 23 
    Resynthesising clock tree into netlist...
      Reset timing graph...
Ignoring AAE DB Resetting ...
      Reset timing graph done.
    Resynthesising clock tree into netlist done.
    
    Clock gate merging summary:
    
    ----------------------------------------------------------
    Description                          Number of occurrences
    ----------------------------------------------------------
    Total clock gates                             23
    Globally unique enables                        2
    Potentially mergeable clock gates             21
    Actually merged clock gates                    0
    ----------------------------------------------------------
    
    --------------------------------------------
    Cannot merge reason    Number of occurrences
    --------------------------------------------
    UndrivenTestPins                23
    --------------------------------------------
    
    Disconnecting clock tree from netlist...
    Disconnecting clock tree from netlist done.
  Merging duplicate siblings in DAG done.
  Preparing To Balance done. (took cpu=0:00:00.3 real=0:00:00.3)
  CCOpt::Phase::Construction...
  Stage::Clustering...
  Clustering...
    Initialize for clustering...
    Clock DAG stats before clustering:
      cell counts      : b=0, i=0, icg=23, nicg=0, l=0, total=23
      cell areas       : b=0.000um^2, i=0.000um^2, icg=177.422um^2, nicg=0.000um^2, l=0.000um^2, total=177.422um^2
      hp wire lengths  : top=0.000um, trunk=0.000um, leaf=455.680um, total=455.680um
    Clock DAG library cell distribution before clustering {count}:
       ICGs: CLKGATETST_X8: 23 
    Computing max distances from locked parents...
      Computing distance_from_locked_parent_restrictions for 0 nodes driven by 0 locked parents
    Computing max distances from locked parents done.
    Initialize for clustering done. (took cpu=0:00:00.0 real=0:00:00.0)
    Bottom-up phase...
    Clustering clock_tree MY_CLK...
        Clock tree timing engine global stage delay update for my_delay:both.late...
        Clock tree timing engine global stage delay update for my_delay:both.late done. (took cpu=0:00:00.1 real=0:00:00.1)
    Clustering clock_tree MY_CLK done.
    Clock DAG stats after bottom-up phase:
      cell counts      : b=4, i=0, icg=23, nicg=0, l=0, total=27
      cell areas       : b=5.320um^2, i=0.000um^2, icg=175.028um^2, nicg=0.000um^2, l=0.000um^2, total=180.348um^2
      hp wire lengths  : top=0.000um, trunk=284.560um, leaf=428.255um, total=712.815um
    Clock DAG library cell distribution after bottom-up phase {count}:
       Bufs: CLKBUF_X3: 4 
       ICGs: CLKGATETST_X8: 22 CLKGATETST_X4: 1 
    Bottom-up phase done. (took cpu=0:00:00.7 real=0:00:00.7)
    Legalizing clock trees...
    Resynthesising clock tree into netlist...
      Reset timing graph...
Ignoring AAE DB Resetting ...
      Reset timing graph done.
    Resynthesising clock tree into netlist done.
    Commiting net attributes....
    Commiting net attributes. done.
    Leaving CCOpt scope - ClockRefiner...
    Performing a single pass refine place with checks partially disabled for clock sinks and datapath.
*** Starting refinePlace (0:19:28 mem=1318.3M) ***
Total net bbox length = 2.825e+04 (1.230e+04 1.595e+04) (ext = 2.123e+03)
Move report: Detail placement moves 109 insts, mean move: 1.48 um, max move: 5.60 um
	Max move on inst (cReg10_Dout_reg_2_): (59.28, 5.04) --> (59.28, 10.64)
	Runtime: CPU: 0:00:00.2 REAL: 0:00:00.0 MEM: 1318.3MB
Summary Report:
Instances move: 109 (out of 3148 movable)
Instances flipped: 0
Mean displacement: 1.48 um
Max displacement: 5.60 um (Instance: cReg10_Dout_reg_2_) (59.28, 5.04) -> (59.28, 10.64)
	Length: 20 sites, height: 1 rows, site name: FreePDK45_38x28_10R_NP_162NW_34O, cell type: DFFR_X1
Total net bbox length = 2.838e+04 (1.237e+04 1.601e+04) (ext = 2.132e+03)
Runtime: CPU: 0:00:00.2 REAL: 0:00:00.0 MEM: 1318.3MB
*** Finished refinePlace (0:19:28 mem=1318.3M) ***
    ClockRefiner summary
    All clock instances: Moved 31, flipped 16 and cell swapped 0 (out of a total of 282).
    The largest move was 5.6 um for cReg10_Dout_reg_2_.
    Leaving CCOpt scope - ClockRefiner done. (took cpu=0:00:00.3 real=0:00:00.3)
    Disconnecting clock tree from netlist...
    Disconnecting clock tree from netlist done.
    Clock tree timing engine global stage delay update for my_delay:both.late...
    Clock tree timing engine global stage delay update for my_delay:both.late done. (took cpu=0:00:00.1 real=0:00:00.1)
    
    Clock tree legalization - Histogram:
    ====================================
    
    --------------------------------
    Movement (um)    Number of cells
    --------------------------------
    [0.76,0.964)            1
    [0.964,1.168)           0
    [1.168,1.372)           0
    [1.372,1.576)           1
    [1.576,1.78)            0
    [1.78,1.984)            0
    [1.984,2.188)           1
    [2.188,2.392)           0
    [2.392,2.596)           0
    [2.596,2.8)             2
    --------------------------------
    
    
    Clock tree legalization - Top 10 Movements:
    ===========================================
    
    -------------------------------------------------------------------------------------------------------------------------------------------------------------------------
    Movement (um)    Desired            Achieved           Node
                     location           location           
    -------------------------------------------------------------------------------------------------------------------------------------------------------------------------
        2.8          (57.570,14.840)    (57.570,12.040)    cell cReg10_clk_gate_Dout_reg/latch (a lib_cell CLKGATETST_X8) at (57.570,12.040), in power domain auto-default
        2.8          (34.200,14.840)    (34.200,12.040)    cell DataRegIn_clk_gate_Dout_reg/latch (a lib_cell CLKGATETST_X8) at (34.200,12.040), in power domain auto-default
        2.09         (54.910,80.640)    (57.000,80.640)    CTS_ccl_a_buf_00032 (a lib_cell CLKBUF_X3) at (57.000,80.640), in power domain auto-default
        1.4          (54.910,79.240)    (54.910,77.840)    cell reg6_clk_gate_Dout_reg/latch (a lib_cell CLKGATETST_X8) at (54.910,77.840), in power domain auto-default
        0.76         (54.910,14.840)    (54.150,14.840)    CTS_ccl_a_buf_00036 (a lib_cell CLKBUF_X3) at (54.150,14.840), in power domain auto-default
        0            (18.890,35.002)    (18.890,35.002)    cell cReg2_clk_gate_Dout_reg/latch (a lib_cell CLKGATETST_X8) at (14.250,34.440), in power domain auto-default
        0            (32.950,63.003)    (32.950,63.003)    cell reg3_clk_gate_Dout_reg/latch (a lib_cell CLKGATETST_X8) at (28.310,62.440), in power domain auto-default
        0            (54.760,15.210)    (54.760,15.210)    CTS_ccl_a_buf_00036 (a lib_cell CLKBUF_X3) at (54.150,14.840), in power domain auto-default
        0            (12.120,92.870)    (12.120,92.870)    cell cReg3_clk_gate_Dout_reg/latch (a lib_cell CLKGATETST_X4) at (11.590,91.840), in power domain auto-default
        0            (57.340,81.670)    (57.340,81.670)    CTS_ccl_a_buf_00032 (a lib_cell CLKBUF_X3) at (57.000,80.640), in power domain auto-default
    -------------------------------------------------------------------------------------------------------------------------------------------------------------------------
    
    Legalizing clock trees done. (took cpu=0:00:00.5 real=0:00:00.5)
    Clock DAG stats after 'Clustering':
      cell counts      : b=4, i=0, icg=23, nicg=0, l=0, total=27
      cell areas       : b=5.320um^2, i=0.000um^2, icg=175.028um^2, nicg=0.000um^2, l=0.000um^2, total=180.348um^2
      cell capacitance : b=5.685fF, i=0.000fF, icg=179.541fF, nicg=0.000fF, l=0.000fF, total=185.225fF
      sink capacitance : count=255, total=249.034fF, avg=0.977fF, sd=0.000fF, min=0.977fF, max=0.977fF
      wire capacitance : top=0.000fF, trunk=45.051fF, leaf=71.039fF, total=116.089fF
      wire lengths     : top=0.000um, trunk=465.710um, leaf=654.492um, total=1120.202um
      hp wire lengths  : top=0.000um, trunk=288.760um, leaf=430.845um, total=719.605um
    Clock DAG net violations after 'Clustering': none
    Clock DAG primary half-corner transition distribution after 'Clustering':
      Trunk : target=0.080ns count=4 avg=0.042ns sd=0.027ns min=0.002ns max=0.056ns {1 <= 0.048ns, 3 <= 0.064ns, 0 <= 0.072ns, 0 <= 0.076ns, 0 <= 0.080ns}
      Leaf  : target=0.080ns count=24 avg=0.009ns sd=0.001ns min=0.009ns max=0.013ns {24 <= 0.048ns, 0 <= 0.064ns, 0 <= 0.072ns, 0 <= 0.076ns, 0 <= 0.080ns}
    Clock DAG library cell distribution after 'Clustering' {count}:
       Bufs: CLKBUF_X3: 4 
       ICGs: CLKGATETST_X8: 22 CLKGATETST_X4: 1 
    Primary reporting skew groups after 'Clustering':
      skew_group MY_CLK: insertion delay [min=0.115, max=0.128, avg=0.122, sd=0.003], skew [0.013 vs 0.500], 100% {0.115, 0.128} (wid=0.009 ws=0.008) (gid=0.123 gs=0.011)
    Skew group summary after 'Clustering':
      skew_group MY_CLK: insertion delay [min=0.115, max=0.128, avg=0.122, sd=0.003], skew [0.013 vs 0.500], 100% {0.115, 0.128} (wid=0.009 ws=0.008) (gid=0.123 gs=0.011)
    Legalizer API calls during this step: 403 succeeded with high effort: 403 succeeded with medium effort: 0 succeeded with low effort: 0 succeeded with basic effort: 0 succeeded with basic unbounded effort: 0
  Clustering done. (took cpu=0:00:01.2 real=0:00:01.2)
  Looking for fanout violations...
  Looking for fanout violations done.
  CongRepair After Initial Clustering...
  Reset timing graph...
Ignoring AAE DB Resetting ...
  Reset timing graph done.
  Leaving CCOpt scope - Early Global Route...
  Clock implementation routing...
Net route status summary:
  Clock:        28 (unrouted=28, trialRouted=0, noStatus=0, routed=0, fixed=0, [crossesIlmBoundary=0, tooFewTerms=0, (crossesIlmBoundary AND tooFewTerms=0)])
  Non-clock:  3986 (unrouted=82, trialRouted=3904, noStatus=0, routed=0, fixed=0, [crossesIlmBoundary=0, tooFewTerms=80, (crossesIlmBoundary AND tooFewTerms=0)])
    Routing using eGR only...
      Early Global Route - eGR only step...
(ccopt eGR): There are 28 nets for routing of which 28 have one or more fixed wires.
(ccopt eGR): Start to route 28 all nets
[NR-eGR] Track table information for default rule: 
[NR-eGR] metal1 has no routable track
[NR-eGR] metal2 has single uniform track structure
[NR-eGR] metal3 has single uniform track structure
[NR-eGR] metal4 has single uniform track structure
[NR-eGR] metal5 has single uniform track structure
[NR-eGR] metal6 has single uniform track structure
[NR-eGR] metal7 has single uniform track structure
[NR-eGR] metal8 has single uniform track structure
[NR-eGR] metal9 has single uniform track structure
[NR-eGR] metal10 has single uniform track structure
[NR-eGR] Read 478 PG shapes
[NR-eGR] #Routing Blockages  : 0
[NR-eGR] #Instance Blockages : 0
[NR-eGR] #PG Blockages       : 478
[NR-eGR] #Halo Blockages     : 0
[NR-eGR] #Boundary Blockages : 0
[NR-eGR] Num Prerouted Nets = 0  Num Prerouted Wires = 0
[NR-eGR] Read numTotalNets=3934  numIgnoredNets=3906
[NR-eGR] Connected 0 must-join pins/ports
[NR-eGR] There are 28 clock nets ( 28 with NDR ).
[NR-eGR] ============ Routing rule table ============
[NR-eGR] Rule id: 0  Nets: 28 
[NR-eGR] Rule id: 1  Nets: 0 
[NR-eGR] ========================================
[NR-eGR] 
[NR-eGR] Layer group 1: route 28 net(s) in layer range [3, 4]
[NR-eGR] Early Global Route overflow of layer group 1: 0.00% H + 0.00% V. EstWL: 1.099000e+03um
[NR-eGR] Congestion Analysis By layer: (blocked Gcells are excluded) 
[NR-eGR]                        OverCon            
[NR-eGR]                         #Gcell     %Gcell
[NR-eGR]       Layer                (0)    OverCon 
[NR-eGR] ----------------------------------------------
[NR-eGR]  metal1  (1)         0( 0.00%)   ( 0.00%) 
[NR-eGR]  metal2  (2)         0( 0.00%)   ( 0.00%) 
[NR-eGR]  metal3  (3)         0( 0.00%)   ( 0.00%) 
[NR-eGR]  metal4  (4)         0( 0.00%)   ( 0.00%) 
[NR-eGR]  metal5  (5)         0( 0.00%)   ( 0.00%) 
[NR-eGR]  metal6  (6)         0( 0.00%)   ( 0.00%) 
[NR-eGR]  metal7  (7)         0( 0.00%)   ( 0.00%) 
[NR-eGR]  metal8  (8)         0( 0.00%)   ( 0.00%) 
[NR-eGR]  metal9  (9)         0( 0.00%)   ( 0.00%) 
[NR-eGR] metal10 (10)         0( 0.00%)   ( 0.00%) 
[NR-eGR] ----------------------------------------------
[NR-eGR] Total                0( 0.00%)   ( 0.00%) 
[NR-eGR] 
[NR-eGR] Overflow after Early Global Route (GR compatible) 0.00% H + 0.00% V
[NR-eGR] Overflow after Early Global Route 0.00% H + 0.00% V
[NR-eGR] Started Export DB wires ( Curr Mem: 1318.29 MB )
[NR-eGR] Started Export all nets ( Curr Mem: 1318.29 MB )
[NR-eGR] Finished Export all nets ( CPU: 0.00 sec, Real: 0.00 sec, Curr Mem: 1318.29 MB )
[NR-eGR] Started Set wire vias ( Curr Mem: 1318.29 MB )
[NR-eGR] Finished Set wire vias ( CPU: 0.00 sec, Real: 0.00 sec, Curr Mem: 1318.29 MB )
[NR-eGR] Finished Export DB wires ( CPU: 0.00 sec, Real: 0.00 sec, Curr Mem: 1318.29 MB )
[NR-eGR] --------------------------------------------------------------------------
[NR-eGR] metal1  (1F) length: 0.000000e+00um, number of vias: 12283
[NR-eGR] metal2  (2V) length: 9.564125e+03um, number of vias: 14923
[NR-eGR] metal3  (3H) length: 1.351510e+04um, number of vias: 5146
[NR-eGR] metal4  (4V) length: 7.813580e+03um, number of vias: 410
[NR-eGR] metal5  (5H) length: 6.852750e+02um, number of vias: 374
[NR-eGR] metal6  (6V) length: 1.634225e+03um, number of vias: 16
[NR-eGR] metal7  (7H) length: 1.776500e+01um, number of vias: 9
[NR-eGR] metal8  (8V) length: 8.698000e+01um, number of vias: 5
[NR-eGR] metal9  (9H) length: 6.865000e+00um, number of vias: 2
[NR-eGR] metal10 (10V) length: 2.600000e+00um, number of vias: 0
[NR-eGR] Total length: 3.332652e+04um, number of vias: 33168
[NR-eGR] --------------------------------------------------------------------------
[NR-eGR] Total eGR-routed clock nets wire length: 1.149280e+03um 
[NR-eGR] --------------------------------------------------------------------------
[NR-eGR] Report for selected net(s) only.
[NR-eGR] metal1  (1H) length: 0.000000e+00um, number of vias: 309
[NR-eGR] metal2  (2V) length: 2.807700e+02um, number of vias: 371
[NR-eGR] metal3  (3H) length: 4.909300e+02um, number of vias: 139
[NR-eGR] metal4  (4V) length: 3.775800e+02um, number of vias: 0
[NR-eGR] metal5  (5H) length: 0.000000e+00um, number of vias: 0
[NR-eGR] metal6  (6V) length: 0.000000e+00um, number of vias: 0
[NR-eGR] metal7  (7H) length: 0.000000e+00um, number of vias: 0
[NR-eGR] metal8  (8V) length: 0.000000e+00um, number of vias: 0
[NR-eGR] metal9  (9H) length: 0.000000e+00um, number of vias: 0
[NR-eGR] metal10 (10V) length: 0.000000e+00um, number of vias: 0
[NR-eGR] Total length: 1.149280e+03um, number of vias: 819
[NR-eGR] --------------------------------------------------------------------------
[NR-eGR] Total routed clock nets wire length: 1.149280e+03um, number of vias: 819
[NR-eGR] --------------------------------------------------------------------------
[NR-eGR] Finished Early Global Route kernel ( CPU: 0.14 sec, Real: 0.14 sec, Curr Mem: 1276.29 MB )
      Early Global Route - eGR only step done. (took cpu=0:00:00.2 real=0:00:00.2)
    Routing using eGR only done.
Net route status summary:
  Clock:        28 (unrouted=0, trialRouted=0, noStatus=0, routed=28, fixed=0, [crossesIlmBoundary=0, tooFewTerms=0, (crossesIlmBoundary AND tooFewTerms=0)])
  Non-clock:  3986 (unrouted=82, trialRouted=3904, noStatus=0, routed=0, fixed=0, [crossesIlmBoundary=0, tooFewTerms=80, (crossesIlmBoundary AND tooFewTerms=0)])

CCOPT: Done with clock implementation routing.

  Clock implementation routing done.
  CCOpt: Starting congestion repair using flow wrapper...
    Congestion Repair...
Info: Disable timing driven in postCTS congRepair.

Starting congRepair ...
[NR-eGR] Track table information for default rule: 
[NR-eGR] metal1 has no routable track
[NR-eGR] metal2 has single uniform track structure
[NR-eGR] metal3 has single uniform track structure
[NR-eGR] metal4 has single uniform track structure
[NR-eGR] metal5 has single uniform track structure
[NR-eGR] metal6 has single uniform track structure
[NR-eGR] metal7 has single uniform track structure
[NR-eGR] metal8 has single uniform track structure
[NR-eGR] metal9 has single uniform track structure
[NR-eGR] metal10 has single uniform track structure
[NR-eGR] Read 154 PG shapes
[NR-eGR] #Routing Blockages  : 0
[NR-eGR] #Instance Blockages : 0
[NR-eGR] #PG Blockages       : 154
[NR-eGR] #Halo Blockages     : 0
[NR-eGR] #Boundary Blockages : 0
[NR-eGR] Num Prerouted Nets = 28  Num Prerouted Wires = 1146
[NR-eGR] Read numTotalNets=3934  numIgnoredNets=28
[NR-eGR] ============ Routing rule table ============
[NR-eGR] Rule id: 0  Nets: 0 
[NR-eGR] Rule id: 1  Nets: 3906 
[NR-eGR] ========================================
[NR-eGR] 
[NR-eGR] Layer group 1: route 3906 net(s) in layer range [2, 10]
[NR-eGR] Early Global Route overflow of layer group 1: 0.00% H + 0.00% V. EstWL: 3.037160e+04um
[NR-eGR] Congestion Analysis By layer: (blocked Gcells are excluded) 
[NR-eGR]                        OverCon            
[NR-eGR]                         #Gcell     %Gcell
[NR-eGR]       Layer                (1)    OverCon 
[NR-eGR] ----------------------------------------------
[NR-eGR]  metal1  (1)         0( 0.00%)   ( 0.00%) 
[NR-eGR]  metal2  (2)         0( 0.00%)   ( 0.00%) 
[NR-eGR]  metal3  (3)         0( 0.00%)   ( 0.00%) 
[NR-eGR]  metal4  (4)         1( 0.02%)   ( 0.02%) 
[NR-eGR]  metal5  (5)         0( 0.00%)   ( 0.00%) 
[NR-eGR]  metal6  (6)         0( 0.00%)   ( 0.00%) 
[NR-eGR]  metal7  (7)         0( 0.00%)   ( 0.00%) 
[NR-eGR]  metal8  (8)         0( 0.00%)   ( 0.00%) 
[NR-eGR]  metal9  (9)         0( 0.00%)   ( 0.00%) 
[NR-eGR] metal10 (10)         0( 0.00%)   ( 0.00%) 
[NR-eGR] ----------------------------------------------
[NR-eGR] Total                1( 0.00%)   ( 0.00%) 
[NR-eGR] 
[NR-eGR] Overflow after Early Global Route (GR compatible) 0.00% H + 0.00% V
[NR-eGR] Overflow after Early Global Route 0.00% H + 0.00% V
Early Global Route congestion estimation runtime: 0.13 seconds, mem = 1276.3M
Local HotSpot Analysis: normalized max congestion hotspot area = 0.00, normalized total congestion hotspot area = 0.00 (area is in unit of 4 std-cell row bins)
Skipped repairing congestion.
[NR-eGR] Started Export DB wires ( Curr Mem: 1276.29 MB )
[NR-eGR] Started Export all nets ( Curr Mem: 1276.29 MB )
[NR-eGR] Finished Export all nets ( CPU: 0.04 sec, Real: 0.04 sec, Curr Mem: 1276.29 MB )
[NR-eGR] Started Set wire vias ( Curr Mem: 1276.29 MB )
[NR-eGR] Finished Set wire vias ( CPU: 0.00 sec, Real: 0.01 sec, Curr Mem: 1276.29 MB )
[NR-eGR] Finished Export DB wires ( CPU: 0.04 sec, Real: 0.05 sec, Curr Mem: 1276.29 MB )
[NR-eGR] --------------------------------------------------------------------------
[NR-eGR] metal1  (1F) length: 0.000000e+00um, number of vias: 12309
[NR-eGR] metal2  (2V) length: 9.455860e+03um, number of vias: 14949
[NR-eGR] metal3  (3H) length: 1.373419e+04um, number of vias: 5288
[NR-eGR] metal4  (4V) length: 7.942145e+03um, number of vias: 471
[NR-eGR] metal5  (5H) length: 8.486550e+02um, number of vias: 414
[NR-eGR] metal6  (6V) length: 1.965615e+03um, number of vias: 22
[NR-eGR] metal7  (7H) length: 9.895000e+00um, number of vias: 11
[NR-eGR] metal8  (8V) length: 7.998000e+01um, number of vias: 5
[NR-eGR] metal9  (9H) length: 6.865000e+00um, number of vias: 2
[NR-eGR] metal10 (10V) length: 1.760000e+00um, number of vias: 0
[NR-eGR] Total length: 3.404497e+04um, number of vias: 33471
[NR-eGR] --------------------------------------------------------------------------
[NR-eGR] Total eGR-routed clock nets wire length: 0.000000e+00um 
[NR-eGR] --------------------------------------------------------------------------
Early Global Route wiring runtime: 0.16 seconds, mem = 1276.3M
Tdgp not successfully inited but do clear! skip clearing
End of congRepair (cpu=0:00:00.3, real=0:00:00.0)
    Congestion Repair done. (took cpu=0:00:00.3 real=0:00:00.3)
  CCOpt: Starting congestion repair using flow wrapper done.
  Leaving CCOpt scope - Early Global Route done. (took cpu=0:00:00.7 real=0:00:00.7)
  Leaving CCOpt scope - extractRC...
  Updating RC parasitics by calling: "extractRC -noRouteCheck"...
Extraction called for design 'myfir' of instances=3148 and nets=4014 using extraction engine 'preRoute' .
PreRoute RC Extraction called for design myfir.
RC Extraction called in multi-corner(1) mode.
RCMode: PreRoute
      RC Corner Indexes            0   
Capacitance Scaling Factor   : 1.00000 
Resistance Scaling Factor    : 1.00000 
Clock Cap. Scaling Factor    : 1.00000 
Clock Res. Scaling Factor    : 1.00000 
Shrink Factor                : 1.00000
PreRoute extraction is honoring NDR/Shielding/ExtraSpace for clock nets.
Using capacitance table file ...
Updating RC grid for preRoute extraction ...
Initializing multi-corner capacitance tables ... 
Initializing multi-corner resistance tables ...
PreRoute RC Extraction DONE (CPU Time: 0:00:00.4  Real Time: 0:00:00.0  MEM: 1276.289M)
  Updating RC parasitics by calling: "extractRC -noRouteCheck" done.
  Leaving CCOpt scope - extractRC done. (took cpu=0:00:00.4 real=0:00:00.4)
  Clock tree timing engine global stage delay update for my_delay:both.late...
  Clock tree timing engine global stage delay update for my_delay:both.late done. (took cpu=0:00:00.1 real=0:00:00.1)
  Clock DAG stats after clustering cong repair call:
    cell counts      : b=4, i=0, icg=23, nicg=0, l=0, total=27
    cell areas       : b=5.320um^2, i=0.000um^2, icg=175.028um^2, nicg=0.000um^2, l=0.000um^2, total=180.348um^2
    cell capacitance : b=5.685fF, i=0.000fF, icg=179.541fF, nicg=0.000fF, l=0.000fF, total=185.225fF
    sink capacitance : count=255, total=249.034fF, avg=0.977fF, sd=0.000fF, min=0.977fF, max=0.977fF
    wire capacitance : top=0.000fF, trunk=45.205fF, leaf=71.151fF, total=116.356fF
    wire lengths     : top=0.000um, trunk=465.710um, leaf=654.492um, total=1120.202um
    hp wire lengths  : top=0.000um, trunk=288.760um, leaf=430.845um, total=719.605um
  Clock DAG net violations after clustering cong repair call: none
  Clock DAG primary half-corner transition distribution after clustering cong repair call:
    Trunk : target=0.080ns count=4 avg=0.042ns sd=0.027ns min=0.002ns max=0.056ns {1 <= 0.048ns, 3 <= 0.064ns, 0 <= 0.072ns, 0 <= 0.076ns, 0 <= 0.080ns}
    Leaf  : target=0.080ns count=24 avg=0.009ns sd=0.001ns min=0.009ns max=0.013ns {24 <= 0.048ns, 0 <= 0.064ns, 0 <= 0.072ns, 0 <= 0.076ns, 0 <= 0.080ns}
  Clock DAG library cell distribution after clustering cong repair call {count}:
     Bufs: CLKBUF_X3: 4 
     ICGs: CLKGATETST_X8: 22 CLKGATETST_X4: 1 
  Primary reporting skew groups after clustering cong repair call:
    skew_group MY_CLK: insertion delay [min=0.115, max=0.128, avg=0.122, sd=0.003], skew [0.013 vs 0.500], 100% {0.115, 0.128} (wid=0.009 ws=0.008) (gid=0.123 gs=0.011)
  Skew group summary after clustering cong repair call:
    skew_group MY_CLK: insertion delay [min=0.115, max=0.128, avg=0.122, sd=0.003], skew [0.013 vs 0.500], 100% {0.115, 0.128} (wid=0.009 ws=0.008) (gid=0.123 gs=0.011)
  CongRepair After Initial Clustering done. (took cpu=0:00:01.2 real=0:00:01.2)
  Stage::Clustering done. (took cpu=0:00:02.4 real=0:00:02.4)
  Stage::DRV Fixing...
  Fixing clock tree slew time and max cap violations...
    Fixing clock tree overload: ...20% ...40% ...60% ...80% ...100% 
    Clock DAG stats after 'Fixing clock tree slew time and max cap violations':
      cell counts      : b=4, i=0, icg=23, nicg=0, l=0, total=27
      cell areas       : b=5.320um^2, i=0.000um^2, icg=175.028um^2, nicg=0.000um^2, l=0.000um^2, total=180.348um^2
      cell capacitance : b=5.685fF, i=0.000fF, icg=179.541fF, nicg=0.000fF, l=0.000fF, total=185.225fF
      sink capacitance : count=255, total=249.034fF, avg=0.977fF, sd=0.000fF, min=0.977fF, max=0.977fF
      wire capacitance : top=0.000fF, trunk=45.205fF, leaf=71.151fF, total=116.356fF
      wire lengths     : top=0.000um, trunk=465.710um, leaf=654.492um, total=1120.202um
      hp wire lengths  : top=0.000um, trunk=288.760um, leaf=430.845um, total=719.605um
    Clock DAG net violations after 'Fixing clock tree slew time and max cap violations': none
    Clock DAG primary half-corner transition distribution after 'Fixing clock tree slew time and max cap violations':
      Trunk : target=0.080ns count=4 avg=0.042ns sd=0.027ns min=0.002ns max=0.056ns {1 <= 0.048ns, 3 <= 0.064ns, 0 <= 0.072ns, 0 <= 0.076ns, 0 <= 0.080ns}
      Leaf  : target=0.080ns count=24 avg=0.009ns sd=0.001ns min=0.009ns max=0.013ns {24 <= 0.048ns, 0 <= 0.064ns, 0 <= 0.072ns, 0 <= 0.076ns, 0 <= 0.080ns}
    Clock DAG library cell distribution after 'Fixing clock tree slew time and max cap violations' {count}:
       Bufs: CLKBUF_X3: 4 
       ICGs: CLKGATETST_X8: 22 CLKGATETST_X4: 1 
    Primary reporting skew groups after 'Fixing clock tree slew time and max cap violations':
      skew_group MY_CLK: insertion delay [min=0.115, max=0.128], skew [0.013 vs 0.500]
    Skew group summary after 'Fixing clock tree slew time and max cap violations':
      skew_group MY_CLK: insertion delay [min=0.115, max=0.128], skew [0.013 vs 0.500]
    Legalizer API calls during this step: 0 succeeded with high effort: 0 succeeded with medium effort: 0 succeeded with low effort: 0 succeeded with basic effort: 0 succeeded with basic unbounded effort: 0
  Fixing clock tree slew time and max cap violations done. (took cpu=0:00:00.0 real=0:00:00.0)
  Fixing clock tree slew time and max cap violations - detailed pass...
    Fixing clock tree overload: ...20% ...40% ...60% ...80% ...100% 
    Clock DAG stats after 'Fixing clock tree slew time and max cap violations - detailed pass':
      cell counts      : b=4, i=0, icg=23, nicg=0, l=0, total=27
      cell areas       : b=5.320um^2, i=0.000um^2, icg=175.028um^2, nicg=0.000um^2, l=0.000um^2, total=180.348um^2
      cell capacitance : b=5.685fF, i=0.000fF, icg=179.541fF, nicg=0.000fF, l=0.000fF, total=185.225fF
      sink capacitance : count=255, total=249.034fF, avg=0.977fF, sd=0.000fF, min=0.977fF, max=0.977fF
      wire capacitance : top=0.000fF, trunk=45.205fF, leaf=71.151fF, total=116.356fF
      wire lengths     : top=0.000um, trunk=465.710um, leaf=654.492um, total=1120.202um
      hp wire lengths  : top=0.000um, trunk=288.760um, leaf=430.845um, total=719.605um
    Clock DAG net violations after 'Fixing clock tree slew time and max cap violations - detailed pass': none
    Clock DAG primary half-corner transition distribution after 'Fixing clock tree slew time and max cap violations - detailed pass':
      Trunk : target=0.080ns count=4 avg=0.042ns sd=0.027ns min=0.002ns max=0.056ns {1 <= 0.048ns, 3 <= 0.064ns, 0 <= 0.072ns, 0 <= 0.076ns, 0 <= 0.080ns}
      Leaf  : target=0.080ns count=24 avg=0.009ns sd=0.001ns min=0.009ns max=0.013ns {24 <= 0.048ns, 0 <= 0.064ns, 0 <= 0.072ns, 0 <= 0.076ns, 0 <= 0.080ns}
    Clock DAG library cell distribution after 'Fixing clock tree slew time and max cap violations - detailed pass' {count}:
       Bufs: CLKBUF_X3: 4 
       ICGs: CLKGATETST_X8: 22 CLKGATETST_X4: 1 
    Primary reporting skew groups after 'Fixing clock tree slew time and max cap violations - detailed pass':
      skew_group MY_CLK: insertion delay [min=0.115, max=0.128, avg=0.122, sd=0.003], skew [0.013 vs 0.500], 100% {0.115, 0.128} (wid=0.009 ws=0.008) (gid=0.123 gs=0.011)
    Skew group summary after 'Fixing clock tree slew time and max cap violations - detailed pass':
      skew_group MY_CLK: insertion delay [min=0.115, max=0.128, avg=0.122, sd=0.003], skew [0.013 vs 0.500], 100% {0.115, 0.128} (wid=0.009 ws=0.008) (gid=0.123 gs=0.011)
    Legalizer API calls during this step: 0 succeeded with high effort: 0 succeeded with medium effort: 0 succeeded with low effort: 0 succeeded with basic effort: 0 succeeded with basic unbounded effort: 0
  Fixing clock tree slew time and max cap violations - detailed pass done. (took cpu=0:00:00.0 real=0:00:00.0)
  Stage::DRV Fixing done. (took cpu=0:00:00.1 real=0:00:00.1)
  Stage::Insertion Delay Reduction...
  Removing unnecessary root buffering...
    Clock DAG stats after 'Removing unnecessary root buffering':
      cell counts      : b=4, i=0, icg=23, nicg=0, l=0, total=27
      cell areas       : b=5.320um^2, i=0.000um^2, icg=175.028um^2, nicg=0.000um^2, l=0.000um^2, total=180.348um^2
      cell capacitance : b=5.685fF, i=0.000fF, icg=179.541fF, nicg=0.000fF, l=0.000fF, total=185.225fF
      sink capacitance : count=255, total=249.034fF, avg=0.977fF, sd=0.000fF, min=0.977fF, max=0.977fF
      wire capacitance : top=0.000fF, trunk=45.205fF, leaf=71.151fF, total=116.356fF
      wire lengths     : top=0.000um, trunk=465.710um, leaf=654.492um, total=1120.202um
      hp wire lengths  : top=0.000um, trunk=288.760um, leaf=430.845um, total=719.605um
    Clock DAG net violations after 'Removing unnecessary root buffering': none
    Clock DAG primary half-corner transition distribution after 'Removing unnecessary root buffering':
      Trunk : target=0.080ns count=4 avg=0.042ns sd=0.027ns min=0.002ns max=0.056ns {1 <= 0.048ns, 3 <= 0.064ns, 0 <= 0.072ns, 0 <= 0.076ns, 0 <= 0.080ns}
      Leaf  : target=0.080ns count=24 avg=0.009ns sd=0.001ns min=0.009ns max=0.013ns {24 <= 0.048ns, 0 <= 0.064ns, 0 <= 0.072ns, 0 <= 0.076ns, 0 <= 0.080ns}
    Clock DAG library cell distribution after 'Removing unnecessary root buffering' {count}:
       Bufs: CLKBUF_X3: 4 
       ICGs: CLKGATETST_X8: 22 CLKGATETST_X4: 1 
    Primary reporting skew groups after 'Removing unnecessary root buffering':
      skew_group MY_CLK: insertion delay [min=0.115, max=0.128], skew [0.013 vs 0.500]
    Skew group summary after 'Removing unnecessary root buffering':
      skew_group MY_CLK: insertion delay [min=0.115, max=0.128], skew [0.013 vs 0.500]
    Legalizer API calls during this step: 0 succeeded with high effort: 0 succeeded with medium effort: 0 succeeded with low effort: 0 succeeded with basic effort: 0 succeeded with basic unbounded effort: 0
  Removing unnecessary root buffering done. (took cpu=0:00:00.0 real=0:00:00.0)
  Removing unconstrained drivers...
    Clock DAG stats after 'Removing unconstrained drivers':
      cell counts      : b=4, i=0, icg=23, nicg=0, l=0, total=27
      cell areas       : b=5.320um^2, i=0.000um^2, icg=175.028um^2, nicg=0.000um^2, l=0.000um^2, total=180.348um^2
      cell capacitance : b=5.685fF, i=0.000fF, icg=179.541fF, nicg=0.000fF, l=0.000fF, total=185.225fF
      sink capacitance : count=255, total=249.034fF, avg=0.977fF, sd=0.000fF, min=0.977fF, max=0.977fF
      wire capacitance : top=0.000fF, trunk=45.205fF, leaf=71.151fF, total=116.356fF
      wire lengths     : top=0.000um, trunk=465.710um, leaf=654.492um, total=1120.202um
      hp wire lengths  : top=0.000um, trunk=288.760um, leaf=430.845um, total=719.605um
    Clock DAG net violations after 'Removing unconstrained drivers': none
    Clock DAG primary half-corner transition distribution after 'Removing unconstrained drivers':
      Trunk : target=0.080ns count=4 avg=0.042ns sd=0.027ns min=0.002ns max=0.056ns {1 <= 0.048ns, 3 <= 0.064ns, 0 <= 0.072ns, 0 <= 0.076ns, 0 <= 0.080ns}
      Leaf  : target=0.080ns count=24 avg=0.009ns sd=0.001ns min=0.009ns max=0.013ns {24 <= 0.048ns, 0 <= 0.064ns, 0 <= 0.072ns, 0 <= 0.076ns, 0 <= 0.080ns}
    Clock DAG library cell distribution after 'Removing unconstrained drivers' {count}:
       Bufs: CLKBUF_X3: 4 
       ICGs: CLKGATETST_X8: 22 CLKGATETST_X4: 1 
    Primary reporting skew groups after 'Removing unconstrained drivers':
      skew_group MY_CLK: insertion delay [min=0.115, max=0.128], skew [0.013 vs 0.500]
    Skew group summary after 'Removing unconstrained drivers':
      skew_group MY_CLK: insertion delay [min=0.115, max=0.128], skew [0.013 vs 0.500]
    Legalizer API calls during this step: 0 succeeded with high effort: 0 succeeded with medium effort: 0 succeeded with low effort: 0 succeeded with basic effort: 0 succeeded with basic unbounded effort: 0
  Removing unconstrained drivers done. (took cpu=0:00:00.0 real=0:00:00.0)
  Reducing insertion delay 1...
    Clock DAG stats after 'Reducing insertion delay 1':
      cell counts      : b=4, i=0, icg=23, nicg=0, l=0, total=27
      cell areas       : b=5.320um^2, i=0.000um^2, icg=175.028um^2, nicg=0.000um^2, l=0.000um^2, total=180.348um^2
      cell capacitance : b=5.685fF, i=0.000fF, icg=179.541fF, nicg=0.000fF, l=0.000fF, total=185.225fF
      sink capacitance : count=255, total=249.034fF, avg=0.977fF, sd=0.000fF, min=0.977fF, max=0.977fF
      wire capacitance : top=0.000fF, trunk=45.205fF, leaf=71.151fF, total=116.356fF
      wire lengths     : top=0.000um, trunk=465.710um, leaf=654.492um, total=1120.202um
      hp wire lengths  : top=0.000um, trunk=288.760um, leaf=430.845um, total=719.605um
    Clock DAG net violations after 'Reducing insertion delay 1': none
    Clock DAG primary half-corner transition distribution after 'Reducing insertion delay 1':
      Trunk : target=0.080ns count=4 avg=0.042ns sd=0.027ns min=0.002ns max=0.056ns {1 <= 0.048ns, 3 <= 0.064ns, 0 <= 0.072ns, 0 <= 0.076ns, 0 <= 0.080ns}
      Leaf  : target=0.080ns count=24 avg=0.009ns sd=0.001ns min=0.009ns max=0.013ns {24 <= 0.048ns, 0 <= 0.064ns, 0 <= 0.072ns, 0 <= 0.076ns, 0 <= 0.080ns}
    Clock DAG library cell distribution after 'Reducing insertion delay 1' {count}:
       Bufs: CLKBUF_X3: 4 
       ICGs: CLKGATETST_X8: 22 CLKGATETST_X4: 1 
    Primary reporting skew groups after 'Reducing insertion delay 1':
      skew_group MY_CLK: insertion delay [min=0.115, max=0.128], skew [0.013 vs 0.500]
    Skew group summary after 'Reducing insertion delay 1':
      skew_group MY_CLK: insertion delay [min=0.115, max=0.128], skew [0.013 vs 0.500]
    Legalizer API calls during this step: 6 succeeded with high effort: 6 succeeded with medium effort: 0 succeeded with low effort: 0 succeeded with basic effort: 0 succeeded with basic unbounded effort: 0
  Reducing insertion delay 1 done. (took cpu=0:00:00.1 real=0:00:00.1)
  Removing longest path buffering...
    Clock DAG stats after 'Removing longest path buffering':
      cell counts      : b=4, i=0, icg=23, nicg=0, l=0, total=27
      cell areas       : b=5.320um^2, i=0.000um^2, icg=175.028um^2, nicg=0.000um^2, l=0.000um^2, total=180.348um^2
      cell capacitance : b=5.685fF, i=0.000fF, icg=179.541fF, nicg=0.000fF, l=0.000fF, total=185.225fF
      sink capacitance : count=255, total=249.034fF, avg=0.977fF, sd=0.000fF, min=0.977fF, max=0.977fF
      wire capacitance : top=0.000fF, trunk=45.205fF, leaf=71.151fF, total=116.356fF
      wire lengths     : top=0.000um, trunk=465.710um, leaf=654.492um, total=1120.202um
      hp wire lengths  : top=0.000um, trunk=288.760um, leaf=430.845um, total=719.605um
    Clock DAG net violations after 'Removing longest path buffering': none
    Clock DAG primary half-corner transition distribution after 'Removing longest path buffering':
      Trunk : target=0.080ns count=4 avg=0.042ns sd=0.027ns min=0.002ns max=0.056ns {1 <= 0.048ns, 3 <= 0.064ns, 0 <= 0.072ns, 0 <= 0.076ns, 0 <= 0.080ns}
      Leaf  : target=0.080ns count=24 avg=0.009ns sd=0.001ns min=0.009ns max=0.013ns {24 <= 0.048ns, 0 <= 0.064ns, 0 <= 0.072ns, 0 <= 0.076ns, 0 <= 0.080ns}
    Clock DAG library cell distribution after 'Removing longest path buffering' {count}:
       Bufs: CLKBUF_X3: 4 
       ICGs: CLKGATETST_X8: 22 CLKGATETST_X4: 1 
    Primary reporting skew groups after 'Removing longest path buffering':
      skew_group MY_CLK: insertion delay [min=0.115, max=0.128], skew [0.013 vs 0.500]
    Skew group summary after 'Removing longest path buffering':
      skew_group MY_CLK: insertion delay [min=0.115, max=0.128], skew [0.013 vs 0.500]
    Legalizer API calls during this step: 0 succeeded with high effort: 0 succeeded with medium effort: 0 succeeded with low effort: 0 succeeded with basic effort: 0 succeeded with basic unbounded effort: 0
  Removing longest path buffering done. (took cpu=0:00:00.0 real=0:00:00.0)
  Reducing insertion delay 2...
    Clock DAG stats after 'Reducing insertion delay 2':
      cell counts      : b=4, i=0, icg=23, nicg=0, l=0, total=27
      cell areas       : b=5.320um^2, i=0.000um^2, icg=177.422um^2, nicg=0.000um^2, l=0.000um^2, total=182.742um^2
      cell capacitance : b=5.685fF, i=0.000fF, icg=183.061fF, nicg=0.000fF, l=0.000fF, total=188.746fF
      sink capacitance : count=255, total=249.034fF, avg=0.977fF, sd=0.000fF, min=0.977fF, max=0.977fF
      wire capacitance : top=0.000fF, trunk=44.311fF, leaf=72.245fF, total=116.556fF
      wire lengths     : top=0.000um, trunk=454.235um, leaf=665.317um, total=1119.552um
      hp wire lengths  : top=0.000um, trunk=281.540um, leaf=449.330um, total=730.870um
    Clock DAG net violations after 'Reducing insertion delay 2': none
    Clock DAG primary half-corner transition distribution after 'Reducing insertion delay 2':
      Trunk : target=0.080ns count=4 avg=0.042ns sd=0.027ns min=0.002ns max=0.056ns {1 <= 0.048ns, 3 <= 0.064ns, 0 <= 0.072ns, 0 <= 0.076ns, 0 <= 0.080ns}
      Leaf  : target=0.080ns count=24 avg=0.009ns sd=0.000ns min=0.009ns max=0.009ns {24 <= 0.048ns, 0 <= 0.064ns, 0 <= 0.072ns, 0 <= 0.076ns, 0 <= 0.080ns}
    Clock DAG library cell distribution after 'Reducing insertion delay 2' {count}:
       Bufs: CLKBUF_X3: 4 
       ICGs: CLKGATETST_X8: 23 
    Primary reporting skew groups after 'Reducing insertion delay 2':
      skew_group MY_CLK: insertion delay [min=0.115, max=0.125, avg=0.122, sd=0.003], skew [0.010 vs 0.500], 100% {0.115, 0.125} (wid=0.009 ws=0.008) (gid=0.120 gs=0.008)
    Skew group summary after 'Reducing insertion delay 2':
      skew_group MY_CLK: insertion delay [min=0.115, max=0.125, avg=0.122, sd=0.003], skew [0.010 vs 0.500], 100% {0.115, 0.125} (wid=0.009 ws=0.008) (gid=0.120 gs=0.008)
    Legalizer API calls during this step: 89 succeeded with high effort: 89 succeeded with medium effort: 0 succeeded with low effort: 0 succeeded with basic effort: 0 succeeded with basic unbounded effort: 0
  Reducing insertion delay 2 done. (took cpu=0:00:00.7 real=0:00:00.7)
  Stage::Insertion Delay Reduction done. (took cpu=0:00:00.8 real=0:00:00.8)
  CCOpt::Phase::Construction done. (took cpu=0:00:03.3 real=0:00:03.3)
  CCOpt::Phase::Implementation...
  Stage::Reducing Power...
  Improving clock tree routing...
    Iteration 1...
    Iteration 1 done.
    Clock DAG stats after 'Improving clock tree routing':
      cell counts      : b=4, i=0, icg=23, nicg=0, l=0, total=27
      cell areas       : b=5.320um^2, i=0.000um^2, icg=177.422um^2, nicg=0.000um^2, l=0.000um^2, total=182.742um^2
      cell capacitance : b=5.685fF, i=0.000fF, icg=183.061fF, nicg=0.000fF, l=0.000fF, total=188.746fF
      sink capacitance : count=255, total=249.034fF, avg=0.977fF, sd=0.000fF, min=0.977fF, max=0.977fF
      wire capacitance : top=0.000fF, trunk=42.873fF, leaf=72.245fF, total=115.117fF
      wire lengths     : top=0.000um, trunk=438.905um, leaf=665.317um, total=1104.222um
      hp wire lengths  : top=0.000um, trunk=281.540um, leaf=449.330um, total=730.870um
    Clock DAG net violations after 'Improving clock tree routing': none
    Clock DAG primary half-corner transition distribution after 'Improving clock tree routing':
      Trunk : target=0.080ns count=4 avg=0.042ns sd=0.027ns min=0.002ns max=0.056ns {1 <= 0.048ns, 3 <= 0.064ns, 0 <= 0.072ns, 0 <= 0.076ns, 0 <= 0.080ns}
      Leaf  : target=0.080ns count=24 avg=0.009ns sd=0.000ns min=0.009ns max=0.009ns {24 <= 0.048ns, 0 <= 0.064ns, 0 <= 0.072ns, 0 <= 0.076ns, 0 <= 0.080ns}
    Clock DAG library cell distribution after 'Improving clock tree routing' {count}:
       Bufs: CLKBUF_X3: 4 
       ICGs: CLKGATETST_X8: 23 
    Primary reporting skew groups after 'Improving clock tree routing':
      skew_group MY_CLK: insertion delay [min=0.112, max=0.125], skew [0.013 vs 0.500]
    Skew group summary after 'Improving clock tree routing':
      skew_group MY_CLK: insertion delay [min=0.112, max=0.125], skew [0.013 vs 0.500]
    Legalizer API calls during this step: 12 succeeded with high effort: 12 succeeded with medium effort: 0 succeeded with low effort: 0 succeeded with basic effort: 0 succeeded with basic unbounded effort: 0
  Improving clock tree routing done. (took cpu=0:00:00.0 real=0:00:00.0)
  Reducing clock tree power 1...
    Resizing gates: ...20% ...40% ...60% ...80% ...Legalizing clock trees...
    Legalizing clock trees done. (took cpu=0:00:00.0 real=0:00:00.0)
    100% 
    Clock DAG stats after reducing clock tree power 1 iteration 1:
      cell counts      : b=4, i=0, icg=23, nicg=0, l=0, total=27
      cell areas       : b=4.788um^2, i=0.000um^2, icg=95.494um^2, nicg=0.000um^2, l=0.000um^2, total=100.282um^2
      cell capacitance : b=5.043fF, i=0.000fF, icg=53.365fF, nicg=0.000fF, l=0.000fF, total=58.408fF
      sink capacitance : count=255, total=249.034fF, avg=0.977fF, sd=0.000fF, min=0.977fF, max=0.977fF
      wire capacitance : top=0.000fF, trunk=43.098fF, leaf=70.985fF, total=114.083fF
      wire lengths     : top=0.000um, trunk=442.290um, leaf=650.274um, total=1092.563um
      hp wire lengths  : top=0.000um, trunk=281.540um, leaf=449.330um, total=730.870um
    Clock DAG net violations after reducing clock tree power 1 iteration 1: none
    Clock DAG primary half-corner transition distribution after reducing clock tree power 1 iteration 1:
      Trunk : target=0.080ns count=4 avg=0.019ns sd=0.012ns min=0.002ns max=0.026ns {4 <= 0.048ns, 0 <= 0.064ns, 0 <= 0.072ns, 0 <= 0.076ns, 0 <= 0.080ns}
      Leaf  : target=0.080ns count=24 avg=0.025ns sd=0.008ns min=0.011ns max=0.036ns {24 <= 0.048ns, 0 <= 0.064ns, 0 <= 0.072ns, 0 <= 0.076ns, 0 <= 0.080ns}
    Clock DAG library cell distribution after reducing clock tree power 1 iteration 1 {count}:
       Bufs: CLKBUF_X3: 3 CLKBUF_X1: 1 
       ICGs: CLKGATETST_X4: 1 CLKGATETST_X2: 9 CLKGATETST_X1: 13 
    Primary reporting skew groups after reducing clock tree power 1 iteration 1:
      skew_group MY_CLK: insertion delay [min=0.085, max=0.112], skew [0.027 vs 0.500]
    Skew group summary after reducing clock tree power 1 iteration 1:
      skew_group MY_CLK: insertion delay [min=0.085, max=0.112], skew [0.027 vs 0.500]
    Resizing gates: ...20% ...40% ...60% ...80% ...Legalizing clock trees...
    Legalizing clock trees done. (took cpu=0:00:00.0 real=0:00:00.0)
    100% 
    Clock DAG stats after reducing clock tree power 1 iteration 2:
      cell counts      : b=4, i=0, icg=23, nicg=0, l=0, total=27
      cell areas       : b=3.990um^2, i=0.000um^2, icg=91.770um^2, nicg=0.000um^2, l=0.000um^2, total=95.760um^2
      cell capacitance : b=4.998fF, i=0.000fF, icg=41.681fF, nicg=0.000fF, l=0.000fF, total=46.678fF
      sink capacitance : count=255, total=249.034fF, avg=0.977fF, sd=0.000fF, min=0.977fF, max=0.977fF
      wire capacitance : top=0.000fF, trunk=43.152fF, leaf=70.574fF, total=113.725fF
      wire lengths     : top=0.000um, trunk=442.725um, leaf=645.928um, total=1088.653um
      hp wire lengths  : top=0.000um, trunk=281.540um, leaf=449.330um, total=730.870um
    Clock DAG net violations after reducing clock tree power 1 iteration 2: none
    Clock DAG primary half-corner transition distribution after reducing clock tree power 1 iteration 2:
      Trunk : target=0.080ns count=4 avg=0.024ns sd=0.014ns min=0.002ns max=0.032ns {4 <= 0.048ns, 0 <= 0.064ns, 0 <= 0.072ns, 0 <= 0.076ns, 0 <= 0.080ns}
      Leaf  : target=0.080ns count=24 avg=0.031ns sd=0.004ns min=0.011ns max=0.036ns {24 <= 0.048ns, 0 <= 0.064ns, 0 <= 0.072ns, 0 <= 0.076ns, 0 <= 0.080ns}
    Clock DAG library cell distribution after reducing clock tree power 1 iteration 2 {count}:
       Bufs: CLKBUF_X2: 3 CLKBUF_X1: 1 
       ICGs: CLKGATETST_X1: 23 
    Primary reporting skew groups after reducing clock tree power 1 iteration 2:
      skew_group MY_CLK: insertion delay [min=0.092, max=0.118], skew [0.025 vs 0.500]
    Skew group summary after reducing clock tree power 1 iteration 2:
      skew_group MY_CLK: insertion delay [min=0.092, max=0.118], skew [0.025 vs 0.500]
    Resizing gates: ...20% ...40% ...60% ...80% ...Legalizing clock trees...
    Legalizing clock trees done. (took cpu=0:00:00.0 real=0:00:00.0)
    100% 
    Clock DAG stats after 'Reducing clock tree power 1':
      cell counts      : b=4, i=0, icg=23, nicg=0, l=0, total=27
      cell areas       : b=3.990um^2, i=0.000um^2, icg=91.770um^2, nicg=0.000um^2, l=0.000um^2, total=95.760um^2
      cell capacitance : b=4.998fF, i=0.000fF, icg=41.681fF, nicg=0.000fF, l=0.000fF, total=46.678fF
      sink capacitance : count=255, total=249.034fF, avg=0.977fF, sd=0.000fF, min=0.977fF, max=0.977fF
      wire capacitance : top=0.000fF, trunk=43.152fF, leaf=70.574fF, total=113.725fF
      wire lengths     : top=0.000um, trunk=442.725um, leaf=645.928um, total=1088.653um
      hp wire lengths  : top=0.000um, trunk=281.540um, leaf=449.330um, total=730.870um
    Clock DAG net violations after 'Reducing clock tree power 1': none
    Clock DAG primary half-corner transition distribution after 'Reducing clock tree power 1':
      Trunk : target=0.080ns count=4 avg=0.024ns sd=0.014ns min=0.002ns max=0.032ns {4 <= 0.048ns, 0 <= 0.064ns, 0 <= 0.072ns, 0 <= 0.076ns, 0 <= 0.080ns}
      Leaf  : target=0.080ns count=24 avg=0.031ns sd=0.004ns min=0.011ns max=0.036ns {24 <= 0.048ns, 0 <= 0.064ns, 0 <= 0.072ns, 0 <= 0.076ns, 0 <= 0.080ns}
    Clock DAG library cell distribution after 'Reducing clock tree power 1' {count}:
       Bufs: CLKBUF_X2: 3 CLKBUF_X1: 1 
       ICGs: CLKGATETST_X1: 23 
    Primary reporting skew groups after 'Reducing clock tree power 1':
      skew_group MY_CLK: insertion delay [min=0.092, max=0.118], skew [0.025 vs 0.500]
    Skew group summary after 'Reducing clock tree power 1':
      skew_group MY_CLK: insertion delay [min=0.092, max=0.118], skew [0.025 vs 0.500]
    Legalizer API calls during this step: 201 succeeded with high effort: 201 succeeded with medium effort: 0 succeeded with low effort: 0 succeeded with basic effort: 0 succeeded with basic unbounded effort: 0
  Reducing clock tree power 1 done. (took cpu=0:00:01.3 real=0:00:01.3)
  Reducing clock tree power 2...
    Clock DAG stats after 'Reducing clock tree power 2':
      cell counts      : b=4, i=0, icg=23, nicg=0, l=0, total=27
      cell areas       : b=3.990um^2, i=0.000um^2, icg=91.770um^2, nicg=0.000um^2, l=0.000um^2, total=95.760um^2
      cell capacitance : b=4.998fF, i=0.000fF, icg=41.681fF, nicg=0.000fF, l=0.000fF, total=46.678fF
      sink capacitance : count=255, total=249.034fF, avg=0.977fF, sd=0.000fF, min=0.977fF, max=0.977fF
      wire capacitance : top=0.000fF, trunk=43.152fF, leaf=70.574fF, total=113.725fF
      wire lengths     : top=0.000um, trunk=442.725um, leaf=645.928um, total=1088.653um
      hp wire lengths  : top=0.000um, trunk=281.540um, leaf=449.330um, total=730.870um
    Clock DAG net violations after 'Reducing clock tree power 2': none
    Clock DAG primary half-corner transition distribution after 'Reducing clock tree power 2':
      Trunk : target=0.080ns count=4 avg=0.024ns sd=0.014ns min=0.002ns max=0.032ns {4 <= 0.048ns, 0 <= 0.064ns, 0 <= 0.072ns, 0 <= 0.076ns, 0 <= 0.080ns}
      Leaf  : target=0.080ns count=24 avg=0.031ns sd=0.004ns min=0.011ns max=0.036ns {24 <= 0.048ns, 0 <= 0.064ns, 0 <= 0.072ns, 0 <= 0.076ns, 0 <= 0.080ns}
    Clock DAG library cell distribution after 'Reducing clock tree power 2' {count}:
       Bufs: CLKBUF_X2: 3 CLKBUF_X1: 1 
       ICGs: CLKGATETST_X1: 23 
    Primary reporting skew groups after 'Reducing clock tree power 2':
      skew_group MY_CLK: insertion delay [min=0.092, max=0.118, avg=0.114, sd=0.002], skew [0.025 vs 0.500], 100% {0.092, 0.118} (wid=0.005 ws=0.004) (gid=0.115 gs=0.024)
    Skew group summary after 'Reducing clock tree power 2':
      skew_group MY_CLK: insertion delay [min=0.092, max=0.118, avg=0.114, sd=0.002], skew [0.025 vs 0.500], 100% {0.092, 0.118} (wid=0.005 ws=0.004) (gid=0.115 gs=0.024)
    Legalizer API calls during this step: 0 succeeded with high effort: 0 succeeded with medium effort: 0 succeeded with low effort: 0 succeeded with basic effort: 0 succeeded with basic unbounded effort: 0
  Reducing clock tree power 2 done. (took cpu=0:00:00.0 real=0:00:00.0)
  Stage::Reducing Power done. (took cpu=0:00:01.3 real=0:00:01.3)
  Stage::Balancing...
  Approximately balancing fragments step...
    Resolve constraints - Approximately balancing fragments...
    Resolving skew group constraints...
      Solving LP: 1 skew groups; 2 fragments, 2 fraglets and 3 vertices; 21 variables and 54 constraints; tolerance 1
    Resolving skew group constraints done.
    Resolve constraints - Approximately balancing fragments done. (took cpu=0:00:00.3 real=0:00:00.3)
    Estimate delay to be added in balancing - Approximately balancing fragments...
    Trial balancer estimated the amount of delay to be added in balancing: 0.000ns
    Estimate delay to be added in balancing - Approximately balancing fragments done. (took cpu=0:00:00.0 real=0:00:00.0)
    Approximately balancing fragments...
      Moving gates to improve sub-tree skew...
        Tried: 29 Succeeded: 0
        Topology Tried: 0 Succeeded: 0
        0 Succeeded with SS ratio
        0 Succeeded with Lollipop: 0 with tier one, 0 with tier two. 
        Total reducing skew: 0 Average reducing skew for 0 nets : 0
        Clock DAG stats after 'Moving gates to improve sub-tree skew':
          cell counts      : b=4, i=0, icg=23, nicg=0, l=0, total=27
          cell areas       : b=3.990um^2, i=0.000um^2, icg=91.770um^2, nicg=0.000um^2, l=0.000um^2, total=95.760um^2
          cell capacitance : b=4.998fF, i=0.000fF, icg=41.681fF, nicg=0.000fF, l=0.000fF, total=46.678fF
          sink capacitance : count=255, total=249.034fF, avg=0.977fF, sd=0.000fF, min=0.977fF, max=0.977fF
          wire capacitance : top=0.000fF, trunk=43.152fF, leaf=70.574fF, total=113.725fF
          wire lengths     : top=0.000um, trunk=442.725um, leaf=645.928um, total=1088.653um
          hp wire lengths  : top=0.000um, trunk=281.540um, leaf=449.330um, total=730.870um
        Clock DAG net violations after 'Moving gates to improve sub-tree skew': none
        Clock DAG primary half-corner transition distribution after 'Moving gates to improve sub-tree skew':
          Trunk : target=0.080ns count=4 avg=0.024ns sd=0.014ns min=0.002ns max=0.032ns {4 <= 0.048ns, 0 <= 0.064ns, 0 <= 0.072ns, 0 <= 0.076ns, 0 <= 0.080ns}
          Leaf  : target=0.080ns count=24 avg=0.031ns sd=0.004ns min=0.011ns max=0.036ns {24 <= 0.048ns, 0 <= 0.064ns, 0 <= 0.072ns, 0 <= 0.076ns, 0 <= 0.080ns}
        Clock DAG library cell distribution after 'Moving gates to improve sub-tree skew' {count}:
           Bufs: CLKBUF_X2: 3 CLKBUF_X1: 1 
           ICGs: CLKGATETST_X1: 23 
        Legalizer API calls during this step: 0 succeeded with high effort: 0 succeeded with medium effort: 0 succeeded with low effort: 0 succeeded with basic effort: 0 succeeded with basic unbounded effort: 0
      Moving gates to improve sub-tree skew done. (took cpu=0:00:00.0 real=0:00:00.0)
      Approximately balancing fragments bottom up...
        bottom up balancing: ...20% ...40% ...60% ...80% ...100% 
        Clock DAG stats after 'Approximately balancing fragments bottom up':
          cell counts      : b=4, i=0, icg=23, nicg=0, l=0, total=27
          cell areas       : b=3.990um^2, i=0.000um^2, icg=91.770um^2, nicg=0.000um^2, l=0.000um^2, total=95.760um^2
          cell capacitance : b=4.998fF, i=0.000fF, icg=41.681fF, nicg=0.000fF, l=0.000fF, total=46.678fF
          sink capacitance : count=255, total=249.034fF, avg=0.977fF, sd=0.000fF, min=0.977fF, max=0.977fF
          wire capacitance : top=0.000fF, trunk=43.152fF, leaf=70.574fF, total=113.725fF
          wire lengths     : top=0.000um, trunk=442.725um, leaf=645.928um, total=1088.653um
          hp wire lengths  : top=0.000um, trunk=281.540um, leaf=449.330um, total=730.870um
        Clock DAG net violations after 'Approximately balancing fragments bottom up': none
        Clock DAG primary half-corner transition distribution after 'Approximately balancing fragments bottom up':
          Trunk : target=0.080ns count=4 avg=0.024ns sd=0.014ns min=0.002ns max=0.032ns {4 <= 0.048ns, 0 <= 0.064ns, 0 <= 0.072ns, 0 <= 0.076ns, 0 <= 0.080ns}
          Leaf  : target=0.080ns count=24 avg=0.031ns sd=0.004ns min=0.011ns max=0.036ns {24 <= 0.048ns, 0 <= 0.064ns, 0 <= 0.072ns, 0 <= 0.076ns, 0 <= 0.080ns}
        Clock DAG library cell distribution after 'Approximately balancing fragments bottom up' {count}:
           Bufs: CLKBUF_X2: 3 CLKBUF_X1: 1 
           ICGs: CLKGATETST_X1: 23 
        Legalizer API calls during this step: 0 succeeded with high effort: 0 succeeded with medium effort: 0 succeeded with low effort: 0 succeeded with basic effort: 0 succeeded with basic unbounded effort: 0
      Approximately balancing fragments bottom up done. (took cpu=0:00:00.1 real=0:00:00.1)
      Approximately balancing fragments, wire and cell delays...
      Approximately balancing fragments, wire and cell delays, iteration 1...
        Clock DAG stats after Approximately balancing fragments, wire and cell delays, iteration 1:
          cell counts      : b=4, i=0, icg=23, nicg=0, l=0, total=27
          cell areas       : b=3.990um^2, i=0.000um^2, icg=91.770um^2, nicg=0.000um^2, l=0.000um^2, total=95.760um^2
          cell capacitance : b=4.998fF, i=0.000fF, icg=41.681fF, nicg=0.000fF, l=0.000fF, total=46.678fF
          sink capacitance : count=255, total=249.034fF, avg=0.977fF, sd=0.000fF, min=0.977fF, max=0.977fF
          wire capacitance : top=0.000fF, trunk=43.152fF, leaf=70.574fF, total=113.725fF
          wire lengths     : top=0.000um, trunk=442.725um, leaf=645.928um, total=1088.653um
          hp wire lengths  : top=0.000um, trunk=281.540um, leaf=449.330um, total=730.870um
        Clock DAG net violations after Approximately balancing fragments, wire and cell delays, iteration 1: none
        Clock DAG primary half-corner transition distribution after Approximately balancing fragments, wire and cell delays, iteration 1:
          Trunk : target=0.080ns count=4 avg=0.024ns sd=0.014ns min=0.002ns max=0.032ns {4 <= 0.048ns, 0 <= 0.064ns, 0 <= 0.072ns, 0 <= 0.076ns, 0 <= 0.080ns}
          Leaf  : target=0.080ns count=24 avg=0.031ns sd=0.004ns min=0.011ns max=0.036ns {24 <= 0.048ns, 0 <= 0.064ns, 0 <= 0.072ns, 0 <= 0.076ns, 0 <= 0.080ns}
        Clock DAG library cell distribution after Approximately balancing fragments, wire and cell delays, iteration 1 {count}:
           Bufs: CLKBUF_X2: 3 CLKBUF_X1: 1 
           ICGs: CLKGATETST_X1: 23 
      Approximately balancing fragments, wire and cell delays, iteration 1 done.
      Approximately balancing fragments, wire and cell delays done. (took cpu=0:00:00.0 real=0:00:00.0)
    Approximately balancing fragments done.
    Clock DAG stats after 'Approximately balancing fragments step':
      cell counts      : b=4, i=0, icg=23, nicg=0, l=0, total=27
      cell areas       : b=3.990um^2, i=0.000um^2, icg=91.770um^2, nicg=0.000um^2, l=0.000um^2, total=95.760um^2
      cell capacitance : b=4.998fF, i=0.000fF, icg=41.681fF, nicg=0.000fF, l=0.000fF, total=46.678fF
      sink capacitance : count=255, total=249.034fF, avg=0.977fF, sd=0.000fF, min=0.977fF, max=0.977fF
      wire capacitance : top=0.000fF, trunk=43.152fF, leaf=70.574fF, total=113.725fF
      wire lengths     : top=0.000um, trunk=442.725um, leaf=645.928um, total=1088.653um
      hp wire lengths  : top=0.000um, trunk=281.540um, leaf=449.330um, total=730.870um
    Clock DAG net violations after 'Approximately balancing fragments step': none
    Clock DAG primary half-corner transition distribution after 'Approximately balancing fragments step':
      Trunk : target=0.080ns count=4 avg=0.024ns sd=0.014ns min=0.002ns max=0.032ns {4 <= 0.048ns, 0 <= 0.064ns, 0 <= 0.072ns, 0 <= 0.076ns, 0 <= 0.080ns}
      Leaf  : target=0.080ns count=24 avg=0.031ns sd=0.004ns min=0.011ns max=0.036ns {24 <= 0.048ns, 0 <= 0.064ns, 0 <= 0.072ns, 0 <= 0.076ns, 0 <= 0.080ns}
    Clock DAG library cell distribution after 'Approximately balancing fragments step' {count}:
       Bufs: CLKBUF_X2: 3 CLKBUF_X1: 1 
       ICGs: CLKGATETST_X1: 23 
    Legalizer API calls during this step: 0 succeeded with high effort: 0 succeeded with medium effort: 0 succeeded with low effort: 0 succeeded with basic effort: 0 succeeded with basic unbounded effort: 0
  Approximately balancing fragments step done. (took cpu=0:00:00.5 real=0:00:00.5)
  Clock DAG stats after Approximately balancing fragments:
    cell counts      : b=4, i=0, icg=23, nicg=0, l=0, total=27
    cell areas       : b=3.990um^2, i=0.000um^2, icg=91.770um^2, nicg=0.000um^2, l=0.000um^2, total=95.760um^2
    cell capacitance : b=4.998fF, i=0.000fF, icg=41.681fF, nicg=0.000fF, l=0.000fF, total=46.678fF
    sink capacitance : count=255, total=249.034fF, avg=0.977fF, sd=0.000fF, min=0.977fF, max=0.977fF
    wire capacitance : top=0.000fF, trunk=43.152fF, leaf=70.574fF, total=113.725fF
    wire lengths     : top=0.000um, trunk=442.725um, leaf=645.928um, total=1088.653um
    hp wire lengths  : top=0.000um, trunk=281.540um, leaf=449.330um, total=730.870um
  Clock DAG net violations after Approximately balancing fragments: none
  Clock DAG primary half-corner transition distribution after Approximately balancing fragments:
    Trunk : target=0.080ns count=4 avg=0.024ns sd=0.014ns min=0.002ns max=0.032ns {4 <= 0.048ns, 0 <= 0.064ns, 0 <= 0.072ns, 0 <= 0.076ns, 0 <= 0.080ns}
    Leaf  : target=0.080ns count=24 avg=0.031ns sd=0.004ns min=0.011ns max=0.036ns {24 <= 0.048ns, 0 <= 0.064ns, 0 <= 0.072ns, 0 <= 0.076ns, 0 <= 0.080ns}
  Clock DAG library cell distribution after Approximately balancing fragments {count}:
     Bufs: CLKBUF_X2: 3 CLKBUF_X1: 1 
     ICGs: CLKGATETST_X1: 23 
  Primary reporting skew groups after Approximately balancing fragments:
    skew_group MY_CLK: insertion delay [min=0.092, max=0.118], skew [0.025 vs 0.500]
  Skew group summary after Approximately balancing fragments:
    skew_group MY_CLK: insertion delay [min=0.092, max=0.118], skew [0.025 vs 0.500]
  Improving fragments clock skew...
    Clock DAG stats after 'Improving fragments clock skew':
      cell counts      : b=4, i=0, icg=23, nicg=0, l=0, total=27
      cell areas       : b=3.990um^2, i=0.000um^2, icg=91.770um^2, nicg=0.000um^2, l=0.000um^2, total=95.760um^2
      cell capacitance : b=4.998fF, i=0.000fF, icg=41.681fF, nicg=0.000fF, l=0.000fF, total=46.678fF
      sink capacitance : count=255, total=249.034fF, avg=0.977fF, sd=0.000fF, min=0.977fF, max=0.977fF
      wire capacitance : top=0.000fF, trunk=43.152fF, leaf=70.574fF, total=113.725fF
      wire lengths     : top=0.000um, trunk=442.725um, leaf=645.928um, total=1088.653um
      hp wire lengths  : top=0.000um, trunk=281.540um, leaf=449.330um, total=730.870um
    Clock DAG net violations after 'Improving fragments clock skew': none
    Clock DAG primary half-corner transition distribution after 'Improving fragments clock skew':
      Trunk : target=0.080ns count=4 avg=0.024ns sd=0.014ns min=0.002ns max=0.032ns {4 <= 0.048ns, 0 <= 0.064ns, 0 <= 0.072ns, 0 <= 0.076ns, 0 <= 0.080ns}
      Leaf  : target=0.080ns count=24 avg=0.031ns sd=0.004ns min=0.011ns max=0.036ns {24 <= 0.048ns, 0 <= 0.064ns, 0 <= 0.072ns, 0 <= 0.076ns, 0 <= 0.080ns}
    Clock DAG library cell distribution after 'Improving fragments clock skew' {count}:
       Bufs: CLKBUF_X2: 3 CLKBUF_X1: 1 
       ICGs: CLKGATETST_X1: 23 
    Primary reporting skew groups after 'Improving fragments clock skew':
      skew_group MY_CLK: insertion delay [min=0.092, max=0.118], skew [0.025 vs 0.500]
    Skew group summary after 'Improving fragments clock skew':
      skew_group MY_CLK: insertion delay [min=0.092, max=0.118], skew [0.025 vs 0.500]
    Legalizer API calls during this step: 0 succeeded with high effort: 0 succeeded with medium effort: 0 succeeded with low effort: 0 succeeded with basic effort: 0 succeeded with basic unbounded effort: 0
  Improving fragments clock skew done. (took cpu=0:00:00.0 real=0:00:00.0)
  Approximately balancing step...
    Resolve constraints - Approximately balancing...
    Resolving skew group constraints...
      Solving LP: 1 skew groups; 2 fragments, 2 fraglets and 3 vertices; 21 variables and 54 constraints; tolerance 1
    Resolving skew group constraints done.
    Resolve constraints - Approximately balancing done. (took cpu=0:00:00.0 real=0:00:00.0)
    Approximately balancing...
      Approximately balancing, wire and cell delays...
      Approximately balancing, wire and cell delays, iteration 1...
        Clock DAG stats after Approximately balancing, wire and cell delays, iteration 1:
          cell counts      : b=4, i=0, icg=23, nicg=0, l=0, total=27
          cell areas       : b=3.990um^2, i=0.000um^2, icg=91.770um^2, nicg=0.000um^2, l=0.000um^2, total=95.760um^2
          cell capacitance : b=4.998fF, i=0.000fF, icg=41.681fF, nicg=0.000fF, l=0.000fF, total=46.678fF
          sink capacitance : count=255, total=249.034fF, avg=0.977fF, sd=0.000fF, min=0.977fF, max=0.977fF
          wire capacitance : top=0.000fF, trunk=43.152fF, leaf=70.574fF, total=113.725fF
          wire lengths     : top=0.000um, trunk=442.725um, leaf=645.928um, total=1088.653um
          hp wire lengths  : top=0.000um, trunk=281.540um, leaf=449.330um, total=730.870um
        Clock DAG net violations after Approximately balancing, wire and cell delays, iteration 1: none
        Clock DAG primary half-corner transition distribution after Approximately balancing, wire and cell delays, iteration 1:
          Trunk : target=0.080ns count=4 avg=0.024ns sd=0.014ns min=0.002ns max=0.032ns {4 <= 0.048ns, 0 <= 0.064ns, 0 <= 0.072ns, 0 <= 0.076ns, 0 <= 0.080ns}
          Leaf  : target=0.080ns count=24 avg=0.031ns sd=0.004ns min=0.011ns max=0.036ns {24 <= 0.048ns, 0 <= 0.064ns, 0 <= 0.072ns, 0 <= 0.076ns, 0 <= 0.080ns}
        Clock DAG library cell distribution after Approximately balancing, wire and cell delays, iteration 1 {count}:
           Bufs: CLKBUF_X2: 3 CLKBUF_X1: 1 
           ICGs: CLKGATETST_X1: 23 
      Approximately balancing, wire and cell delays, iteration 1 done.
      Approximately balancing, wire and cell delays done. (took cpu=0:00:00.0 real=0:00:00.0)
    Approximately balancing done.
    Clock DAG stats after 'Approximately balancing step':
      cell counts      : b=4, i=0, icg=23, nicg=0, l=0, total=27
      cell areas       : b=3.990um^2, i=0.000um^2, icg=91.770um^2, nicg=0.000um^2, l=0.000um^2, total=95.760um^2
      cell capacitance : b=4.998fF, i=0.000fF, icg=41.681fF, nicg=0.000fF, l=0.000fF, total=46.678fF
      sink capacitance : count=255, total=249.034fF, avg=0.977fF, sd=0.000fF, min=0.977fF, max=0.977fF
      wire capacitance : top=0.000fF, trunk=43.152fF, leaf=70.574fF, total=113.725fF
      wire lengths     : top=0.000um, trunk=442.725um, leaf=645.928um, total=1088.653um
      hp wire lengths  : top=0.000um, trunk=281.540um, leaf=449.330um, total=730.870um
    Clock DAG net violations after 'Approximately balancing step': none
    Clock DAG primary half-corner transition distribution after 'Approximately balancing step':
      Trunk : target=0.080ns count=4 avg=0.024ns sd=0.014ns min=0.002ns max=0.032ns {4 <= 0.048ns, 0 <= 0.064ns, 0 <= 0.072ns, 0 <= 0.076ns, 0 <= 0.080ns}
      Leaf  : target=0.080ns count=24 avg=0.031ns sd=0.004ns min=0.011ns max=0.036ns {24 <= 0.048ns, 0 <= 0.064ns, 0 <= 0.072ns, 0 <= 0.076ns, 0 <= 0.080ns}
    Clock DAG library cell distribution after 'Approximately balancing step' {count}:
       Bufs: CLKBUF_X2: 3 CLKBUF_X1: 1 
       ICGs: CLKGATETST_X1: 23 
    Primary reporting skew groups after 'Approximately balancing step':
      skew_group MY_CLK: insertion delay [min=0.092, max=0.118], skew [0.025 vs 0.500]
    Skew group summary after 'Approximately balancing step':
      skew_group MY_CLK: insertion delay [min=0.092, max=0.118], skew [0.025 vs 0.500]
    Legalizer API calls during this step: 0 succeeded with high effort: 0 succeeded with medium effort: 0 succeeded with low effort: 0 succeeded with basic effort: 0 succeeded with basic unbounded effort: 0
  Approximately balancing step done. (took cpu=0:00:00.1 real=0:00:00.1)
  Fixing clock tree overload...
    Fixing clock tree overload: ...20% ...40% ...60% ...80% ...100% 
    Clock DAG stats after 'Fixing clock tree overload':
      cell counts      : b=4, i=0, icg=23, nicg=0, l=0, total=27
      cell areas       : b=3.990um^2, i=0.000um^2, icg=91.770um^2, nicg=0.000um^2, l=0.000um^2, total=95.760um^2
      cell capacitance : b=4.998fF, i=0.000fF, icg=41.681fF, nicg=0.000fF, l=0.000fF, total=46.678fF
      sink capacitance : count=255, total=249.034fF, avg=0.977fF, sd=0.000fF, min=0.977fF, max=0.977fF
      wire capacitance : top=0.000fF, trunk=43.152fF, leaf=70.574fF, total=113.725fF
      wire lengths     : top=0.000um, trunk=442.725um, leaf=645.928um, total=1088.653um
      hp wire lengths  : top=0.000um, trunk=281.540um, leaf=449.330um, total=730.870um
    Clock DAG net violations after 'Fixing clock tree overload': none
    Clock DAG primary half-corner transition distribution after 'Fixing clock tree overload':
      Trunk : target=0.080ns count=4 avg=0.024ns sd=0.014ns min=0.002ns max=0.032ns {4 <= 0.048ns, 0 <= 0.064ns, 0 <= 0.072ns, 0 <= 0.076ns, 0 <= 0.080ns}
      Leaf  : target=0.080ns count=24 avg=0.031ns sd=0.004ns min=0.011ns max=0.036ns {24 <= 0.048ns, 0 <= 0.064ns, 0 <= 0.072ns, 0 <= 0.076ns, 0 <= 0.080ns}
    Clock DAG library cell distribution after 'Fixing clock tree overload' {count}:
       Bufs: CLKBUF_X2: 3 CLKBUF_X1: 1 
       ICGs: CLKGATETST_X1: 23 
    Primary reporting skew groups after 'Fixing clock tree overload':
      skew_group MY_CLK: insertion delay [min=0.092, max=0.118], skew [0.025 vs 0.500]
    Skew group summary after 'Fixing clock tree overload':
      skew_group MY_CLK: insertion delay [min=0.092, max=0.118], skew [0.025 vs 0.500]
    Legalizer API calls during this step: 0 succeeded with high effort: 0 succeeded with medium effort: 0 succeeded with low effort: 0 succeeded with basic effort: 0 succeeded with basic unbounded effort: 0
  Fixing clock tree overload done. (took cpu=0:00:00.0 real=0:00:00.0)
  Approximately balancing paths...
    Added 0 buffers.
    Clock DAG stats after 'Approximately balancing paths':
      cell counts      : b=4, i=0, icg=23, nicg=0, l=0, total=27
      cell areas       : b=3.990um^2, i=0.000um^2, icg=91.770um^2, nicg=0.000um^2, l=0.000um^2, total=95.760um^2
      cell capacitance : b=4.998fF, i=0.000fF, icg=41.681fF, nicg=0.000fF, l=0.000fF, total=46.678fF
      sink capacitance : count=255, total=249.034fF, avg=0.977fF, sd=0.000fF, min=0.977fF, max=0.977fF
      wire capacitance : top=0.000fF, trunk=43.152fF, leaf=70.574fF, total=113.725fF
      wire lengths     : top=0.000um, trunk=442.725um, leaf=645.928um, total=1088.653um
      hp wire lengths  : top=0.000um, trunk=281.540um, leaf=449.330um, total=730.870um
    Clock DAG net violations after 'Approximately balancing paths': none
    Clock DAG primary half-corner transition distribution after 'Approximately balancing paths':
      Trunk : target=0.080ns count=4 avg=0.024ns sd=0.014ns min=0.002ns max=0.032ns {4 <= 0.048ns, 0 <= 0.064ns, 0 <= 0.072ns, 0 <= 0.076ns, 0 <= 0.080ns}
      Leaf  : target=0.080ns count=24 avg=0.031ns sd=0.004ns min=0.011ns max=0.036ns {24 <= 0.048ns, 0 <= 0.064ns, 0 <= 0.072ns, 0 <= 0.076ns, 0 <= 0.080ns}
    Clock DAG library cell distribution after 'Approximately balancing paths' {count}:
       Bufs: CLKBUF_X2: 3 CLKBUF_X1: 1 
       ICGs: CLKGATETST_X1: 23 
    Primary reporting skew groups after 'Approximately balancing paths':
      skew_group MY_CLK: insertion delay [min=0.092, max=0.118, avg=0.114, sd=0.002], skew [0.025 vs 0.500], 100% {0.092, 0.118} (wid=0.005 ws=0.004) (gid=0.115 gs=0.024)
    Skew group summary after 'Approximately balancing paths':
      skew_group MY_CLK: insertion delay [min=0.092, max=0.118, avg=0.114, sd=0.002], skew [0.025 vs 0.500], 100% {0.092, 0.118} (wid=0.005 ws=0.004) (gid=0.115 gs=0.024)
    Legalizer API calls during this step: 0 succeeded with high effort: 0 succeeded with medium effort: 0 succeeded with low effort: 0 succeeded with basic effort: 0 succeeded with basic unbounded effort: 0
  Approximately balancing paths done. (took cpu=0:00:00.0 real=0:00:00.0)
  Stage::Balancing done. (took cpu=0:00:00.6 real=0:00:00.6)
  Stage::Polishing...
  Merging balancing drivers for power...
    Tried: 29 Succeeded: 0
    Clock tree timing engine global stage delay update for my_delay:both.late...
    Clock tree timing engine global stage delay update for my_delay:both.late done. (took cpu=0:00:00.1 real=0:00:00.1)
    Clock DAG stats after 'Merging balancing drivers for power':
      cell counts      : b=4, i=0, icg=23, nicg=0, l=0, total=27
      cell areas       : b=3.990um^2, i=0.000um^2, icg=91.770um^2, nicg=0.000um^2, l=0.000um^2, total=95.760um^2
      cell capacitance : b=4.998fF, i=0.000fF, icg=41.681fF, nicg=0.000fF, l=0.000fF, total=46.678fF
      sink capacitance : count=255, total=249.034fF, avg=0.977fF, sd=0.000fF, min=0.977fF, max=0.977fF
      wire capacitance : top=0.000fF, trunk=43.152fF, leaf=70.574fF, total=113.725fF
      wire lengths     : top=0.000um, trunk=442.725um, leaf=645.928um, total=1088.653um
      hp wire lengths  : top=0.000um, trunk=281.540um, leaf=449.330um, total=730.870um
    Clock DAG net violations after 'Merging balancing drivers for power': none
    Clock DAG primary half-corner transition distribution after 'Merging balancing drivers for power':
      Trunk : target=0.080ns count=4 avg=0.024ns sd=0.014ns min=0.002ns max=0.032ns {4 <= 0.048ns, 0 <= 0.064ns, 0 <= 0.072ns, 0 <= 0.076ns, 0 <= 0.080ns}
      Leaf  : target=0.080ns count=24 avg=0.031ns sd=0.004ns min=0.012ns max=0.036ns {24 <= 0.048ns, 0 <= 0.064ns, 0 <= 0.072ns, 0 <= 0.076ns, 0 <= 0.080ns}
    Clock DAG library cell distribution after 'Merging balancing drivers for power' {count}:
       Bufs: CLKBUF_X2: 3 CLKBUF_X1: 1 
       ICGs: CLKGATETST_X1: 23 
    Primary reporting skew groups after 'Merging balancing drivers for power':
      skew_group MY_CLK: insertion delay [min=0.093, max=0.118], skew [0.025 vs 0.500]
    Skew group summary after 'Merging balancing drivers for power':
      skew_group MY_CLK: insertion delay [min=0.093, max=0.118], skew [0.025 vs 0.500]
    Legalizer API calls during this step: 0 succeeded with high effort: 0 succeeded with medium effort: 0 succeeded with low effort: 0 succeeded with basic effort: 0 succeeded with basic unbounded effort: 0
  Merging balancing drivers for power done. (took cpu=0:00:00.1 real=0:00:00.1)
  Improving clock skew...
    Clock DAG stats after 'Improving clock skew':
      cell counts      : b=4, i=0, icg=23, nicg=0, l=0, total=27
      cell areas       : b=3.990um^2, i=0.000um^2, icg=91.770um^2, nicg=0.000um^2, l=0.000um^2, total=95.760um^2
      cell capacitance : b=4.998fF, i=0.000fF, icg=41.681fF, nicg=0.000fF, l=0.000fF, total=46.678fF
      sink capacitance : count=255, total=249.034fF, avg=0.977fF, sd=0.000fF, min=0.977fF, max=0.977fF
      wire capacitance : top=0.000fF, trunk=43.152fF, leaf=70.574fF, total=113.725fF
      wire lengths     : top=0.000um, trunk=442.725um, leaf=645.928um, total=1088.653um
      hp wire lengths  : top=0.000um, trunk=281.540um, leaf=449.330um, total=730.870um
    Clock DAG net violations after 'Improving clock skew': none
    Clock DAG primary half-corner transition distribution after 'Improving clock skew':
      Trunk : target=0.080ns count=4 avg=0.024ns sd=0.014ns min=0.002ns max=0.032ns {4 <= 0.048ns, 0 <= 0.064ns, 0 <= 0.072ns, 0 <= 0.076ns, 0 <= 0.080ns}
      Leaf  : target=0.080ns count=24 avg=0.031ns sd=0.004ns min=0.012ns max=0.036ns {24 <= 0.048ns, 0 <= 0.064ns, 0 <= 0.072ns, 0 <= 0.076ns, 0 <= 0.080ns}
    Clock DAG library cell distribution after 'Improving clock skew' {count}:
       Bufs: CLKBUF_X2: 3 CLKBUF_X1: 1 
       ICGs: CLKGATETST_X1: 23 
    Primary reporting skew groups after 'Improving clock skew':
      skew_group MY_CLK: insertion delay [min=0.093, max=0.118, avg=0.114, sd=0.002], skew [0.025 vs 0.500], 100% {0.093, 0.118} (wid=0.005 ws=0.004) (gid=0.115 gs=0.023)
    Skew group summary after 'Improving clock skew':
      skew_group MY_CLK: insertion delay [min=0.093, max=0.118, avg=0.114, sd=0.002], skew [0.025 vs 0.500], 100% {0.093, 0.118} (wid=0.005 ws=0.004) (gid=0.115 gs=0.023)
    Legalizer API calls during this step: 0 succeeded with high effort: 0 succeeded with medium effort: 0 succeeded with low effort: 0 succeeded with basic effort: 0 succeeded with basic unbounded effort: 0
  Improving clock skew done. (took cpu=0:00:00.0 real=0:00:00.0)
  Moving gates to reduce wire capacitance...
    Modified slew target multipliers. Leaf=(1 to 0.9) Trunk=(1 to 0.95) Top=(1 to 0.95)
    Iteration 1...
      Artificially removing short and long paths...
        Legalizer API calls during this step: 0 succeeded with high effort: 0 succeeded with medium effort: 0 succeeded with low effort: 0 succeeded with basic effort: 0 succeeded with basic unbounded effort: 0
      Artificially removing short and long paths done. (took cpu=0:00:00.0 real=0:00:00.0)
      Moving gates to reduce wire capacitance - iteration 1: WireCapReduction...
        Legalizing clock trees...
        Legalizing clock trees done. (took cpu=0:00:00.0 real=0:00:00.0)
        Legalizer API calls during this step: 197 succeeded with high effort: 197 succeeded with medium effort: 0 succeeded with low effort: 0 succeeded with basic effort: 0 succeeded with basic unbounded effort: 0
      Moving gates to reduce wire capacitance - iteration 1: WireCapReduction done. (took cpu=0:00:00.4 real=0:00:00.4)
      Moving gates to reduce wire capacitance - iteration 1: MoveGates...
        Moving gates: ...20% ...40% ...60% ...80% ...Legalizing clock trees...
        Legalizing clock trees done. (took cpu=0:00:00.0 real=0:00:00.0)
        100% 
        Legalizer API calls during this step: 354 succeeded with high effort: 354 succeeded with medium effort: 0 succeeded with low effort: 0 succeeded with basic effort: 0 succeeded with basic unbounded effort: 0
      Moving gates to reduce wire capacitance - iteration 1: MoveGates done. (took cpu=0:00:01.0 real=0:00:01.0)
    Iteration 1 done.
    Iteration 2...
      Artificially removing short and long paths...
        Legalizer API calls during this step: 0 succeeded with high effort: 0 succeeded with medium effort: 0 succeeded with low effort: 0 succeeded with basic effort: 0 succeeded with basic unbounded effort: 0
      Artificially removing short and long paths done. (took cpu=0:00:00.0 real=0:00:00.0)
      Moving gates to reduce wire capacitance - iteration 2: WireCapReduction...
        Legalizing clock trees...
        Legalizing clock trees done. (took cpu=0:00:00.0 real=0:00:00.0)
        Legalizer API calls during this step: 153 succeeded with high effort: 153 succeeded with medium effort: 0 succeeded with low effort: 0 succeeded with basic effort: 0 succeeded with basic unbounded effort: 0
      Moving gates to reduce wire capacitance - iteration 2: WireCapReduction done. (took cpu=0:00:00.3 real=0:00:00.3)
      Moving gates to reduce wire capacitance - iteration 2: MoveGates...
        Moving gates: ...20% ...40% ...60% ...80% ...Legalizing clock trees...
        Legalizing clock trees done. (took cpu=0:00:00.0 real=0:00:00.0)
        100% 
        Legalizer API calls during this step: 344 succeeded with high effort: 344 succeeded with medium effort: 0 succeeded with low effort: 0 succeeded with basic effort: 0 succeeded with basic unbounded effort: 0
      Moving gates to reduce wire capacitance - iteration 2: MoveGates done. (took cpu=0:00:00.8 real=0:00:00.8)
    Iteration 2 done.
    Reverted slew target multipliers. Leaf=(0.9 to 1) Trunk=(0.95 to 1) Top=(0.95 to 1)
    Clock DAG stats after 'Moving gates to reduce wire capacitance':
      cell counts      : b=4, i=0, icg=23, nicg=0, l=0, total=27
      cell areas       : b=3.990um^2, i=0.000um^2, icg=91.770um^2, nicg=0.000um^2, l=0.000um^2, total=95.760um^2
      cell capacitance : b=4.998fF, i=0.000fF, icg=41.681fF, nicg=0.000fF, l=0.000fF, total=46.678fF
      sink capacitance : count=255, total=249.034fF, avg=0.977fF, sd=0.000fF, min=0.977fF, max=0.977fF
      wire capacitance : top=0.000fF, trunk=38.415fF, leaf=68.006fF, total=106.421fF
      wire lengths     : top=0.000um, trunk=400.375um, leaf=618.668um, total=1019.044um
      hp wire lengths  : top=0.000um, trunk=268.630um, leaf=456.920um, total=725.550um
    Clock DAG net violations after 'Moving gates to reduce wire capacitance': none
    Clock DAG primary half-corner transition distribution after 'Moving gates to reduce wire capacitance':
      Trunk : target=0.080ns count=4 avg=0.022ns sd=0.014ns min=0.002ns max=0.029ns {4 <= 0.048ns, 0 <= 0.064ns, 0 <= 0.072ns, 0 <= 0.076ns, 0 <= 0.080ns}
      Leaf  : target=0.080ns count=24 avg=0.031ns sd=0.004ns min=0.011ns max=0.037ns {24 <= 0.048ns, 0 <= 0.064ns, 0 <= 0.072ns, 0 <= 0.076ns, 0 <= 0.080ns}
    Clock DAG library cell distribution after 'Moving gates to reduce wire capacitance' {count}:
       Bufs: CLKBUF_X2: 3 CLKBUF_X1: 1 
       ICGs: CLKGATETST_X1: 23 
    Primary reporting skew groups after 'Moving gates to reduce wire capacitance':
      skew_group MY_CLK: insertion delay [min=0.090, max=0.118, avg=0.112, sd=0.003], skew [0.028 vs 0.500], 100% {0.090, 0.118} (wid=0.004 ws=0.003) (gid=0.115 gs=0.026)
    Skew group summary after 'Moving gates to reduce wire capacitance':
      skew_group MY_CLK: insertion delay [min=0.090, max=0.118, avg=0.112, sd=0.003], skew [0.028 vs 0.500], 100% {0.090, 0.118} (wid=0.004 ws=0.003) (gid=0.115 gs=0.026)
    Legalizer API calls during this step: 1048 succeeded with high effort: 1048 succeeded with medium effort: 0 succeeded with low effort: 0 succeeded with basic effort: 0 succeeded with basic unbounded effort: 0
  Moving gates to reduce wire capacitance done. (took cpu=0:00:02.7 real=0:00:02.6)
  Reducing clock tree power 3...
    Artificially removing short and long paths...
      Legalizer API calls during this step: 0 succeeded with high effort: 0 succeeded with medium effort: 0 succeeded with low effort: 0 succeeded with basic effort: 0 succeeded with basic unbounded effort: 0
    Artificially removing short and long paths done. (took cpu=0:00:00.0 real=0:00:00.0)
    Initial gate capacitance is (rise=295.712fF fall=267.346fF).
    Resizing gates: ...20% ...40% ...60% ...80% ...Legalizing clock trees...
    Legalizing clock trees done. (took cpu=0:00:00.0 real=0:00:00.0)
    100% 
    Clock DAG stats after 'Reducing clock tree power 3':
      cell counts      : b=4, i=0, icg=23, nicg=0, l=0, total=27
      cell areas       : b=3.990um^2, i=0.000um^2, icg=91.770um^2, nicg=0.000um^2, l=0.000um^2, total=95.760um^2
      cell capacitance : b=4.998fF, i=0.000fF, icg=41.681fF, nicg=0.000fF, l=0.000fF, total=46.678fF
      sink capacitance : count=255, total=249.034fF, avg=0.977fF, sd=0.000fF, min=0.977fF, max=0.977fF
      wire capacitance : top=0.000fF, trunk=38.415fF, leaf=68.006fF, total=106.421fF
      wire lengths     : top=0.000um, trunk=400.375um, leaf=618.668um, total=1019.044um
      hp wire lengths  : top=0.000um, trunk=268.630um, leaf=456.920um, total=725.550um
    Clock DAG net violations after 'Reducing clock tree power 3': none
    Clock DAG primary half-corner transition distribution after 'Reducing clock tree power 3':
      Trunk : target=0.080ns count=4 avg=0.022ns sd=0.014ns min=0.002ns max=0.029ns {4 <= 0.048ns, 0 <= 0.064ns, 0 <= 0.072ns, 0 <= 0.076ns, 0 <= 0.080ns}
      Leaf  : target=0.080ns count=24 avg=0.031ns sd=0.004ns min=0.011ns max=0.037ns {24 <= 0.048ns, 0 <= 0.064ns, 0 <= 0.072ns, 0 <= 0.076ns, 0 <= 0.080ns}
    Clock DAG library cell distribution after 'Reducing clock tree power 3' {count}:
       Bufs: CLKBUF_X2: 3 CLKBUF_X1: 1 
       ICGs: CLKGATETST_X1: 23 
    Primary reporting skew groups after 'Reducing clock tree power 3':
      skew_group MY_CLK: insertion delay [min=0.090, max=0.118, avg=0.112, sd=0.003], skew [0.028 vs 0.500], 100% {0.090, 0.118} (wid=0.004 ws=0.003) (gid=0.115 gs=0.026)
    Skew group summary after 'Reducing clock tree power 3':
      skew_group MY_CLK: insertion delay [min=0.090, max=0.118, avg=0.112, sd=0.003], skew [0.028 vs 0.500], 100% {0.090, 0.118} (wid=0.004 ws=0.003) (gid=0.115 gs=0.026)
    Legalizer API calls during this step: 54 succeeded with high effort: 54 succeeded with medium effort: 0 succeeded with low effort: 0 succeeded with basic effort: 0 succeeded with basic unbounded effort: 0
  Reducing clock tree power 3 done. (took cpu=0:00:00.2 real=0:00:00.2)
  Improving insertion delay...
    Clock DAG stats after 'Improving insertion delay':
      cell counts      : b=4, i=0, icg=23, nicg=0, l=0, total=27
      cell areas       : b=3.990um^2, i=0.000um^2, icg=91.770um^2, nicg=0.000um^2, l=0.000um^2, total=95.760um^2
      cell capacitance : b=4.998fF, i=0.000fF, icg=41.681fF, nicg=0.000fF, l=0.000fF, total=46.678fF
      sink capacitance : count=255, total=249.034fF, avg=0.977fF, sd=0.000fF, min=0.977fF, max=0.977fF
      wire capacitance : top=0.000fF, trunk=38.415fF, leaf=68.006fF, total=106.421fF
      wire lengths     : top=0.000um, trunk=400.375um, leaf=618.668um, total=1019.044um
      hp wire lengths  : top=0.000um, trunk=268.630um, leaf=456.920um, total=725.550um
    Clock DAG net violations after 'Improving insertion delay': none
    Clock DAG primary half-corner transition distribution after 'Improving insertion delay':
      Trunk : target=0.080ns count=4 avg=0.022ns sd=0.014ns min=0.002ns max=0.029ns {4 <= 0.048ns, 0 <= 0.064ns, 0 <= 0.072ns, 0 <= 0.076ns, 0 <= 0.080ns}
      Leaf  : target=0.080ns count=24 avg=0.031ns sd=0.004ns min=0.011ns max=0.037ns {24 <= 0.048ns, 0 <= 0.064ns, 0 <= 0.072ns, 0 <= 0.076ns, 0 <= 0.080ns}
    Clock DAG library cell distribution after 'Improving insertion delay' {count}:
       Bufs: CLKBUF_X2: 3 CLKBUF_X1: 1 
       ICGs: CLKGATETST_X1: 23 
    Primary reporting skew groups after 'Improving insertion delay':
      skew_group MY_CLK: insertion delay [min=0.090, max=0.118, avg=0.112, sd=0.003], skew [0.028 vs 0.500], 100% {0.090, 0.118} (wid=0.004 ws=0.003) (gid=0.115 gs=0.026)
    Skew group summary after 'Improving insertion delay':
      skew_group MY_CLK: insertion delay [min=0.090, max=0.118, avg=0.112, sd=0.003], skew [0.028 vs 0.500], 100% {0.090, 0.118} (wid=0.004 ws=0.003) (gid=0.115 gs=0.026)
    Legalizer API calls during this step: 0 succeeded with high effort: 0 succeeded with medium effort: 0 succeeded with low effort: 0 succeeded with basic effort: 0 succeeded with basic unbounded effort: 0
  Improving insertion delay done. (took cpu=0:00:00.0 real=0:00:00.0)
  Wire Opt OverFix...
    Wire Reduction extra effort...
      Modified slew target multipliers. Leaf=(1 to 0.95) Trunk=(1 to 1) Top=(1 to 1)
      Artificially removing short and long paths...
        Legalizer API calls during this step: 0 succeeded with high effort: 0 succeeded with medium effort: 0 succeeded with low effort: 0 succeeded with basic effort: 0 succeeded with basic unbounded effort: 0
      Artificially removing short and long paths done. (took cpu=0:00:00.0 real=0:00:00.0)
      Global shorten wires A0...
        Legalizer API calls during this step: 11 succeeded with high effort: 11 succeeded with medium effort: 0 succeeded with low effort: 0 succeeded with basic effort: 0 succeeded with basic unbounded effort: 0
      Global shorten wires A0 done. (took cpu=0:00:00.0 real=0:00:00.0)
      Move For Wirelength - core...
        Move for wirelength. considered=28, filtered=28, permitted=27, cannotCompute=3, computed=24, moveTooSmall=44, resolved=0, predictFail=3, currentlyIllegal=0, legalizationFail=0, legalizedMoveTooSmall=18, ignoredLeafDriver=0, worse=49, accepted=5
        Max accepted move=10.140um, total accepted move=34.740um, average move=6.948um
        Move for wirelength. considered=28, filtered=28, permitted=27, cannotCompute=2, computed=25, moveTooSmall=41, resolved=0, predictFail=3, currentlyIllegal=0, legalizationFail=0, legalizedMoveTooSmall=13, ignoredLeafDriver=0, worse=58, accepted=3
        Max accepted move=10.730um, total accepted move=16.760um, average move=5.587um
        Move for wirelength. considered=28, filtered=28, permitted=27, cannotCompute=2, computed=25, moveTooSmall=41, resolved=0, predictFail=4, currentlyIllegal=0, legalizationFail=0, legalizedMoveTooSmall=19, ignoredLeafDriver=0, worse=58, accepted=1
        Max accepted move=2.800um, total accepted move=2.800um, average move=2.800um
        Legalizer API calls during this step: 234 succeeded with high effort: 234 succeeded with medium effort: 0 succeeded with low effort: 0 succeeded with basic effort: 0 succeeded with basic unbounded effort: 0
      Move For Wirelength - core done. (took cpu=0:00:00.5 real=0:00:00.5)
      Global shorten wires A1...
        Legalizer API calls during this step: 17 succeeded with high effort: 17 succeeded with medium effort: 0 succeeded with low effort: 0 succeeded with basic effort: 0 succeeded with basic unbounded effort: 0
      Global shorten wires A1 done. (took cpu=0:00:00.0 real=0:00:00.0)
      Move For Wirelength - core...
        Move for wirelength. considered=28, filtered=28, permitted=27, cannotCompute=26, computed=1, moveTooSmall=40, resolved=0, predictFail=0, currentlyIllegal=0, legalizationFail=0, legalizedMoveTooSmall=0, ignoredLeafDriver=0, worse=1, accepted=0
        Max accepted move=0.000um, total accepted move=0.000um
        Legalizer API calls during this step: 1 succeeded with high effort: 1 succeeded with medium effort: 0 succeeded with low effort: 0 succeeded with basic effort: 0 succeeded with basic unbounded effort: 0
      Move For Wirelength - core done. (took cpu=0:00:00.0 real=0:00:00.0)
      Global shorten wires B...
        Legalizer API calls during this step: 122 succeeded with high effort: 122 succeeded with medium effort: 0 succeeded with low effort: 0 succeeded with basic effort: 0 succeeded with basic unbounded effort: 0
      Global shorten wires B done. (took cpu=0:00:00.1 real=0:00:00.1)
      Move For Wirelength - branch...
        Move for wirelength. considered=28, filtered=28, permitted=27, cannotCompute=0, computed=27, moveTooSmall=0, resolved=0, predictFail=0, currentlyIllegal=0, legalizationFail=2, legalizedMoveTooSmall=0, ignoredLeafDriver=0, worse=27, accepted=0
        Max accepted move=0.000um, total accepted move=0.000um
        Legalizer API calls during this step: 29 succeeded with high effort: 29 succeeded with medium effort: 0 succeeded with low effort: 0 succeeded with basic effort: 0 succeeded with basic unbounded effort: 0
      Move For Wirelength - branch done. (took cpu=0:00:00.0 real=0:00:00.0)
      Reverted slew target multipliers. Leaf=(0.95 to 1) Trunk=(1 to 1) Top=(1 to 1)
      Clock DAG stats after 'Wire Reduction extra effort':
        cell counts      : b=4, i=0, icg=23, nicg=0, l=0, total=27
        cell areas       : b=3.990um^2, i=0.000um^2, icg=91.770um^2, nicg=0.000um^2, l=0.000um^2, total=95.760um^2
        cell capacitance : b=4.998fF, i=0.000fF, icg=41.681fF, nicg=0.000fF, l=0.000fF, total=46.678fF
        sink capacitance : count=255, total=249.034fF, avg=0.977fF, sd=0.000fF, min=0.977fF, max=0.977fF
        wire capacitance : top=0.000fF, trunk=36.560fF, leaf=69.215fF, total=105.776fF
        wire lengths     : top=0.000um, trunk=376.135um, leaf=632.869um, total=1009.004um
        hp wire lengths  : top=0.000um, trunk=255.120um, leaf=476.405um, total=731.525um
      Clock DAG net violations after 'Wire Reduction extra effort': none
      Clock DAG primary half-corner transition distribution after 'Wire Reduction extra effort':
        Trunk : target=0.080ns count=4 avg=0.022ns sd=0.013ns min=0.002ns max=0.029ns {4 <= 0.048ns, 0 <= 0.064ns, 0 <= 0.072ns, 0 <= 0.076ns, 0 <= 0.080ns}
        Leaf  : target=0.080ns count=24 avg=0.031ns sd=0.004ns min=0.011ns max=0.037ns {24 <= 0.048ns, 0 <= 0.064ns, 0 <= 0.072ns, 0 <= 0.076ns, 0 <= 0.080ns}
      Clock DAG library cell distribution after 'Wire Reduction extra effort' {count}:
         Bufs: CLKBUF_X2: 3 CLKBUF_X1: 1 
         ICGs: CLKGATETST_X1: 23 
      Primary reporting skew groups after 'Wire Reduction extra effort':
        skew_group MY_CLK: insertion delay [min=0.088, max=0.116, avg=0.110, sd=0.003], skew [0.028 vs 0.500], 100% {0.088, 0.116} (wid=0.004 ws=0.003) (gid=0.114 gs=0.027)
      Skew group summary after 'Wire Reduction extra effort':
        skew_group MY_CLK: insertion delay [min=0.088, max=0.116, avg=0.110, sd=0.003], skew [0.028 vs 0.500], 100% {0.088, 0.116} (wid=0.004 ws=0.003) (gid=0.114 gs=0.027)
      Legalizer API calls during this step: 414 succeeded with high effort: 414 succeeded with medium effort: 0 succeeded with low effort: 0 succeeded with basic effort: 0 succeeded with basic unbounded effort: 0
    Wire Reduction extra effort done. (took cpu=0:00:00.8 real=0:00:00.8)
    Optimizing orientation...
    FlipOpt...
    Disconnecting clock tree from netlist...
    Disconnecting clock tree from netlist done.
    Performing Single Threaded FlipOpt
    Optimizing orientation on clock cells...
      Orientation Wirelength Optimization: Attempted = 29 , Succeeded = 6 , Constraints Broken = 21 , CannotMove = 2 , Illegal = 0 , Other = 0
    Optimizing orientation on clock cells done.
    Resynthesising clock tree into netlist...
      Reset timing graph...
Ignoring AAE DB Resetting ...
      Reset timing graph done.
    Resynthesising clock tree into netlist done.
    FlipOpt done. (took cpu=0:00:00.1 real=0:00:00.1)
    Optimizing orientation done. (took cpu=0:00:00.1 real=0:00:00.1)
    Clock DAG stats after 'Wire Opt OverFix':
      cell counts      : b=4, i=0, icg=23, nicg=0, l=0, total=27
      cell areas       : b=3.990um^2, i=0.000um^2, icg=91.770um^2, nicg=0.000um^2, l=0.000um^2, total=95.760um^2
      cell capacitance : b=4.998fF, i=0.000fF, icg=41.681fF, nicg=0.000fF, l=0.000fF, total=46.678fF
      sink capacitance : count=255, total=249.034fF, avg=0.977fF, sd=0.000fF, min=0.977fF, max=0.977fF
      wire capacitance : top=0.000fF, trunk=36.400fF, leaf=69.032fF, total=105.432fF
      wire lengths     : top=0.000um, trunk=374.195um, leaf=629.149um, total=1003.344um
      hp wire lengths  : top=0.000um, trunk=255.120um, leaf=476.405um, total=731.525um
    Clock DAG net violations after 'Wire Opt OverFix': none
    Clock DAG primary half-corner transition distribution after 'Wire Opt OverFix':
      Trunk : target=0.080ns count=4 avg=0.022ns sd=0.013ns min=0.002ns max=0.029ns {4 <= 0.048ns, 0 <= 0.064ns, 0 <= 0.072ns, 0 <= 0.076ns, 0 <= 0.080ns}
      Leaf  : target=0.080ns count=24 avg=0.031ns sd=0.004ns min=0.011ns max=0.037ns {24 <= 0.048ns, 0 <= 0.064ns, 0 <= 0.072ns, 0 <= 0.076ns, 0 <= 0.080ns}
    Clock DAG library cell distribution after 'Wire Opt OverFix' {count}:
       Bufs: CLKBUF_X2: 3 CLKBUF_X1: 1 
       ICGs: CLKGATETST_X1: 23 
    Primary reporting skew groups after 'Wire Opt OverFix':
      skew_group MY_CLK: insertion delay [min=0.088, max=0.116, avg=0.110, sd=0.003], skew [0.028 vs 0.500], 100% {0.088, 0.116} (wid=0.004 ws=0.003) (gid=0.114 gs=0.027)
    Skew group summary after 'Wire Opt OverFix':
      skew_group MY_CLK: insertion delay [min=0.088, max=0.116, avg=0.110, sd=0.003], skew [0.028 vs 0.500], 100% {0.088, 0.116} (wid=0.004 ws=0.003) (gid=0.114 gs=0.027)
    Legalizer API calls during this step: 414 succeeded with high effort: 414 succeeded with medium effort: 0 succeeded with low effort: 0 succeeded with basic effort: 0 succeeded with basic unbounded effort: 0
  Wire Opt OverFix done. (took cpu=0:00:01.0 real=0:00:01.0)
  Total capacitance is (rise=401.145fF fall=372.778fF), of which (rise=105.432fF fall=105.432fF) is wire, and (rise=295.712fF fall=267.346fF) is gate.
  Stage::Polishing done. (took cpu=0:00:04.0 real=0:00:03.9)
  Stage::Updating netlist...
  Reset timing graph...
Ignoring AAE DB Resetting ...
  Reset timing graph done.
  Setting non-default rules before calling refine place.
  Leaving CCOpt scope - ClockRefiner...
  Performing Clock Only Refine Place.
*** Starting refinePlace (0:19:37 mem=1317.5M) ***
Total net bbox length = 2.835e+04 (1.234e+04 1.601e+04) (ext = 2.133e+03)
Move report: Detail placement moves 0 insts, mean move: 0.00 um, max move: 0.00 um
	Runtime: CPU: 0:00:00.0 REAL: 0:00:00.0 MEM: 1317.5MB
Summary Report:
Instances move: 0 (out of 3148 movable)
Instances flipped: 0
Mean displacement: 0.00 um
Max displacement: 0.00 um 
Total net bbox length = 2.835e+04 (1.234e+04 1.601e+04) (ext = 2.133e+03)
Runtime: CPU: 0:00:00.0 REAL: 0:00:00.0 MEM: 1317.5MB
*** Finished refinePlace (0:19:37 mem=1317.5M) ***
  ClockRefiner summary
  All clock instances: Moved 0, flipped 0 and cell swapped 0 (out of a total of 282).
  Leaving CCOpt scope - ClockRefiner done. (took cpu=0:00:00.1 real=0:00:00.1)
  Stage::Updating netlist done. (took cpu=0:00:00.1 real=0:00:00.1)
  CCOpt::Phase::Implementation done. (took cpu=0:00:06.1 real=0:00:06.0)
  CCOpt::Phase::eGRPC...
  eGR Post Conditioning loop iteration 0...
    Clock implementation routing...
      Leaving CCOpt scope - Routing Tools...
Net route status summary:
  Clock:        28 (unrouted=28, trialRouted=0, noStatus=0, routed=0, fixed=0, [crossesIlmBoundary=0, tooFewTerms=0, (crossesIlmBoundary AND tooFewTerms=0)])
  Non-clock:  3986 (unrouted=82, trialRouted=3904, noStatus=0, routed=0, fixed=0, [crossesIlmBoundary=0, tooFewTerms=80, (crossesIlmBoundary AND tooFewTerms=0)])
      Routing using eGR only...
        Early Global Route - eGR only step...
(ccopt eGR): There are 28 nets for routing of which 28 have one or more fixed wires.
(ccopt eGR): Start to route 28 all nets
[NR-eGR] Track table information for default rule: 
[NR-eGR] metal1 has no routable track
[NR-eGR] metal2 has single uniform track structure
[NR-eGR] metal3 has single uniform track structure
[NR-eGR] metal4 has single uniform track structure
[NR-eGR] metal5 has single uniform track structure
[NR-eGR] metal6 has single uniform track structure
[NR-eGR] metal7 has single uniform track structure
[NR-eGR] metal8 has single uniform track structure
[NR-eGR] metal9 has single uniform track structure
[NR-eGR] metal10 has single uniform track structure
[NR-eGR] Read 478 PG shapes
[NR-eGR] #Routing Blockages  : 0
[NR-eGR] #Instance Blockages : 0
[NR-eGR] #PG Blockages       : 478
[NR-eGR] #Halo Blockages     : 0
[NR-eGR] #Boundary Blockages : 0
[NR-eGR] Num Prerouted Nets = 0  Num Prerouted Wires = 0
[NR-eGR] Read numTotalNets=3934  numIgnoredNets=3906
[NR-eGR] Connected 0 must-join pins/ports
[NR-eGR] There are 28 clock nets ( 28 with NDR ).
[NR-eGR] ============ Routing rule table ============
[NR-eGR] Rule id: 0  Nets: 28 
[NR-eGR] Rule id: 1  Nets: 0 
[NR-eGR] ========================================
[NR-eGR] 
[NR-eGR] Layer group 1: route 28 net(s) in layer range [3, 4]
[NR-eGR] Early Global Route overflow of layer group 1: 0.00% H + 0.00% V. EstWL: 9.912000e+02um
[NR-eGR] Create a new net group with 2 nets and layer range [3, 6]
[NR-eGR] Layer group 2: route 2 net(s) in layer range [3, 6]
[NR-eGR] Early Global Route overflow of layer group 2: 0.00% H + 0.00% V. EstWL: 9.898000e+02um
[NR-eGR] Create a new net group with 2 nets and layer range [3, 8]
[NR-eGR] Layer group 3: route 2 net(s) in layer range [3, 8]
[NR-eGR] Early Global Route overflow of layer group 3: 0.00% H + 0.00% V. EstWL: 9.898000e+02um
[NR-eGR] Create a new net group with 2 nets and layer range [3, 10]
[NR-eGR] Layer group 4: route 2 net(s) in layer range [3, 10]
[NR-eGR] Early Global Route overflow of layer group 4: 0.00% H + 0.00% V. EstWL: 9.898000e+02um
[NR-eGR] Congestion Analysis By layer: (blocked Gcells are excluded) 
[NR-eGR]                        OverCon            
[NR-eGR]                         #Gcell     %Gcell
[NR-eGR]       Layer                (0)    OverCon 
[NR-eGR] ----------------------------------------------
[NR-eGR]  metal1  (1)         0( 0.00%)   ( 0.00%) 
[NR-eGR]  metal2  (2)         0( 0.00%)   ( 0.00%) 
[NR-eGR]  metal3  (3)         0( 0.00%)   ( 0.00%) 
[NR-eGR]  metal4  (4)         0( 0.00%)   ( 0.00%) 
[NR-eGR]  metal5  (5)         0( 0.00%)   ( 0.00%) 
[NR-eGR]  metal6  (6)         0( 0.00%)   ( 0.00%) 
[NR-eGR]  metal7  (7)         0( 0.00%)   ( 0.00%) 
[NR-eGR]  metal8  (8)         0( 0.00%)   ( 0.00%) 
[NR-eGR]  metal9  (9)         0( 0.00%)   ( 0.00%) 
[NR-eGR] metal10 (10)         0( 0.00%)   ( 0.00%) 
[NR-eGR] ----------------------------------------------
[NR-eGR] Total                0( 0.00%)   ( 0.00%) 
[NR-eGR] 
[NR-eGR] Overflow after Early Global Route (GR compatible) 0.00% H + 0.00% V
[NR-eGR] Overflow after Early Global Route 0.00% H + 0.00% V
[NR-eGR] Started Export DB wires ( Curr Mem: 1317.50 MB )
[NR-eGR] Started Export all nets ( Curr Mem: 1317.50 MB )
[NR-eGR] Finished Export all nets ( CPU: 0.00 sec, Real: 0.00 sec, Curr Mem: 1317.50 MB )
[NR-eGR] Started Set wire vias ( Curr Mem: 1317.50 MB )
[NR-eGR] Finished Set wire vias ( CPU: 0.00 sec, Real: 0.00 sec, Curr Mem: 1317.50 MB )
[NR-eGR] Finished Export DB wires ( CPU: 0.00 sec, Real: 0.00 sec, Curr Mem: 1317.50 MB )
[NR-eGR] --------------------------------------------------------------------------
[NR-eGR] metal1  (1F) length: 0.000000e+00um, number of vias: 12283
[NR-eGR] metal2  (2V) length: 9.464595e+03um, number of vias: 14934
[NR-eGR] metal3  (3H) length: 1.346482e+04um, number of vias: 5229
[NR-eGR] metal4  (4V) length: 7.729555e+03um, number of vias: 459
[NR-eGR] metal5  (5H) length: 7.891100e+02um, number of vias: 403
[NR-eGR] metal6  (6V) length: 1.857395e+03um, number of vias: 20
[NR-eGR] metal7  (7H) length: 9.595000e+00um, number of vias: 9
[NR-eGR] metal8  (8V) length: 6.066000e+01um, number of vias: 5
[NR-eGR] metal9  (9H) length: 6.865000e+00um, number of vias: 2
[NR-eGR] metal10 (10V) length: 1.760000e+00um, number of vias: 0
[NR-eGR] Total length: 3.338435e+04um, number of vias: 33344
[NR-eGR] --------------------------------------------------------------------------
[NR-eGR] Total eGR-routed clock nets wire length: 1.052935e+03um 
[NR-eGR] --------------------------------------------------------------------------
[NR-eGR] Report for selected net(s) only.
[NR-eGR] metal1  (1H) length: 0.000000e+00um, number of vias: 309
[NR-eGR] metal2  (2V) length: 3.149550e+02um, number of vias: 389
[NR-eGR] metal3  (3H) length: 4.410400e+02um, number of vias: 107
[NR-eGR] metal4  (4V) length: 2.969400e+02um, number of vias: 0
[NR-eGR] metal5  (5H) length: 0.000000e+00um, number of vias: 0
[NR-eGR] metal6  (6V) length: 0.000000e+00um, number of vias: 0
[NR-eGR] metal7  (7H) length: 0.000000e+00um, number of vias: 0
[NR-eGR] metal8  (8V) length: 0.000000e+00um, number of vias: 0
[NR-eGR] metal9  (9H) length: 0.000000e+00um, number of vias: 0
[NR-eGR] metal10 (10V) length: 0.000000e+00um, number of vias: 0
[NR-eGR] Total length: 1.052935e+03um, number of vias: 805
[NR-eGR] --------------------------------------------------------------------------
[NR-eGR] Total routed clock nets wire length: 1.052935e+03um, number of vias: 805
[NR-eGR] --------------------------------------------------------------------------
[NR-eGR] Finished Early Global Route kernel ( CPU: 0.18 sec, Real: 0.18 sec, Curr Mem: 1276.50 MB )
        Early Global Route - eGR only step done. (took cpu=0:00:00.3 real=0:00:00.3)
Set FIXED routing status on 28 net(s)
      Routing using eGR only done.
Net route status summary:
  Clock:        28 (unrouted=0, trialRouted=0, noStatus=0, routed=0, fixed=28, [crossesIlmBoundary=0, tooFewTerms=0, (crossesIlmBoundary AND tooFewTerms=0)])
  Non-clock:  3986 (unrouted=82, trialRouted=3904, noStatus=0, routed=0, fixed=0, [crossesIlmBoundary=0, tooFewTerms=80, (crossesIlmBoundary AND tooFewTerms=0)])

CCOPT: Done with clock implementation routing.

      Leaving CCOpt scope - Routing Tools done. (took cpu=0:00:00.3 real=0:00:00.3)
    Clock implementation routing done.
    Leaving CCOpt scope - extractRC...
    Updating RC parasitics by calling: "extractRC -noRouteCheck"...
Extraction called for design 'myfir' of instances=3148 and nets=4014 using extraction engine 'preRoute' .
PreRoute RC Extraction called for design myfir.
RC Extraction called in multi-corner(1) mode.
RCMode: PreRoute
      RC Corner Indexes            0   
Capacitance Scaling Factor   : 1.00000 
Resistance Scaling Factor    : 1.00000 
Clock Cap. Scaling Factor    : 1.00000 
Clock Res. Scaling Factor    : 1.00000 
Shrink Factor                : 1.00000
PreRoute extraction is honoring NDR/Shielding/ExtraSpace for clock nets.
Using capacitance table file ...
Updating RC grid for preRoute extraction ...
Initializing multi-corner capacitance tables ... 
Initializing multi-corner resistance tables ...
PreRoute RC Extraction DONE (CPU Time: 0:00:00.4  Real Time: 0:00:00.0  MEM: 1276.500M)
    Updating RC parasitics by calling: "extractRC -noRouteCheck" done.
    Leaving CCOpt scope - extractRC done. (took cpu=0:00:00.4 real=0:00:00.4)
    Calling post conditioning for eGRPC...
      eGRPC...
        eGRPC active optimizations:
         - Move Down
         - Downsizing before DRV sizing
         - DRV fixing with cell sizing
         - Move to fanout
         - Cloning
        
        Currently running CTS, using active skew data
        Reset bufferability constraints...
        Resetting previous bufferability status on all nets so that eGRPC will attempt to fix all clock tree violations.
        Clock tree timing engine global stage delay update for my_delay:both.late...
        Clock tree timing engine global stage delay update for my_delay:both.late done. (took cpu=0:00:00.1 real=0:00:00.1)
        Reset bufferability constraints done. (took cpu=0:00:00.1 real=0:00:00.1)
        Clock DAG stats eGRPC initial state:
          cell counts      : b=4, i=0, icg=23, nicg=0, l=0, total=27
          cell areas       : b=3.990um^2, i=0.000um^2, icg=91.770um^2, nicg=0.000um^2, l=0.000um^2, total=95.760um^2
          cell capacitance : b=4.998fF, i=0.000fF, icg=41.681fF, nicg=0.000fF, l=0.000fF, total=46.678fF
          sink capacitance : count=255, total=249.034fF, avg=0.977fF, sd=0.000fF, min=0.977fF, max=0.977fF
          wire capacitance : top=0.000fF, trunk=37.038fF, leaf=71.126fF, total=108.163fF
          wire lengths     : top=0.000um, trunk=379.920um, leaf=673.015um, total=1052.935um
          hp wire lengths  : top=0.000um, trunk=255.120um, leaf=476.405um, total=731.525um
        Clock DAG net violations eGRPC initial state: none
        Clock DAG primary half-corner transition distribution eGRPC initial state:
          Trunk : target=0.080ns count=4 avg=0.022ns sd=0.013ns min=0.002ns max=0.029ns {4 <= 0.048ns, 0 <= 0.064ns, 0 <= 0.072ns, 0 <= 0.076ns, 0 <= 0.080ns}
          Leaf  : target=0.080ns count=24 avg=0.031ns sd=0.005ns min=0.011ns max=0.037ns {24 <= 0.048ns, 0 <= 0.064ns, 0 <= 0.072ns, 0 <= 0.076ns, 0 <= 0.080ns}
        Clock DAG library cell distribution eGRPC initial state {count}:
           Bufs: CLKBUF_X2: 3 CLKBUF_X1: 1 
           ICGs: CLKGATETST_X1: 23 
        Primary reporting skew groups eGRPC initial state:
          skew_group MY_CLK: insertion delay [min=0.088, max=0.116, avg=0.111, sd=0.003], skew [0.028 vs 0.500], 100% {0.088, 0.116} (wid=0.004 ws=0.003) (gid=0.114 gs=0.027)
        Skew group summary eGRPC initial state:
          skew_group MY_CLK: insertion delay [min=0.088, max=0.116, avg=0.111, sd=0.003], skew [0.028 vs 0.500], 100% {0.088, 0.116} (wid=0.004 ws=0.003) (gid=0.114 gs=0.027)
        eGRPC Moving buffers...
          Violation analysis...
          Violation analysis done. (took cpu=0:00:00.0 real=0:00:00.0)
          Clock DAG stats after 'eGRPC Moving buffers':
            cell counts      : b=4, i=0, icg=23, nicg=0, l=0, total=27
            cell areas       : b=3.990um^2, i=0.000um^2, icg=91.770um^2, nicg=0.000um^2, l=0.000um^2, total=95.760um^2
            cell capacitance : b=4.998fF, i=0.000fF, icg=41.681fF, nicg=0.000fF, l=0.000fF, total=46.678fF
            sink capacitance : count=255, total=249.034fF, avg=0.977fF, sd=0.000fF, min=0.977fF, max=0.977fF
            wire capacitance : top=0.000fF, trunk=37.038fF, leaf=71.126fF, total=108.163fF
            wire lengths     : top=0.000um, trunk=379.920um, leaf=673.015um, total=1052.935um
            hp wire lengths  : top=0.000um, trunk=255.120um, leaf=476.405um, total=731.525um
          Clock DAG net violations after 'eGRPC Moving buffers': none
          Clock DAG primary half-corner transition distribution after 'eGRPC Moving buffers':
            Trunk : target=0.080ns count=4 avg=0.022ns sd=0.013ns min=0.002ns max=0.029ns {4 <= 0.048ns, 0 <= 0.064ns, 0 <= 0.072ns, 0 <= 0.076ns, 0 <= 0.080ns}
            Leaf  : target=0.080ns count=24 avg=0.031ns sd=0.005ns min=0.011ns max=0.037ns {24 <= 0.048ns, 0 <= 0.064ns, 0 <= 0.072ns, 0 <= 0.076ns, 0 <= 0.080ns}
          Clock DAG library cell distribution after 'eGRPC Moving buffers' {count}:
             Bufs: CLKBUF_X2: 3 CLKBUF_X1: 1 
             ICGs: CLKGATETST_X1: 23 
          Primary reporting skew groups after 'eGRPC Moving buffers':
            skew_group MY_CLK: insertion delay [min=0.088, max=0.116, avg=0.111, sd=0.003], skew [0.028 vs 0.500], 100% {0.088, 0.116} (wid=0.004 ws=0.003) (gid=0.114 gs=0.027)
          Skew group summary after 'eGRPC Moving buffers':
            skew_group MY_CLK: insertion delay [min=0.088, max=0.116, avg=0.111, sd=0.003], skew [0.028 vs 0.500], 100% {0.088, 0.116} (wid=0.004 ws=0.003) (gid=0.114 gs=0.027)
          Legalizer API calls during this step: 0 succeeded with high effort: 0 succeeded with medium effort: 0 succeeded with low effort: 0 succeeded with basic effort: 0 succeeded with basic unbounded effort: 0
        eGRPC Moving buffers done. (took cpu=0:00:00.0 real=0:00:00.0)
        eGRPC Initial Pass of Downsizing Clock Tree cells...
          Artificially removing long paths...
            Artificially shortened 8 long paths. The largest offset applied was 0.000ns.
            
            
            Skew Group Offsets:
            
            ----------------------------------------------------------------------------------------
            Skew Group    Num.     Num.       Offset        Max        Previous Max.    Current Max.
                          Sinks    Offsets    Percentile    Offset     Path Delay       Path Delay
            ----------------------------------------------------------------------------------------
            MY_CLK         255        8         3.137%      0.000ns       0.116ns         0.116ns
            ----------------------------------------------------------------------------------------
            
            Offsets Histogram:
            
            -----------------------------
            From (ns)    To (ns)    Count
            -----------------------------
            below         0.000       8
              0.000       0.005       0
            -----------------------------
            
            Mean=0.000ns Median=0.000ns Std.Dev=0.000ns
            
            
            Legalizer API calls during this step: 0 succeeded with high effort: 0 succeeded with medium effort: 0 succeeded with low effort: 0 succeeded with basic effort: 0 succeeded with basic unbounded effort: 0
          Artificially removing long paths done. (took cpu=0:00:00.0 real=0:00:00.0)
          Modifying slew-target multiplier from 1 to 0.9
          Downsizing prefiltering...
          Downsizing prefiltering done.
          Downsizing: ...20% ...40% ...60% ...80% ...100% 
          DoDownSizing Summary : numSized = 0, numUnchanged = 25, numSkippedDueToOther = 0, numSkippedDueToCloseToSlewTarget = 0, numSkippedDueToCloseToSkewTarget = 3
          CCOpt-eGRPC Downsizing: considered: 25, tested: 0, violation detected: 0, violation ignored (due to small violation): 0, cannot run: 0, attempted: 25, unsuccessful: 0, sized: 0
          Reverting slew-target multiplier from 0.9 to 1
          Reverting Artificially removing long paths...
            Legalizer API calls during this step: 0 succeeded with high effort: 0 succeeded with medium effort: 0 succeeded with low effort: 0 succeeded with basic effort: 0 succeeded with basic unbounded effort: 0
          Reverting Artificially removing long paths done. (took cpu=0:00:00.0 real=0:00:00.0)
          Clock DAG stats after 'eGRPC Initial Pass of Downsizing Clock Tree cells':
            cell counts      : b=4, i=0, icg=23, nicg=0, l=0, total=27
            cell areas       : b=3.990um^2, i=0.000um^2, icg=91.770um^2, nicg=0.000um^2, l=0.000um^2, total=95.760um^2
            cell capacitance : b=4.998fF, i=0.000fF, icg=41.681fF, nicg=0.000fF, l=0.000fF, total=46.678fF
            sink capacitance : count=255, total=249.034fF, avg=0.977fF, sd=0.000fF, min=0.977fF, max=0.977fF
            wire capacitance : top=0.000fF, trunk=37.038fF, leaf=71.126fF, total=108.163fF
            wire lengths     : top=0.000um, trunk=379.920um, leaf=673.015um, total=1052.935um
            hp wire lengths  : top=0.000um, trunk=255.120um, leaf=476.405um, total=731.525um
          Clock DAG net violations after 'eGRPC Initial Pass of Downsizing Clock Tree cells': none
          Clock DAG primary half-corner transition distribution after 'eGRPC Initial Pass of Downsizing Clock Tree cells':
            Trunk : target=0.080ns count=4 avg=0.022ns sd=0.013ns min=0.002ns max=0.029ns {4 <= 0.048ns, 0 <= 0.064ns, 0 <= 0.072ns, 0 <= 0.076ns, 0 <= 0.080ns}
            Leaf  : target=0.080ns count=24 avg=0.031ns sd=0.005ns min=0.011ns max=0.037ns {24 <= 0.048ns, 0 <= 0.064ns, 0 <= 0.072ns, 0 <= 0.076ns, 0 <= 0.080ns}
          Clock DAG library cell distribution after 'eGRPC Initial Pass of Downsizing Clock Tree cells' {count}:
             Bufs: CLKBUF_X2: 3 CLKBUF_X1: 1 
             ICGs: CLKGATETST_X1: 23 
          Primary reporting skew groups after 'eGRPC Initial Pass of Downsizing Clock Tree cells':
            skew_group MY_CLK: insertion delay [min=0.088, max=0.116, avg=0.111, sd=0.003], skew [0.028 vs 0.500], 100% {0.088, 0.116} (wid=0.004 ws=0.003) (gid=0.114 gs=0.027)
          Skew group summary after 'eGRPC Initial Pass of Downsizing Clock Tree cells':
            skew_group MY_CLK: insertion delay [min=0.088, max=0.116, avg=0.111, sd=0.003], skew [0.028 vs 0.500], 100% {0.088, 0.116} (wid=0.004 ws=0.003) (gid=0.114 gs=0.027)
          Legalizer API calls during this step: 27 succeeded with high effort: 27 succeeded with medium effort: 0 succeeded with low effort: 0 succeeded with basic effort: 0 succeeded with basic unbounded effort: 0
        eGRPC Initial Pass of Downsizing Clock Tree cells done. (took cpu=0:00:00.2 real=0:00:00.2)
        eGRPC Fixing DRVs...
          Fixing clock tree DRVs: ...20% ...40% ...60% ...80% ...100% 
          CCOpt-eGRPC: considered: 28, tested: 28, violation detected: 0, violation ignored (due to small violation): 0, cannot run: 0, attempted: 0, unsuccessful: 0, sized: 0
          
          PRO Statistics: Fix DRVs (cell sizing):
          =======================================
          
          Cell changes by Net Type:
          
          -------------------------------------------------------------------------------------------------
          Net Type    Attempted    Upsized     Downsized    Swapped Same Size    Total Changed    Not Sized
          -------------------------------------------------------------------------------------------------
          top                0            0           0            0                    0                0
          trunk              0            0           0            0                    0                0
          leaf               0            0           0            0                    0                0
          -------------------------------------------------------------------------------------------------
          Total              0            0           0            0                    0                0
          -------------------------------------------------------------------------------------------------
          
          Upsized: 0, Downsized: 0, Sized but same area: 0, Unchanged: 0, Area change: 0.000um^2 (0.000%)
          Max. move: 0.000um, Min. move: 0.000um, Avg. move: N/A
          
          Clock DAG stats after 'eGRPC Fixing DRVs':
            cell counts      : b=4, i=0, icg=23, nicg=0, l=0, total=27
            cell areas       : b=3.990um^2, i=0.000um^2, icg=91.770um^2, nicg=0.000um^2, l=0.000um^2, total=95.760um^2
            cell capacitance : b=4.998fF, i=0.000fF, icg=41.681fF, nicg=0.000fF, l=0.000fF, total=46.678fF
            sink capacitance : count=255, total=249.034fF, avg=0.977fF, sd=0.000fF, min=0.977fF, max=0.977fF
            wire capacitance : top=0.000fF, trunk=37.038fF, leaf=71.126fF, total=108.163fF
            wire lengths     : top=0.000um, trunk=379.920um, leaf=673.015um, total=1052.935um
            hp wire lengths  : top=0.000um, trunk=255.120um, leaf=476.405um, total=731.525um
          Clock DAG net violations after 'eGRPC Fixing DRVs': none
          Clock DAG primary half-corner transition distribution after 'eGRPC Fixing DRVs':
            Trunk : target=0.080ns count=4 avg=0.022ns sd=0.013ns min=0.002ns max=0.029ns {4 <= 0.048ns, 0 <= 0.064ns, 0 <= 0.072ns, 0 <= 0.076ns, 0 <= 0.080ns}
            Leaf  : target=0.080ns count=24 avg=0.031ns sd=0.005ns min=0.011ns max=0.037ns {24 <= 0.048ns, 0 <= 0.064ns, 0 <= 0.072ns, 0 <= 0.076ns, 0 <= 0.080ns}
          Clock DAG library cell distribution after 'eGRPC Fixing DRVs' {count}:
             Bufs: CLKBUF_X2: 3 CLKBUF_X1: 1 
             ICGs: CLKGATETST_X1: 23 
          Primary reporting skew groups after 'eGRPC Fixing DRVs':
            skew_group MY_CLK: insertion delay [min=0.088, max=0.116, avg=0.111, sd=0.003], skew [0.028 vs 0.500], 100% {0.088, 0.116} (wid=0.004 ws=0.003) (gid=0.114 gs=0.027)
          Skew group summary after 'eGRPC Fixing DRVs':
            skew_group MY_CLK: insertion delay [min=0.088, max=0.116, avg=0.111, sd=0.003], skew [0.028 vs 0.500], 100% {0.088, 0.116} (wid=0.004 ws=0.003) (gid=0.114 gs=0.027)
          Legalizer API calls during this step: 0 succeeded with high effort: 0 succeeded with medium effort: 0 succeeded with low effort: 0 succeeded with basic effort: 0 succeeded with basic unbounded effort: 0
        eGRPC Fixing DRVs done. (took cpu=0:00:00.0 real=0:00:00.0)
        Reconnecting optimized routes...
        Reset timing graph...
Ignoring AAE DB Resetting ...
        Reset timing graph done.
        Reconnecting optimized routes done. (took cpu=0:00:00.0 real=0:00:00.0)
        Violation analysis...
        Violation analysis done. (took cpu=0:00:00.0 real=0:00:00.0)
        Reset timing graph...
Ignoring AAE DB Resetting ...
        Reset timing graph done.
        Set dirty flag on 0 instances, 0 nets
        Clock DAG stats before routing clock trees:
          cell counts      : b=4, i=0, icg=23, nicg=0, l=0, total=27
          cell areas       : b=3.990um^2, i=0.000um^2, icg=91.770um^2, nicg=0.000um^2, l=0.000um^2, total=95.760um^2
          cell capacitance : b=4.998fF, i=0.000fF, icg=41.681fF, nicg=0.000fF, l=0.000fF, total=46.678fF
          sink capacitance : count=255, total=249.034fF, avg=0.977fF, sd=0.000fF, min=0.977fF, max=0.977fF
          wire capacitance : top=0.000fF, trunk=37.038fF, leaf=71.126fF, total=108.163fF
          wire lengths     : top=0.000um, trunk=379.920um, leaf=673.015um, total=1052.935um
          hp wire lengths  : top=0.000um, trunk=255.120um, leaf=476.405um, total=731.525um
        Clock DAG net violations before routing clock trees: none
        Clock DAG primary half-corner transition distribution before routing clock trees:
          Trunk : target=0.080ns count=4 avg=0.022ns sd=0.013ns min=0.002ns max=0.029ns {4 <= 0.048ns, 0 <= 0.064ns, 0 <= 0.072ns, 0 <= 0.076ns, 0 <= 0.080ns}
          Leaf  : target=0.080ns count=24 avg=0.031ns sd=0.005ns min=0.011ns max=0.037ns {24 <= 0.048ns, 0 <= 0.064ns, 0 <= 0.072ns, 0 <= 0.076ns, 0 <= 0.080ns}
        Clock DAG library cell distribution before routing clock trees {count}:
           Bufs: CLKBUF_X2: 3 CLKBUF_X1: 1 
           ICGs: CLKGATETST_X1: 23 
        Primary reporting skew groups before routing clock trees:
          skew_group MY_CLK: insertion delay [min=0.088, max=0.116, avg=0.111, sd=0.003], skew [0.028 vs 0.500], 100% {0.088, 0.116} (wid=0.004 ws=0.003) (gid=0.114 gs=0.027)
        Skew group summary before routing clock trees:
          skew_group MY_CLK: insertion delay [min=0.088, max=0.116, avg=0.111, sd=0.003], skew [0.028 vs 0.500], 100% {0.088, 0.116} (wid=0.004 ws=0.003) (gid=0.114 gs=0.027)
      eGRPC done.
    Calling post conditioning for eGRPC done.
  eGR Post Conditioning loop iteration 0 done.
  Refine place not called during Post Conditioning. Calling it now the eGR->PC Loop is complete.
  Leaving CCOpt scope - ClockRefiner...
  Performing Single Pass Refine Place.
*** Starting refinePlace (0:19:38 mem=1314.7M) ***
Total net bbox length = 2.835e+04 (1.234e+04 1.601e+04) (ext = 2.133e+03)
Move report: Detail placement moves 50 insts, mean move: 1.32 um, max move: 3.18 um
	Max move on inst (mul10_mult_28_U322): (57.00, 24.64) --> (57.38, 21.84)
	Runtime: CPU: 0:00:00.1 REAL: 0:00:00.0 MEM: 1314.7MB
Summary Report:
Instances move: 50 (out of 3148 movable)
Instances flipped: 0
Mean displacement: 1.32 um
Max displacement: 3.18 um (Instance: mul10_mult_28_U322) (57, 24.64) -> (57.38, 21.84)
	Length: 6 sites, height: 1 rows, site name: FreePDK45_38x28_10R_NP_162NW_34O, cell type: XOR2_X1
	Violation at original loc: Placement Blockage Violation
Total net bbox length = 2.838e+04 (1.236e+04 1.602e+04) (ext = 2.133e+03)
Runtime: CPU: 0:00:00.1 REAL: 0:00:00.0 MEM: 1314.7MB
*** Finished refinePlace (0:19:38 mem=1314.7M) ***
  ClockRefiner summary
  All clock instances: Moved 0, flipped 0 and cell swapped 0 (out of a total of 282).
  Leaving CCOpt scope - ClockRefiner done. (took cpu=0:00:00.2 real=0:00:00.2)
  CCOpt::Phase::eGRPC done. (took cpu=0:00:01.4 real=0:00:01.4)
  CCOpt::Phase::Routing...
  Clock implementation routing...
    Leaving CCOpt scope - Routing Tools...
Net route status summary:
  Clock:        28 (unrouted=0, trialRouted=0, noStatus=0, routed=0, fixed=28, [crossesIlmBoundary=0, tooFewTerms=0, (crossesIlmBoundary AND tooFewTerms=0)])
  Non-clock:  3986 (unrouted=82, trialRouted=3904, noStatus=0, routed=0, fixed=0, [crossesIlmBoundary=0, tooFewTerms=80, (crossesIlmBoundary AND tooFewTerms=0)])
    Routing using eGR in eGR->NR Step...
      Early Global Route - eGR->NR step...
(ccopt eGR): There are 28 nets for routing of which 28 have one or more fixed wires.
(ccopt eGR): Start to route 28 all nets
[NR-eGR] Track table information for default rule: 
[NR-eGR] metal1 has no routable track
[NR-eGR] metal2 has single uniform track structure
[NR-eGR] metal3 has single uniform track structure
[NR-eGR] metal4 has single uniform track structure
[NR-eGR] metal5 has single uniform track structure
[NR-eGR] metal6 has single uniform track structure
[NR-eGR] metal7 has single uniform track structure
[NR-eGR] metal8 has single uniform track structure
[NR-eGR] metal9 has single uniform track structure
[NR-eGR] metal10 has single uniform track structure
[NR-eGR] Read 478 PG shapes
[NR-eGR] #Routing Blockages  : 0
[NR-eGR] #Instance Blockages : 0
[NR-eGR] #PG Blockages       : 478
[NR-eGR] #Halo Blockages     : 0
[NR-eGR] #Boundary Blockages : 0
[NR-eGR] Num Prerouted Nets = 0  Num Prerouted Wires = 0
[NR-eGR] Read numTotalNets=3934  numIgnoredNets=3906
[NR-eGR] Connected 0 must-join pins/ports
[NR-eGR] There are 28 clock nets ( 28 with NDR ).
[NR-eGR] ============ Routing rule table ============
[NR-eGR] Rule id: 0  Nets: 28 
[NR-eGR] Rule id: 1  Nets: 0 
[NR-eGR] ========================================
[NR-eGR] 
[NR-eGR] Layer group 1: route 28 net(s) in layer range [3, 4]
[NR-eGR] Early Global Route overflow of layer group 1: 0.00% H + 0.00% V. EstWL: 9.912000e+02um
[NR-eGR] Create a new net group with 2 nets and layer range [3, 6]
[NR-eGR] Layer group 2: route 2 net(s) in layer range [3, 6]
[NR-eGR] Early Global Route overflow of layer group 2: 0.00% H + 0.00% V. EstWL: 9.898000e+02um
[NR-eGR] Create a new net group with 2 nets and layer range [3, 8]
[NR-eGR] Layer group 3: route 2 net(s) in layer range [3, 8]
[NR-eGR] Early Global Route overflow of layer group 3: 0.00% H + 0.00% V. EstWL: 9.898000e+02um
[NR-eGR] Create a new net group with 2 nets and layer range [3, 10]
[NR-eGR] Layer group 4: route 2 net(s) in layer range [3, 10]
[NR-eGR] Early Global Route overflow of layer group 4: 0.00% H + 0.00% V. EstWL: 9.898000e+02um
[NR-eGR] Congestion Analysis By layer: (blocked Gcells are excluded) 
[NR-eGR]                        OverCon            
[NR-eGR]                         #Gcell     %Gcell
[NR-eGR]       Layer                (0)    OverCon 
[NR-eGR] ----------------------------------------------
[NR-eGR]  metal1  (1)         0( 0.00%)   ( 0.00%) 
[NR-eGR]  metal2  (2)         0( 0.00%)   ( 0.00%) 
[NR-eGR]  metal3  (3)         0( 0.00%)   ( 0.00%) 
[NR-eGR]  metal4  (4)         0( 0.00%)   ( 0.00%) 
[NR-eGR]  metal5  (5)         0( 0.00%)   ( 0.00%) 
[NR-eGR]  metal6  (6)         0( 0.00%)   ( 0.00%) 
[NR-eGR]  metal7  (7)         0( 0.00%)   ( 0.00%) 
[NR-eGR]  metal8  (8)         0( 0.00%)   ( 0.00%) 
[NR-eGR]  metal9  (9)         0( 0.00%)   ( 0.00%) 
[NR-eGR] metal10 (10)         0( 0.00%)   ( 0.00%) 
[NR-eGR] ----------------------------------------------
[NR-eGR] Total                0( 0.00%)   ( 0.00%) 
[NR-eGR] 
[NR-eGR] Overflow after Early Global Route (GR compatible) 0.00% H + 0.00% V
[NR-eGR] Overflow after Early Global Route 0.00% H + 0.00% V
[NR-eGR] Started Export DB wires ( Curr Mem: 1314.66 MB )
[NR-eGR] Started Export route guide file ( Curr Mem: 1314.66 MB )
[NR-eGR] Finished Export route guide file ( CPU: 0.03 sec, Real: 0.02 sec, Curr Mem: 1314.66 MB )
[NR-eGR] Started Export all nets ( Curr Mem: 1314.66 MB )
[NR-eGR] Finished Export all nets ( CPU: 0.00 sec, Real: 0.00 sec, Curr Mem: 1314.66 MB )
[NR-eGR] Started Set wire vias ( Curr Mem: 1314.66 MB )
[NR-eGR] Finished Set wire vias ( CPU: 0.00 sec, Real: 0.00 sec, Curr Mem: 1314.66 MB )
[NR-eGR] Finished Export DB wires ( CPU: 0.03 sec, Real: 0.02 sec, Curr Mem: 1314.66 MB )
[NR-eGR] --------------------------------------------------------------------------
[NR-eGR] metal1  (1F) length: 0.000000e+00um, number of vias: 12283
[NR-eGR] metal2  (2V) length: 9.464595e+03um, number of vias: 14934
[NR-eGR] metal3  (3H) length: 1.346482e+04um, number of vias: 5229
[NR-eGR] metal4  (4V) length: 7.729555e+03um, number of vias: 459
[NR-eGR] metal5  (5H) length: 7.891100e+02um, number of vias: 403
[NR-eGR] metal6  (6V) length: 1.857395e+03um, number of vias: 20
[NR-eGR] metal7  (7H) length: 9.595000e+00um, number of vias: 9
[NR-eGR] metal8  (8V) length: 6.066000e+01um, number of vias: 5
[NR-eGR] metal9  (9H) length: 6.865000e+00um, number of vias: 2
[NR-eGR] metal10 (10V) length: 1.760000e+00um, number of vias: 0
[NR-eGR] Total length: 3.338435e+04um, number of vias: 33344
[NR-eGR] --------------------------------------------------------------------------
[NR-eGR] Total eGR-routed clock nets wire length: 1.052935e+03um 
[NR-eGR] --------------------------------------------------------------------------
[NR-eGR] Report for selected net(s) only.
[NR-eGR] metal1  (1H) length: 0.000000e+00um, number of vias: 309
[NR-eGR] metal2  (2V) length: 3.149550e+02um, number of vias: 389
[NR-eGR] metal3  (3H) length: 4.410400e+02um, number of vias: 107
[NR-eGR] metal4  (4V) length: 2.969400e+02um, number of vias: 0
[NR-eGR] metal5  (5H) length: 0.000000e+00um, number of vias: 0
[NR-eGR] metal6  (6V) length: 0.000000e+00um, number of vias: 0
[NR-eGR] metal7  (7H) length: 0.000000e+00um, number of vias: 0
[NR-eGR] metal8  (8V) length: 0.000000e+00um, number of vias: 0
[NR-eGR] metal9  (9H) length: 0.000000e+00um, number of vias: 0
[NR-eGR] metal10 (10V) length: 0.000000e+00um, number of vias: 0
[NR-eGR] Total length: 1.052935e+03um, number of vias: 805
[NR-eGR] --------------------------------------------------------------------------
[NR-eGR] Total routed clock nets wire length: 1.052935e+03um, number of vias: 805
[NR-eGR] --------------------------------------------------------------------------
[NR-eGR] Finished Early Global Route kernel ( CPU: 0.17 sec, Real: 0.17 sec, Curr Mem: 1276.66 MB )
Generated NR early global route guides for clocks to: /tmp/innovus_temp_2181_isaserver_isa30_2025_2026_VLOzYY/.rgfCNY8uC
      Early Global Route - eGR->NR step done. (took cpu=0:00:00.3 real=0:00:00.3)
    Routing using eGR in eGR->NR Step done.
    Routing using NR in eGR->NR Step...

CCOPT: Preparing to route 28 clock nets with NanoRoute.
  All net are default rule.
  Removed pre-existing routes for 28 nets.
  Preferred NanoRoute mode settings: Current
-droutePostRouteSpreadWire auto
**WARN: (IMPTCM-77):	Option "-routeExpDeterministicMultiThread" for command setNanoRouteMode is obsolete and will be removed in a future release. The obsolete option still works in this release but to avoid this warning and to ensure compatibility with future releases, remove the obsolete option from your script.
#WARNING (NRIF-47) This option supports a feature that is under development and experimental, use at your own risk.
#WARNING (NRIF-47) This option supports a feature that is under development and experimental, use at your own risk.
      Clock detailed routing...
        NanoRoute...
% Begin globalDetailRoute (date=10/25 23:36:59, mem=1025.6M)

globalDetailRoute

#Start globalDetailRoute on Sat Oct 25 23:36:59 2025
#
#WARNING (NRIG-1303) Congestion map does not match the GCELL grid, clearing map.
#num needed restored net=0
#need_extraction net=0 (total=4014)
#NanoRoute Version 20.11-s130_1 NR200802-2257/20_11-UB
#Skip comparing routing design signature in db-snapshot flow
#Start routing data preparation on Sat Oct 25 23:36:59 2025
#
#Minimum voltage of a net in the design = 0.000.
#Maximum voltage of a net in the design = 1.100.
#Voltage range [0.000 - 1.100] has 3989 nets.
#Voltage range [0.000 - 0.000] has 24 nets.
#Voltage range [1.100 - 1.100] has 1 net.
#Initial pin access analysis.
#Detail pin access analysis.
# metal1       H   Track-Pitch = 0.14000    Line-2-Via Pitch = 0.13500
# metal2       V   Track-Pitch = 0.19000    Line-2-Via Pitch = 0.14000
# metal3       H   Track-Pitch = 0.14000    Line-2-Via Pitch = 0.14000
# metal4       V   Track-Pitch = 0.28000    Line-2-Via Pitch = 0.28000
# metal5       H   Track-Pitch = 0.28000    Line-2-Via Pitch = 0.28000
# metal6       V   Track-Pitch = 0.28000    Line-2-Via Pitch = 0.28000
# metal7       H   Track-Pitch = 0.84000    Line-2-Via Pitch = 0.80000
# metal8       V   Track-Pitch = 0.84000    Line-2-Via Pitch = 0.80000
# metal9       H   Track-Pitch = 1.60000    Line-2-Via Pitch = 1.60000
# metal10      V   Track-Pitch = 1.68000    Line-2-Via Pitch = 1.60000
#Monitoring time of adding inner blkg by smac
#cpu time = 00:00:00, elapsed time = 00:00:00, memory = 1030.45 (MB), peak = 1144.81 (MB)
#Regenerating Ggrids automatically.
#Auto generating G-grids with size=15 tracks, using layer metal3's pitch = 0.14000.
#Using automatically generated G-grids.
#Done routing data preparation.
#cpu time = 00:00:00, elapsed time = 00:00:00, memory = 1030.45 (MB), peak = 1144.81 (MB)
#reading routing guides ......
#
#Finished routing data preparation on Sat Oct 25 23:37:00 2025
#
#Cpu time = 00:00:00
#Elapsed time = 00:00:00
#Increased memory = 4.02 (MB)
#Total memory = 1030.45 (MB)
#Peak memory = 1144.81 (MB)
#
#
#Start global routing on Sat Oct 25 23:37:00 2025
#
#
#Start global routing initialization on Sat Oct 25 23:37:00 2025
#
#Number of eco nets is 0
#
#Start global routing data preparation on Sat Oct 25 23:37:00 2025
#
#Start routing resource analysis on Sat Oct 25 23:37:00 2025
#
#Routing resource analysis is done on Sat Oct 25 23:37:00 2025
#
#  Resource Analysis:
#
#               Routing  #Avail      #Track     #Total     %Gcell
#  Layer      Direction   Track     Blocked      Gcell    Blocked
#  --------------------------------------------------------------
#  metal1         H         744          28        2754    66.92%
#  metal2         V         560          38        2754     3.63%
#  metal3         H         772           0        2754     0.00%
#  metal4         V         405           0        2754     0.00%
#  metal5         H         385           0        2754     0.00%
#  metal6         V         405           0        2754     0.00%
#  metal7         H         128           0        2754     0.00%
#  metal8         V         135           0        2754     0.00%
#  metal9         H          52           0        2754     0.04%
#  metal10        V          54           0        2754     0.04%
#  --------------------------------------------------------------
#  Total                   3640       0.99%       27540     7.06%
#
#  28 nets (0.70%) with 1 preferred extra spacing.
#
#
#
#Global routing data preparation is done on Sat Oct 25 23:37:00 2025
#
#cpu time = 00:00:00, elapsed time = 00:00:00, memory = 1030.96 (MB), peak = 1144.81 (MB)
#
#Routing guide is on.
#
#Global routing initialization is done on Sat Oct 25 23:37:00 2025
#
#cpu time = 00:00:00, elapsed time = 00:00:00, memory = 1030.98 (MB), peak = 1144.81 (MB)
#
#start global routing iteration 1...
#cpu time = 00:00:00, elapsed time = 00:00:00, memory = 1031.49 (MB), peak = 1144.81 (MB)
#
#start global routing iteration 2...
#cpu time = 00:00:00, elapsed time = 00:00:00, memory = 1031.49 (MB), peak = 1144.81 (MB)
#
#
#Total number of trivial nets (e.g. < 2 pins) = 80 (skipped).
#Total number of selected nets for routing = 28.
#Total number of unselected nets (but routable) for routing = 3906 (skipped).
#Total number of nets in the design = 4014.
#
#3906 skipped nets do not have any wires.
#28 routable nets have only global wires.
#28 global routed or unrouted (routable) nets have been constrained (e.g. have preferred extra spacing, require shielding etc.)
#
#Routed net constraints summary:
#------------------------------------------------
#        Rules   Pref Extra Space   Unconstrained  
#------------------------------------------------
#      Default                 28               0  
#------------------------------------------------
#        Total                 28               0  
#------------------------------------------------
#
#Routing constraints summary of the whole design:
#------------------------------------------------
#        Rules   Pref Extra Space   Unconstrained  
#------------------------------------------------
#      Default                 28            3906  
#------------------------------------------------
#        Total                 28            3906  
#------------------------------------------------
#
#
#  Congestion Analysis: (blocked Gcells are excluded)
#
#                 OverCon          
#                  #Gcell    %Gcell
#     Layer           (1)   OverCon
#  --------------------------------
#  metal1        0(0.00%)   (0.00%)
#  metal2        0(0.00%)   (0.00%)
#  metal3        0(0.00%)   (0.00%)
#  metal4        0(0.00%)   (0.00%)
#  metal5        0(0.00%)   (0.00%)
#  metal6        0(0.00%)   (0.00%)
#  metal7        0(0.00%)   (0.00%)
#  metal8        0(0.00%)   (0.00%)
#  metal9        0(0.00%)   (0.00%)
#  metal10       0(0.00%)   (0.00%)
#  --------------------------------
#     Total      0(0.00%)   (0.00%)
#
#  The worst congested Gcell overcon (routing demand over resource in number of tracks) = 1
#  Overflow after GR: 0.00% H + 0.00% V
#
#Complete Global Routing.
#Total number of nets with non-default rule or having extra spacing = 28
#Total wire length = 1042 um.
#Total half perimeter of net bounding box = 819 um.
#Total wire length on LAYER metal1 = 0 um.
#Total wire length on LAYER metal2 = 275 um.
#Total wire length on LAYER metal3 = 460 um.
#Total wire length on LAYER metal4 = 307 um.
#Total wire length on LAYER metal5 = 0 um.
#Total wire length on LAYER metal6 = 0 um.
#Total wire length on LAYER metal7 = 0 um.
#Total wire length on LAYER metal8 = 0 um.
#Total wire length on LAYER metal9 = 0 um.
#Total wire length on LAYER metal10 = 0 um.
#Total number of vias = 626
#Up-Via Summary (total 626):
#           
#-----------------------
# metal1            309
# metal2            222
# metal3             95
#-----------------------
#                   626 
#
#Total number of involved priority nets 28
#Maximum src to sink distance for priority net 80.5
#Average of max src_to_sink distance for priority net 24.8
#Average of ave src_to_sink distance for priority net 15.1
#Max overcon = 0 track.
#Total overcon = 0.00%.
#Worst layer Gcell overcon rate = 0.00%.
#
#Global routing statistics:
#Cpu time = 00:00:00
#Elapsed time = 00:00:00
#Increased memory = 1.11 (MB)
#Total memory = 1031.55 (MB)
#Peak memory = 1144.81 (MB)
#
#Finished global routing on Sat Oct 25 23:37:00 2025
#
#
#reading routing guides ......
#cpu time = 00:00:00, elapsed time = 00:00:00, memory = 1031.04 (MB), peak = 1144.81 (MB)
#Start Track Assignment.
#Done with 145 horizontal wires in 2 hboxes and 179 vertical wires in 2 hboxes.
#Done with 136 horizontal wires in 2 hboxes and 172 vertical wires in 2 hboxes.
#Complete Track Assignment.
#Total number of nets with non-default rule or having extra spacing = 28
#Total wire length = 1086 um.
#Total half perimeter of net bounding box = 819 um.
#Total wire length on LAYER metal1 = 63 um.
#Total wire length on LAYER metal2 = 262 um.
#Total wire length on LAYER metal3 = 446 um.
#Total wire length on LAYER metal4 = 315 um.
#Total wire length on LAYER metal5 = 0 um.
#Total wire length on LAYER metal6 = 0 um.
#Total wire length on LAYER metal7 = 0 um.
#Total wire length on LAYER metal8 = 0 um.
#Total wire length on LAYER metal9 = 0 um.
#Total wire length on LAYER metal10 = 0 um.
#Total number of vias = 626
#Up-Via Summary (total 626):
#           
#-----------------------
# metal1            309
# metal2            222
# metal3             95
#-----------------------
#                   626 
#
#cpu time = 00:00:00, elapsed time = 00:00:00, memory = 1031.13 (MB), peak = 1144.81 (MB)
#
#Routing data preparation, pin analysis, global routing and track assignment statistics:
#Cpu time = 00:00:01
#Elapsed time = 00:00:01
#Increased memory = 4.78 (MB)
#Total memory = 1031.13 (MB)
#Peak memory = 1144.81 (MB)
#
#Start Detail Routing..
#start initial detail routing ...
# ECO: 13.9% of the total area was rechecked for DRC, and 65.3% required routing.
#   number of violations = 0
#cpu time = 00:00:02, elapsed time = 00:00:02, memory = 1034.95 (MB), peak = 1144.81 (MB)
#Complete Detail Routing.
#Total number of nets with non-default rule or having extra spacing = 28
#Total wire length = 1069 um.
#Total half perimeter of net bounding box = 819 um.
#Total wire length on LAYER metal1 = 0 um.
#Total wire length on LAYER metal2 = 155 um.
#Total wire length on LAYER metal3 = 496 um.
#Total wire length on LAYER metal4 = 418 um.
#Total wire length on LAYER metal5 = 0 um.
#Total wire length on LAYER metal6 = 0 um.
#Total wire length on LAYER metal7 = 0 um.
#Total wire length on LAYER metal8 = 0 um.
#Total wire length on LAYER metal9 = 0 um.
#Total wire length on LAYER metal10 = 0 um.
#Total number of vias = 759
#Up-Via Summary (total 759):
#           
#-----------------------
# metal1            309
# metal2            271
# metal3            179
#-----------------------
#                   759 
#
#Total number of DRC violations = 0
#Cpu time = 00:00:02
#Elapsed time = 00:00:02
#Increased memory = 1.70 (MB)
#Total memory = 1032.83 (MB)
#Peak memory = 1144.81 (MB)
#detailRoute Statistics:
#Cpu time = 00:00:02
#Elapsed time = 00:00:02
#Increased memory = 1.70 (MB)
#Total memory = 1032.83 (MB)
#Peak memory = 1144.81 (MB)
#Skip updating routing design signature in db-snapshot flow
#
#globalDetailRoute statistics:
#Cpu time = 00:00:03
#Elapsed time = 00:00:03
#Increased memory = 6.14 (MB)
#Total memory = 1031.78 (MB)
#Peak memory = 1144.81 (MB)
#Number of warnings = 1
#Total number of warnings = 8
#Number of fails = 0
#Total number of fails = 0
#Complete globalDetailRoute on Sat Oct 25 23:37:02 2025
#
% End globalDetailRoute (date=10/25 23:37:02, total cpu=0:00:03.2, real=0:00:03.0, peak res=1031.2M, current mem=1031.2M)
        NanoRoute done. (took cpu=0:00:03.2 real=0:00:03.2)
      Clock detailed routing done.
Checking guided vs. routed lengths for 28 nets...

      
      Guided max path lengths
      =======================
      
      ---------------------------------------
      From (um)    To (um)    Number of paths
      ---------------------------------------
        0.000      10.000            3
       10.000      20.000           16
       20.000      30.000            5
       30.000      40.000            0
       40.000      50.000            1
       50.000      60.000            0
       60.000      70.000            0
       70.000      80.000            3
      ---------------------------------------
      
      Deviation of routing from guided max path lengths
      =================================================
      
      -------------------------------------
      From (%)    To (%)    Number of paths
      -------------------------------------
      below        0.000          15
        0.000      5.000           6
        5.000     10.000           3
       10.000     15.000           2
       15.000     20.000           1
       20.000     25.000           0
       25.000     30.000           0
       30.000     35.000           0
       35.000     40.000           1
      -------------------------------------
      

    Top 4 notable deviations of routed length from guided length
    =============================================================

    Net CTS_1 (9 terminals)
    Guided length:  max path =    71.230um, total =    96.725um
    Routed length:  max path =    77.620um, total =   100.190um
    Deviation:      max path =     8.971%,  total =     3.582%

    Net CTS_2 (9 terminals)
    Guided length:  max path =    75.240um, total =    94.600um
    Routed length:  max path =    75.310um, total =    97.020um
    Deviation:      max path =     0.093%,  total =     2.558%

    Net CTS_4 (9 terminals)
    Guided length:  max path =    43.200um, total =    99.630um
    Routed length:  max path =    43.230um, total =   100.480um
    Deviation:      max path =     0.069%,  total =     0.853%

    Net CLK (4 terminals)
    Guided length:  max path =    78.750um, total =    83.240um
    Routed length:  max path =    78.635um, total =    83.195um
    Deviation:      max path =    -0.146%,  total =    -0.054%

Set FIXED routing status on 28 net(s)
Set FIXED placed status on 27 instance(s)
      Route Remaining Unrouted Nets...
Running earlyGlobalRoute to complete any remaining unrouted nets.
Updating RC grid for preRoute extraction ...
Initializing multi-corner capacitance tables ... 
Initializing multi-corner resistance tables ...
[NR-eGR] Started Early Global Route kernel ( Curr Mem: 1281.90 MB )
[NR-eGR] Track table information for default rule: 
[NR-eGR] metal1 has no routable track
[NR-eGR] metal2 has single uniform track structure
[NR-eGR] metal3 has single uniform track structure
[NR-eGR] metal4 has single uniform track structure
[NR-eGR] metal5 has single uniform track structure
[NR-eGR] metal6 has single uniform track structure
[NR-eGR] metal7 has single uniform track structure
[NR-eGR] metal8 has single uniform track structure
[NR-eGR] metal9 has single uniform track structure
[NR-eGR] metal10 has single uniform track structure
[NR-eGR] Read 154 PG shapes
[NR-eGR] #Routing Blockages  : 0
[NR-eGR] #Instance Blockages : 0
[NR-eGR] #PG Blockages       : 154
[NR-eGR] #Halo Blockages     : 0
[NR-eGR] #Boundary Blockages : 0
[NR-eGR] Num Prerouted Nets = 28  Num Prerouted Wires = 869
[NR-eGR] Read numTotalNets=3934  numIgnoredNets=28
[NR-eGR] ============ Routing rule table ============
[NR-eGR] Rule id: 0  Nets: 0 
[NR-eGR] Rule id: 1  Nets: 3906 
[NR-eGR] ========================================
[NR-eGR] 
[NR-eGR] Layer group 1: route 3906 net(s) in layer range [2, 10]
[NR-eGR] Early Global Route overflow of layer group 1: 0.00% H + 0.00% V. EstWL: 3.039680e+04um
[NR-eGR] Congestion Analysis By layer: (blocked Gcells are excluded) 
[NR-eGR]                        OverCon            
[NR-eGR]                         #Gcell     %Gcell
[NR-eGR]       Layer                (1)    OverCon 
[NR-eGR] ----------------------------------------------
[NR-eGR]  metal1  (1)         0( 0.00%)   ( 0.00%) 
[NR-eGR]  metal2  (2)         1( 0.02%)   ( 0.02%) 
[NR-eGR]  metal3  (3)         0( 0.00%)   ( 0.00%) 
[NR-eGR]  metal4  (4)         0( 0.00%)   ( 0.00%) 
[NR-eGR]  metal5  (5)         0( 0.00%)   ( 0.00%) 
[NR-eGR]  metal6  (6)         0( 0.00%)   ( 0.00%) 
[NR-eGR]  metal7  (7)         0( 0.00%)   ( 0.00%) 
[NR-eGR]  metal8  (8)         0( 0.00%)   ( 0.00%) 
[NR-eGR]  metal9  (9)         0( 0.00%)   ( 0.00%) 
[NR-eGR] metal10 (10)         0( 0.00%)   ( 0.00%) 
[NR-eGR] ----------------------------------------------
[NR-eGR] Total                1( 0.00%)   ( 0.00%) 
[NR-eGR] 
[NR-eGR] Overflow after Early Global Route (GR compatible) 0.00% H + 0.00% V
[NR-eGR] Overflow after Early Global Route 0.00% H + 0.00% V
[NR-eGR] Started Export DB wires ( Curr Mem: 1281.90 MB )
[NR-eGR] Started Export all nets ( Curr Mem: 1281.90 MB )
[NR-eGR] Finished Export all nets ( CPU: 0.03 sec, Real: 0.03 sec, Curr Mem: 1281.90 MB )
[NR-eGR] Started Set wire vias ( Curr Mem: 1281.90 MB )
[NR-eGR] Finished Set wire vias ( CPU: 0.01 sec, Real: 0.01 sec, Curr Mem: 1281.90 MB )
[NR-eGR] Finished Export DB wires ( CPU: 0.04 sec, Real: 0.04 sec, Curr Mem: 1281.90 MB )
[NR-eGR] --------------------------------------------------------------------------
[NR-eGR] metal1  (1F) length: 0.000000e+00um, number of vias: 12309
[NR-eGR] metal2  (2V) length: 9.356185e+03um, number of vias: 14871
[NR-eGR] metal3  (3H) length: 1.367890e+04um, number of vias: 5327
[NR-eGR] metal4  (4V) length: 8.011005e+03um, number of vias: 472
[NR-eGR] metal5  (5H) length: 9.101200e+02um, number of vias: 420
[NR-eGR] metal6  (6V) length: 1.938120e+03um, number of vias: 22
[NR-eGR] metal7  (7H) length: 2.318500e+01um, number of vias: 11
[NR-eGR] metal8  (8V) length: 6.010000e+01um, number of vias: 5
[NR-eGR] metal9  (9H) length: 6.865000e+00um, number of vias: 2
[NR-eGR] metal10 (10V) length: 1.480000e+00um, number of vias: 0
[NR-eGR] Total length: 3.398596e+04um, number of vias: 33439
[NR-eGR] --------------------------------------------------------------------------
[NR-eGR] Total eGR-routed clock nets wire length: 0.000000e+00um 
[NR-eGR] --------------------------------------------------------------------------
[NR-eGR] Finished Early Global Route kernel ( CPU: 0.25 sec, Real: 0.25 sec, Curr Mem: 1281.90 MB )
      Route Remaining Unrouted Nets done. (took cpu=0:00:00.5 real=0:00:00.5)
    Routing using NR in eGR->NR Step done.
Net route status summary:
  Clock:        28 (unrouted=0, trialRouted=0, noStatus=0, routed=0, fixed=28, [crossesIlmBoundary=0, tooFewTerms=0, (crossesIlmBoundary AND tooFewTerms=0)])
  Non-clock:  3986 (unrouted=80, trialRouted=3906, noStatus=0, routed=0, fixed=0, [crossesIlmBoundary=0, tooFewTerms=80, (crossesIlmBoundary AND tooFewTerms=0)])

CCOPT: Done with clock implementation routing.

    Leaving CCOpt scope - Routing Tools done. (took cpu=0:00:04.0 real=0:00:04.0)
  Clock implementation routing done.
  Leaving CCOpt scope - extractRC...
  Updating RC parasitics by calling: "extractRC -noRouteCheck"...
Extraction called for design 'myfir' of instances=3148 and nets=4014 using extraction engine 'preRoute' .
PreRoute RC Extraction called for design myfir.
RC Extraction called in multi-corner(1) mode.
RCMode: PreRoute
      RC Corner Indexes            0   
Capacitance Scaling Factor   : 1.00000 
Resistance Scaling Factor    : 1.00000 
Clock Cap. Scaling Factor    : 1.00000 
Clock Res. Scaling Factor    : 1.00000 
Shrink Factor                : 1.00000
PreRoute extraction is honoring NDR/Shielding/ExtraSpace for clock nets.
Using capacitance table file ...
Updating RC grid for preRoute extraction ...
Initializing multi-corner capacitance tables ... 
Initializing multi-corner resistance tables ...
PreRoute RC Extraction DONE (CPU Time: 0:00:00.3  Real Time: 0:00:00.0  MEM: 1281.898M)
  Updating RC parasitics by calling: "extractRC -noRouteCheck" done.
  Leaving CCOpt scope - extractRC done. (took cpu=0:00:00.3 real=0:00:00.3)
  Clock tree timing engine global stage delay update for my_delay:both.late...
  Clock tree timing engine global stage delay update for my_delay:both.late done. (took cpu=0:00:00.1 real=0:00:00.1)
  Clock DAG stats after routing clock trees:
    cell counts      : b=4, i=0, icg=23, nicg=0, l=0, total=27
    cell areas       : b=3.990um^2, i=0.000um^2, icg=91.770um^2, nicg=0.000um^2, l=0.000um^2, total=95.760um^2
    cell capacitance : b=4.998fF, i=0.000fF, icg=41.681fF, nicg=0.000fF, l=0.000fF, total=46.678fF
    sink capacitance : count=255, total=249.034fF, avg=0.977fF, sd=0.000fF, min=0.977fF, max=0.977fF
    wire capacitance : top=0.000fF, trunk=37.282fF, leaf=70.049fF, total=107.330fF
    wire lengths     : top=0.000um, trunk=380.885um, leaf=687.920um, total=1068.805um
    hp wire lengths  : top=0.000um, trunk=255.120um, leaf=476.405um, total=731.525um
  Clock DAG net violations after routing clock trees: none
  Clock DAG primary half-corner transition distribution after routing clock trees:
    Trunk : target=0.080ns count=4 avg=0.022ns sd=0.013ns min=0.002ns max=0.029ns {4 <= 0.048ns, 0 <= 0.064ns, 0 <= 0.072ns, 0 <= 0.076ns, 0 <= 0.080ns}
    Leaf  : target=0.080ns count=24 avg=0.031ns sd=0.005ns min=0.011ns max=0.037ns {24 <= 0.048ns, 0 <= 0.064ns, 0 <= 0.072ns, 0 <= 0.076ns, 0 <= 0.080ns}
  Clock DAG library cell distribution after routing clock trees {count}:
     Bufs: CLKBUF_X2: 3 CLKBUF_X1: 1 
     ICGs: CLKGATETST_X1: 23 
  Primary reporting skew groups after routing clock trees:
    skew_group MY_CLK: insertion delay [min=0.088, max=0.117, avg=0.111, sd=0.003], skew [0.029 vs 0.500], 100% {0.088, 0.117} (wid=0.004 ws=0.003) (gid=0.114 gs=0.028)
  Skew group summary after routing clock trees:
    skew_group MY_CLK: insertion delay [min=0.088, max=0.117, avg=0.111, sd=0.003], skew [0.029 vs 0.500], 100% {0.088, 0.117} (wid=0.004 ws=0.003) (gid=0.114 gs=0.028)
  CCOpt::Phase::Routing done. (took cpu=0:00:04.5 real=0:00:04.5)
  CCOpt::Phase::PostConditioning...
  Post Conditioning - Blocking space for clock sinks to ensure they remain legal.
  Removing CTS place status from clock tree and sinks.
  Switching to inst based legalization.
  PostConditioning...
    PostConditioning active optimizations:
     - DRV fixing with cell sizing and buffering
     - Skew fixing with cell sizing
    
    Currently running CTS, using active skew data
    Reset bufferability constraints...
    Resetting previous bufferability status on all nets so that PostConditioning will attempt to fix all clock tree violations.
    Reset bufferability constraints done. (took cpu=0:00:00.0 real=0:00:00.0)
    PostConditioning Upsizing To Fix DRVs...
      Fixing clock tree DRVs with upsizing: ...20% ...40% ...60% ...80% ...100% 
      CCOpt-PostConditioning: considered: 28, tested: 28, violation detected: 0, violation ignored (due to small violation): 0, cannot run: 0, attempted: 0, unsuccessful: 0, sized: 0
      
      PRO Statistics: Fix DRVs (initial upsizing):
      ============================================
      
      Cell changes by Net Type:
      
      -------------------------------------------------------------------------------------------------
      Net Type    Attempted    Upsized     Downsized    Swapped Same Size    Total Changed    Not Sized
      -------------------------------------------------------------------------------------------------
      top                0            0           0            0                    0                0
      trunk              0            0           0            0                    0                0
      leaf               0            0           0            0                    0                0
      -------------------------------------------------------------------------------------------------
      Total              0            0           0            0                    0                0
      -------------------------------------------------------------------------------------------------
      
      Upsized: 0, Downsized: 0, Sized but same area: 0, Unchanged: 0, Area change: 0.000um^2 (0.000%)
      Max. move: 0.000um, Min. move: 0.000um, Avg. move: N/A
      
      Clock DAG stats after 'PostConditioning Upsizing To Fix DRVs':
        cell counts      : b=4, i=0, icg=23, nicg=0, l=0, total=27
        cell areas       : b=3.990um^2, i=0.000um^2, icg=91.770um^2, nicg=0.000um^2, l=0.000um^2, total=95.760um^2
        cell capacitance : b=4.998fF, i=0.000fF, icg=41.681fF, nicg=0.000fF, l=0.000fF, total=46.678fF
        sink capacitance : count=255, total=249.034fF, avg=0.977fF, sd=0.000fF, min=0.977fF, max=0.977fF
        wire capacitance : top=0.000fF, trunk=37.282fF, leaf=70.049fF, total=107.330fF
        wire lengths     : top=0.000um, trunk=380.885um, leaf=687.920um, total=1068.805um
        hp wire lengths  : top=0.000um, trunk=255.120um, leaf=476.405um, total=731.525um
      Clock DAG net violations after 'PostConditioning Upsizing To Fix DRVs': none
      Clock DAG primary half-corner transition distribution after 'PostConditioning Upsizing To Fix DRVs':
        Trunk : target=0.080ns count=4 avg=0.022ns sd=0.013ns min=0.002ns max=0.029ns {4 <= 0.048ns, 0 <= 0.064ns, 0 <= 0.072ns, 0 <= 0.076ns, 0 <= 0.080ns}
        Leaf  : target=0.080ns count=24 avg=0.031ns sd=0.005ns min=0.011ns max=0.037ns {24 <= 0.048ns, 0 <= 0.064ns, 0 <= 0.072ns, 0 <= 0.076ns, 0 <= 0.080ns}
      Clock DAG library cell distribution after 'PostConditioning Upsizing To Fix DRVs' {count}:
         Bufs: CLKBUF_X2: 3 CLKBUF_X1: 1 
         ICGs: CLKGATETST_X1: 23 
      Primary reporting skew groups after 'PostConditioning Upsizing To Fix DRVs':
        skew_group MY_CLK: insertion delay [min=0.088, max=0.117, avg=0.111, sd=0.003], skew [0.029 vs 0.500], 100% {0.088, 0.117} (wid=0.004 ws=0.003) (gid=0.114 gs=0.028)
      Skew group summary after 'PostConditioning Upsizing To Fix DRVs':
        skew_group MY_CLK: insertion delay [min=0.088, max=0.117, avg=0.111, sd=0.003], skew [0.029 vs 0.500], 100% {0.088, 0.117} (wid=0.004 ws=0.003) (gid=0.114 gs=0.028)
      Legalizer API calls during this step: 0 succeeded with high effort: 0 succeeded with medium effort: 0 succeeded with low effort: 0 succeeded with basic effort: 0 succeeded with basic unbounded effort: 0
    PostConditioning Upsizing To Fix DRVs done. (took cpu=0:00:00.0 real=0:00:00.0)
    Recomputing CTS skew targets...
    Resolving skew group constraints...
      Solving LP: 1 skew groups; 2 fragments, 2 fraglets and 3 vertices; 21 variables and 54 constraints; tolerance 1
    Resolving skew group constraints done.
    Recomputing CTS skew targets done. (took cpu=0:00:00.0 real=0:00:00.0)
    PostConditioning Fixing DRVs...
      Fixing clock tree DRVs: ...20% ...40% ...60% ...80% ...100% 
      CCOpt-PostConditioning: considered: 28, tested: 28, violation detected: 0, violation ignored (due to small violation): 0, cannot run: 0, attempted: 0, unsuccessful: 0, sized: 0
      
      PRO Statistics: Fix DRVs (cell sizing):
      =======================================
      
      Cell changes by Net Type:
      
      -------------------------------------------------------------------------------------------------
      Net Type    Attempted    Upsized     Downsized    Swapped Same Size    Total Changed    Not Sized
      -------------------------------------------------------------------------------------------------
      top                0            0           0            0                    0                0
      trunk              0            0           0            0                    0                0
      leaf               0            0           0            0                    0                0
      -------------------------------------------------------------------------------------------------
      Total              0            0           0            0                    0                0
      -------------------------------------------------------------------------------------------------
      
      Upsized: 0, Downsized: 0, Sized but same area: 0, Unchanged: 0, Area change: 0.000um^2 (0.000%)
      Max. move: 0.000um, Min. move: 0.000um, Avg. move: N/A
      
      Clock DAG stats after 'PostConditioning Fixing DRVs':
        cell counts      : b=4, i=0, icg=23, nicg=0, l=0, total=27
        cell areas       : b=3.990um^2, i=0.000um^2, icg=91.770um^2, nicg=0.000um^2, l=0.000um^2, total=95.760um^2
        cell capacitance : b=4.998fF, i=0.000fF, icg=41.681fF, nicg=0.000fF, l=0.000fF, total=46.678fF
        sink capacitance : count=255, total=249.034fF, avg=0.977fF, sd=0.000fF, min=0.977fF, max=0.977fF
        wire capacitance : top=0.000fF, trunk=37.282fF, leaf=70.049fF, total=107.330fF
        wire lengths     : top=0.000um, trunk=380.885um, leaf=687.920um, total=1068.805um
        hp wire lengths  : top=0.000um, trunk=255.120um, leaf=476.405um, total=731.525um
      Clock DAG net violations after 'PostConditioning Fixing DRVs': none
      Clock DAG primary half-corner transition distribution after 'PostConditioning Fixing DRVs':
        Trunk : target=0.080ns count=4 avg=0.022ns sd=0.013ns min=0.002ns max=0.029ns {4 <= 0.048ns, 0 <= 0.064ns, 0 <= 0.072ns, 0 <= 0.076ns, 0 <= 0.080ns}
        Leaf  : target=0.080ns count=24 avg=0.031ns sd=0.005ns min=0.011ns max=0.037ns {24 <= 0.048ns, 0 <= 0.064ns, 0 <= 0.072ns, 0 <= 0.076ns, 0 <= 0.080ns}
      Clock DAG library cell distribution after 'PostConditioning Fixing DRVs' {count}:
         Bufs: CLKBUF_X2: 3 CLKBUF_X1: 1 
         ICGs: CLKGATETST_X1: 23 
      Primary reporting skew groups after 'PostConditioning Fixing DRVs':
        skew_group MY_CLK: insertion delay [min=0.088, max=0.117, avg=0.111, sd=0.003], skew [0.029 vs 0.500], 100% {0.088, 0.117} (wid=0.004 ws=0.003) (gid=0.114 gs=0.028)
      Skew group summary after 'PostConditioning Fixing DRVs':
        skew_group MY_CLK: insertion delay [min=0.088, max=0.117, avg=0.111, sd=0.003], skew [0.029 vs 0.500], 100% {0.088, 0.117} (wid=0.004 ws=0.003) (gid=0.114 gs=0.028)
      Legalizer API calls during this step: 0 succeeded with high effort: 0 succeeded with medium effort: 0 succeeded with low effort: 0 succeeded with basic effort: 0 succeeded with basic unbounded effort: 0
    PostConditioning Fixing DRVs done. (took cpu=0:00:00.0 real=0:00:00.0)
    Buffering to fix DRVs...
    Fixing DRVs with route buffering pass 1. Quick buffering: enabled
    Rebuffering to fix clock tree DRVs: ...20% ...40% ...60% ...80% ...100% 
    Inserted 0 buffers and inverters.
    success count. Default: 0, QS: 0, QD: 0, FS: 0, MQS: 0
    CCOpt-PostConditioning: nets considered: 28, nets tested: 28, nets violation detected: 0, nets violation ignored (due to small violation): 0, nets cannot run: 0, nets attempted: 0, nets unsuccessful: 0, buffered: 0
    Clock DAG stats PostConditioning after re-buffering DRV fixing:
      cell counts      : b=4, i=0, icg=23, nicg=0, l=0, total=27
      cell areas       : b=3.990um^2, i=0.000um^2, icg=91.770um^2, nicg=0.000um^2, l=0.000um^2, total=95.760um^2
      cell capacitance : b=4.998fF, i=0.000fF, icg=41.681fF, nicg=0.000fF, l=0.000fF, total=46.678fF
      sink capacitance : count=255, total=249.034fF, avg=0.977fF, sd=0.000fF, min=0.977fF, max=0.977fF
      wire capacitance : top=0.000fF, trunk=37.282fF, leaf=70.049fF, total=107.330fF
      wire lengths     : top=0.000um, trunk=380.885um, leaf=687.920um, total=1068.805um
      hp wire lengths  : top=0.000um, trunk=255.120um, leaf=476.405um, total=731.525um
    Clock DAG net violations PostConditioning after re-buffering DRV fixing: none
    Clock DAG primary half-corner transition distribution PostConditioning after re-buffering DRV fixing:
      Trunk : target=0.080ns count=4 avg=0.022ns sd=0.013ns min=0.002ns max=0.029ns {4 <= 0.048ns, 0 <= 0.064ns, 0 <= 0.072ns, 0 <= 0.076ns, 0 <= 0.080ns}
      Leaf  : target=0.080ns count=24 avg=0.031ns sd=0.005ns min=0.011ns max=0.037ns {24 <= 0.048ns, 0 <= 0.064ns, 0 <= 0.072ns, 0 <= 0.076ns, 0 <= 0.080ns}
    Clock DAG library cell distribution PostConditioning after re-buffering DRV fixing {count}:
       Bufs: CLKBUF_X2: 3 CLKBUF_X1: 1 
       ICGs: CLKGATETST_X1: 23 
    Primary reporting skew groups PostConditioning after re-buffering DRV fixing:
      skew_group MY_CLK: insertion delay [min=0.088, max=0.117, avg=0.111, sd=0.003], skew [0.029 vs 0.500], 100% {0.088, 0.117} (wid=0.004 ws=0.003) (gid=0.114 gs=0.028)
    Skew group summary PostConditioning after re-buffering DRV fixing:
      skew_group MY_CLK: insertion delay [min=0.088, max=0.117, avg=0.111, sd=0.003], skew [0.029 vs 0.500], 100% {0.088, 0.117} (wid=0.004 ws=0.003) (gid=0.114 gs=0.028)
    Buffering to fix DRVs done. (took cpu=0:00:00.0 real=0:00:00.0)
    PostConditioning Fixing Skew by cell sizing...
      Resized 0 clock insts to decrease delay.
      Resized 0 clock insts to increase delay.
      
      PRO Statistics: Fix Skew (cell sizing):
      =======================================
      
      Cell changes by Net Type:
      
      -------------------------------------------------------------------------------------------------
      Net Type    Attempted    Upsized     Downsized    Swapped Same Size    Total Changed    Not Sized
      -------------------------------------------------------------------------------------------------
      top                0            0           0            0                    0                0
      trunk              0            0           0            0                    0                0
      leaf               0            0           0            0                    0                0
      -------------------------------------------------------------------------------------------------
      Total              0            0           0            0                    0                0
      -------------------------------------------------------------------------------------------------
      
      Upsized: 0, Downsized: 0, Sized but same area: 0, Unchanged: 0, Area change: 0.000um^2 (0.000%)
      Max. move: 0.000um, Min. move: 0.000um, Avg. move: N/A
      
      Clock DAG stats after 'PostConditioning Fixing Skew by cell sizing':
        cell counts      : b=4, i=0, icg=23, nicg=0, l=0, total=27
        cell areas       : b=3.990um^2, i=0.000um^2, icg=91.770um^2, nicg=0.000um^2, l=0.000um^2, total=95.760um^2
        cell capacitance : b=4.998fF, i=0.000fF, icg=41.681fF, nicg=0.000fF, l=0.000fF, total=46.678fF
        sink capacitance : count=255, total=249.034fF, avg=0.977fF, sd=0.000fF, min=0.977fF, max=0.977fF
        wire capacitance : top=0.000fF, trunk=37.282fF, leaf=70.049fF, total=107.330fF
        wire lengths     : top=0.000um, trunk=380.885um, leaf=687.920um, total=1068.805um
        hp wire lengths  : top=0.000um, trunk=255.120um, leaf=476.405um, total=731.525um
      Clock DAG net violations after 'PostConditioning Fixing Skew by cell sizing': none
      Clock DAG primary half-corner transition distribution after 'PostConditioning Fixing Skew by cell sizing':
        Trunk : target=0.080ns count=4 avg=0.022ns sd=0.013ns min=0.002ns max=0.029ns {4 <= 0.048ns, 0 <= 0.064ns, 0 <= 0.072ns, 0 <= 0.076ns, 0 <= 0.080ns}
        Leaf  : target=0.080ns count=24 avg=0.031ns sd=0.005ns min=0.011ns max=0.037ns {24 <= 0.048ns, 0 <= 0.064ns, 0 <= 0.072ns, 0 <= 0.076ns, 0 <= 0.080ns}
      Clock DAG library cell distribution after 'PostConditioning Fixing Skew by cell sizing' {count}:
         Bufs: CLKBUF_X2: 3 CLKBUF_X1: 1 
         ICGs: CLKGATETST_X1: 23 
      Primary reporting skew groups after 'PostConditioning Fixing Skew by cell sizing':
        skew_group MY_CLK: insertion delay [min=0.088, max=0.117, avg=0.111, sd=0.003], skew [0.029 vs 0.500], 100% {0.088, 0.117} (wid=0.004 ws=0.003) (gid=0.114 gs=0.028)
      Skew group summary after 'PostConditioning Fixing Skew by cell sizing':
        skew_group MY_CLK: insertion delay [min=0.088, max=0.117, avg=0.111, sd=0.003], skew [0.029 vs 0.500], 100% {0.088, 0.117} (wid=0.004 ws=0.003) (gid=0.114 gs=0.028)
      Legalizer API calls during this step: 0 succeeded with high effort: 0 succeeded with medium effort: 0 succeeded with low effort: 0 succeeded with basic effort: 0 succeeded with basic unbounded effort: 0
    PostConditioning Fixing Skew by cell sizing done. (took cpu=0:00:00.0 real=0:00:00.0)
    Reconnecting optimized routes...
    Reset timing graph...
Ignoring AAE DB Resetting ...
    Reset timing graph done.
    Reconnecting optimized routes done. (took cpu=0:00:00.0 real=0:00:00.0)
Skipping refinePlace: no changes were made during DRV and/or skew fixing steps so it is unnecessary.
    Set dirty flag on 0 instances, 0 nets
  PostConditioning done.
Net route status summary:
  Clock:        28 (unrouted=0, trialRouted=0, noStatus=0, routed=0, fixed=28, [crossesIlmBoundary=0, tooFewTerms=0, (crossesIlmBoundary AND tooFewTerms=0)])
  Non-clock:  3986 (unrouted=80, trialRouted=3906, noStatus=0, routed=0, fixed=0, [crossesIlmBoundary=0, tooFewTerms=80, (crossesIlmBoundary AND tooFewTerms=0)])
  Update timing and DAG stats after post-conditioning...
  Update timing and DAG stats after post-conditioning done. (took cpu=0:00:00.0 real=0:00:00.0)
  Clock tree timing engine global stage delay update for my_delay:both.late...
  Clock tree timing engine global stage delay update for my_delay:both.late done. (took cpu=0:00:00.1 real=0:00:00.1)
  Clock DAG stats after post-conditioning:
    cell counts      : b=4, i=0, icg=23, nicg=0, l=0, total=27
    cell areas       : b=3.990um^2, i=0.000um^2, icg=91.770um^2, nicg=0.000um^2, l=0.000um^2, total=95.760um^2
    cell capacitance : b=4.998fF, i=0.000fF, icg=41.681fF, nicg=0.000fF, l=0.000fF, total=46.678fF
    sink capacitance : count=255, total=249.034fF, avg=0.977fF, sd=0.000fF, min=0.977fF, max=0.977fF
    wire capacitance : top=0.000fF, trunk=37.282fF, leaf=70.049fF, total=107.330fF
    wire lengths     : top=0.000um, trunk=380.885um, leaf=687.920um, total=1068.805um
    hp wire lengths  : top=0.000um, trunk=255.120um, leaf=476.405um, total=731.525um
  Clock DAG net violations after post-conditioning: none
  Clock DAG primary half-corner transition distribution after post-conditioning:
    Trunk : target=0.080ns count=4 avg=0.022ns sd=0.013ns min=0.002ns max=0.029ns {4 <= 0.048ns, 0 <= 0.064ns, 0 <= 0.072ns, 0 <= 0.076ns, 0 <= 0.080ns}
    Leaf  : target=0.080ns count=24 avg=0.031ns sd=0.005ns min=0.011ns max=0.037ns {24 <= 0.048ns, 0 <= 0.064ns, 0 <= 0.072ns, 0 <= 0.076ns, 0 <= 0.080ns}
  Clock DAG library cell distribution after post-conditioning {count}:
     Bufs: CLKBUF_X2: 3 CLKBUF_X1: 1 
     ICGs: CLKGATETST_X1: 23 
  Primary reporting skew groups after post-conditioning:
    skew_group MY_CLK: insertion delay [min=0.088, max=0.117, avg=0.111, sd=0.003], skew [0.029 vs 0.500], 100% {0.088, 0.117} (wid=0.004 ws=0.003) (gid=0.114 gs=0.028)
  Skew group summary after post-conditioning:
    skew_group MY_CLK: insertion delay [min=0.088, max=0.117, avg=0.111, sd=0.003], skew [0.029 vs 0.500], 100% {0.088, 0.117} (wid=0.004 ws=0.003) (gid=0.114 gs=0.028)
  CCOpt::Phase::PostConditioning done. (took cpu=0:00:00.4 real=0:00:00.4)
  Setting CTS place status to fixed for clock tree and sinks.
  Post-balance tidy up or trial balance steps...
  
  Clock DAG stats at end of CTS:
  ==============================
  
  ------------------------------------------------------------
  Cell type                     Count    Area      Capacitance
  ------------------------------------------------------------
  Buffers                         4       3.990       4.998
  Inverters                       0       0.000       0.000
  Integrated Clock Gates         23      91.770      41.681
  Non-Integrated Clock Gates      0       0.000       0.000
  Clock Logic                     0       0.000       0.000
  All                            27      95.760      46.678
  ------------------------------------------------------------
  
  
  Clock DAG wire lengths at end of CTS:
  =====================================
  
  --------------------
  Type     Wire Length
  --------------------
  Top          0.000
  Trunk      380.885
  Leaf       687.920
  Total     1068.805
  --------------------
  
  
  Clock DAG hp wire lengths at end of CTS:
  ========================================
  
  -----------------------
  Type     hp Wire Length
  -----------------------
  Top           0.000
  Trunk       255.120
  Leaf        476.405
  Total       731.525
  -----------------------
  
  
  Clock DAG capacitances at end of CTS:
  =====================================
  
  --------------------------------------
  Type     Gate       Wire       Total
  --------------------------------------
  Top        0.000      0.000      0.000
  Trunk     46.678     37.282     83.960
  Leaf     249.034     70.049    319.083
  Total    295.712    107.330    403.043
  --------------------------------------
  
  
  Clock DAG sink capacitances at end of CTS:
  ==========================================
  
  ----------------------------------------------------------
  Count    Total      Average    Std. Dev.    Min      Max
  ----------------------------------------------------------
   255     249.034     0.977       0.000      0.977    0.977
  ----------------------------------------------------------
  
  
  Clock DAG net violations at end of CTS:
  =======================================
  
  None
  
  
  Clock DAG primary half-corner transition distribution at end of CTS:
  ====================================================================
  
  ---------------------------------------------------------------------------------------------------------------------------------------------------------------
  Net Type    Target    Count    Average    Std. Dev.    Min      Max      Distribution                                                               Over Target
  ---------------------------------------------------------------------------------------------------------------------------------------------------------------
  Trunk       0.080       4       0.022       0.013      0.002    0.029    {4 <= 0.048ns, 0 <= 0.064ns, 0 <= 0.072ns, 0 <= 0.076ns, 0 <= 0.080ns}          -
  Leaf        0.080      24       0.031       0.005      0.011    0.037    {24 <= 0.048ns, 0 <= 0.064ns, 0 <= 0.072ns, 0 <= 0.076ns, 0 <= 0.080ns}         -
  ---------------------------------------------------------------------------------------------------------------------------------------------------------------
  
  
  Clock DAG library cell distribution at end of CTS:
  ==================================================
  
  ----------------------------------------------
  Name             Type      Inst     Inst Area 
                             Count    (um^2)
  ----------------------------------------------
  CLKBUF_X2        buffer      3         3.192
  CLKBUF_X1        buffer      1         0.798
  CLKGATETST_X1    icg        23        91.770
  ----------------------------------------------
  
  
  Primary reporting skew groups summary at end of CTS:
  ====================================================
  
  --------------------------------------------------------------------------------------------------------------------------------------------------------------
  Half-corner           Skew Group    Min ID    Max ID    Skew     Skew target    Wire skew    Worst sink skew    Average ID    Std.Dev    Skew window occupancy
  --------------------------------------------------------------------------------------------------------------------------------------------------------------
  my_delay:both.late    MY_CLK        0.088     0.117     0.029       0.500         0.003           0.001           0.111        0.003     100% {0.088, 0.117}
  --------------------------------------------------------------------------------------------------------------------------------------------------------------
  
  
  Skew group summary at end of CTS:
  =================================
  
  --------------------------------------------------------------------------------------------------------------------------------------------------------------
  Half-corner           Skew Group    Min ID    Max ID    Skew     Skew target    Wire skew    Worst sink skew    Average ID    Std.Dev    Skew window occupancy
  --------------------------------------------------------------------------------------------------------------------------------------------------------------
  my_delay:both.late    MY_CLK        0.088     0.117     0.029       0.500         0.003           0.001           0.111        0.003     100% {0.088, 0.117}
  --------------------------------------------------------------------------------------------------------------------------------------------------------------
  
  
  Found a total of 0 clock tree pins with a slew violation.
  
  Post-balance tidy up or trial balance steps done. (took cpu=0:00:00.0 real=0:00:00.0)
Synthesizing clock trees done.
Tidy Up And Update Timing...
External - Set all clocks to propagated mode...
**WARN: (IMPCCOPT-2015):	Innovus will not update I/O latencies for the following reason(s):
 * The following are in propagated mode:
   - Root pin CLK of SDC clock CLK in view MyAnView

Setting all clocks to propagated mode.
SDC_layout
External - Set all clocks to propagated mode done. (took cpu=0:00:00.4 real=0:00:00.4)
Clock DAG stats after update timingGraph:
  cell counts      : b=4, i=0, icg=23, nicg=0, l=0, total=27
  cell areas       : b=3.990um^2, i=0.000um^2, icg=91.770um^2, nicg=0.000um^2, l=0.000um^2, total=95.760um^2
  cell capacitance : b=4.998fF, i=0.000fF, icg=41.681fF, nicg=0.000fF, l=0.000fF, total=46.678fF
  sink capacitance : count=255, total=249.034fF, avg=0.977fF, sd=0.000fF, min=0.977fF, max=0.977fF
  wire capacitance : top=0.000fF, trunk=37.282fF, leaf=70.049fF, total=107.330fF
  wire lengths     : top=0.000um, trunk=380.885um, leaf=687.920um, total=1068.805um
  hp wire lengths  : top=0.000um, trunk=255.120um, leaf=476.405um, total=731.525um
Clock DAG net violations after update timingGraph: none
Clock DAG primary half-corner transition distribution after update timingGraph:
  Trunk : target=0.080ns count=4 avg=0.022ns sd=0.013ns min=0.002ns max=0.029ns {4 <= 0.048ns, 0 <= 0.064ns, 0 <= 0.072ns, 0 <= 0.076ns, 0 <= 0.080ns}
  Leaf  : target=0.080ns count=24 avg=0.031ns sd=0.005ns min=0.011ns max=0.037ns {24 <= 0.048ns, 0 <= 0.064ns, 0 <= 0.072ns, 0 <= 0.076ns, 0 <= 0.080ns}
Clock DAG library cell distribution after update timingGraph {count}:
   Bufs: CLKBUF_X2: 3 CLKBUF_X1: 1 
   ICGs: CLKGATETST_X1: 23 
Primary reporting skew groups after update timingGraph:
  skew_group MY_CLK: insertion delay [min=0.088, max=0.117, avg=0.111, sd=0.003], skew [0.029 vs 0.500], 100% {0.088, 0.117} (wid=0.004 ws=0.003) (gid=0.114 gs=0.028)
Skew group summary after update timingGraph:
  skew_group MY_CLK: insertion delay [min=0.088, max=0.117, avg=0.111, sd=0.003], skew [0.029 vs 0.500], 100% {0.088, 0.117} (wid=0.004 ws=0.003) (gid=0.114 gs=0.028)
Logging CTS constraint violations...
  No violations found.
Logging CTS constraint violations done.
Tidy Up And Update Timing done. (took cpu=0:00:00.4 real=0:00:00.5)
Runtime done. (took cpu=0:00:19.7 real=0:00:19.7)
Runtime Summary
===============
Clock Runtime:  (63%) Core CTS          12.51 (Init 3.13, Construction 1.91, Implementation 5.95, eGRPC 0.89, PostConditioning 0.38, Other 0.26)
Clock Runtime:  (27%) CTS services       5.43 (RefinePlace 0.55, EarlyGlobalClock 0.60, NanoRoute 3.22, ExtractRC 1.06, TimingAnalysis 0.00)
Clock Runtime:   (8%) Other CTS          1.75 (Init 0.48, CongRepair/EGR-DP 0.83, TimingUpdate 0.43, Other 0.00)
Clock Runtime: (100%) Total             19.69

Synthesizing clock trees with CCOpt done.
**WARN: (IMPSP-9025):	No scan chain specified/traced.
Type 'man IMPSP-9025' for more detail.
**optDesign ... cpu = 0:00:00, real = 0:00:00, mem = 1044.5M, totSessionCpu=0:19:43 **
**INFO: setDesignMode -flowEffort standard -> setting 'setOptMode -allEndPoints true' for the duration of this command.
Need call spDPlaceInit before registerPrioInstLoc.
GigaOpt running with 1 threads.
**optDesign ... cpu = 0:00:01, real = 0:00:01, mem = 1048.8M, totSessionCpu=0:19:44 **
*** optDesign -postCTS ***
DRC Margin: user margin 0.0; extra margin 0.2
Hold Target Slack: user slack 0
Setup Target Slack: user slack 0; extra slack 0.0
setUsefulSkewMode -ecoRoute false
Multi-VT timing optimization disabled based on library information.
Start to check current routing status for nets...
All nets are already routed correctly.
End to check current routing status for nets (mem=1295.8M)
Compute RC Scale Done ...
Starting delay calculation for Setup views
#################################################################################
# Design Stage: PreRoute
# Design Name: myfir
# Design Mode: 45nm
# Analysis Mode: MMMC Non-OCV 
# Parasitics Mode: No SPEF/RCDB 
# Signoff Settings: SI Off 
#################################################################################
Calculate delays in Single mode...
Start delay calculation (fullDC) (1 T). (MEM=1443.84)
Total number of fetched objects 4222
End delay calculation. (MEM=1423.35 CPU=0:00:03.0 REAL=0:00:03.0)
End delay calculation (fullDC). (MEM=1423.35 CPU=0:00:03.4 REAL=0:00:03.0)
*** Done Building Timing Graph (cpu=0:00:04.1 real=0:00:04.0 totSessionCpu=0:19:49 mem=1423.4M)

------------------------------------------------------------
             Initial Summary                             
------------------------------------------------------------

Setup views included:
 MyAnView 

+--------------------+---------+---------+---------+---------+
|     Setup mode     |   all   | reg2reg |reg2cgate| default |
+--------------------+---------+---------+---------+---------+
|           WNS (ns):|  4.401  |  4.401  |  7.210  |  6.709  |
|           TNS (ns):|  0.000  |  0.000  |  0.000  |  0.000  |
|    Violating Paths:|    0    |    0    |    0    |    0    |
|          All Paths:|   539   |   119   |   11    |   409   |
+--------------------+---------+---------+---------+---------+

+----------------+-------------------------------+------------------+
|                |              Real             |       Total      |
|    DRVs        +------------------+------------+------------------|
|                |  Nr nets(terms)  | Worst Vio  |  Nr nets(terms)  |
+----------------+------------------+------------+------------------+
|   max_cap      |      0 (0)       |   0.000    |      0 (0)       |
|   max_tran     |      0 (0)       |   0.000    |      0 (0)       |
|   max_fanout   |      0 (0)       |     0      |      0 (0)       |
|   max_length   |      0 (0)       |     0      |      0 (0)       |
+----------------+------------------+------------+------------------+

Density: 69.659%
------------------------------------------------------------
**optDesign ... cpu = 0:00:06, real = 0:00:07, mem = 1136.0M, totSessionCpu=0:19:50 **
** INFO : this run is activating low effort ccoptDesign flow
*** Starting optimizing excluded clock nets MEM= 1351.6M) ***
*info: No excluded clock nets to be optimized.
*** Finished optimizing excluded clock nets (CPU Time= 0:00:00.0  MEM= 1351.6M) ***
*** Starting optimizing excluded clock nets MEM= 1351.6M) ***
*info: No excluded clock nets to be optimized.
*** Finished optimizing excluded clock nets (CPU Time= 0:00:00.0  MEM= 1351.6M) ***
Info: Done creating the CCOpt slew target map.
Begin: GigaOpt high fanout net optimization
Info: 28 nets with fixed/cover wires excluded.
Info: 28 clock nets excluded from IPO operation.
*** DrvOpt [begin] : cpu/real = 0:00:00.0/0:00:00.0 (0.0), totSession cpu/real = 0:19:50.2/0:52:15.8 (0.4), mem = 1351.6M
*** DrvOpt [finish] : cpu/real = 0:00:03.8/0:00:03.8 (1.0), totSession cpu/real = 0:19:54.0/0:52:19.6 (0.4), mem = 1375.6M
End: GigaOpt high fanout net optimization
Begin: GigaOpt Global Optimization
*info: use new DP (enabled)
Info: 28 nets with fixed/cover wires excluded.
Info: 28 clock nets excluded from IPO operation.
*** SetupOpt [begin] : cpu/real = 0:00:00.0/0:00:00.0 (0.0), totSession cpu/real = 0:19:54.2/0:52:19.7 (0.4), mem = 1375.6M
*info: 28 clock nets excluded
*info: 2 special nets excluded.
*info: 78 no-driver nets excluded.
*info: 28 nets with fixed/cover wires excluded.
** GigaOpt Global Opt WNS Slack 0.000  TNS Slack 0.000 
+--------+--------+----------+------------+--------+----------+---------+--------------------------------------+
|  WNS   |  TNS   | Density  |    Real    |  Mem   |Worst View|Pathgroup|              End Point               |
+--------+--------+----------+------------+--------+----------+---------+--------------------------------------+
|   0.000|   0.000|    69.66%|   0:00:00.0| 1394.7M|  MyAnView|       NA| NA                                   |
+--------+--------+----------+------------+--------+----------+---------+--------------------------------------+

*** Finish post-CTS Global Setup Fixing (cpu=0:00:00.0 real=0:00:00.0 mem=1394.7M) ***

*** Finish post-CTS Setup Fixing (cpu=0:00:00.0 real=0:00:00.0 mem=1394.7M) ***
Bottom Preferred Layer:
+---------------+------------+----------+
|     Layer     |    CLK     |   Rule   |
+---------------+------------+----------+
| metal3 (z=3)  |         28 | default  |
+---------------+------------+----------+
Via Pillar Rule:
    None
** GigaOpt Global Opt End WNS Slack 0.000  TNS Slack 0.000 
*** SetupOpt [finish] : cpu/real = 0:00:06.9/0:00:06.9 (1.0), totSession cpu/real = 0:20:01.1/0:52:26.6 (0.4), mem = 1375.6M
End: GigaOpt Global Optimization
*** Timing Is met
*** Check timing (0:00:00.0)
Info: 28 nets with fixed/cover wires excluded.
Info: 28 clock nets excluded from IPO operation.
Info: 28 nets with fixed/cover wires excluded.
Info: 28 clock nets excluded from IPO operation.
Begin: Area Reclaim Optimization
*** AreaOpt [begin] : cpu/real = 0:00:00.0/0:00:00.0 (0.0), totSession cpu/real = 0:20:01.9/0:52:27.5 (0.4), mem = 1393.7M
Usable buffer cells for single buffer setup transform:
CLKBUF_X1 BUF_X1 CLKBUF_X2 BUF_X2 CLKBUF_X3 BUF_X4 BUF_X8 BUF_X16 BUF_X32 
Number of usable buffer cells above: 9
Reclaim Optimization WNS Slack 0.020  TNS Slack 0.000 Density 69.66
+----------+---------+--------+--------+------------+--------+
| Density  | Commits |  WNS   |  TNS   |    Real    |  Mem   |
+----------+---------+--------+--------+------------+--------+
|    69.66%|        -|   0.020|   0.000|   0:00:00.0| 1393.7M|
|    69.65%|        4|   0.020|   0.000|   0:00:01.0| 1434.9M|
|    69.65%|        0|   0.020|   0.000|   0:00:00.0| 1434.9M|
|    69.65%|        0|   0.020|   0.000|   0:00:00.0| 1434.9M|
|    69.65%|        0|   0.020|   0.000|   0:00:00.0| 1434.9M|
|    69.65%|        0|   0.020|   0.000|   0:00:00.0| 1434.9M|
+----------+---------+--------+--------+------------+--------+
Reclaim Optimization End WNS Slack 0.020  TNS Slack 0.000 Density 69.65
Bottom Preferred Layer:
+---------------+------------+----------+
|     Layer     |    CLK     |   Rule   |
+---------------+------------+----------+
| metal3 (z=3)  |         28 | default  |
+---------------+------------+----------+
Via Pillar Rule:
    None
End: Core Area Reclaim Optimization (cpu = 0:00:02.9) (real = 0:00:03.0) **
*** Starting refinePlace (0:20:04 mem=1434.9M) ***
Total net bbox length = 2.838e+04 (1.236e+04 1.602e+04) (ext = 2.133e+03)
Move report: Detail placement moves 0 insts, mean move: 0.00 um, max move: 0.00 um
	Runtime: CPU: 0:00:00.1 REAL: 0:00:00.0 MEM: 1434.9MB
Summary Report:
Instances move: 0 (out of 3121 movable)
Instances flipped: 0
Mean displacement: 0.00 um
Max displacement: 0.00 um 
Total net bbox length = 2.838e+04 (1.236e+04 1.602e+04) (ext = 2.133e+03)
Runtime: CPU: 0:00:00.1 REAL: 0:00:00.0 MEM: 1434.9MB
*** Finished refinePlace (0:20:04 mem=1434.9M) ***
*** maximum move = 0.00 um ***
*** Finished re-routing un-routed nets (1434.9M) ***

*** Finish Physical Update (cpu=0:00:00.3 real=0:00:01.0 mem=1434.9M) ***
*** AreaOpt [finish] : cpu/real = 0:00:02.7/0:00:02.7 (1.0), totSession cpu/real = 0:20:04.7/0:52:30.2 (0.4), mem = 1434.9M
End: Area Reclaim Optimization (cpu=0:00:03, real=0:00:04, mem=1375.79M, totSessionCpu=0:20:05).
[NR-eGR] Track table information for default rule: 
[NR-eGR] metal1 has no routable track
[NR-eGR] metal2 has single uniform track structure
[NR-eGR] metal3 has single uniform track structure
[NR-eGR] metal4 has single uniform track structure
[NR-eGR] metal5 has single uniform track structure
[NR-eGR] metal6 has single uniform track structure
[NR-eGR] metal7 has single uniform track structure
[NR-eGR] metal8 has single uniform track structure
[NR-eGR] metal9 has single uniform track structure
[NR-eGR] metal10 has single uniform track structure
[NR-eGR] Read 154 PG shapes
[NR-eGR] #Routing Blockages  : 0
[NR-eGR] #Instance Blockages : 0
[NR-eGR] #PG Blockages       : 154
[NR-eGR] #Halo Blockages     : 0
[NR-eGR] #Boundary Blockages : 0
[NR-eGR] Num Prerouted Nets = 28  Num Prerouted Wires = 869
[NR-eGR] Read numTotalNets=3934  numIgnoredNets=28
[NR-eGR] ============ Routing rule table ============
[NR-eGR] Rule id: 0  Nets: 0 
[NR-eGR] Rule id: 1  Nets: 3906 
[NR-eGR] ========================================
[NR-eGR] 
[NR-eGR] Layer group 1: route 3906 net(s) in layer range [2, 10]
[NR-eGR] Early Global Route overflow of layer group 1: 0.00% H + 0.00% V. EstWL: 3.039540e+04um
[NR-eGR] Congestion Analysis By layer: (blocked Gcells are excluded) 
[NR-eGR]                        OverCon            
[NR-eGR]                         #Gcell     %Gcell
[NR-eGR]       Layer                (1)    OverCon 
[NR-eGR] ----------------------------------------------
[NR-eGR]  metal1  (1)         0( 0.00%)   ( 0.00%) 
[NR-eGR]  metal2  (2)         1( 0.02%)   ( 0.02%) 
[NR-eGR]  metal3  (3)         0( 0.00%)   ( 0.00%) 
[NR-eGR]  metal4  (4)         0( 0.00%)   ( 0.00%) 
[NR-eGR]  metal5  (5)         0( 0.00%)   ( 0.00%) 
[NR-eGR]  metal6  (6)         0( 0.00%)   ( 0.00%) 
[NR-eGR]  metal7  (7)         0( 0.00%)   ( 0.00%) 
[NR-eGR]  metal8  (8)         0( 0.00%)   ( 0.00%) 
[NR-eGR]  metal9  (9)         0( 0.00%)   ( 0.00%) 
[NR-eGR] metal10 (10)         0( 0.00%)   ( 0.00%) 
[NR-eGR] ----------------------------------------------
[NR-eGR] Total                1( 0.00%)   ( 0.00%) 
[NR-eGR] 
[NR-eGR] Overflow after Early Global Route (GR compatible) 0.00% H + 0.00% V
[NR-eGR] Overflow after Early Global Route 0.00% H + 0.00% V
[NR-eGR] Started Export DB wires ( Curr Mem: 1375.79 MB )
[NR-eGR] Started Export all nets ( Curr Mem: 1375.79 MB )
[NR-eGR] Finished Export all nets ( CPU: 0.04 sec, Real: 0.03 sec, Curr Mem: 1375.79 MB )
[NR-eGR] Started Set wire vias ( Curr Mem: 1375.79 MB )
[NR-eGR] Finished Set wire vias ( CPU: 0.01 sec, Real: 0.01 sec, Curr Mem: 1375.79 MB )
[NR-eGR] Finished Export DB wires ( CPU: 0.05 sec, Real: 0.04 sec, Curr Mem: 1375.79 MB )
[NR-eGR] --------------------------------------------------------------------------
[NR-eGR] metal1  (1F) length: 0.000000e+00um, number of vias: 12306
[NR-eGR] metal2  (2V) length: 9.336255e+03um, number of vias: 14871
[NR-eGR] metal3  (3H) length: 1.372406e+04um, number of vias: 5333
[NR-eGR] metal4  (4V) length: 8.059635e+03um, number of vias: 460
[NR-eGR] metal5  (5H) length: 8.609150e+02um, number of vias: 416
[NR-eGR] metal6  (6V) length: 1.910925e+03um, number of vias: 22
[NR-eGR] metal7  (7H) length: 2.318500e+01um, number of vias: 11
[NR-eGR] metal8  (8V) length: 6.010000e+01um, number of vias: 5
[NR-eGR] metal9  (9H) length: 6.865000e+00um, number of vias: 2
[NR-eGR] metal10 (10V) length: 1.480000e+00um, number of vias: 0
[NR-eGR] Total length: 3.398342e+04um, number of vias: 33426
[NR-eGR] --------------------------------------------------------------------------
[NR-eGR] Total eGR-routed clock nets wire length: 0.000000e+00um 
[NR-eGR] --------------------------------------------------------------------------
[NR-eGR] Finished Early Global Route kernel ( CPU: 0.36 sec, Real: 0.36 sec, Curr Mem: 1362.27 MB )
Extraction called for design 'myfir' of instances=3148 and nets=4014 using extraction engine 'preRoute' .
PreRoute RC Extraction called for design myfir.
RC Extraction called in multi-corner(1) mode.
RCMode: PreRoute
      RC Corner Indexes            0   
Capacitance Scaling Factor   : 1.00000 
Resistance Scaling Factor    : 1.00000 
Clock Cap. Scaling Factor    : 1.00000 
Clock Res. Scaling Factor    : 1.00000 
Shrink Factor                : 1.00000
PreRoute extraction is honoring NDR/Shielding/ExtraSpace for clock nets.
Using capacitance table file ...
Updating RC grid for preRoute extraction ...
Initializing multi-corner capacitance tables ... 
Initializing multi-corner resistance tables ...
PreRoute RC Extraction DONE (CPU Time: 0:00:00.3  Real Time: 0:00:00.0  MEM: 1362.270M)
Compute RC Scale Done ...
[hotspot] +------------+---------------+---------------+
[hotspot] |            |   max hotspot | total hotspot |
[hotspot] +------------+---------------+---------------+
[hotspot] | normalized |          0.00 |          0.00 |
[hotspot] +------------+---------------+---------------+
Local HotSpot Analysis: normalized max congestion hotspot area = 0.00, normalized total congestion hotspot area = 0.00 (area is in unit of 4 std-cell row bins)
#################################################################################
# Design Stage: PreRoute
# Design Name: myfir
# Design Mode: 45nm
# Analysis Mode: MMMC Non-OCV 
# Parasitics Mode: No SPEF/RCDB 
# Signoff Settings: SI Off 
#################################################################################
Calculate delays in Single mode...
Start delay calculation (fullDC) (1 T). (MEM=1364.29)
Total number of fetched objects 4222
End delay calculation. (MEM=1392.23 CPU=0:00:02.7 REAL=0:00:03.0)
End delay calculation (fullDC). (MEM=1392.23 CPU=0:00:03.0 REAL=0:00:03.0)
Begin: GigaOpt postEco DRV Optimization
Info: 28 nets with fixed/cover wires excluded.
Info: 28 clock nets excluded from IPO operation.
*** DrvOpt [begin] : cpu/real = 0:00:00.0/0:00:00.0 (0.0), totSession cpu/real = 0:20:09.4/0:52:34.9 (0.4), mem = 1392.2M
+-------------------------------------------------------------------------------------------------------------------------------------------------------+
|        max-tran       |        max-cap        |  max-fanout |  max-length |       setup       |        |        |        |       |          |         |
+-------------------------------------------------------------------------------------------------------------------------------------------------------+
| nets | terms|  wViol  | nets | terms|  wViol  | nets | terms| nets | terms|   WNS   |   TNS   |  #Buf  |  #Inv  | #Resize|Density|   Real   |   Mem   |
+-------------------------------------------------------------------------------------------------------------------------------------------------------+
|     0|     0|     0.00|     1|     1|    -0.00|     0|     0|     0|     0|     4.40|     0.00|       0|       0|       0|  69.65|          |         |
|     0|     0|     0.00|     0|     0|     0.00|     0|     0|     0|     0|     4.40|     0.00|       0|       0|       1|  69.65| 0:00:01.0|  1451.3M|
|     0|     0|     0.00|     0|     0|     0.00|     0|     0|     0|     0|     4.40|     0.00|       0|       0|       0|  69.65| 0:00:00.0|  1451.3M|
+-------------------------------------------------------------------------------------------------------------------------------------------------------+
Bottom Preferred Layer:
+---------------+------------+----------+
|     Layer     |    CLK     |   Rule   |
+---------------+------------+----------+
| metal3 (z=3)  |         28 | default  |
+---------------+------------+----------+
Via Pillar Rule:
    None

*** Finish DRV Fixing (cpu=0:00:00.6 real=0:00:01.0 mem=1451.3M) ***

*** DrvOpt [finish] : cpu/real = 0:00:03.6/0:00:03.6 (1.0), totSession cpu/real = 0:20:13.0/0:52:38.5 (0.4), mem = 1432.2M
End: GigaOpt postEco DRV Optimization
Running refinePlace -preserveRouting true -hardFence false
*** Starting refinePlace (0:20:13 mem=1432.2M) ***

Starting Small incrNP...
Density distribution unevenness ratio = 4.747%
Skipped incrNP (cpu=0:00:00.0, real=0:00:00.0, mem=1432.2M)
End of Small incrNP (cpu=0:00:00.0, real=0:00:00.0)
Move report: Detail placement moves 1 insts, mean move: 0.38 um, max move: 0.38 um
	Max move on inst (mul10_mult_28_U443): (58.14, 17.64) --> (58.52, 17.64)
	Runtime: CPU: 0:00:00.1 REAL: 0:00:00.0 MEM: 1432.2MB
Summary Report:
Instances move: 1 (out of 3121 movable)
Instances flipped: 0
Mean displacement: 0.38 um
Max displacement: 0.38 um (Instance: mul10_mult_28_U443) (58.14, 17.64) -> (58.52, 17.64)
	Length: 5 sites, height: 1 rows, site name: FreePDK45_38x28_10R_NP_162NW_34O, cell type: OAI22_X1
Runtime: CPU: 0:00:00.2 REAL: 0:00:00.0 MEM: 1432.2MB
*** Finished refinePlace (0:20:13 mem=1432.2M) ***

Active setup views:
 MyAnView
  Dominating endpoints: 0
  Dominating TNS: -0.000

Extraction called for design 'myfir' of instances=3148 and nets=4014 using extraction engine 'preRoute' .
PreRoute RC Extraction called for design myfir.
RC Extraction called in multi-corner(1) mode.
RCMode: PreRoute
      RC Corner Indexes            0   
Capacitance Scaling Factor   : 1.00000 
Resistance Scaling Factor    : 1.00000 
Clock Cap. Scaling Factor    : 1.00000 
Clock Res. Scaling Factor    : 1.00000 
Shrink Factor                : 1.00000
PreRoute extraction is honoring NDR/Shielding/ExtraSpace for clock nets.
Using capacitance table file ...
Updating RC grid for preRoute extraction ...
Initializing multi-corner capacitance tables ... 
Initializing multi-corner resistance tables ...
PreRoute RC Extraction DONE (CPU Time: 0:00:00.4  Real Time: 0:00:01.0  MEM: 1371.719M)
Starting delay calculation for Setup views
#################################################################################
# Design Stage: PreRoute
# Design Name: myfir
# Design Mode: 45nm
# Analysis Mode: MMMC Non-OCV 
# Parasitics Mode: No SPEF/RCDB 
# Signoff Settings: SI Off 
#################################################################################
Calculate delays in Single mode...
Start delay calculation (fullDC) (1 T). (MEM=1365.73)
Total number of fetched objects 4222
End delay calculation. (MEM=1392.94 CPU=0:00:02.9 REAL=0:00:02.0)
End delay calculation (fullDC). (MEM=1392.94 CPU=0:00:03.3 REAL=0:00:03.0)
*** Done Building Timing Graph (cpu=0:00:04.0 real=0:00:04.0 totSessionCpu=0:20:18 mem=1392.9M)
Reported timing to dir ./timingReports
**optDesign ... cpu = 0:00:34, real = 0:00:35, mem = 1142.3M, totSessionCpu=0:20:18 **

------------------------------------------------------------
     optDesign Final Summary                             
------------------------------------------------------------

Setup views included:
 MyAnView 

+--------------------+---------+---------+---------+---------+
|     Setup mode     |   all   | reg2reg |reg2cgate| default |
+--------------------+---------+---------+---------+---------+
|           WNS (ns):|  4.401  |  4.401  |  7.209  |  6.709  |
|           TNS (ns):|  0.000  |  0.000  |  0.000  |  0.000  |
|    Violating Paths:|    0    |    0    |    0    |    0    |
|          All Paths:|   539   |   119   |   11    |   409   |
+--------------------+---------+---------+---------+---------+

+----------------+-------------------------------+------------------+
|                |              Real             |       Total      |
|    DRVs        +------------------+------------+------------------|
|                |  Nr nets(terms)  | Worst Vio  |  Nr nets(terms)  |
+----------------+------------------+------------+------------------+
|   max_cap      |      0 (0)       |   0.000    |      0 (0)       |
|   max_tran     |      0 (0)       |   0.000    |      0 (0)       |
|   max_fanout   |      0 (0)       |     0      |      0 (0)       |
|   max_length   |      0 (0)       |     0      |      0 (0)       |
+----------------+------------------+------------+------------------+

Density: 69.653%
Routing Overflow: 0.00% H and 0.00% V
------------------------------------------------------------
**optDesign ... cpu = 0:00:35, real = 0:00:38, mem = 1144.8M, totSessionCpu=0:20:19 **
*** Finished optDesign ***
Info: Destroy the CCOpt slew target map.
Set place::cacheFPlanSiteMark to 0

*** Summary of all messages that are not suppressed in this session:
Severity  ID               Count  Summary                                  
WARNING   IMPSP-9025           1  No scan chain specified/traced.          
WARNING   IMPCCOPT-1361        3  Routing configuration for %s nets in clo...
WARNING   IMPCCOPT-1184        1  The library has no usable balanced %ss f...
WARNING   IMPCCOPT-5046       28  Net '%s' in clock tree '%s' has existing...
WARNING   IMPCCOPT-5047        1  Found %d clock net(s) with existing rout...
WARNING   IMPCCOPT-2015        2  %s will not update I/O latencies for the...
WARNING   IMPTCM-77            1  Option "%s" for command %s is obsolete a...
*** Message Summary: 37 warning(s), 0 error(s)

#% End ccopt_design (date=10/25 23:37:42, total cpu=0:00:55.1, real=0:00:58.0, peak res=1165.6M, current mem=1062.2M)
<CMD> create_ccopt_clock_tree -name MY_CLK -source CLK
**WARN: (IMPCCOPT-4298):	Replacing clock tree MY_CLK with clock tree MY_CLK, as they have the same source pin CLK.
Un-defining clock tree MY_CLK.
Extracting original clock gating for MY_CLK...
  clock_tree MY_CLK contains 255 sinks and 23 clock gates.
  Extraction for MY_CLK complete.
Extracting original clock gating for MY_CLK done.
<CMD> ccopt_design
#% Begin ccopt_design (date=10/25 23:38:00, mem=1062.4M)
Runtime...
**INFO: User's settings:
setNanoRouteMode -droutePostRouteSpreadWire         1
setNanoRouteMode -extractThirdPartyCompatible       false
setNanoRouteMode -grouteExpTdStdDelay               10.1
setNanoRouteMode -timingEngine                      {}
setDesignMode -process                              45
setExtractRCMode -coupling_c_th                     0.1
setExtractRCMode -engine                            preRoute
setExtractRCMode -relative_c_th                     1
setExtractRCMode -total_c_th                        0
setDelayCalMode -enable_high_fanout                 true
setDelayCalMode -eng_copyNetPropToNewNet            true
setDelayCalMode -engine                             aae
setDelayCalMode -ignoreNetLoad                      false
setOptMode -activeSetupViews                        { MyAnView }
setOptMode -autoSetupViews                          { MyAnView}
setOptMode -autoTDGRSetupViews                      { MyAnView}
setOptMode -drcMargin                               0
setOptMode -fixCap                                  true
setOptMode -fixDrc                                  true
setOptMode -fixFanoutLoad                           false
setOptMode -fixTran                                 true
setOptMode -optimizeFF                              true
setOptMode -preserveAllSequential                   true
setOptMode -setupTargetSlack                        0
setPlaceMode -place_design_floorplan_mode           false
setPlaceMode -place_detail_check_route              false
setPlaceMode -place_detail_preserve_routing         true
setPlaceMode -place_detail_remove_affected_routing  false
setPlaceMode -place_detail_swap_eeq_cells           false
setPlaceMode -place_global_clock_gate_aware         true
setPlaceMode -place_global_cong_effort              auto
setPlaceMode -place_global_ignore_scan              true
setPlaceMode -place_global_ignore_spare             false
setPlaceMode -place_global_module_aware_spare       false
setPlaceMode -place_global_place_io_pins            true
setPlaceMode -place_global_reorder_scan             true
setPlaceMode -powerDriven                           false
setPlaceMode -timingDriven                          true
setRouteMode -earlyGlobalHonorMsvRouteConstraint    false
setRouteMode -earlyGlobalRoutePartitionPinGuide     true

(ccopt_design): CTS Engine: auto. Used Spec: pre-existing CCOPT spec.
Not setting up route_type 'default_route_type_nonleaf' from CTS mode settings, as it has already been done
Not setting up route_type 'default_route_type_leaf' from CTS mode settings, as it has already been done
Placement constraints of type 'region' or 'fence' will not be downgraded to 'guide' because the property change_fences_to_guides has been set to false.
Set place::cacheFPlanSiteMark to 1
'setDesignMode -flowEffort standard' => 'setOptMode -usefulSkewCCOpt standard' 
Using CCOpt effort standard.
CCOpt::Phase::Initialization...
Check Prerequisites...
**WARN: (IMPCCOPT-5046):	Net 'CLK' in clock tree 'MY_CLK' has existing routing that will be removed by CCOpt.
Type 'man IMPCCOPT-5046' for more detail.
**WARN: (IMPCCOPT-5046):	Net 'CTS_2' in clock tree 'MY_CLK' has existing routing that will be removed by CCOpt.
Type 'man IMPCCOPT-5046' for more detail.
**WARN: (IMPCCOPT-5046):	Net 'DataRegIn_net79' in clock tree 'MY_CLK' has existing routing that will be removed by CCOpt.
Type 'man IMPCCOPT-5046' for more detail.
**WARN: (IMPCCOPT-5046):	Net 'reg1_net79' in clock tree 'MY_CLK' has existing routing that will be removed by CCOpt.
Type 'man IMPCCOPT-5046' for more detail.
**WARN: (IMPCCOPT-5046):	Net 'reg2_net79' in clock tree 'MY_CLK' has existing routing that will be removed by CCOpt.
Type 'man IMPCCOPT-5046' for more detail.
**WARN: (IMPCCOPT-5046):	Net 'reg3_net79' in clock tree 'MY_CLK' has existing routing that will be removed by CCOpt.
Type 'man IMPCCOPT-5046' for more detail.
**WARN: (IMPCCOPT-5046):	Net 'cReg0_net79' in clock tree 'MY_CLK' has existing routing that will be removed by CCOpt.
Type 'man IMPCCOPT-5046' for more detail.
**WARN: (IMPCCOPT-5046):	Net 'cReg1_net79' in clock tree 'MY_CLK' has existing routing that will be removed by CCOpt.
Type 'man IMPCCOPT-5046' for more detail.
**WARN: (IMPCCOPT-5046):	Net 'cReg2_net79' in clock tree 'MY_CLK' has existing routing that will be removed by CCOpt.
Type 'man IMPCCOPT-5046' for more detail.
**WARN: (IMPCCOPT-5046):	Net 'cReg10_net79' in clock tree 'MY_CLK' has existing routing that will be removed by CCOpt.
Type 'man IMPCCOPT-5046' for more detail.
**WARN: (IMPCCOPT-5046):	Net 'CTS_1' in clock tree 'MY_CLK' has existing routing that will be removed by CCOpt.
Type 'man IMPCCOPT-5046' for more detail.
**WARN: (IMPCCOPT-5046):	Net 'CTS_5' in clock tree 'MY_CLK' has existing routing that will be removed by CCOpt.
Type 'man IMPCCOPT-5046' for more detail.
**WARN: (IMPCCOPT-5046):	Net 'reg8_net79' in clock tree 'MY_CLK' has existing routing that will be removed by CCOpt.
Type 'man IMPCCOPT-5046' for more detail.
**WARN: (IMPCCOPT-5046):	Net 'reg9_net79' in clock tree 'MY_CLK' has existing routing that will be removed by CCOpt.
Type 'man IMPCCOPT-5046' for more detail.
**WARN: (IMPCCOPT-5046):	Net 'reg10_net79' in clock tree 'MY_CLK' has existing routing that will be removed by CCOpt.
Type 'man IMPCCOPT-5046' for more detail.
**WARN: (IMPCCOPT-5046):	Net 'DataRegOut_net79' in clock tree 'MY_CLK' has existing routing that will be removed by CCOpt.
Type 'man IMPCCOPT-5046' for more detail.
**WARN: (IMPCCOPT-5046):	Net 'cReg5_net79' in clock tree 'MY_CLK' has existing routing that will be removed by CCOpt.
Type 'man IMPCCOPT-5046' for more detail.
**WARN: (IMPCCOPT-5046):	Net 'cReg8_net79' in clock tree 'MY_CLK' has existing routing that will be removed by CCOpt.
Type 'man IMPCCOPT-5046' for more detail.
**WARN: (IMPCCOPT-5046):	Net 'cReg9_net79' in clock tree 'MY_CLK' has existing routing that will be removed by CCOpt.
Type 'man IMPCCOPT-5046' for more detail.
**WARN: (IMPCCOPT-5046):	Net 'CTS_4' in clock tree 'MY_CLK' has existing routing that will be removed by CCOpt.
Type 'man IMPCCOPT-5046' for more detail.
**WARN: (EMS-27):	Message (IMPCCOPT-5046) has exceeded the current message display limit of 20.
To increase the message display limit, refer to the product command reference manual.
**WARN: (IMPCCOPT-5047):	Found 28 clock net(s) with existing routing that will be removed by CCOpt.
Type 'man IMPCCOPT-5047' for more detail.
Leaving CCOpt scope - CheckPlace...
Begin checking placement ... (start mem=1290.2M, init mem=1307.0M)
*info: Placed = 3148           (Fixed = 27)
*info: Unplaced = 0           
Placement Density:69.65%(7055/10129)
Placement Density (including fixed std cells):69.65%(7055/10129)
Finished checkPlace (total: cpu=0:00:00.1, real=0:00:00.0; vio checks: cpu=0:00:00.1, real=0:00:00.0; mem=1307.0M)
Leaving CCOpt scope - CheckPlace done. (took cpu=0:00:00.1 real=0:00:00.1)
**WARN: (IMPCCOPT-2015):	Innovus will not update I/O latencies for the following reason(s):
 * There are 1 clocks in propagated mode.

Found 0 ideal nets, 0 pins with transition annotations, 0 instances with delay annotations, 0 nets with delay annotations, refer to logv for details.

Check Prerequisites done. (took cpu=0:00:00.1 real=0:00:00.1)
CCOpt::Phase::Initialization done. (took cpu=0:00:00.1 real=0:00:00.1)
Executing ccopt post-processing.
Synthesizing clock trees with CCOpt...
CCOpt::Phase::PreparingToBalance...
Leaving CCOpt scope - Initializing power interface...
Leaving CCOpt scope - Initializing power interface done. (took cpu=0:00:00.0 real=0:00:00.0)
Found 0 advancing pin insertion delay (0.000% of 255 clock tree sinks)
Found 0 delaying pin insertion delay (0.000% of 255 clock tree sinks)
Leaving CCOpt scope - optDesignGlobalRouteStep...
[NR-eGR] Track table information for default rule: 
[NR-eGR] metal1 has no routable track
[NR-eGR] metal2 has single uniform track structure
[NR-eGR] metal3 has single uniform track structure
[NR-eGR] metal4 has single uniform track structure
[NR-eGR] metal5 has single uniform track structure
[NR-eGR] metal6 has single uniform track structure
[NR-eGR] metal7 has single uniform track structure
[NR-eGR] metal8 has single uniform track structure
[NR-eGR] metal9 has single uniform track structure
[NR-eGR] metal10 has single uniform track structure
[NR-eGR] Read 154 PG shapes
[NR-eGR] #Routing Blockages  : 0
[NR-eGR] #Instance Blockages : 0
[NR-eGR] #PG Blockages       : 154
[NR-eGR] #Halo Blockages     : 0
[NR-eGR] #Boundary Blockages : 0
[NR-eGR] Num Prerouted Nets = 28  Num Prerouted Wires = 869
[NR-eGR] Read numTotalNets=3934  numIgnoredNets=28
[NR-eGR] ============ Routing rule table ============
[NR-eGR] Rule id: 0  Nets: 0 
[NR-eGR] Rule id: 1  Nets: 3906 
[NR-eGR] ========================================
[NR-eGR] 
[NR-eGR] Layer group 1: route 3906 net(s) in layer range [2, 10]
[NR-eGR] Early Global Route overflow of layer group 1: 0.00% H + 0.00% V. EstWL: 3.039540e+04um
[NR-eGR] Congestion Analysis By layer: (blocked Gcells are excluded) 
[NR-eGR]                        OverCon            
[NR-eGR]                         #Gcell     %Gcell
[NR-eGR]       Layer                (1)    OverCon 
[NR-eGR] ----------------------------------------------
[NR-eGR]  metal1  (1)         0( 0.00%)   ( 0.00%) 
[NR-eGR]  metal2  (2)         1( 0.02%)   ( 0.02%) 
[NR-eGR]  metal3  (3)         0( 0.00%)   ( 0.00%) 
[NR-eGR]  metal4  (4)         0( 0.00%)   ( 0.00%) 
[NR-eGR]  metal5  (5)         0( 0.00%)   ( 0.00%) 
[NR-eGR]  metal6  (6)         0( 0.00%)   ( 0.00%) 
[NR-eGR]  metal7  (7)         0( 0.00%)   ( 0.00%) 
[NR-eGR]  metal8  (8)         0( 0.00%)   ( 0.00%) 
[NR-eGR]  metal9  (9)         0( 0.00%)   ( 0.00%) 
[NR-eGR] metal10 (10)         0( 0.00%)   ( 0.00%) 
[NR-eGR] ----------------------------------------------
[NR-eGR] Total                1( 0.00%)   ( 0.00%) 
[NR-eGR] 
[NR-eGR] Overflow after Early Global Route (GR compatible) 0.00% H + 0.00% V
[NR-eGR] Overflow after Early Global Route 0.00% H + 0.00% V
[NR-eGR] Started Export DB wires ( Curr Mem: 1306.95 MB )
[NR-eGR] Started Export all nets ( Curr Mem: 1306.95 MB )
[NR-eGR] Finished Export all nets ( CPU: 0.04 sec, Real: 0.04 sec, Curr Mem: 1306.95 MB )
[NR-eGR] Started Set wire vias ( Curr Mem: 1306.95 MB )
[NR-eGR] Finished Set wire vias ( CPU: 0.01 sec, Real: 0.01 sec, Curr Mem: 1306.95 MB )
[NR-eGR] Finished Export DB wires ( CPU: 0.05 sec, Real: 0.05 sec, Curr Mem: 1306.95 MB )
[NR-eGR] --------------------------------------------------------------------------
[NR-eGR] metal1  (1F) length: 0.000000e+00um, number of vias: 12306
[NR-eGR] metal2  (2V) length: 9.336775e+03um, number of vias: 14873
[NR-eGR] metal3  (3H) length: 1.372406e+04um, number of vias: 5333
[NR-eGR] metal4  (4V) length: 8.059215e+03um, number of vias: 460
[NR-eGR] metal5  (5H) length: 8.609150e+02um, number of vias: 416
[NR-eGR] metal6  (6V) length: 1.910925e+03um, number of vias: 22
[NR-eGR] metal7  (7H) length: 2.318500e+01um, number of vias: 11
[NR-eGR] metal8  (8V) length: 6.010000e+01um, number of vias: 5
[NR-eGR] metal9  (9H) length: 6.865000e+00um, number of vias: 2
[NR-eGR] metal10 (10V) length: 1.480000e+00um, number of vias: 0
[NR-eGR] Total length: 3.398352e+04um, number of vias: 33428
[NR-eGR] --------------------------------------------------------------------------
[NR-eGR] Total eGR-routed clock nets wire length: 0.000000e+00um 
[NR-eGR] --------------------------------------------------------------------------
[NR-eGR] Finished Early Global Route kernel ( CPU: 0.42 sec, Real: 0.42 sec, Curr Mem: 1293.44 MB )
Leaving CCOpt scope - optDesignGlobalRouteStep done. (took cpu=0:00:00.5 real=0:00:00.5)
Rebuilding timing graph...
Rebuilding timing graph done.
Legalization setup...
Using cell based legalization.
Legalization setup done. (took cpu=0:00:00.1 real=0:00:00.1)
Validating CTS configuration...
Checking module port directions...
Checking module port directions done. (took cpu=0:00:00.0 real=0:00:00.0)
Non-default CCOpt properties:
cannot_merge_reason is set for at least one object
clock_nets_detailed_routed: 1 (default: false)
cts_merge_clock_gates is set for at least one object
cts_merge_clock_logic is set for at least one object
route_type is set for at least one object
target_insertion_delay is set for at least one object
target_max_trans is set for at least one object
target_skew is set for at least one object
target_skew_wire is set for at least one object
Route type trimming info:
  No route type modifications were made.
Updating RC grid for preRoute extraction ...
Initializing multi-corner capacitance tables ... 
Initializing multi-corner resistance tables ...
**WARN: (IMPCCOPT-1184):	The library has no usable balanced inverters for power domain auto-default, while balancing clock_tree MY_CLK. If this is not intended behavior, you can specify a list of lib_cells to use with the inverter_cells property.
Clock tree balancer configuration for clock_tree MY_CLK:
Non-default CCOpt properties:
  cts_merge_clock_gates: true (default: false)
  cts_merge_clock_logic: true (default: false)
  route_type (leaf): default_route_type_leaf (default: default)
  route_type (trunk): default_route_type_nonleaf (default: default)
  route_type (top): default_route_type_nonleaf (default: default)
For power domain auto-default:
  Buffers:     CLKBUF_X3 CLKBUF_X2 CLKBUF_X1 
  Inverters:   
  Clock gates: CLKGATETST_X8 CLKGATETST_X4 CLKGATETST_X2 CLKGATETST_X1 
  Unblocked area available for placement of any clock cells in power_domain auto-default: 10129.280um^2
Top Routing info:
  Route-type name: default_route_type_nonleaf; Top/bottom preferred layer name: metal4/metal3; 
  Unshielded; Mask Constraint: 0; Source: route_type.
Trunk Routing info:
  Route-type name: default_route_type_nonleaf; Top/bottom preferred layer name: metal4/metal3; 
  Unshielded; Preferred extra space: 1; Mask Constraint: 0; Source: route_type.
Leaf Routing info:
  Route-type name: default_route_type_leaf; Top/bottom preferred layer name: metal4/metal3; 
  Unshielded; Preferred extra space: 1; Mask Constraint: 0; Source: route_type.
For timing_corner my_delay:both, late and power domain auto-default:
  Slew time target (leaf):    0.080ns
  Slew time target (trunk):   0.080ns
  Slew time target (top):     0.080ns (Note: no nets are considered top nets in this clock tree)
  Buffer unit delay: 0.047ns
  Buffer max distance: 597.377um
Fastest wire driving cells and distances:
  Buffer    : {lib_cell:CLKBUF_X3, fastest_considered_half_corner=my_delay:both.late, optimalDrivingDistance=597.377um, saturatedSlew=0.068ns, speed=4338.250um per ns, cellArea=2.226um^2 per 1000um}
  Clock gate (with test): {lib_cell:CLKGATETST_X8, fastest_considered_half_corner=my_delay:both.late, optimalDrivingDistance=728.875um, saturatedSlew=0.064ns, speed=5637.084um per ns, cellArea=10.583um^2 per 1000um}
  Clock gate   (no test): {lib_cell:CLKGATE_X8, fastest_considered_half_corner=my_delay:both.late, optimalDrivingDistance=707.875um, saturatedSlew=0.061ns, speed=5855.046um per ns, cellArea=9.770um^2 per 1000um}


Logic Sizing Table:

----------------------------------------------------------
Cell    Instance count    Source    Eligible library cells
----------------------------------------------------------
  (empty table)
----------------------------------------------------------


Clock tree balancer configuration for skew_group MY_CLK:
  Sources:                     pin CLK
  Total number of sinks:       255
  Delay constrained sinks:     255
  Non-leaf sinks:              0
  Ignore pins:                 0
 Timing corner my_delay:both.late:
  Skew target:                 0.500ns
**WARN: (IMPCCOPT-1361):	Routing configuration for top nets in clock tree MY_CLK: preferred layers metal3-metal4 are outside NanoRoute configured layer range. This is likely to cause routing correlation issues.
**WARN: (IMPCCOPT-1361):	Routing configuration for trunk nets in clock tree MY_CLK: preferred layers metal3-metal4 are outside NanoRoute configured layer range. This is likely to cause routing correlation issues.
**WARN: (IMPCCOPT-1361):	Routing configuration for leaf nets in clock tree MY_CLK: preferred layers metal3-metal4 are outside NanoRoute configured layer range. This is likely to cause routing correlation issues.
Primary reporting skew groups are:
skew_group MY_CLK with 255 clock sinks

Clock DAG stats initial state:
  cell counts      : b=4, i=0, icg=23, nicg=0, l=0, total=27
  cell areas       : b=3.990um^2, i=0.000um^2, icg=91.770um^2, nicg=0.000um^2, l=0.000um^2, total=95.760um^2
  hp wire lengths  : top=0.000um, trunk=255.120um, leaf=476.405um, total=731.525um
Clock DAG library cell distribution initial state {count}:
   Bufs: CLKBUF_X2: 3 CLKBUF_X1: 1 
   ICGs: CLKGATETST_X1: 23 

Distribution of half-perimeter wire length by ICG depth:

------------------------------------------------------------------------
Min ICG    Max ICG    Count    HPWL
Depth      Depth               (um)
------------------------------------------------------------------------
   0          0        24      [min=11, max=38, avg=20, sd=6, total=476]
   0          1         2      [min=82, max=83, avg=82, sd=1, total=165]
   1          1         2      [min=83, max=90, avg=87, sd=5, total=173]
------------------------------------------------------------------------

No ideal or dont_touch nets found in the clock tree
No dont_touch hnets found in the clock tree
Validating CTS configuration done. (took cpu=0:00:02.4 real=0:00:02.4)
CCOpt configuration status: all checks passed.
Adding exclusion drivers to pins that are effective_sink_type exclude...
    Adding exclusion drivers (these will be instances of the smallest area library cells).
  No exclusion drivers are needed.
Adding exclusion drivers to pins that are effective_sink_type exclude done.
Antenna diode management...
  Found 0 antenna diodes in the clock trees.
  
Antenna diode management done.
Adding driver cells for primary IOs...
  
  ----------------------------------------------------------------------------------------------
  CCOpt reported the following when adding drivers below input ports and above output ports     
  ----------------------------------------------------------------------------------------------
    (empty table)
  ----------------------------------------------------------------------------------------------
  
  
Adding driver cells for primary IOs done.
Adding driver cell for primary IO roots...
Adding driver cell for primary IO roots done.
Maximizing clock DAG abstraction...
Maximizing clock DAG abstraction done.
CCOpt::Phase::PreparingToBalance done. (took cpu=0:00:03.3 real=0:00:03.3)
Synthesizing clock trees...
  Preparing To Balance...
  Library trimming clock gates in power domain auto-default and half-corner my_delay:both.late removed 0 of 4 cells
  Original list had 4 cells:
  CLKGATETST_X8 CLKGATETST_X4 CLKGATETST_X2 CLKGATETST_X1 
  Library trimming was not able to trim any cells:
  CLKGATETST_X8 CLKGATETST_X4 CLKGATETST_X2 CLKGATETST_X1 
  Merging duplicate siblings in DAG...
    Clock DAG stats before merging:
      cell counts      : b=0, i=0, icg=23, nicg=0, l=0, total=23
      cell areas       : b=0.000um^2, i=0.000um^2, icg=91.770um^2, nicg=0.000um^2, l=0.000um^2, total=91.770um^2
      hp wire lengths  : top=0.000um, trunk=0.000um, leaf=463.795um, total=463.795um
    Clock DAG library cell distribution before merging {count}:
       ICGs: CLKGATETST_X1: 23 
    Resynthesising clock tree into netlist...
      Reset timing graph...
Ignoring AAE DB Resetting ...
      Reset timing graph done.
    Resynthesising clock tree into netlist done.
    
    Clock gate merging summary:
    
    ----------------------------------------------------------
    Description                          Number of occurrences
    ----------------------------------------------------------
    Total clock gates                             23
    Globally unique enables                        2
    Potentially mergeable clock gates             21
    Actually merged clock gates                    0
    ----------------------------------------------------------
    
    --------------------------------------------
    Cannot merge reason    Number of occurrences
    --------------------------------------------
    UndrivenTestPins                23
    --------------------------------------------
    
    Disconnecting clock tree from netlist...
    Disconnecting clock tree from netlist done.
  Merging duplicate siblings in DAG done.
  Preparing To Balance done. (took cpu=0:00:00.4 real=0:00:00.4)
  CCOpt::Phase::Construction...
  Stage::Clustering...
  Clustering...
    Initialize for clustering...
    Clock DAG stats before clustering:
      cell counts      : b=0, i=0, icg=23, nicg=0, l=0, total=23
      cell areas       : b=0.000um^2, i=0.000um^2, icg=177.422um^2, nicg=0.000um^2, l=0.000um^2, total=177.422um^2
      hp wire lengths  : top=0.000um, trunk=0.000um, leaf=463.795um, total=463.795um
    Clock DAG library cell distribution before clustering {count}:
       ICGs: CLKGATETST_X8: 23 
    Computing max distances from locked parents...
      Computing distance_from_locked_parent_restrictions for 0 nodes driven by 0 locked parents
    Computing max distances from locked parents done.
    Initialize for clustering done. (took cpu=0:00:00.0 real=0:00:00.0)
    Bottom-up phase...
    Clustering clock_tree MY_CLK...
        Clock tree timing engine global stage delay update for my_delay:both.late...
        Clock tree timing engine global stage delay update for my_delay:both.late done. (took cpu=0:00:00.1 real=0:00:00.1)
    Clustering clock_tree MY_CLK done.
    Clock DAG stats after bottom-up phase:
      cell counts      : b=4, i=0, icg=23, nicg=0, l=0, total=27
      cell areas       : b=5.320um^2, i=0.000um^2, icg=175.028um^2, nicg=0.000um^2, l=0.000um^2, total=180.348um^2
      hp wire lengths  : top=0.000um, trunk=275.680um, leaf=431.105um, total=706.785um
    Clock DAG library cell distribution after bottom-up phase {count}:
       Bufs: CLKBUF_X3: 4 
       ICGs: CLKGATETST_X8: 22 CLKGATETST_X4: 1 
    Bottom-up phase done. (took cpu=0:00:00.8 real=0:00:00.8)
    Legalizing clock trees...
    Resynthesising clock tree into netlist...
      Reset timing graph...
Ignoring AAE DB Resetting ...
      Reset timing graph done.
    Resynthesising clock tree into netlist done.
    Commiting net attributes....
    Commiting net attributes. done.
    Leaving CCOpt scope - ClockRefiner...
    Performing a single pass refine place with checks partially disabled for clock sinks and datapath.
*** Starting refinePlace (0:20:30 mem=1335.6M) ***
Total net bbox length = 2.841e+04 (1.239e+04 1.602e+04) (ext = 2.131e+03)
Move report: Detail placement moves 82 insts, mean move: 1.26 um, max move: 3.87 um
	Max move on inst (mul3_mult_28_U448): (21.85, 69.44) --> (19.38, 70.84)
	Runtime: CPU: 0:00:00.1 REAL: 0:00:00.0 MEM: 1335.6MB
Summary Report:
Instances move: 82 (out of 3148 movable)
Instances flipped: 0
Mean displacement: 1.26 um
Max displacement: 3.87 um (Instance: mul3_mult_28_U448) (21.85, 69.44) -> (19.38, 70.84)
	Length: 3 sites, height: 1 rows, site name: FreePDK45_38x28_10R_NP_162NW_34O, cell type: NOR2_X1
Total net bbox length = 2.847e+04 (1.242e+04 1.605e+04) (ext = 2.135e+03)
Runtime: CPU: 0:00:00.2 REAL: 0:00:00.0 MEM: 1335.6MB
*** Finished refinePlace (0:20:30 mem=1335.6M) ***
    ClockRefiner summary
    All clock instances: Moved 22, flipped 11 and cell swapped 0 (out of a total of 282).
    The largest move was 2.8 um for DataRegIn_clk_gate_Dout_reg/latch.
    Leaving CCOpt scope - ClockRefiner done. (took cpu=0:00:00.3 real=0:00:00.3)
    Disconnecting clock tree from netlist...
    Disconnecting clock tree from netlist done.
    Clock tree timing engine global stage delay update for my_delay:both.late...
    Clock tree timing engine global stage delay update for my_delay:both.late done. (took cpu=0:00:00.1 real=0:00:00.1)
    
    Clock tree legalization - Histogram:
    ====================================
    
    --------------------------------
    Movement (um)    Number of cells
    --------------------------------
    [0.76,0.964)            2
    [0.964,1.168)           0
    [1.168,1.372)           0
    [1.372,1.576)           0
    [1.576,1.78)            0
    [1.78,1.984)            0
    [1.984,2.188)           0
    [2.188,2.392)           0
    [2.392,2.596)           0
    [2.596,2.8)             3
    --------------------------------
    
    
    Clock tree legalization - Top 10 Movements:
    ===========================================
    
    -------------------------------------------------------------------------------------------------------------------------------------------------------------------------
    Movement (um)    Desired            Achieved           Node
                     location           location           
    -------------------------------------------------------------------------------------------------------------------------------------------------------------------------
        2.8          (34.200,14.840)    (34.200,12.040)    cell DataRegIn_clk_gate_Dout_reg/latch (a lib_cell CLKGATETST_X8) at (34.200,12.040), in power domain auto-default
        2.8          (54.910,82.040)    (54.910,79.240)    CTS_ccl_a_buf_00057 (a lib_cell CLKBUF_X3) at (54.910,79.240), in power domain auto-default
        2.66         (56.240,82.040)    (58.900,82.040)    cell reg6_clk_gate_Dout_reg/latch (a lib_cell CLKGATETST_X8) at (58.900,82.040), in power domain auto-default
        0.95         (61.180,9.240)     (60.230,9.240)     CTS_ccl_a_buf_00055 (a lib_cell CLKBUF_X3) at (60.230,9.240), in power domain auto-default
        0.76         (54.910,14.840)    (54.150,14.840)    CTS_ccl_a_buf_00053 (a lib_cell CLKBUF_X3) at (54.150,14.840), in power domain auto-default
        0            (94.510,12.602)    (94.510,12.602)    cell reg10_clk_gate_Dout_reg/latch (a lib_cell CLKGATETST_X8) at (89.870,12.040), in power domain auto-default
        0            (92.800,37.803)    (92.800,37.803)    cell reg9_clk_gate_Dout_reg/latch (a lib_cell CLKGATETST_X8) at (88.160,37.240), in power domain auto-default
        0            (55.520,79.610)    (55.520,79.610)    CTS_ccl_a_buf_00057 (a lib_cell CLKBUF_X3) at (54.910,79.240), in power domain auto-default
        0            (87.670,63.003)    (87.670,63.003)    cell reg8_clk_gate_Dout_reg/latch (a lib_cell CLKGATETST_X8) at (83.030,62.440), in power domain auto-default
        0            (60.840,9.610)     (60.840,9.610)     CTS_ccl_a_buf_00055 (a lib_cell CLKBUF_X3) at (60.230,9.240), in power domain auto-default
    -------------------------------------------------------------------------------------------------------------------------------------------------------------------------
    
    Legalizing clock trees done. (took cpu=0:00:00.4 real=0:00:00.4)
    Clock DAG stats after 'Clustering':
      cell counts      : b=4, i=0, icg=23, nicg=0, l=0, total=27
      cell areas       : b=5.320um^2, i=0.000um^2, icg=175.028um^2, nicg=0.000um^2, l=0.000um^2, total=180.348um^2
      cell capacitance : b=5.685fF, i=0.000fF, icg=179.541fF, nicg=0.000fF, l=0.000fF, total=185.225fF
      sink capacitance : count=255, total=249.034fF, avg=0.977fF, sd=0.000fF, min=0.977fF, max=0.977fF
      wire capacitance : top=0.000fF, trunk=44.819fF, leaf=73.202fF, total=118.021fF
      wire lengths     : top=0.000um, trunk=456.370um, leaf=669.508um, total=1125.878um
      hp wire lengths  : top=0.000um, trunk=281.280um, leaf=432.635um, total=713.915um
    Clock DAG net violations after 'Clustering': none
    Clock DAG primary half-corner transition distribution after 'Clustering':
      Trunk : target=0.080ns count=4 avg=0.042ns sd=0.027ns min=0.002ns max=0.059ns {1 <= 0.048ns, 3 <= 0.064ns, 0 <= 0.072ns, 0 <= 0.076ns, 0 <= 0.080ns}
      Leaf  : target=0.080ns count=24 avg=0.009ns sd=0.001ns min=0.009ns max=0.013ns {24 <= 0.048ns, 0 <= 0.064ns, 0 <= 0.072ns, 0 <= 0.076ns, 0 <= 0.080ns}
    Clock DAG library cell distribution after 'Clustering' {count}:
       Bufs: CLKBUF_X3: 4 
       ICGs: CLKGATETST_X8: 22 CLKGATETST_X4: 1 
    Primary reporting skew groups after 'Clustering':
      skew_group MY_CLK: insertion delay [min=0.113, max=0.128, avg=0.121, sd=0.004], skew [0.015 vs 0.500], 100% {0.113, 0.128} (wid=0.009 ws=0.008) (gid=0.121 gs=0.010)
    Skew group summary after 'Clustering':
      skew_group MY_CLK: insertion delay [min=0.113, max=0.128, avg=0.121, sd=0.004], skew [0.015 vs 0.500], 100% {0.113, 0.128} (wid=0.009 ws=0.008) (gid=0.121 gs=0.010)
    Legalizer API calls during this step: 403 succeeded with high effort: 403 succeeded with medium effort: 0 succeeded with low effort: 0 succeeded with basic effort: 0 succeeded with basic unbounded effort: 0
  Clustering done. (took cpu=0:00:01.3 real=0:00:01.3)
  Looking for fanout violations...
  Looking for fanout violations done.
  CongRepair After Initial Clustering...
  Reset timing graph...
Ignoring AAE DB Resetting ...
  Reset timing graph done.
  Leaving CCOpt scope - Early Global Route...
  Clock implementation routing...
Net route status summary:
  Clock:        28 (unrouted=28, trialRouted=0, noStatus=0, routed=0, fixed=0, [crossesIlmBoundary=0, tooFewTerms=0, (crossesIlmBoundary AND tooFewTerms=0)])
  Non-clock:  3986 (unrouted=82, trialRouted=3904, noStatus=0, routed=0, fixed=0, [crossesIlmBoundary=0, tooFewTerms=80, (crossesIlmBoundary AND tooFewTerms=0)])
    Routing using eGR only...
      Early Global Route - eGR only step...
(ccopt eGR): There are 28 nets for routing of which 28 have one or more fixed wires.
(ccopt eGR): Start to route 28 all nets
[NR-eGR] Track table information for default rule: 
[NR-eGR] metal1 has no routable track
[NR-eGR] metal2 has single uniform track structure
[NR-eGR] metal3 has single uniform track structure
[NR-eGR] metal4 has single uniform track structure
[NR-eGR] metal5 has single uniform track structure
[NR-eGR] metal6 has single uniform track structure
[NR-eGR] metal7 has single uniform track structure
[NR-eGR] metal8 has single uniform track structure
[NR-eGR] metal9 has single uniform track structure
[NR-eGR] metal10 has single uniform track structure
[NR-eGR] Read 478 PG shapes
[NR-eGR] #Routing Blockages  : 0
[NR-eGR] #Instance Blockages : 0
[NR-eGR] #PG Blockages       : 478
[NR-eGR] #Halo Blockages     : 0
[NR-eGR] #Boundary Blockages : 0
[NR-eGR] Num Prerouted Nets = 0  Num Prerouted Wires = 0
[NR-eGR] Read numTotalNets=3934  numIgnoredNets=3906
[NR-eGR] Connected 0 must-join pins/ports
[NR-eGR] There are 28 clock nets ( 28 with NDR ).
[NR-eGR] ============ Routing rule table ============
[NR-eGR] Rule id: 0  Nets: 28 
[NR-eGR] Rule id: 1  Nets: 0 
[NR-eGR] ========================================
[NR-eGR] 
[NR-eGR] Layer group 1: route 28 net(s) in layer range [3, 4]
[NR-eGR] Early Global Route overflow of layer group 1: 0.00% H + 0.00% V. EstWL: 1.096200e+03um
[NR-eGR] Congestion Analysis By layer: (blocked Gcells are excluded) 
[NR-eGR]                        OverCon            
[NR-eGR]                         #Gcell     %Gcell
[NR-eGR]       Layer                (0)    OverCon 
[NR-eGR] ----------------------------------------------
[NR-eGR]  metal1  (1)         0( 0.00%)   ( 0.00%) 
[NR-eGR]  metal2  (2)         0( 0.00%)   ( 0.00%) 
[NR-eGR]  metal3  (3)         0( 0.00%)   ( 0.00%) 
[NR-eGR]  metal4  (4)         0( 0.00%)   ( 0.00%) 
[NR-eGR]  metal5  (5)         0( 0.00%)   ( 0.00%) 
[NR-eGR]  metal6  (6)         0( 0.00%)   ( 0.00%) 
[NR-eGR]  metal7  (7)         0( 0.00%)   ( 0.00%) 
[NR-eGR]  metal8  (8)         0( 0.00%)   ( 0.00%) 
[NR-eGR]  metal9  (9)         0( 0.00%)   ( 0.00%) 
[NR-eGR] metal10 (10)         0( 0.00%)   ( 0.00%) 
[NR-eGR] ----------------------------------------------
[NR-eGR] Total                0( 0.00%)   ( 0.00%) 
[NR-eGR] 
[NR-eGR] Overflow after Early Global Route (GR compatible) 0.00% H + 0.00% V
[NR-eGR] Overflow after Early Global Route 0.00% H + 0.00% V
[NR-eGR] Started Export DB wires ( Curr Mem: 1335.61 MB )
[NR-eGR] Started Export all nets ( Curr Mem: 1335.61 MB )
[NR-eGR] Finished Export all nets ( CPU: 0.00 sec, Real: 0.00 sec, Curr Mem: 1335.61 MB )
[NR-eGR] Started Set wire vias ( Curr Mem: 1335.61 MB )
[NR-eGR] Finished Set wire vias ( CPU: 0.00 sec, Real: 0.00 sec, Curr Mem: 1335.61 MB )
[NR-eGR] Finished Export DB wires ( CPU: 0.01 sec, Real: 0.00 sec, Curr Mem: 1335.61 MB )
[NR-eGR] --------------------------------------------------------------------------
[NR-eGR] metal1  (1F) length: 0.000000e+00um, number of vias: 12280
[NR-eGR] metal2  (2V) length: 9.448110e+03um, number of vias: 14944
[NR-eGR] metal3  (3H) length: 1.357600e+04um, number of vias: 5251
[NR-eGR] metal4  (4V) length: 7.927755e+03um, number of vias: 439
[NR-eGR] metal5  (5H) length: 7.373350e+02um, number of vias: 399
[NR-eGR] metal6  (6V) length: 1.741525e+03um, number of vias: 22
[NR-eGR] metal7  (7H) length: 2.318500e+01um, number of vias: 11
[NR-eGR] metal8  (8V) length: 6.010000e+01um, number of vias: 5
[NR-eGR] metal9  (9H) length: 6.865000e+00um, number of vias: 2
[NR-eGR] metal10 (10V) length: 1.480000e+00um, number of vias: 0
[NR-eGR] Total length: 3.352235e+04um, number of vias: 33353
[NR-eGR] --------------------------------------------------------------------------
[NR-eGR] Total eGR-routed clock nets wire length: 1.164430e+03um 
[NR-eGR] --------------------------------------------------------------------------
[NR-eGR] Report for selected net(s) only.
[NR-eGR] metal1  (1H) length: 0.000000e+00um, number of vias: 309
[NR-eGR] metal2  (2V) length: 3.068000e+02um, number of vias: 375
[NR-eGR] metal3  (3H) length: 4.950300e+02um, number of vias: 126
[NR-eGR] metal4  (4V) length: 3.626000e+02um, number of vias: 0
[NR-eGR] metal5  (5H) length: 0.000000e+00um, number of vias: 0
[NR-eGR] metal6  (6V) length: 0.000000e+00um, number of vias: 0
[NR-eGR] metal7  (7H) length: 0.000000e+00um, number of vias: 0
[NR-eGR] metal8  (8V) length: 0.000000e+00um, number of vias: 0
[NR-eGR] metal9  (9H) length: 0.000000e+00um, number of vias: 0
[NR-eGR] metal10 (10V) length: 0.000000e+00um, number of vias: 0
[NR-eGR] Total length: 1.164430e+03um, number of vias: 810
[NR-eGR] --------------------------------------------------------------------------
[NR-eGR] Total routed clock nets wire length: 1.164430e+03um, number of vias: 810
[NR-eGR] --------------------------------------------------------------------------
[NR-eGR] Finished Early Global Route kernel ( CPU: 0.18 sec, Real: 0.18 sec, Curr Mem: 1293.61 MB )
      Early Global Route - eGR only step done. (took cpu=0:00:00.3 real=0:00:00.3)
    Routing using eGR only done.
Net route status summary:
  Clock:        28 (unrouted=0, trialRouted=0, noStatus=0, routed=28, fixed=0, [crossesIlmBoundary=0, tooFewTerms=0, (crossesIlmBoundary AND tooFewTerms=0)])
  Non-clock:  3986 (unrouted=82, trialRouted=3904, noStatus=0, routed=0, fixed=0, [crossesIlmBoundary=0, tooFewTerms=80, (crossesIlmBoundary AND tooFewTerms=0)])

CCOPT: Done with clock implementation routing.

  Clock implementation routing done.
  CCOpt: Starting congestion repair using flow wrapper...
    Congestion Repair...
Info: Disable timing driven in postCTS congRepair.

Starting congRepair ...
[NR-eGR] Track table information for default rule: 
[NR-eGR] metal1 has no routable track
[NR-eGR] metal2 has single uniform track structure
[NR-eGR] metal3 has single uniform track structure
[NR-eGR] metal4 has single uniform track structure
[NR-eGR] metal5 has single uniform track structure
[NR-eGR] metal6 has single uniform track structure
[NR-eGR] metal7 has single uniform track structure
[NR-eGR] metal8 has single uniform track structure
[NR-eGR] metal9 has single uniform track structure
[NR-eGR] metal10 has single uniform track structure
[NR-eGR] Read 154 PG shapes
[NR-eGR] #Routing Blockages  : 0
[NR-eGR] #Instance Blockages : 0
[NR-eGR] #PG Blockages       : 154
[NR-eGR] #Halo Blockages     : 0
[NR-eGR] #Boundary Blockages : 0
[NR-eGR] Num Prerouted Nets = 28  Num Prerouted Wires = 1123
[NR-eGR] Read numTotalNets=3934  numIgnoredNets=28
[NR-eGR] ============ Routing rule table ============
[NR-eGR] Rule id: 0  Nets: 0 
[NR-eGR] Rule id: 1  Nets: 3906 
[NR-eGR] ========================================
[NR-eGR] 
[NR-eGR] Layer group 1: route 3906 net(s) in layer range [2, 10]
[NR-eGR] Early Global Route overflow of layer group 1: 0.00% H + 0.00% V. EstWL: 3.046680e+04um
[NR-eGR] Congestion Analysis By layer: (blocked Gcells are excluded) 
[NR-eGR]                        OverCon            
[NR-eGR]                         #Gcell     %Gcell
[NR-eGR]       Layer                (1)    OverCon 
[NR-eGR] ----------------------------------------------
[NR-eGR]  metal1  (1)         0( 0.00%)   ( 0.00%) 
[NR-eGR]  metal2  (2)         1( 0.02%)   ( 0.02%) 
[NR-eGR]  metal3  (3)         0( 0.00%)   ( 0.00%) 
[NR-eGR]  metal4  (4)         3( 0.05%)   ( 0.05%) 
[NR-eGR]  metal5  (5)         0( 0.00%)   ( 0.00%) 
[NR-eGR]  metal6  (6)         0( 0.00%)   ( 0.00%) 
[NR-eGR]  metal7  (7)         0( 0.00%)   ( 0.00%) 
[NR-eGR]  metal8  (8)         0( 0.00%)   ( 0.00%) 
[NR-eGR]  metal9  (9)         0( 0.00%)   ( 0.00%) 
[NR-eGR] metal10 (10)         0( 0.00%)   ( 0.00%) 
[NR-eGR] ----------------------------------------------
[NR-eGR] Total                4( 0.01%)   ( 0.01%) 
[NR-eGR] 
[NR-eGR] Overflow after Early Global Route (GR compatible) 0.00% H + 0.00% V
[NR-eGR] Overflow after Early Global Route 0.00% H + 0.00% V
Early Global Route congestion estimation runtime: 0.14 seconds, mem = 1293.6M
Local HotSpot Analysis: normalized max congestion hotspot area = 0.00, normalized total congestion hotspot area = 0.00 (area is in unit of 4 std-cell row bins)
Skipped repairing congestion.
[NR-eGR] Started Export DB wires ( Curr Mem: 1293.61 MB )
[NR-eGR] Started Export all nets ( Curr Mem: 1293.61 MB )
[NR-eGR] Finished Export all nets ( CPU: 0.04 sec, Real: 0.04 sec, Curr Mem: 1293.61 MB )
[NR-eGR] Started Set wire vias ( Curr Mem: 1293.61 MB )
[NR-eGR] Finished Set wire vias ( CPU: 0.01 sec, Real: 0.01 sec, Curr Mem: 1293.61 MB )
[NR-eGR] Finished Export DB wires ( CPU: 0.05 sec, Real: 0.05 sec, Curr Mem: 1293.61 MB )
[NR-eGR] --------------------------------------------------------------------------
[NR-eGR] metal1  (1F) length: 0.000000e+00um, number of vias: 12306
[NR-eGR] metal2  (2V) length: 9.496865e+03um, number of vias: 14965
[NR-eGR] metal3  (3H) length: 1.369443e+04um, number of vias: 5365
[NR-eGR] metal4  (4V) length: 8.016990e+03um, number of vias: 477
[NR-eGR] metal5  (5H) length: 9.560700e+02um, number of vias: 421
[NR-eGR] metal6  (6V) length: 1.913940e+03um, number of vias: 20
[NR-eGR] metal7  (7H) length: 8.355000e+00um, number of vias: 9
[NR-eGR] metal8  (8V) length: 5.338000e+01um, number of vias: 3
[NR-eGR] metal9  (9H) length: 6.025000e+00um, number of vias: 2
[NR-eGR] metal10 (10V) length: 1.760000e+00um, number of vias: 0
[NR-eGR] Total length: 3.414782e+04um, number of vias: 33568
[NR-eGR] --------------------------------------------------------------------------
[NR-eGR] Total eGR-routed clock nets wire length: 0.000000e+00um 
[NR-eGR] --------------------------------------------------------------------------
Early Global Route wiring runtime: 0.18 seconds, mem = 1293.6M
Tdgp not successfully inited but do clear! skip clearing
End of congRepair (cpu=0:00:00.3, real=0:00:01.0)
    Congestion Repair done. (took cpu=0:00:00.4 real=0:00:00.4)
  CCOpt: Starting congestion repair using flow wrapper done.
  Leaving CCOpt scope - Early Global Route done. (took cpu=0:00:00.8 real=0:00:00.8)
  Leaving CCOpt scope - extractRC...
  Updating RC parasitics by calling: "extractRC -noRouteCheck"...
Extraction called for design 'myfir' of instances=3148 and nets=4014 using extraction engine 'preRoute' .
PreRoute RC Extraction called for design myfir.
RC Extraction called in multi-corner(1) mode.
RCMode: PreRoute
      RC Corner Indexes            0   
Capacitance Scaling Factor   : 1.00000 
Resistance Scaling Factor    : 1.00000 
Clock Cap. Scaling Factor    : 1.00000 
Clock Res. Scaling Factor    : 1.00000 
Shrink Factor                : 1.00000
PreRoute extraction is honoring NDR/Shielding/ExtraSpace for clock nets.
Using capacitance table file ...
Updating RC grid for preRoute extraction ...
Initializing multi-corner capacitance tables ... 
Initializing multi-corner resistance tables ...
PreRoute RC Extraction DONE (CPU Time: 0:00:00.4  Real Time: 0:00:00.0  MEM: 1293.609M)
  Updating RC parasitics by calling: "extractRC -noRouteCheck" done.
  Leaving CCOpt scope - extractRC done. (took cpu=0:00:00.4 real=0:00:00.4)
  Clock tree timing engine global stage delay update for my_delay:both.late...
  Clock tree timing engine global stage delay update for my_delay:both.late done. (took cpu=0:00:00.1 real=0:00:00.1)
  Clock DAG stats after clustering cong repair call:
    cell counts      : b=4, i=0, icg=23, nicg=0, l=0, total=27
    cell areas       : b=5.320um^2, i=0.000um^2, icg=175.028um^2, nicg=0.000um^2, l=0.000um^2, total=180.348um^2
    cell capacitance : b=5.685fF, i=0.000fF, icg=179.541fF, nicg=0.000fF, l=0.000fF, total=185.225fF
    sink capacitance : count=255, total=249.034fF, avg=0.977fF, sd=0.000fF, min=0.977fF, max=0.977fF
    wire capacitance : top=0.000fF, trunk=44.729fF, leaf=73.080fF, total=117.810fF
    wire lengths     : top=0.000um, trunk=456.370um, leaf=669.508um, total=1125.878um
    hp wire lengths  : top=0.000um, trunk=281.280um, leaf=432.635um, total=713.915um
  Clock DAG net violations after clustering cong repair call: none
  Clock DAG primary half-corner transition distribution after clustering cong repair call:
    Trunk : target=0.080ns count=4 avg=0.042ns sd=0.027ns min=0.002ns max=0.059ns {1 <= 0.048ns, 3 <= 0.064ns, 0 <= 0.072ns, 0 <= 0.076ns, 0 <= 0.080ns}
    Leaf  : target=0.080ns count=24 avg=0.009ns sd=0.001ns min=0.009ns max=0.013ns {24 <= 0.048ns, 0 <= 0.064ns, 0 <= 0.072ns, 0 <= 0.076ns, 0 <= 0.080ns}
  Clock DAG library cell distribution after clustering cong repair call {count}:
     Bufs: CLKBUF_X3: 4 
     ICGs: CLKGATETST_X8: 22 CLKGATETST_X4: 1 
  Primary reporting skew groups after clustering cong repair call:
    skew_group MY_CLK: insertion delay [min=0.113, max=0.128, avg=0.122, sd=0.004], skew [0.015 vs 0.500], 100% {0.113, 0.128} (wid=0.009 ws=0.008) (gid=0.121 gs=0.010)
  Skew group summary after clustering cong repair call:
    skew_group MY_CLK: insertion delay [min=0.113, max=0.128, avg=0.122, sd=0.004], skew [0.015 vs 0.500], 100% {0.113, 0.128} (wid=0.009 ws=0.008) (gid=0.121 gs=0.010)
  CongRepair After Initial Clustering done. (took cpu=0:00:01.2 real=0:00:01.2)
  Stage::Clustering done. (took cpu=0:00:02.6 real=0:00:02.6)
  Stage::DRV Fixing...
  Fixing clock tree slew time and max cap violations...
    Fixing clock tree overload: ...20% ...40% ...60% ...80% ...100% 
    Clock DAG stats after 'Fixing clock tree slew time and max cap violations':
      cell counts      : b=4, i=0, icg=23, nicg=0, l=0, total=27
      cell areas       : b=5.320um^2, i=0.000um^2, icg=175.028um^2, nicg=0.000um^2, l=0.000um^2, total=180.348um^2
      cell capacitance : b=5.685fF, i=0.000fF, icg=179.541fF, nicg=0.000fF, l=0.000fF, total=185.225fF
      sink capacitance : count=255, total=249.034fF, avg=0.977fF, sd=0.000fF, min=0.977fF, max=0.977fF
      wire capacitance : top=0.000fF, trunk=44.729fF, leaf=73.080fF, total=117.810fF
      wire lengths     : top=0.000um, trunk=456.370um, leaf=669.508um, total=1125.878um
      hp wire lengths  : top=0.000um, trunk=281.280um, leaf=432.635um, total=713.915um
    Clock DAG net violations after 'Fixing clock tree slew time and max cap violations': none
    Clock DAG primary half-corner transition distribution after 'Fixing clock tree slew time and max cap violations':
      Trunk : target=0.080ns count=4 avg=0.042ns sd=0.027ns min=0.002ns max=0.059ns {1 <= 0.048ns, 3 <= 0.064ns, 0 <= 0.072ns, 0 <= 0.076ns, 0 <= 0.080ns}
      Leaf  : target=0.080ns count=24 avg=0.009ns sd=0.001ns min=0.009ns max=0.013ns {24 <= 0.048ns, 0 <= 0.064ns, 0 <= 0.072ns, 0 <= 0.076ns, 0 <= 0.080ns}
    Clock DAG library cell distribution after 'Fixing clock tree slew time and max cap violations' {count}:
       Bufs: CLKBUF_X3: 4 
       ICGs: CLKGATETST_X8: 22 CLKGATETST_X4: 1 
    Primary reporting skew groups after 'Fixing clock tree slew time and max cap violations':
      skew_group MY_CLK: insertion delay [min=0.113, max=0.128], skew [0.015 vs 0.500]
    Skew group summary after 'Fixing clock tree slew time and max cap violations':
      skew_group MY_CLK: insertion delay [min=0.113, max=0.128], skew [0.015 vs 0.500]
    Legalizer API calls during this step: 0 succeeded with high effort: 0 succeeded with medium effort: 0 succeeded with low effort: 0 succeeded with basic effort: 0 succeeded with basic unbounded effort: 0
  Fixing clock tree slew time and max cap violations done. (took cpu=0:00:00.0 real=0:00:00.0)
  Fixing clock tree slew time and max cap violations - detailed pass...
    Fixing clock tree overload: ...20% ...40% ...60% ...80% ...100% 
    Clock DAG stats after 'Fixing clock tree slew time and max cap violations - detailed pass':
      cell counts      : b=4, i=0, icg=23, nicg=0, l=0, total=27
      cell areas       : b=5.320um^2, i=0.000um^2, icg=175.028um^2, nicg=0.000um^2, l=0.000um^2, total=180.348um^2
      cell capacitance : b=5.685fF, i=0.000fF, icg=179.541fF, nicg=0.000fF, l=0.000fF, total=185.225fF
      sink capacitance : count=255, total=249.034fF, avg=0.977fF, sd=0.000fF, min=0.977fF, max=0.977fF
      wire capacitance : top=0.000fF, trunk=44.729fF, leaf=73.080fF, total=117.810fF
      wire lengths     : top=0.000um, trunk=456.370um, leaf=669.508um, total=1125.878um
      hp wire lengths  : top=0.000um, trunk=281.280um, leaf=432.635um, total=713.915um
    Clock DAG net violations after 'Fixing clock tree slew time and max cap violations - detailed pass': none
    Clock DAG primary half-corner transition distribution after 'Fixing clock tree slew time and max cap violations - detailed pass':
      Trunk : target=0.080ns count=4 avg=0.042ns sd=0.027ns min=0.002ns max=0.059ns {1 <= 0.048ns, 3 <= 0.064ns, 0 <= 0.072ns, 0 <= 0.076ns, 0 <= 0.080ns}
      Leaf  : target=0.080ns count=24 avg=0.009ns sd=0.001ns min=0.009ns max=0.013ns {24 <= 0.048ns, 0 <= 0.064ns, 0 <= 0.072ns, 0 <= 0.076ns, 0 <= 0.080ns}
    Clock DAG library cell distribution after 'Fixing clock tree slew time and max cap violations - detailed pass' {count}:
       Bufs: CLKBUF_X3: 4 
       ICGs: CLKGATETST_X8: 22 CLKGATETST_X4: 1 
    Primary reporting skew groups after 'Fixing clock tree slew time and max cap violations - detailed pass':
      skew_group MY_CLK: insertion delay [min=0.113, max=0.128, avg=0.122, sd=0.004], skew [0.015 vs 0.500], 100% {0.113, 0.128} (wid=0.009 ws=0.008) (gid=0.121 gs=0.010)
    Skew group summary after 'Fixing clock tree slew time and max cap violations - detailed pass':
      skew_group MY_CLK: insertion delay [min=0.113, max=0.128, avg=0.122, sd=0.004], skew [0.015 vs 0.500], 100% {0.113, 0.128} (wid=0.009 ws=0.008) (gid=0.121 gs=0.010)
    Legalizer API calls during this step: 0 succeeded with high effort: 0 succeeded with medium effort: 0 succeeded with low effort: 0 succeeded with basic effort: 0 succeeded with basic unbounded effort: 0
  Fixing clock tree slew time and max cap violations - detailed pass done. (took cpu=0:00:00.0 real=0:00:00.0)
  Stage::DRV Fixing done. (took cpu=0:00:00.1 real=0:00:00.1)
  Stage::Insertion Delay Reduction...
  Removing unnecessary root buffering...
    Clock DAG stats after 'Removing unnecessary root buffering':
      cell counts      : b=4, i=0, icg=23, nicg=0, l=0, total=27
      cell areas       : b=5.320um^2, i=0.000um^2, icg=175.028um^2, nicg=0.000um^2, l=0.000um^2, total=180.348um^2
      cell capacitance : b=5.685fF, i=0.000fF, icg=179.541fF, nicg=0.000fF, l=0.000fF, total=185.225fF
      sink capacitance : count=255, total=249.034fF, avg=0.977fF, sd=0.000fF, min=0.977fF, max=0.977fF
      wire capacitance : top=0.000fF, trunk=44.729fF, leaf=73.080fF, total=117.810fF
      wire lengths     : top=0.000um, trunk=456.370um, leaf=669.508um, total=1125.878um
      hp wire lengths  : top=0.000um, trunk=281.280um, leaf=432.635um, total=713.915um
    Clock DAG net violations after 'Removing unnecessary root buffering': none
    Clock DAG primary half-corner transition distribution after 'Removing unnecessary root buffering':
      Trunk : target=0.080ns count=4 avg=0.042ns sd=0.027ns min=0.002ns max=0.059ns {1 <= 0.048ns, 3 <= 0.064ns, 0 <= 0.072ns, 0 <= 0.076ns, 0 <= 0.080ns}
      Leaf  : target=0.080ns count=24 avg=0.009ns sd=0.001ns min=0.009ns max=0.013ns {24 <= 0.048ns, 0 <= 0.064ns, 0 <= 0.072ns, 0 <= 0.076ns, 0 <= 0.080ns}
    Clock DAG library cell distribution after 'Removing unnecessary root buffering' {count}:
       Bufs: CLKBUF_X3: 4 
       ICGs: CLKGATETST_X8: 22 CLKGATETST_X4: 1 
    Primary reporting skew groups after 'Removing unnecessary root buffering':
      skew_group MY_CLK: insertion delay [min=0.113, max=0.128], skew [0.015 vs 0.500]
    Skew group summary after 'Removing unnecessary root buffering':
      skew_group MY_CLK: insertion delay [min=0.113, max=0.128], skew [0.015 vs 0.500]
    Legalizer API calls during this step: 0 succeeded with high effort: 0 succeeded with medium effort: 0 succeeded with low effort: 0 succeeded with basic effort: 0 succeeded with basic unbounded effort: 0
  Removing unnecessary root buffering done. (took cpu=0:00:00.0 real=0:00:00.0)
  Removing unconstrained drivers...
    Clock DAG stats after 'Removing unconstrained drivers':
      cell counts      : b=4, i=0, icg=23, nicg=0, l=0, total=27
      cell areas       : b=5.320um^2, i=0.000um^2, icg=175.028um^2, nicg=0.000um^2, l=0.000um^2, total=180.348um^2
      cell capacitance : b=5.685fF, i=0.000fF, icg=179.541fF, nicg=0.000fF, l=0.000fF, total=185.225fF
      sink capacitance : count=255, total=249.034fF, avg=0.977fF, sd=0.000fF, min=0.977fF, max=0.977fF
      wire capacitance : top=0.000fF, trunk=44.729fF, leaf=73.080fF, total=117.810fF
      wire lengths     : top=0.000um, trunk=456.370um, leaf=669.508um, total=1125.878um
      hp wire lengths  : top=0.000um, trunk=281.280um, leaf=432.635um, total=713.915um
    Clock DAG net violations after 'Removing unconstrained drivers': none
    Clock DAG primary half-corner transition distribution after 'Removing unconstrained drivers':
      Trunk : target=0.080ns count=4 avg=0.042ns sd=0.027ns min=0.002ns max=0.059ns {1 <= 0.048ns, 3 <= 0.064ns, 0 <= 0.072ns, 0 <= 0.076ns, 0 <= 0.080ns}
      Leaf  : target=0.080ns count=24 avg=0.009ns sd=0.001ns min=0.009ns max=0.013ns {24 <= 0.048ns, 0 <= 0.064ns, 0 <= 0.072ns, 0 <= 0.076ns, 0 <= 0.080ns}
    Clock DAG library cell distribution after 'Removing unconstrained drivers' {count}:
       Bufs: CLKBUF_X3: 4 
       ICGs: CLKGATETST_X8: 22 CLKGATETST_X4: 1 
    Primary reporting skew groups after 'Removing unconstrained drivers':
      skew_group MY_CLK: insertion delay [min=0.113, max=0.128], skew [0.015 vs 0.500]
    Skew group summary after 'Removing unconstrained drivers':
      skew_group MY_CLK: insertion delay [min=0.113, max=0.128], skew [0.015 vs 0.500]
    Legalizer API calls during this step: 0 succeeded with high effort: 0 succeeded with medium effort: 0 succeeded with low effort: 0 succeeded with basic effort: 0 succeeded with basic unbounded effort: 0
  Removing unconstrained drivers done. (took cpu=0:00:00.0 real=0:00:00.0)
  Reducing insertion delay 1...
    Clock DAG stats after 'Reducing insertion delay 1':
      cell counts      : b=4, i=0, icg=23, nicg=0, l=0, total=27
      cell areas       : b=5.320um^2, i=0.000um^2, icg=175.028um^2, nicg=0.000um^2, l=0.000um^2, total=180.348um^2
      cell capacitance : b=5.685fF, i=0.000fF, icg=179.541fF, nicg=0.000fF, l=0.000fF, total=185.225fF
      sink capacitance : count=255, total=249.034fF, avg=0.977fF, sd=0.000fF, min=0.977fF, max=0.977fF
      wire capacitance : top=0.000fF, trunk=44.729fF, leaf=73.080fF, total=117.810fF
      wire lengths     : top=0.000um, trunk=456.370um, leaf=669.508um, total=1125.878um
      hp wire lengths  : top=0.000um, trunk=281.280um, leaf=432.635um, total=713.915um
    Clock DAG net violations after 'Reducing insertion delay 1': none
    Clock DAG primary half-corner transition distribution after 'Reducing insertion delay 1':
      Trunk : target=0.080ns count=4 avg=0.042ns sd=0.027ns min=0.002ns max=0.059ns {1 <= 0.048ns, 3 <= 0.064ns, 0 <= 0.072ns, 0 <= 0.076ns, 0 <= 0.080ns}
      Leaf  : target=0.080ns count=24 avg=0.009ns sd=0.001ns min=0.009ns max=0.013ns {24 <= 0.048ns, 0 <= 0.064ns, 0 <= 0.072ns, 0 <= 0.076ns, 0 <= 0.080ns}
    Clock DAG library cell distribution after 'Reducing insertion delay 1' {count}:
       Bufs: CLKBUF_X3: 4 
       ICGs: CLKGATETST_X8: 22 CLKGATETST_X4: 1 
    Primary reporting skew groups after 'Reducing insertion delay 1':
      skew_group MY_CLK: insertion delay [min=0.113, max=0.128], skew [0.015 vs 0.500]
    Skew group summary after 'Reducing insertion delay 1':
      skew_group MY_CLK: insertion delay [min=0.113, max=0.128], skew [0.015 vs 0.500]
    Legalizer API calls during this step: 6 succeeded with high effort: 6 succeeded with medium effort: 0 succeeded with low effort: 0 succeeded with basic effort: 0 succeeded with basic unbounded effort: 0
  Reducing insertion delay 1 done. (took cpu=0:00:00.1 real=0:00:00.1)
  Removing longest path buffering...
    Clock DAG stats after 'Removing longest path buffering':
      cell counts      : b=4, i=0, icg=23, nicg=0, l=0, total=27
      cell areas       : b=5.320um^2, i=0.000um^2, icg=175.028um^2, nicg=0.000um^2, l=0.000um^2, total=180.348um^2
      cell capacitance : b=5.685fF, i=0.000fF, icg=179.541fF, nicg=0.000fF, l=0.000fF, total=185.225fF
      sink capacitance : count=255, total=249.034fF, avg=0.977fF, sd=0.000fF, min=0.977fF, max=0.977fF
      wire capacitance : top=0.000fF, trunk=44.729fF, leaf=73.080fF, total=117.810fF
      wire lengths     : top=0.000um, trunk=456.370um, leaf=669.508um, total=1125.878um
      hp wire lengths  : top=0.000um, trunk=281.280um, leaf=432.635um, total=713.915um
    Clock DAG net violations after 'Removing longest path buffering': none
    Clock DAG primary half-corner transition distribution after 'Removing longest path buffering':
      Trunk : target=0.080ns count=4 avg=0.042ns sd=0.027ns min=0.002ns max=0.059ns {1 <= 0.048ns, 3 <= 0.064ns, 0 <= 0.072ns, 0 <= 0.076ns, 0 <= 0.080ns}
      Leaf  : target=0.080ns count=24 avg=0.009ns sd=0.001ns min=0.009ns max=0.013ns {24 <= 0.048ns, 0 <= 0.064ns, 0 <= 0.072ns, 0 <= 0.076ns, 0 <= 0.080ns}
    Clock DAG library cell distribution after 'Removing longest path buffering' {count}:
       Bufs: CLKBUF_X3: 4 
       ICGs: CLKGATETST_X8: 22 CLKGATETST_X4: 1 
    Primary reporting skew groups after 'Removing longest path buffering':
      skew_group MY_CLK: insertion delay [min=0.113, max=0.128], skew [0.015 vs 0.500]
    Skew group summary after 'Removing longest path buffering':
      skew_group MY_CLK: insertion delay [min=0.113, max=0.128], skew [0.015 vs 0.500]
    Legalizer API calls during this step: 0 succeeded with high effort: 0 succeeded with medium effort: 0 succeeded with low effort: 0 succeeded with basic effort: 0 succeeded with basic unbounded effort: 0
  Removing longest path buffering done. (took cpu=0:00:00.0 real=0:00:00.0)
  Reducing insertion delay 2...
    Clock DAG stats after 'Reducing insertion delay 2':
      cell counts      : b=4, i=0, icg=23, nicg=0, l=0, total=27
      cell areas       : b=5.320um^2, i=0.000um^2, icg=177.422um^2, nicg=0.000um^2, l=0.000um^2, total=182.742um^2
      cell capacitance : b=5.685fF, i=0.000fF, icg=183.061fF, nicg=0.000fF, l=0.000fF, total=188.746fF
      sink capacitance : count=255, total=249.034fF, avg=0.977fF, sd=0.000fF, min=0.977fF, max=0.977fF
      wire capacitance : top=0.000fF, trunk=42.707fF, leaf=74.784fF, total=117.491fF
      wire lengths     : top=0.000um, trunk=442.729um, leaf=685.448um, total=1128.178um
      hp wire lengths  : top=0.000um, trunk=264.480um, leaf=449.015um, total=713.495um
    Clock DAG net violations after 'Reducing insertion delay 2': none
    Clock DAG primary half-corner transition distribution after 'Reducing insertion delay 2':
      Trunk : target=0.080ns count=4 avg=0.042ns sd=0.027ns min=0.002ns max=0.057ns {1 <= 0.048ns, 3 <= 0.064ns, 0 <= 0.072ns, 0 <= 0.076ns, 0 <= 0.080ns}
      Leaf  : target=0.080ns count=24 avg=0.009ns sd=0.000ns min=0.009ns max=0.009ns {24 <= 0.048ns, 0 <= 0.064ns, 0 <= 0.072ns, 0 <= 0.076ns, 0 <= 0.080ns}
    Clock DAG library cell distribution after 'Reducing insertion delay 2' {count}:
       Bufs: CLKBUF_X3: 4 
       ICGs: CLKGATETST_X8: 23 
    Primary reporting skew groups after 'Reducing insertion delay 2':
      skew_group MY_CLK: insertion delay [min=0.113, max=0.125, avg=0.122, sd=0.003], skew [0.012 vs 0.500], 100% {0.113, 0.125} (wid=0.008 ws=0.007) (gid=0.120 gs=0.008)
    Skew group summary after 'Reducing insertion delay 2':
      skew_group MY_CLK: insertion delay [min=0.113, max=0.125, avg=0.122, sd=0.003], skew [0.012 vs 0.500], 100% {0.113, 0.125} (wid=0.008 ws=0.007) (gid=0.120 gs=0.008)
    Legalizer API calls during this step: 113 succeeded with high effort: 113 succeeded with medium effort: 0 succeeded with low effort: 0 succeeded with basic effort: 0 succeeded with basic unbounded effort: 0
  Reducing insertion delay 2 done. (took cpu=0:00:01.1 real=0:00:01.1)
  Stage::Insertion Delay Reduction done. (took cpu=0:00:01.2 real=0:00:01.2)
  CCOpt::Phase::Construction done. (took cpu=0:00:03.9 real=0:00:03.9)
  CCOpt::Phase::Implementation...
  Stage::Reducing Power...
  Improving clock tree routing...
    Iteration 1...
    Iteration 1 done.
    Clock DAG stats after 'Improving clock tree routing':
      cell counts      : b=4, i=0, icg=23, nicg=0, l=0, total=27
      cell areas       : b=5.320um^2, i=0.000um^2, icg=177.422um^2, nicg=0.000um^2, l=0.000um^2, total=182.742um^2
      cell capacitance : b=5.685fF, i=0.000fF, icg=183.061fF, nicg=0.000fF, l=0.000fF, total=188.746fF
      sink capacitance : count=255, total=249.034fF, avg=0.977fF, sd=0.000fF, min=0.977fF, max=0.977fF
      wire capacitance : top=0.000fF, trunk=42.707fF, leaf=74.784fF, total=117.491fF
      wire lengths     : top=0.000um, trunk=442.729um, leaf=685.448um, total=1128.178um
      hp wire lengths  : top=0.000um, trunk=264.480um, leaf=449.015um, total=713.495um
    Clock DAG net violations after 'Improving clock tree routing': none
    Clock DAG primary half-corner transition distribution after 'Improving clock tree routing':
      Trunk : target=0.080ns count=4 avg=0.042ns sd=0.027ns min=0.002ns max=0.057ns {1 <= 0.048ns, 3 <= 0.064ns, 0 <= 0.072ns, 0 <= 0.076ns, 0 <= 0.080ns}
      Leaf  : target=0.080ns count=24 avg=0.009ns sd=0.000ns min=0.009ns max=0.009ns {24 <= 0.048ns, 0 <= 0.064ns, 0 <= 0.072ns, 0 <= 0.076ns, 0 <= 0.080ns}
    Clock DAG library cell distribution after 'Improving clock tree routing' {count}:
       Bufs: CLKBUF_X3: 4 
       ICGs: CLKGATETST_X8: 23 
    Primary reporting skew groups after 'Improving clock tree routing':
      skew_group MY_CLK: insertion delay [min=0.113, max=0.125], skew [0.012 vs 0.500]
    Skew group summary after 'Improving clock tree routing':
      skew_group MY_CLK: insertion delay [min=0.113, max=0.125], skew [0.012 vs 0.500]
    Legalizer API calls during this step: 12 succeeded with high effort: 12 succeeded with medium effort: 0 succeeded with low effort: 0 succeeded with basic effort: 0 succeeded with basic unbounded effort: 0
  Improving clock tree routing done. (took cpu=0:00:00.0 real=0:00:00.0)
  Reducing clock tree power 1...
    Resizing gates: ...20% ...40% ...60% ...80% ...Legalizing clock trees...
    Legalizing clock trees done. (took cpu=0:00:00.0 real=0:00:00.0)
    100% 
    Clock DAG stats after reducing clock tree power 1 iteration 1:
      cell counts      : b=4, i=0, icg=23, nicg=0, l=0, total=27
      cell areas       : b=4.788um^2, i=0.000um^2, icg=95.760um^2, nicg=0.000um^2, l=0.000um^2, total=100.548um^2
      cell capacitance : b=5.043fF, i=0.000fF, icg=54.371fF, nicg=0.000fF, l=0.000fF, total=59.415fF
      sink capacitance : count=255, total=249.034fF, avg=0.977fF, sd=0.000fF, min=0.977fF, max=0.977fF
      wire capacitance : top=0.000fF, trunk=42.885fF, leaf=72.610fF, total=115.495fF
      wire lengths     : top=0.000um, trunk=444.840um, leaf=660.250um, total=1105.090um
      hp wire lengths  : top=0.000um, trunk=264.480um, leaf=449.015um, total=713.495um
    Clock DAG net violations after reducing clock tree power 1 iteration 1: none
    Clock DAG primary half-corner transition distribution after reducing clock tree power 1 iteration 1:
      Trunk : target=0.080ns count=4 avg=0.019ns sd=0.012ns min=0.002ns max=0.027ns {4 <= 0.048ns, 0 <= 0.064ns, 0 <= 0.072ns, 0 <= 0.076ns, 0 <= 0.080ns}
      Leaf  : target=0.080ns count=24 avg=0.024ns sd=0.008ns min=0.011ns max=0.033ns {24 <= 0.048ns, 0 <= 0.064ns, 0 <= 0.072ns, 0 <= 0.076ns, 0 <= 0.080ns}
    Clock DAG library cell distribution after reducing clock tree power 1 iteration 1 {count}:
       Bufs: CLKBUF_X3: 3 CLKBUF_X1: 1 
       ICGs: CLKGATETST_X4: 1 CLKGATETST_X2: 10 CLKGATETST_X1: 12 
    Primary reporting skew groups after reducing clock tree power 1 iteration 1:
      skew_group MY_CLK: insertion delay [min=0.085, max=0.111], skew [0.027 vs 0.500]
    Skew group summary after reducing clock tree power 1 iteration 1:
      skew_group MY_CLK: insertion delay [min=0.085, max=0.111], skew [0.027 vs 0.500]
    Resizing gates: ...20% ...40% ...60% ...80% ...Legalizing clock trees...
    Legalizing clock trees done. (took cpu=0:00:00.0 real=0:00:00.0)
    100% 
    Clock DAG stats after reducing clock tree power 1 iteration 2:
      cell counts      : b=4, i=0, icg=23, nicg=0, l=0, total=27
      cell areas       : b=3.990um^2, i=0.000um^2, icg=91.770um^2, nicg=0.000um^2, l=0.000um^2, total=95.760um^2
      cell capacitance : b=4.998fF, i=0.000fF, icg=41.681fF, nicg=0.000fF, l=0.000fF, total=46.678fF
      sink capacitance : count=255, total=249.034fF, avg=0.977fF, sd=0.000fF, min=0.977fF, max=0.977fF
      wire capacitance : top=0.000fF, trunk=42.852fF, leaf=72.735fF, total=115.587fF
      wire lengths     : top=0.000um, trunk=444.284um, leaf=661.575um, total=1105.860um
      hp wire lengths  : top=0.000um, trunk=264.480um, leaf=449.015um, total=713.495um
    Clock DAG net violations after reducing clock tree power 1 iteration 2: none
    Clock DAG primary half-corner transition distribution after reducing clock tree power 1 iteration 2:
      Trunk : target=0.080ns count=4 avg=0.023ns sd=0.014ns min=0.002ns max=0.031ns {4 <= 0.048ns, 0 <= 0.064ns, 0 <= 0.072ns, 0 <= 0.076ns, 0 <= 0.080ns}
      Leaf  : target=0.080ns count=24 avg=0.032ns sd=0.005ns min=0.011ns max=0.036ns {24 <= 0.048ns, 0 <= 0.064ns, 0 <= 0.072ns, 0 <= 0.076ns, 0 <= 0.080ns}
    Clock DAG library cell distribution after reducing clock tree power 1 iteration 2 {count}:
       Bufs: CLKBUF_X2: 3 CLKBUF_X1: 1 
       ICGs: CLKGATETST_X1: 23 
    Primary reporting skew groups after reducing clock tree power 1 iteration 2:
      skew_group MY_CLK: insertion delay [min=0.092, max=0.119], skew [0.027 vs 0.500]
    Skew group summary after reducing clock tree power 1 iteration 2:
      skew_group MY_CLK: insertion delay [min=0.092, max=0.119], skew [0.027 vs 0.500]
    Resizing gates: ...20% ...40% ...60% ...80% ...Legalizing clock trees...
    Legalizing clock trees done. (took cpu=0:00:00.0 real=0:00:00.0)
    100% 
    Clock DAG stats after 'Reducing clock tree power 1':
      cell counts      : b=4, i=0, icg=23, nicg=0, l=0, total=27
      cell areas       : b=3.990um^2, i=0.000um^2, icg=91.770um^2, nicg=0.000um^2, l=0.000um^2, total=95.760um^2
      cell capacitance : b=4.998fF, i=0.000fF, icg=41.681fF, nicg=0.000fF, l=0.000fF, total=46.678fF
      sink capacitance : count=255, total=249.034fF, avg=0.977fF, sd=0.000fF, min=0.977fF, max=0.977fF
      wire capacitance : top=0.000fF, trunk=42.852fF, leaf=72.735fF, total=115.587fF
      wire lengths     : top=0.000um, trunk=444.284um, leaf=661.575um, total=1105.860um
      hp wire lengths  : top=0.000um, trunk=264.480um, leaf=449.015um, total=713.495um
    Clock DAG net violations after 'Reducing clock tree power 1': none
    Clock DAG primary half-corner transition distribution after 'Reducing clock tree power 1':
      Trunk : target=0.080ns count=4 avg=0.023ns sd=0.014ns min=0.002ns max=0.031ns {4 <= 0.048ns, 0 <= 0.064ns, 0 <= 0.072ns, 0 <= 0.076ns, 0 <= 0.080ns}
      Leaf  : target=0.080ns count=24 avg=0.032ns sd=0.005ns min=0.011ns max=0.036ns {24 <= 0.048ns, 0 <= 0.064ns, 0 <= 0.072ns, 0 <= 0.076ns, 0 <= 0.080ns}
    Clock DAG library cell distribution after 'Reducing clock tree power 1' {count}:
       Bufs: CLKBUF_X2: 3 CLKBUF_X1: 1 
       ICGs: CLKGATETST_X1: 23 
    Primary reporting skew groups after 'Reducing clock tree power 1':
      skew_group MY_CLK: insertion delay [min=0.092, max=0.119], skew [0.027 vs 0.500]
    Skew group summary after 'Reducing clock tree power 1':
      skew_group MY_CLK: insertion delay [min=0.092, max=0.119], skew [0.027 vs 0.500]
    Legalizer API calls during this step: 201 succeeded with high effort: 201 succeeded with medium effort: 0 succeeded with low effort: 0 succeeded with basic effort: 0 succeeded with basic unbounded effort: 0
  Reducing clock tree power 1 done. (took cpu=0:00:01.4 real=0:00:01.4)
  Reducing clock tree power 2...
    Clock DAG stats after 'Reducing clock tree power 2':
      cell counts      : b=4, i=0, icg=23, nicg=0, l=0, total=27
      cell areas       : b=3.990um^2, i=0.000um^2, icg=91.770um^2, nicg=0.000um^2, l=0.000um^2, total=95.760um^2
      cell capacitance : b=4.998fF, i=0.000fF, icg=41.681fF, nicg=0.000fF, l=0.000fF, total=46.678fF
      sink capacitance : count=255, total=249.034fF, avg=0.977fF, sd=0.000fF, min=0.977fF, max=0.977fF
      wire capacitance : top=0.000fF, trunk=42.852fF, leaf=72.735fF, total=115.587fF
      wire lengths     : top=0.000um, trunk=444.284um, leaf=661.575um, total=1105.860um
      hp wire lengths  : top=0.000um, trunk=264.480um, leaf=449.015um, total=713.495um
    Clock DAG net violations after 'Reducing clock tree power 2': none
    Clock DAG primary half-corner transition distribution after 'Reducing clock tree power 2':
      Trunk : target=0.080ns count=4 avg=0.023ns sd=0.014ns min=0.002ns max=0.031ns {4 <= 0.048ns, 0 <= 0.064ns, 0 <= 0.072ns, 0 <= 0.076ns, 0 <= 0.080ns}
      Leaf  : target=0.080ns count=24 avg=0.032ns sd=0.005ns min=0.011ns max=0.036ns {24 <= 0.048ns, 0 <= 0.064ns, 0 <= 0.072ns, 0 <= 0.076ns, 0 <= 0.080ns}
    Clock DAG library cell distribution after 'Reducing clock tree power 2' {count}:
       Bufs: CLKBUF_X2: 3 CLKBUF_X1: 1 
       ICGs: CLKGATETST_X1: 23 
    Primary reporting skew groups after 'Reducing clock tree power 2':
      skew_group MY_CLK: insertion delay [min=0.092, max=0.119, avg=0.114, sd=0.003], skew [0.027 vs 0.500], 100% {0.092, 0.119} (wid=0.004 ws=0.003) (gid=0.116 gs=0.025)
    Skew group summary after 'Reducing clock tree power 2':
      skew_group MY_CLK: insertion delay [min=0.092, max=0.119, avg=0.114, sd=0.003], skew [0.027 vs 0.500], 100% {0.092, 0.119} (wid=0.004 ws=0.003) (gid=0.116 gs=0.025)
    Legalizer API calls during this step: 0 succeeded with high effort: 0 succeeded with medium effort: 0 succeeded with low effort: 0 succeeded with basic effort: 0 succeeded with basic unbounded effort: 0
  Reducing clock tree power 2 done. (took cpu=0:00:00.0 real=0:00:00.0)
  Stage::Reducing Power done. (took cpu=0:00:01.5 real=0:00:01.5)
  Stage::Balancing...
  Approximately balancing fragments step...
    Resolve constraints - Approximately balancing fragments...
    Resolving skew group constraints...
      Solving LP: 1 skew groups; 2 fragments, 2 fraglets and 3 vertices; 21 variables and 54 constraints; tolerance 1
    Resolving skew group constraints done.
    Resolve constraints - Approximately balancing fragments done. (took cpu=0:00:00.3 real=0:00:00.3)
    Estimate delay to be added in balancing - Approximately balancing fragments...
    Trial balancer estimated the amount of delay to be added in balancing: 0.000ns
    Estimate delay to be added in balancing - Approximately balancing fragments done. (took cpu=0:00:00.0 real=0:00:00.0)
    Approximately balancing fragments...
      Moving gates to improve sub-tree skew...
        Tried: 29 Succeeded: 0
        Topology Tried: 0 Succeeded: 0
        0 Succeeded with SS ratio
        0 Succeeded with Lollipop: 0 with tier one, 0 with tier two. 
        Total reducing skew: 0 Average reducing skew for 0 nets : 0
        Clock DAG stats after 'Moving gates to improve sub-tree skew':
          cell counts      : b=4, i=0, icg=23, nicg=0, l=0, total=27
          cell areas       : b=3.990um^2, i=0.000um^2, icg=91.770um^2, nicg=0.000um^2, l=0.000um^2, total=95.760um^2
          cell capacitance : b=4.998fF, i=0.000fF, icg=41.681fF, nicg=0.000fF, l=0.000fF, total=46.678fF
          sink capacitance : count=255, total=249.034fF, avg=0.977fF, sd=0.000fF, min=0.977fF, max=0.977fF
          wire capacitance : top=0.000fF, trunk=42.852fF, leaf=72.735fF, total=115.587fF
          wire lengths     : top=0.000um, trunk=444.284um, leaf=661.575um, total=1105.860um
          hp wire lengths  : top=0.000um, trunk=264.480um, leaf=449.015um, total=713.495um
        Clock DAG net violations after 'Moving gates to improve sub-tree skew': none
        Clock DAG primary half-corner transition distribution after 'Moving gates to improve sub-tree skew':
          Trunk : target=0.080ns count=4 avg=0.023ns sd=0.014ns min=0.002ns max=0.031ns {4 <= 0.048ns, 0 <= 0.064ns, 0 <= 0.072ns, 0 <= 0.076ns, 0 <= 0.080ns}
          Leaf  : target=0.080ns count=24 avg=0.032ns sd=0.005ns min=0.011ns max=0.036ns {24 <= 0.048ns, 0 <= 0.064ns, 0 <= 0.072ns, 0 <= 0.076ns, 0 <= 0.080ns}
        Clock DAG library cell distribution after 'Moving gates to improve sub-tree skew' {count}:
           Bufs: CLKBUF_X2: 3 CLKBUF_X1: 1 
           ICGs: CLKGATETST_X1: 23 
        Legalizer API calls during this step: 0 succeeded with high effort: 0 succeeded with medium effort: 0 succeeded with low effort: 0 succeeded with basic effort: 0 succeeded with basic unbounded effort: 0
      Moving gates to improve sub-tree skew done. (took cpu=0:00:00.0 real=0:00:00.0)
      Approximately balancing fragments bottom up...
        bottom up balancing: ...20% ...40% ...60% ...80% ...100% 
        Clock DAG stats after 'Approximately balancing fragments bottom up':
          cell counts      : b=4, i=0, icg=23, nicg=0, l=0, total=27
          cell areas       : b=3.990um^2, i=0.000um^2, icg=91.770um^2, nicg=0.000um^2, l=0.000um^2, total=95.760um^2
          cell capacitance : b=4.998fF, i=0.000fF, icg=41.681fF, nicg=0.000fF, l=0.000fF, total=46.678fF
          sink capacitance : count=255, total=249.034fF, avg=0.977fF, sd=0.000fF, min=0.977fF, max=0.977fF
          wire capacitance : top=0.000fF, trunk=42.852fF, leaf=72.735fF, total=115.587fF
          wire lengths     : top=0.000um, trunk=444.284um, leaf=661.575um, total=1105.860um
          hp wire lengths  : top=0.000um, trunk=264.480um, leaf=449.015um, total=713.495um
        Clock DAG net violations after 'Approximately balancing fragments bottom up': none
        Clock DAG primary half-corner transition distribution after 'Approximately balancing fragments bottom up':
          Trunk : target=0.080ns count=4 avg=0.023ns sd=0.014ns min=0.002ns max=0.031ns {4 <= 0.048ns, 0 <= 0.064ns, 0 <= 0.072ns, 0 <= 0.076ns, 0 <= 0.080ns}
          Leaf  : target=0.080ns count=24 avg=0.032ns sd=0.005ns min=0.011ns max=0.036ns {24 <= 0.048ns, 0 <= 0.064ns, 0 <= 0.072ns, 0 <= 0.076ns, 0 <= 0.080ns}
        Clock DAG library cell distribution after 'Approximately balancing fragments bottom up' {count}:
           Bufs: CLKBUF_X2: 3 CLKBUF_X1: 1 
           ICGs: CLKGATETST_X1: 23 
        Legalizer API calls during this step: 0 succeeded with high effort: 0 succeeded with medium effort: 0 succeeded with low effort: 0 succeeded with basic effort: 0 succeeded with basic unbounded effort: 0
      Approximately balancing fragments bottom up done. (took cpu=0:00:00.1 real=0:00:00.1)
      Approximately balancing fragments, wire and cell delays...
      Approximately balancing fragments, wire and cell delays, iteration 1...
        Clock DAG stats after Approximately balancing fragments, wire and cell delays, iteration 1:
          cell counts      : b=4, i=0, icg=23, nicg=0, l=0, total=27
          cell areas       : b=3.990um^2, i=0.000um^2, icg=91.770um^2, nicg=0.000um^2, l=0.000um^2, total=95.760um^2
          cell capacitance : b=4.998fF, i=0.000fF, icg=41.681fF, nicg=0.000fF, l=0.000fF, total=46.678fF
          sink capacitance : count=255, total=249.034fF, avg=0.977fF, sd=0.000fF, min=0.977fF, max=0.977fF
          wire capacitance : top=0.000fF, trunk=42.852fF, leaf=72.735fF, total=115.587fF
          wire lengths     : top=0.000um, trunk=444.284um, leaf=661.575um, total=1105.860um
          hp wire lengths  : top=0.000um, trunk=264.480um, leaf=449.015um, total=713.495um
        Clock DAG net violations after Approximately balancing fragments, wire and cell delays, iteration 1: none
        Clock DAG primary half-corner transition distribution after Approximately balancing fragments, wire and cell delays, iteration 1:
          Trunk : target=0.080ns count=4 avg=0.023ns sd=0.014ns min=0.002ns max=0.031ns {4 <= 0.048ns, 0 <= 0.064ns, 0 <= 0.072ns, 0 <= 0.076ns, 0 <= 0.080ns}
          Leaf  : target=0.080ns count=24 avg=0.032ns sd=0.005ns min=0.011ns max=0.036ns {24 <= 0.048ns, 0 <= 0.064ns, 0 <= 0.072ns, 0 <= 0.076ns, 0 <= 0.080ns}
        Clock DAG library cell distribution after Approximately balancing fragments, wire and cell delays, iteration 1 {count}:
           Bufs: CLKBUF_X2: 3 CLKBUF_X1: 1 
           ICGs: CLKGATETST_X1: 23 
      Approximately balancing fragments, wire and cell delays, iteration 1 done.
      Approximately balancing fragments, wire and cell delays done. (took cpu=0:00:00.0 real=0:00:00.0)
    Approximately balancing fragments done.
    Clock DAG stats after 'Approximately balancing fragments step':
      cell counts      : b=4, i=0, icg=23, nicg=0, l=0, total=27
      cell areas       : b=3.990um^2, i=0.000um^2, icg=91.770um^2, nicg=0.000um^2, l=0.000um^2, total=95.760um^2
      cell capacitance : b=4.998fF, i=0.000fF, icg=41.681fF, nicg=0.000fF, l=0.000fF, total=46.678fF
      sink capacitance : count=255, total=249.034fF, avg=0.977fF, sd=0.000fF, min=0.977fF, max=0.977fF
      wire capacitance : top=0.000fF, trunk=42.852fF, leaf=72.735fF, total=115.587fF
      wire lengths     : top=0.000um, trunk=444.284um, leaf=661.575um, total=1105.860um
      hp wire lengths  : top=0.000um, trunk=264.480um, leaf=449.015um, total=713.495um
    Clock DAG net violations after 'Approximately balancing fragments step': none
    Clock DAG primary half-corner transition distribution after 'Approximately balancing fragments step':
      Trunk : target=0.080ns count=4 avg=0.023ns sd=0.014ns min=0.002ns max=0.031ns {4 <= 0.048ns, 0 <= 0.064ns, 0 <= 0.072ns, 0 <= 0.076ns, 0 <= 0.080ns}
      Leaf  : target=0.080ns count=24 avg=0.032ns sd=0.005ns min=0.011ns max=0.036ns {24 <= 0.048ns, 0 <= 0.064ns, 0 <= 0.072ns, 0 <= 0.076ns, 0 <= 0.080ns}
    Clock DAG library cell distribution after 'Approximately balancing fragments step' {count}:
       Bufs: CLKBUF_X2: 3 CLKBUF_X1: 1 
       ICGs: CLKGATETST_X1: 23 
    Legalizer API calls during this step: 0 succeeded with high effort: 0 succeeded with medium effort: 0 succeeded with low effort: 0 succeeded with basic effort: 0 succeeded with basic unbounded effort: 0
  Approximately balancing fragments step done. (took cpu=0:00:00.4 real=0:00:00.4)
  Clock DAG stats after Approximately balancing fragments:
    cell counts      : b=4, i=0, icg=23, nicg=0, l=0, total=27
    cell areas       : b=3.990um^2, i=0.000um^2, icg=91.770um^2, nicg=0.000um^2, l=0.000um^2, total=95.760um^2
    cell capacitance : b=4.998fF, i=0.000fF, icg=41.681fF, nicg=0.000fF, l=0.000fF, total=46.678fF
    sink capacitance : count=255, total=249.034fF, avg=0.977fF, sd=0.000fF, min=0.977fF, max=0.977fF
    wire capacitance : top=0.000fF, trunk=42.852fF, leaf=72.735fF, total=115.587fF
    wire lengths     : top=0.000um, trunk=444.284um, leaf=661.575um, total=1105.860um
    hp wire lengths  : top=0.000um, trunk=264.480um, leaf=449.015um, total=713.495um
  Clock DAG net violations after Approximately balancing fragments: none
  Clock DAG primary half-corner transition distribution after Approximately balancing fragments:
    Trunk : target=0.080ns count=4 avg=0.023ns sd=0.014ns min=0.002ns max=0.031ns {4 <= 0.048ns, 0 <= 0.064ns, 0 <= 0.072ns, 0 <= 0.076ns, 0 <= 0.080ns}
    Leaf  : target=0.080ns count=24 avg=0.032ns sd=0.005ns min=0.011ns max=0.036ns {24 <= 0.048ns, 0 <= 0.064ns, 0 <= 0.072ns, 0 <= 0.076ns, 0 <= 0.080ns}
  Clock DAG library cell distribution after Approximately balancing fragments {count}:
     Bufs: CLKBUF_X2: 3 CLKBUF_X1: 1 
     ICGs: CLKGATETST_X1: 23 
  Primary reporting skew groups after Approximately balancing fragments:
    skew_group MY_CLK: insertion delay [min=0.092, max=0.119], skew [0.027 vs 0.500]
  Skew group summary after Approximately balancing fragments:
    skew_group MY_CLK: insertion delay [min=0.092, max=0.119], skew [0.027 vs 0.500]
  Improving fragments clock skew...
    Clock DAG stats after 'Improving fragments clock skew':
      cell counts      : b=4, i=0, icg=23, nicg=0, l=0, total=27
      cell areas       : b=3.990um^2, i=0.000um^2, icg=91.770um^2, nicg=0.000um^2, l=0.000um^2, total=95.760um^2
      cell capacitance : b=4.998fF, i=0.000fF, icg=41.681fF, nicg=0.000fF, l=0.000fF, total=46.678fF
      sink capacitance : count=255, total=249.034fF, avg=0.977fF, sd=0.000fF, min=0.977fF, max=0.977fF
      wire capacitance : top=0.000fF, trunk=42.852fF, leaf=72.735fF, total=115.587fF
      wire lengths     : top=0.000um, trunk=444.284um, leaf=661.575um, total=1105.860um
      hp wire lengths  : top=0.000um, trunk=264.480um, leaf=449.015um, total=713.495um
    Clock DAG net violations after 'Improving fragments clock skew': none
    Clock DAG primary half-corner transition distribution after 'Improving fragments clock skew':
      Trunk : target=0.080ns count=4 avg=0.023ns sd=0.014ns min=0.002ns max=0.031ns {4 <= 0.048ns, 0 <= 0.064ns, 0 <= 0.072ns, 0 <= 0.076ns, 0 <= 0.080ns}
      Leaf  : target=0.080ns count=24 avg=0.032ns sd=0.005ns min=0.011ns max=0.036ns {24 <= 0.048ns, 0 <= 0.064ns, 0 <= 0.072ns, 0 <= 0.076ns, 0 <= 0.080ns}
    Clock DAG library cell distribution after 'Improving fragments clock skew' {count}:
       Bufs: CLKBUF_X2: 3 CLKBUF_X1: 1 
       ICGs: CLKGATETST_X1: 23 
    Primary reporting skew groups after 'Improving fragments clock skew':
      skew_group MY_CLK: insertion delay [min=0.092, max=0.119], skew [0.027 vs 0.500]
    Skew group summary after 'Improving fragments clock skew':
      skew_group MY_CLK: insertion delay [min=0.092, max=0.119], skew [0.027 vs 0.500]
    Legalizer API calls during this step: 0 succeeded with high effort: 0 succeeded with medium effort: 0 succeeded with low effort: 0 succeeded with basic effort: 0 succeeded with basic unbounded effort: 0
  Improving fragments clock skew done. (took cpu=0:00:00.0 real=0:00:00.0)
  Approximately balancing step...
    Resolve constraints - Approximately balancing...
    Resolving skew group constraints...
      Solving LP: 1 skew groups; 2 fragments, 2 fraglets and 3 vertices; 21 variables and 54 constraints; tolerance 1
    Resolving skew group constraints done.
    Resolve constraints - Approximately balancing done. (took cpu=0:00:00.0 real=0:00:00.0)
    Approximately balancing...
      Approximately balancing, wire and cell delays...
      Approximately balancing, wire and cell delays, iteration 1...
        Clock DAG stats after Approximately balancing, wire and cell delays, iteration 1:
          cell counts      : b=4, i=0, icg=23, nicg=0, l=0, total=27
          cell areas       : b=3.990um^2, i=0.000um^2, icg=91.770um^2, nicg=0.000um^2, l=0.000um^2, total=95.760um^2
          cell capacitance : b=4.998fF, i=0.000fF, icg=41.681fF, nicg=0.000fF, l=0.000fF, total=46.678fF
          sink capacitance : count=255, total=249.034fF, avg=0.977fF, sd=0.000fF, min=0.977fF, max=0.977fF
          wire capacitance : top=0.000fF, trunk=42.852fF, leaf=72.735fF, total=115.587fF
          wire lengths     : top=0.000um, trunk=444.284um, leaf=661.575um, total=1105.860um
          hp wire lengths  : top=0.000um, trunk=264.480um, leaf=449.015um, total=713.495um
        Clock DAG net violations after Approximately balancing, wire and cell delays, iteration 1: none
        Clock DAG primary half-corner transition distribution after Approximately balancing, wire and cell delays, iteration 1:
          Trunk : target=0.080ns count=4 avg=0.023ns sd=0.014ns min=0.002ns max=0.031ns {4 <= 0.048ns, 0 <= 0.064ns, 0 <= 0.072ns, 0 <= 0.076ns, 0 <= 0.080ns}
          Leaf  : target=0.080ns count=24 avg=0.032ns sd=0.005ns min=0.011ns max=0.036ns {24 <= 0.048ns, 0 <= 0.064ns, 0 <= 0.072ns, 0 <= 0.076ns, 0 <= 0.080ns}
        Clock DAG library cell distribution after Approximately balancing, wire and cell delays, iteration 1 {count}:
           Bufs: CLKBUF_X2: 3 CLKBUF_X1: 1 
           ICGs: CLKGATETST_X1: 23 
      Approximately balancing, wire and cell delays, iteration 1 done.
      Approximately balancing, wire and cell delays done. (took cpu=0:00:00.0 real=0:00:00.0)
    Approximately balancing done.
    Clock DAG stats after 'Approximately balancing step':
      cell counts      : b=4, i=0, icg=23, nicg=0, l=0, total=27
      cell areas       : b=3.990um^2, i=0.000um^2, icg=91.770um^2, nicg=0.000um^2, l=0.000um^2, total=95.760um^2
      cell capacitance : b=4.998fF, i=0.000fF, icg=41.681fF, nicg=0.000fF, l=0.000fF, total=46.678fF
      sink capacitance : count=255, total=249.034fF, avg=0.977fF, sd=0.000fF, min=0.977fF, max=0.977fF
      wire capacitance : top=0.000fF, trunk=42.852fF, leaf=72.735fF, total=115.587fF
      wire lengths     : top=0.000um, trunk=444.284um, leaf=661.575um, total=1105.860um
      hp wire lengths  : top=0.000um, trunk=264.480um, leaf=449.015um, total=713.495um
    Clock DAG net violations after 'Approximately balancing step': none
    Clock DAG primary half-corner transition distribution after 'Approximately balancing step':
      Trunk : target=0.080ns count=4 avg=0.023ns sd=0.014ns min=0.002ns max=0.031ns {4 <= 0.048ns, 0 <= 0.064ns, 0 <= 0.072ns, 0 <= 0.076ns, 0 <= 0.080ns}
      Leaf  : target=0.080ns count=24 avg=0.032ns sd=0.005ns min=0.011ns max=0.036ns {24 <= 0.048ns, 0 <= 0.064ns, 0 <= 0.072ns, 0 <= 0.076ns, 0 <= 0.080ns}
    Clock DAG library cell distribution after 'Approximately balancing step' {count}:
       Bufs: CLKBUF_X2: 3 CLKBUF_X1: 1 
       ICGs: CLKGATETST_X1: 23 
    Primary reporting skew groups after 'Approximately balancing step':
      skew_group MY_CLK: insertion delay [min=0.092, max=0.119], skew [0.027 vs 0.500]
    Skew group summary after 'Approximately balancing step':
      skew_group MY_CLK: insertion delay [min=0.092, max=0.119], skew [0.027 vs 0.500]
    Legalizer API calls during this step: 0 succeeded with high effort: 0 succeeded with medium effort: 0 succeeded with low effort: 0 succeeded with basic effort: 0 succeeded with basic unbounded effort: 0
  Approximately balancing step done. (took cpu=0:00:00.1 real=0:00:00.1)
  Fixing clock tree overload...
    Fixing clock tree overload: ...20% ...40% ...60% ...80% ...100% 
    Clock DAG stats after 'Fixing clock tree overload':
      cell counts      : b=4, i=0, icg=23, nicg=0, l=0, total=27
      cell areas       : b=3.990um^2, i=0.000um^2, icg=91.770um^2, nicg=0.000um^2, l=0.000um^2, total=95.760um^2
      cell capacitance : b=4.998fF, i=0.000fF, icg=41.681fF, nicg=0.000fF, l=0.000fF, total=46.678fF
      sink capacitance : count=255, total=249.034fF, avg=0.977fF, sd=0.000fF, min=0.977fF, max=0.977fF
      wire capacitance : top=0.000fF, trunk=42.852fF, leaf=72.735fF, total=115.587fF
      wire lengths     : top=0.000um, trunk=444.284um, leaf=661.575um, total=1105.860um
      hp wire lengths  : top=0.000um, trunk=264.480um, leaf=449.015um, total=713.495um
    Clock DAG net violations after 'Fixing clock tree overload': none
    Clock DAG primary half-corner transition distribution after 'Fixing clock tree overload':
      Trunk : target=0.080ns count=4 avg=0.023ns sd=0.014ns min=0.002ns max=0.031ns {4 <= 0.048ns, 0 <= 0.064ns, 0 <= 0.072ns, 0 <= 0.076ns, 0 <= 0.080ns}
      Leaf  : target=0.080ns count=24 avg=0.032ns sd=0.005ns min=0.011ns max=0.036ns {24 <= 0.048ns, 0 <= 0.064ns, 0 <= 0.072ns, 0 <= 0.076ns, 0 <= 0.080ns}
    Clock DAG library cell distribution after 'Fixing clock tree overload' {count}:
       Bufs: CLKBUF_X2: 3 CLKBUF_X1: 1 
       ICGs: CLKGATETST_X1: 23 
    Primary reporting skew groups after 'Fixing clock tree overload':
      skew_group MY_CLK: insertion delay [min=0.092, max=0.119], skew [0.027 vs 0.500]
    Skew group summary after 'Fixing clock tree overload':
      skew_group MY_CLK: insertion delay [min=0.092, max=0.119], skew [0.027 vs 0.500]
    Legalizer API calls during this step: 0 succeeded with high effort: 0 succeeded with medium effort: 0 succeeded with low effort: 0 succeeded with basic effort: 0 succeeded with basic unbounded effort: 0
  Fixing clock tree overload done. (took cpu=0:00:00.0 real=0:00:00.0)
  Approximately balancing paths...
    Added 0 buffers.
    Clock DAG stats after 'Approximately balancing paths':
      cell counts      : b=4, i=0, icg=23, nicg=0, l=0, total=27
      cell areas       : b=3.990um^2, i=0.000um^2, icg=91.770um^2, nicg=0.000um^2, l=0.000um^2, total=95.760um^2
      cell capacitance : b=4.998fF, i=0.000fF, icg=41.681fF, nicg=0.000fF, l=0.000fF, total=46.678fF
      sink capacitance : count=255, total=249.034fF, avg=0.977fF, sd=0.000fF, min=0.977fF, max=0.977fF
      wire capacitance : top=0.000fF, trunk=42.852fF, leaf=72.735fF, total=115.587fF
      wire lengths     : top=0.000um, trunk=444.284um, leaf=661.575um, total=1105.860um
      hp wire lengths  : top=0.000um, trunk=264.480um, leaf=449.015um, total=713.495um
    Clock DAG net violations after 'Approximately balancing paths': none
    Clock DAG primary half-corner transition distribution after 'Approximately balancing paths':
      Trunk : target=0.080ns count=4 avg=0.023ns sd=0.014ns min=0.002ns max=0.031ns {4 <= 0.048ns, 0 <= 0.064ns, 0 <= 0.072ns, 0 <= 0.076ns, 0 <= 0.080ns}
      Leaf  : target=0.080ns count=24 avg=0.032ns sd=0.005ns min=0.011ns max=0.036ns {24 <= 0.048ns, 0 <= 0.064ns, 0 <= 0.072ns, 0 <= 0.076ns, 0 <= 0.080ns}
    Clock DAG library cell distribution after 'Approximately balancing paths' {count}:
       Bufs: CLKBUF_X2: 3 CLKBUF_X1: 1 
       ICGs: CLKGATETST_X1: 23 
    Primary reporting skew groups after 'Approximately balancing paths':
      skew_group MY_CLK: insertion delay [min=0.092, max=0.119, avg=0.114, sd=0.003], skew [0.027 vs 0.500], 100% {0.092, 0.119} (wid=0.004 ws=0.003) (gid=0.116 gs=0.025)
    Skew group summary after 'Approximately balancing paths':
      skew_group MY_CLK: insertion delay [min=0.092, max=0.119, avg=0.114, sd=0.003], skew [0.027 vs 0.500], 100% {0.092, 0.119} (wid=0.004 ws=0.003) (gid=0.116 gs=0.025)
    Legalizer API calls during this step: 0 succeeded with high effort: 0 succeeded with medium effort: 0 succeeded with low effort: 0 succeeded with basic effort: 0 succeeded with basic unbounded effort: 0
  Approximately balancing paths done. (took cpu=0:00:00.0 real=0:00:00.0)
  Stage::Balancing done. (took cpu=0:00:00.6 real=0:00:00.6)
  Stage::Polishing...
  Merging balancing drivers for power...
    Tried: 29 Succeeded: 0
    Clock tree timing engine global stage delay update for my_delay:both.late...
    Clock tree timing engine global stage delay update for my_delay:both.late done. (took cpu=0:00:00.1 real=0:00:00.1)
    Clock DAG stats after 'Merging balancing drivers for power':
      cell counts      : b=4, i=0, icg=23, nicg=0, l=0, total=27
      cell areas       : b=3.990um^2, i=0.000um^2, icg=91.770um^2, nicg=0.000um^2, l=0.000um^2, total=95.760um^2
      cell capacitance : b=4.998fF, i=0.000fF, icg=41.681fF, nicg=0.000fF, l=0.000fF, total=46.678fF
      sink capacitance : count=255, total=249.034fF, avg=0.977fF, sd=0.000fF, min=0.977fF, max=0.977fF
      wire capacitance : top=0.000fF, trunk=42.852fF, leaf=72.735fF, total=115.587fF
      wire lengths     : top=0.000um, trunk=444.284um, leaf=661.575um, total=1105.860um
      hp wire lengths  : top=0.000um, trunk=264.480um, leaf=449.015um, total=713.495um
    Clock DAG net violations after 'Merging balancing drivers for power': none
    Clock DAG primary half-corner transition distribution after 'Merging balancing drivers for power':
      Trunk : target=0.080ns count=4 avg=0.023ns sd=0.014ns min=0.002ns max=0.031ns {4 <= 0.048ns, 0 <= 0.064ns, 0 <= 0.072ns, 0 <= 0.076ns, 0 <= 0.080ns}
      Leaf  : target=0.080ns count=24 avg=0.032ns sd=0.005ns min=0.011ns max=0.036ns {24 <= 0.048ns, 0 <= 0.064ns, 0 <= 0.072ns, 0 <= 0.076ns, 0 <= 0.080ns}
    Clock DAG library cell distribution after 'Merging balancing drivers for power' {count}:
       Bufs: CLKBUF_X2: 3 CLKBUF_X1: 1 
       ICGs: CLKGATETST_X1: 23 
    Primary reporting skew groups after 'Merging balancing drivers for power':
      skew_group MY_CLK: insertion delay [min=0.092, max=0.119], skew [0.027 vs 0.500]
    Skew group summary after 'Merging balancing drivers for power':
      skew_group MY_CLK: insertion delay [min=0.092, max=0.119], skew [0.027 vs 0.500]
    Legalizer API calls during this step: 0 succeeded with high effort: 0 succeeded with medium effort: 0 succeeded with low effort: 0 succeeded with basic effort: 0 succeeded with basic unbounded effort: 0
  Merging balancing drivers for power done. (took cpu=0:00:00.1 real=0:00:00.1)
  Improving clock skew...
    Clock DAG stats after 'Improving clock skew':
      cell counts      : b=4, i=0, icg=23, nicg=0, l=0, total=27
      cell areas       : b=3.990um^2, i=0.000um^2, icg=91.770um^2, nicg=0.000um^2, l=0.000um^2, total=95.760um^2
      cell capacitance : b=4.998fF, i=0.000fF, icg=41.681fF, nicg=0.000fF, l=0.000fF, total=46.678fF
      sink capacitance : count=255, total=249.034fF, avg=0.977fF, sd=0.000fF, min=0.977fF, max=0.977fF
      wire capacitance : top=0.000fF, trunk=42.852fF, leaf=72.735fF, total=115.587fF
      wire lengths     : top=0.000um, trunk=444.284um, leaf=661.575um, total=1105.860um
      hp wire lengths  : top=0.000um, trunk=264.480um, leaf=449.015um, total=713.495um
    Clock DAG net violations after 'Improving clock skew': none
    Clock DAG primary half-corner transition distribution after 'Improving clock skew':
      Trunk : target=0.080ns count=4 avg=0.023ns sd=0.014ns min=0.002ns max=0.031ns {4 <= 0.048ns, 0 <= 0.064ns, 0 <= 0.072ns, 0 <= 0.076ns, 0 <= 0.080ns}
      Leaf  : target=0.080ns count=24 avg=0.032ns sd=0.005ns min=0.011ns max=0.036ns {24 <= 0.048ns, 0 <= 0.064ns, 0 <= 0.072ns, 0 <= 0.076ns, 0 <= 0.080ns}
    Clock DAG library cell distribution after 'Improving clock skew' {count}:
       Bufs: CLKBUF_X2: 3 CLKBUF_X1: 1 
       ICGs: CLKGATETST_X1: 23 
    Primary reporting skew groups after 'Improving clock skew':
      skew_group MY_CLK: insertion delay [min=0.092, max=0.119, avg=0.114, sd=0.003], skew [0.027 vs 0.500], 100% {0.092, 0.119} (wid=0.004 ws=0.003) (gid=0.116 gs=0.025)
    Skew group summary after 'Improving clock skew':
      skew_group MY_CLK: insertion delay [min=0.092, max=0.119, avg=0.114, sd=0.003], skew [0.027 vs 0.500], 100% {0.092, 0.119} (wid=0.004 ws=0.003) (gid=0.116 gs=0.025)
    Legalizer API calls during this step: 0 succeeded with high effort: 0 succeeded with medium effort: 0 succeeded with low effort: 0 succeeded with basic effort: 0 succeeded with basic unbounded effort: 0
  Improving clock skew done. (took cpu=0:00:00.0 real=0:00:00.0)
  Moving gates to reduce wire capacitance...
    Modified slew target multipliers. Leaf=(1 to 0.9) Trunk=(1 to 0.95) Top=(1 to 0.95)
    Iteration 1...
      Artificially removing short and long paths...
        Legalizer API calls during this step: 0 succeeded with high effort: 0 succeeded with medium effort: 0 succeeded with low effort: 0 succeeded with basic effort: 0 succeeded with basic unbounded effort: 0
      Artificially removing short and long paths done. (took cpu=0:00:00.0 real=0:00:00.0)
      Moving gates to reduce wire capacitance - iteration 1: WireCapReduction...
        Legalizing clock trees...
        Legalizing clock trees done. (took cpu=0:00:00.0 real=0:00:00.0)
        Legalizer API calls during this step: 193 succeeded with high effort: 193 succeeded with medium effort: 0 succeeded with low effort: 0 succeeded with basic effort: 0 succeeded with basic unbounded effort: 0
      Moving gates to reduce wire capacitance - iteration 1: WireCapReduction done. (took cpu=0:00:00.3 real=0:00:00.3)
      Moving gates to reduce wire capacitance - iteration 1: MoveGates...
        Moving gates: ...20% ...40% ...60% ...80% ...Legalizing clock trees...
        Legalizing clock trees done. (took cpu=0:00:00.0 real=0:00:00.0)
        100% 
        Legalizer API calls during this step: 354 succeeded with high effort: 354 succeeded with medium effort: 0 succeeded with low effort: 0 succeeded with basic effort: 0 succeeded with basic unbounded effort: 0
      Moving gates to reduce wire capacitance - iteration 1: MoveGates done. (took cpu=0:00:01.2 real=0:00:01.2)
    Iteration 1 done.
    Iteration 2...
      Artificially removing short and long paths...
        Legalizer API calls during this step: 0 succeeded with high effort: 0 succeeded with medium effort: 0 succeeded with low effort: 0 succeeded with basic effort: 0 succeeded with basic unbounded effort: 0
      Artificially removing short and long paths done. (took cpu=0:00:00.0 real=0:00:00.0)
      Moving gates to reduce wire capacitance - iteration 2: WireCapReduction...
        Legalizing clock trees...
        Legalizing clock trees done. (took cpu=0:00:00.0 real=0:00:00.0)
        Legalizer API calls during this step: 152 succeeded with high effort: 152 succeeded with medium effort: 0 succeeded with low effort: 0 succeeded with basic effort: 0 succeeded with basic unbounded effort: 0
      Moving gates to reduce wire capacitance - iteration 2: WireCapReduction done. (took cpu=0:00:00.3 real=0:00:00.3)
      Moving gates to reduce wire capacitance - iteration 2: MoveGates...
        Moving gates: ...20% ...40% ...60% ...80% ...Legalizing clock trees...
        Legalizing clock trees done. (took cpu=0:00:00.0 real=0:00:00.0)
        100% 
        Legalizer API calls during this step: 359 succeeded with high effort: 359 succeeded with medium effort: 0 succeeded with low effort: 0 succeeded with basic effort: 0 succeeded with basic unbounded effort: 0
      Moving gates to reduce wire capacitance - iteration 2: MoveGates done. (took cpu=0:00:00.7 real=0:00:00.7)
    Iteration 2 done.
    Reverted slew target multipliers. Leaf=(0.9 to 1) Trunk=(0.95 to 1) Top=(0.95 to 1)
    Clock DAG stats after 'Moving gates to reduce wire capacitance':
      cell counts      : b=4, i=0, icg=23, nicg=0, l=0, total=27
      cell areas       : b=3.990um^2, i=0.000um^2, icg=91.770um^2, nicg=0.000um^2, l=0.000um^2, total=95.760um^2
      cell capacitance : b=4.998fF, i=0.000fF, icg=41.681fF, nicg=0.000fF, l=0.000fF, total=46.678fF
      sink capacitance : count=255, total=249.034fF, avg=0.977fF, sd=0.000fF, min=0.977fF, max=0.977fF
      wire capacitance : top=0.000fF, trunk=36.986fF, leaf=70.364fF, total=107.349fF
      wire lengths     : top=0.000um, trunk=383.895um, leaf=638.003um, total=1021.898um
      hp wire lengths  : top=0.000um, trunk=241.740um, leaf=487.920um, total=729.660um
    Clock DAG net violations after 'Moving gates to reduce wire capacitance': none
    Clock DAG primary half-corner transition distribution after 'Moving gates to reduce wire capacitance':
      Trunk : target=0.080ns count=4 avg=0.022ns sd=0.013ns min=0.002ns max=0.029ns {4 <= 0.048ns, 0 <= 0.064ns, 0 <= 0.072ns, 0 <= 0.076ns, 0 <= 0.080ns}
      Leaf  : target=0.080ns count=24 avg=0.031ns sd=0.004ns min=0.011ns max=0.036ns {24 <= 0.048ns, 0 <= 0.064ns, 0 <= 0.072ns, 0 <= 0.076ns, 0 <= 0.080ns}
    Clock DAG library cell distribution after 'Moving gates to reduce wire capacitance' {count}:
       Bufs: CLKBUF_X2: 3 CLKBUF_X1: 1 
       ICGs: CLKGATETST_X1: 23 
    Primary reporting skew groups after 'Moving gates to reduce wire capacitance':
      skew_group MY_CLK: insertion delay [min=0.088, max=0.118, avg=0.112, sd=0.004], skew [0.031 vs 0.500], 100% {0.088, 0.118} (wid=0.003 ws=0.003) (gid=0.115 gs=0.028)
    Skew group summary after 'Moving gates to reduce wire capacitance':
      skew_group MY_CLK: insertion delay [min=0.088, max=0.118, avg=0.112, sd=0.004], skew [0.031 vs 0.500], 100% {0.088, 0.118} (wid=0.003 ws=0.003) (gid=0.115 gs=0.028)
    Legalizer API calls during this step: 1058 succeeded with high effort: 1058 succeeded with medium effort: 0 succeeded with low effort: 0 succeeded with basic effort: 0 succeeded with basic unbounded effort: 0
  Moving gates to reduce wire capacitance done. (took cpu=0:00:02.5 real=0:00:02.5)
  Reducing clock tree power 3...
    Artificially removing short and long paths...
      Legalizer API calls during this step: 0 succeeded with high effort: 0 succeeded with medium effort: 0 succeeded with low effort: 0 succeeded with basic effort: 0 succeeded with basic unbounded effort: 0
    Artificially removing short and long paths done. (took cpu=0:00:00.0 real=0:00:00.0)
    Initial gate capacitance is (rise=295.712fF fall=267.346fF).
    Resizing gates: ...20% ...40% ...60% ...80% ...Legalizing clock trees...
    Legalizing clock trees done. (took cpu=0:00:00.0 real=0:00:00.0)
    100% 
    Clock DAG stats after 'Reducing clock tree power 3':
      cell counts      : b=4, i=0, icg=23, nicg=0, l=0, total=27
      cell areas       : b=3.990um^2, i=0.000um^2, icg=91.770um^2, nicg=0.000um^2, l=0.000um^2, total=95.760um^2
      cell capacitance : b=4.998fF, i=0.000fF, icg=41.681fF, nicg=0.000fF, l=0.000fF, total=46.678fF
      sink capacitance : count=255, total=249.034fF, avg=0.977fF, sd=0.000fF, min=0.977fF, max=0.977fF
      wire capacitance : top=0.000fF, trunk=36.986fF, leaf=70.364fF, total=107.349fF
      wire lengths     : top=0.000um, trunk=383.895um, leaf=638.003um, total=1021.898um
      hp wire lengths  : top=0.000um, trunk=241.740um, leaf=487.920um, total=729.660um
    Clock DAG net violations after 'Reducing clock tree power 3': none
    Clock DAG primary half-corner transition distribution after 'Reducing clock tree power 3':
      Trunk : target=0.080ns count=4 avg=0.022ns sd=0.013ns min=0.002ns max=0.029ns {4 <= 0.048ns, 0 <= 0.064ns, 0 <= 0.072ns, 0 <= 0.076ns, 0 <= 0.080ns}
      Leaf  : target=0.080ns count=24 avg=0.031ns sd=0.004ns min=0.011ns max=0.036ns {24 <= 0.048ns, 0 <= 0.064ns, 0 <= 0.072ns, 0 <= 0.076ns, 0 <= 0.080ns}
    Clock DAG library cell distribution after 'Reducing clock tree power 3' {count}:
       Bufs: CLKBUF_X2: 3 CLKBUF_X1: 1 
       ICGs: CLKGATETST_X1: 23 
    Primary reporting skew groups after 'Reducing clock tree power 3':
      skew_group MY_CLK: insertion delay [min=0.088, max=0.118, avg=0.112, sd=0.004], skew [0.031 vs 0.500], 100% {0.088, 0.118} (wid=0.003 ws=0.003) (gid=0.115 gs=0.028)
    Skew group summary after 'Reducing clock tree power 3':
      skew_group MY_CLK: insertion delay [min=0.088, max=0.118, avg=0.112, sd=0.004], skew [0.031 vs 0.500], 100% {0.088, 0.118} (wid=0.003 ws=0.003) (gid=0.115 gs=0.028)
    Legalizer API calls during this step: 54 succeeded with high effort: 54 succeeded with medium effort: 0 succeeded with low effort: 0 succeeded with basic effort: 0 succeeded with basic unbounded effort: 0
  Reducing clock tree power 3 done. (took cpu=0:00:00.2 real=0:00:00.2)
  Improving insertion delay...
    Clock DAG stats after 'Improving insertion delay':
      cell counts      : b=4, i=0, icg=23, nicg=0, l=0, total=27
      cell areas       : b=3.990um^2, i=0.000um^2, icg=91.770um^2, nicg=0.000um^2, l=0.000um^2, total=95.760um^2
      cell capacitance : b=4.998fF, i=0.000fF, icg=41.681fF, nicg=0.000fF, l=0.000fF, total=46.678fF
      sink capacitance : count=255, total=249.034fF, avg=0.977fF, sd=0.000fF, min=0.977fF, max=0.977fF
      wire capacitance : top=0.000fF, trunk=36.986fF, leaf=70.364fF, total=107.349fF
      wire lengths     : top=0.000um, trunk=383.895um, leaf=638.003um, total=1021.898um
      hp wire lengths  : top=0.000um, trunk=241.740um, leaf=487.920um, total=729.660um
    Clock DAG net violations after 'Improving insertion delay': none
    Clock DAG primary half-corner transition distribution after 'Improving insertion delay':
      Trunk : target=0.080ns count=4 avg=0.022ns sd=0.013ns min=0.002ns max=0.029ns {4 <= 0.048ns, 0 <= 0.064ns, 0 <= 0.072ns, 0 <= 0.076ns, 0 <= 0.080ns}
      Leaf  : target=0.080ns count=24 avg=0.031ns sd=0.004ns min=0.011ns max=0.036ns {24 <= 0.048ns, 0 <= 0.064ns, 0 <= 0.072ns, 0 <= 0.076ns, 0 <= 0.080ns}
    Clock DAG library cell distribution after 'Improving insertion delay' {count}:
       Bufs: CLKBUF_X2: 3 CLKBUF_X1: 1 
       ICGs: CLKGATETST_X1: 23 
    Primary reporting skew groups after 'Improving insertion delay':
      skew_group MY_CLK: insertion delay [min=0.088, max=0.118, avg=0.112, sd=0.004], skew [0.031 vs 0.500], 100% {0.088, 0.118} (wid=0.003 ws=0.003) (gid=0.115 gs=0.028)
    Skew group summary after 'Improving insertion delay':
      skew_group MY_CLK: insertion delay [min=0.088, max=0.118, avg=0.112, sd=0.004], skew [0.031 vs 0.500], 100% {0.088, 0.118} (wid=0.003 ws=0.003) (gid=0.115 gs=0.028)
    Legalizer API calls during this step: 0 succeeded with high effort: 0 succeeded with medium effort: 0 succeeded with low effort: 0 succeeded with basic effort: 0 succeeded with basic unbounded effort: 0
  Improving insertion delay done. (took cpu=0:00:00.0 real=0:00:00.0)
  Wire Opt OverFix...
    Wire Reduction extra effort...
      Modified slew target multipliers. Leaf=(1 to 0.95) Trunk=(1 to 1) Top=(1 to 1)
      Artificially removing short and long paths...
        Legalizer API calls during this step: 0 succeeded with high effort: 0 succeeded with medium effort: 0 succeeded with low effort: 0 succeeded with basic effort: 0 succeeded with basic unbounded effort: 0
      Artificially removing short and long paths done. (took cpu=0:00:00.0 real=0:00:00.0)
      Global shorten wires A0...
        Legalizer API calls during this step: 15 succeeded with high effort: 15 succeeded with medium effort: 0 succeeded with low effort: 0 succeeded with basic effort: 0 succeeded with basic unbounded effort: 0
      Global shorten wires A0 done. (took cpu=0:00:00.0 real=0:00:00.0)
      Move For Wirelength - core...
        Move for wirelength. considered=28, filtered=28, permitted=27, cannotCompute=3, computed=24, moveTooSmall=45, resolved=0, predictFail=3, currentlyIllegal=0, legalizationFail=0, legalizedMoveTooSmall=14, ignoredLeafDriver=0, worse=55, accepted=7
        Max accepted move=8.550um, total accepted move=32.830um, average move=4.690um
        Move for wirelength. considered=28, filtered=28, permitted=27, cannotCompute=3, computed=24, moveTooSmall=48, resolved=0, predictFail=3, currentlyIllegal=0, legalizationFail=0, legalizedMoveTooSmall=12, ignoredLeafDriver=0, worse=70, accepted=1
        Max accepted move=1.710um, total accepted move=1.710um, average move=1.710um
        Move for wirelength. considered=28, filtered=28, permitted=27, cannotCompute=3, computed=24, moveTooSmall=48, resolved=0, predictFail=3, currentlyIllegal=0, legalizationFail=0, legalizedMoveTooSmall=13, ignoredLeafDriver=0, worse=69, accepted=0
        Max accepted move=0.000um, total accepted move=0.000um
        Legalizer API calls during this step: 250 succeeded with high effort: 250 succeeded with medium effort: 0 succeeded with low effort: 0 succeeded with basic effort: 0 succeeded with basic unbounded effort: 0
      Move For Wirelength - core done. (took cpu=0:00:00.6 real=0:00:00.6)
      Global shorten wires A1...
        Legalizer API calls during this step: 15 succeeded with high effort: 15 succeeded with medium effort: 0 succeeded with low effort: 0 succeeded with basic effort: 0 succeeded with basic unbounded effort: 0
      Global shorten wires A1 done. (took cpu=0:00:00.0 real=0:00:00.0)
      Move For Wirelength - core...
        Move for wirelength. considered=28, filtered=28, permitted=27, cannotCompute=27, computed=0, moveTooSmall=33, resolved=0, predictFail=0, currentlyIllegal=0, legalizationFail=0, legalizedMoveTooSmall=0, ignoredLeafDriver=0, worse=0, accepted=0
        Max accepted move=0.000um, total accepted move=0.000um
        Legalizer API calls during this step: 0 succeeded with high effort: 0 succeeded with medium effort: 0 succeeded with low effort: 0 succeeded with basic effort: 0 succeeded with basic unbounded effort: 0
      Move For Wirelength - core done. (took cpu=0:00:00.0 real=0:00:00.0)
      Global shorten wires B...
        Legalizer API calls during this step: 130 succeeded with high effort: 130 succeeded with medium effort: 0 succeeded with low effort: 0 succeeded with basic effort: 0 succeeded with basic unbounded effort: 0
      Global shorten wires B done. (took cpu=0:00:00.1 real=0:00:00.1)
      Move For Wirelength - branch...
        Move for wirelength. considered=28, filtered=28, permitted=27, cannotCompute=0, computed=27, moveTooSmall=0, resolved=0, predictFail=0, currentlyIllegal=0, legalizationFail=1, legalizedMoveTooSmall=0, ignoredLeafDriver=0, worse=27, accepted=0
        Max accepted move=0.000um, total accepted move=0.000um
        Legalizer API calls during this step: 28 succeeded with high effort: 28 succeeded with medium effort: 0 succeeded with low effort: 0 succeeded with basic effort: 0 succeeded with basic unbounded effort: 0
      Move For Wirelength - branch done. (took cpu=0:00:00.0 real=0:00:00.0)
      Reverted slew target multipliers. Leaf=(0.95 to 1) Trunk=(1 to 1) Top=(1 to 1)
      Clock DAG stats after 'Wire Reduction extra effort':
        cell counts      : b=4, i=0, icg=23, nicg=0, l=0, total=27
        cell areas       : b=3.990um^2, i=0.000um^2, icg=91.770um^2, nicg=0.000um^2, l=0.000um^2, total=95.760um^2
        cell capacitance : b=4.998fF, i=0.000fF, icg=41.681fF, nicg=0.000fF, l=0.000fF, total=46.678fF
        sink capacitance : count=255, total=249.034fF, avg=0.977fF, sd=0.000fF, min=0.977fF, max=0.977fF
        wire capacitance : top=0.000fF, trunk=35.492fF, leaf=71.154fF, total=106.646fF
        wire lengths     : top=0.000um, trunk=368.310um, leaf=645.602um, total=1013.912um
        hp wire lengths  : top=0.000um, trunk=225.640um, leaf=495.890um, total=721.530um
      Clock DAG net violations after 'Wire Reduction extra effort': none
      Clock DAG primary half-corner transition distribution after 'Wire Reduction extra effort':
        Trunk : target=0.080ns count=4 avg=0.021ns sd=0.013ns min=0.002ns max=0.029ns {4 <= 0.048ns, 0 <= 0.064ns, 0 <= 0.072ns, 0 <= 0.076ns, 0 <= 0.080ns}
        Leaf  : target=0.080ns count=24 avg=0.031ns sd=0.004ns min=0.012ns max=0.036ns {24 <= 0.048ns, 0 <= 0.064ns, 0 <= 0.072ns, 0 <= 0.076ns, 0 <= 0.080ns}
      Clock DAG library cell distribution after 'Wire Reduction extra effort' {count}:
         Bufs: CLKBUF_X2: 3 CLKBUF_X1: 1 
         ICGs: CLKGATETST_X1: 23 
      Primary reporting skew groups after 'Wire Reduction extra effort':
        skew_group MY_CLK: insertion delay [min=0.086, max=0.117, avg=0.111, sd=0.004], skew [0.031 vs 0.500], 100% {0.086, 0.117} (wid=0.004 ws=0.003) (gid=0.114 gs=0.028)
      Skew group summary after 'Wire Reduction extra effort':
        skew_group MY_CLK: insertion delay [min=0.086, max=0.117, avg=0.111, sd=0.004], skew [0.031 vs 0.500], 100% {0.086, 0.117} (wid=0.004 ws=0.003) (gid=0.114 gs=0.028)
      Legalizer API calls during this step: 438 succeeded with high effort: 438 succeeded with medium effort: 0 succeeded with low effort: 0 succeeded with basic effort: 0 succeeded with basic unbounded effort: 0
    Wire Reduction extra effort done. (took cpu=0:00:00.8 real=0:00:00.8)
    Optimizing orientation...
    FlipOpt...
    Disconnecting clock tree from netlist...
    Disconnecting clock tree from netlist done.
    Performing Single Threaded FlipOpt
    Optimizing orientation on clock cells...
      Orientation Wirelength Optimization: Attempted = 29 , Succeeded = 2 , Constraints Broken = 25 , CannotMove = 2 , Illegal = 0 , Other = 0
    Optimizing orientation on clock cells done.
    Resynthesising clock tree into netlist...
      Reset timing graph...
Ignoring AAE DB Resetting ...
      Reset timing graph done.
    Resynthesising clock tree into netlist done.
    FlipOpt done. (took cpu=0:00:00.1 real=0:00:00.1)
    Optimizing orientation done. (took cpu=0:00:00.1 real=0:00:00.1)
    Clock DAG stats after 'Wire Opt OverFix':
      cell counts      : b=4, i=0, icg=23, nicg=0, l=0, total=27
      cell areas       : b=3.990um^2, i=0.000um^2, icg=91.770um^2, nicg=0.000um^2, l=0.000um^2, total=95.760um^2
      cell capacitance : b=4.998fF, i=0.000fF, icg=41.681fF, nicg=0.000fF, l=0.000fF, total=46.678fF
      sink capacitance : count=255, total=249.034fF, avg=0.977fF, sd=0.000fF, min=0.977fF, max=0.977fF
      wire capacitance : top=0.000fF, trunk=35.541fF, leaf=70.950fF, total=106.491fF
      wire lengths     : top=0.000um, trunk=368.970um, leaf=643.112um, total=1012.082um
      hp wire lengths  : top=0.000um, trunk=225.640um, leaf=495.890um, total=721.530um
    Clock DAG net violations after 'Wire Opt OverFix': none
    Clock DAG primary half-corner transition distribution after 'Wire Opt OverFix':
      Trunk : target=0.080ns count=4 avg=0.021ns sd=0.013ns min=0.002ns max=0.029ns {4 <= 0.048ns, 0 <= 0.064ns, 0 <= 0.072ns, 0 <= 0.076ns, 0 <= 0.080ns}
      Leaf  : target=0.080ns count=24 avg=0.031ns sd=0.004ns min=0.012ns max=0.036ns {24 <= 0.048ns, 0 <= 0.064ns, 0 <= 0.072ns, 0 <= 0.076ns, 0 <= 0.080ns}
    Clock DAG library cell distribution after 'Wire Opt OverFix' {count}:
       Bufs: CLKBUF_X2: 3 CLKBUF_X1: 1 
       ICGs: CLKGATETST_X1: 23 
    Primary reporting skew groups after 'Wire Opt OverFix':
      skew_group MY_CLK: insertion delay [min=0.086, max=0.117, avg=0.111, sd=0.004], skew [0.031 vs 0.500], 100% {0.086, 0.117} (wid=0.004 ws=0.003) (gid=0.114 gs=0.028)
    Skew group summary after 'Wire Opt OverFix':
      skew_group MY_CLK: insertion delay [min=0.086, max=0.117, avg=0.111, sd=0.004], skew [0.031 vs 0.500], 100% {0.086, 0.117} (wid=0.004 ws=0.003) (gid=0.114 gs=0.028)
    Legalizer API calls during this step: 438 succeeded with high effort: 438 succeeded with medium effort: 0 succeeded with low effort: 0 succeeded with basic effort: 0 succeeded with basic unbounded effort: 0
  Wire Opt OverFix done. (took cpu=0:00:01.0 real=0:00:01.0)
  Total capacitance is (rise=402.203fF fall=373.837fF), of which (rise=106.491fF fall=106.491fF) is wire, and (rise=295.712fF fall=267.346fF) is gate.
  Stage::Polishing done. (took cpu=0:00:03.8 real=0:00:03.8)
  Stage::Updating netlist...
  Reset timing graph...
Ignoring AAE DB Resetting ...
  Reset timing graph done.
  Setting non-default rules before calling refine place.
  Leaving CCOpt scope - ClockRefiner...
  Performing Clock Only Refine Place.
*** Starting refinePlace (0:20:39 mem=1334.8M) ***
Total net bbox length = 2.840e+04 (1.236e+04 1.604e+04) (ext = 2.146e+03)
Move report: Detail placement moves 0 insts, mean move: 0.00 um, max move: 0.00 um
	Runtime: CPU: 0:00:00.0 REAL: 0:00:00.0 MEM: 1334.8MB
Summary Report:
Instances move: 0 (out of 3148 movable)
Instances flipped: 0
Mean displacement: 0.00 um
Max displacement: 0.00 um 
Total net bbox length = 2.840e+04 (1.236e+04 1.604e+04) (ext = 2.146e+03)
Runtime: CPU: 0:00:00.0 REAL: 0:00:00.0 MEM: 1334.8MB
*** Finished refinePlace (0:20:39 mem=1334.8M) ***
  ClockRefiner summary
  All clock instances: Moved 0, flipped 0 and cell swapped 0 (out of a total of 282).
  Leaving CCOpt scope - ClockRefiner done. (took cpu=0:00:00.1 real=0:00:00.1)
  Stage::Updating netlist done. (took cpu=0:00:00.1 real=0:00:00.1)
  CCOpt::Phase::Implementation done. (took cpu=0:00:06.0 real=0:00:06.0)
  CCOpt::Phase::eGRPC...
  eGR Post Conditioning loop iteration 0...
    Clock implementation routing...
      Leaving CCOpt scope - Routing Tools...
Net route status summary:
  Clock:        28 (unrouted=28, trialRouted=0, noStatus=0, routed=0, fixed=0, [crossesIlmBoundary=0, tooFewTerms=0, (crossesIlmBoundary AND tooFewTerms=0)])
  Non-clock:  3986 (unrouted=82, trialRouted=3904, noStatus=0, routed=0, fixed=0, [crossesIlmBoundary=0, tooFewTerms=80, (crossesIlmBoundary AND tooFewTerms=0)])
      Routing using eGR only...
        Early Global Route - eGR only step...
(ccopt eGR): There are 28 nets for routing of which 28 have one or more fixed wires.
(ccopt eGR): Start to route 28 all nets
[NR-eGR] Track table information for default rule: 
[NR-eGR] metal1 has no routable track
[NR-eGR] metal2 has single uniform track structure
[NR-eGR] metal3 has single uniform track structure
[NR-eGR] metal4 has single uniform track structure
[NR-eGR] metal5 has single uniform track structure
[NR-eGR] metal6 has single uniform track structure
[NR-eGR] metal7 has single uniform track structure
[NR-eGR] metal8 has single uniform track structure
[NR-eGR] metal9 has single uniform track structure
[NR-eGR] metal10 has single uniform track structure
[NR-eGR] Read 478 PG shapes
[NR-eGR] #Routing Blockages  : 0
[NR-eGR] #Instance Blockages : 0
[NR-eGR] #PG Blockages       : 478
[NR-eGR] #Halo Blockages     : 0
[NR-eGR] #Boundary Blockages : 0
[NR-eGR] Num Prerouted Nets = 0  Num Prerouted Wires = 0
[NR-eGR] Read numTotalNets=3934  numIgnoredNets=3906
[NR-eGR] Connected 0 must-join pins/ports
[NR-eGR] There are 28 clock nets ( 28 with NDR ).
[NR-eGR] ============ Routing rule table ============
[NR-eGR] Rule id: 0  Nets: 28 
[NR-eGR] Rule id: 1  Nets: 0 
[NR-eGR] ========================================
[NR-eGR] 
[NR-eGR] Layer group 1: route 28 net(s) in layer range [3, 4]
[NR-eGR] Early Global Route overflow of layer group 1: 0.00% H + 0.00% V. EstWL: 1.005200e+03um
[NR-eGR] Congestion Analysis By layer: (blocked Gcells are excluded) 
[NR-eGR]                        OverCon            
[NR-eGR]                         #Gcell     %Gcell
[NR-eGR]       Layer                (0)    OverCon 
[NR-eGR] ----------------------------------------------
[NR-eGR]  metal1  (1)         0( 0.00%)   ( 0.00%) 
[NR-eGR]  metal2  (2)         0( 0.00%)   ( 0.00%) 
[NR-eGR]  metal3  (3)         0( 0.00%)   ( 0.00%) 
[NR-eGR]  metal4  (4)         0( 0.00%)   ( 0.00%) 
[NR-eGR]  metal5  (5)         0( 0.00%)   ( 0.00%) 
[NR-eGR]  metal6  (6)         0( 0.00%)   ( 0.00%) 
[NR-eGR]  metal7  (7)         0( 0.00%)   ( 0.00%) 
[NR-eGR]  metal8  (8)         0( 0.00%)   ( 0.00%) 
[NR-eGR]  metal9  (9)         0( 0.00%)   ( 0.00%) 
[NR-eGR] metal10 (10)         0( 0.00%)   ( 0.00%) 
[NR-eGR] ----------------------------------------------
[NR-eGR] Total                0( 0.00%)   ( 0.00%) 
[NR-eGR] 
[NR-eGR] Overflow after Early Global Route (GR compatible) 0.00% H + 0.00% V
[NR-eGR] Overflow after Early Global Route 0.00% H + 0.00% V
[NR-eGR] Started Export DB wires ( Curr Mem: 1334.82 MB )
[NR-eGR] Started Export all nets ( Curr Mem: 1334.82 MB )
[NR-eGR] Finished Export all nets ( CPU: 0.00 sec, Real: 0.00 sec, Curr Mem: 1334.82 MB )
[NR-eGR] Started Set wire vias ( Curr Mem: 1334.82 MB )
[NR-eGR] Finished Set wire vias ( CPU: 0.00 sec, Real: 0.00 sec, Curr Mem: 1334.82 MB )
[NR-eGR] Finished Export DB wires ( CPU: 0.00 sec, Real: 0.00 sec, Curr Mem: 1334.82 MB )
[NR-eGR] --------------------------------------------------------------------------
[NR-eGR] metal1  (1F) length: 0.000000e+00um, number of vias: 12280
[NR-eGR] metal2  (2V) length: 9.455365e+03um, number of vias: 14924
[NR-eGR] metal3  (3H) length: 1.348742e+04um, number of vias: 5323
[NR-eGR] metal4  (4V) length: 7.878460e+03um, number of vias: 455
[NR-eGR] metal5  (5H) length: 7.992750e+02um, number of vias: 406
[NR-eGR] metal6  (6V) length: 1.777300e+03um, number of vias: 20
[NR-eGR] metal7  (7H) length: 8.355000e+00um, number of vias: 9
[NR-eGR] metal8  (8V) length: 5.338000e+01um, number of vias: 3
[NR-eGR] metal9  (9H) length: 6.025000e+00um, number of vias: 2
[NR-eGR] metal10 (10V) length: 1.760000e+00um, number of vias: 0
[NR-eGR] Total length: 3.346734e+04um, number of vias: 33422
[NR-eGR] --------------------------------------------------------------------------
[NR-eGR] Total eGR-routed clock nets wire length: 1.062905e+03um 
[NR-eGR] --------------------------------------------------------------------------
[NR-eGR] Report for selected net(s) only.
[NR-eGR] metal1  (1H) length: 0.000000e+00um, number of vias: 309
[NR-eGR] metal2  (2V) length: 2.949250e+02um, number of vias: 367
[NR-eGR] metal3  (3H) length: 4.474500e+02um, number of vias: 115
[NR-eGR] metal4  (4V) length: 3.205300e+02um, number of vias: 0
[NR-eGR] metal5  (5H) length: 0.000000e+00um, number of vias: 0
[NR-eGR] metal6  (6V) length: 0.000000e+00um, number of vias: 0
[NR-eGR] metal7  (7H) length: 0.000000e+00um, number of vias: 0
[NR-eGR] metal8  (8V) length: 0.000000e+00um, number of vias: 0
[NR-eGR] metal9  (9H) length: 0.000000e+00um, number of vias: 0
[NR-eGR] metal10 (10V) length: 0.000000e+00um, number of vias: 0
[NR-eGR] Total length: 1.062905e+03um, number of vias: 791
[NR-eGR] --------------------------------------------------------------------------
[NR-eGR] Total routed clock nets wire length: 1.062905e+03um, number of vias: 791
[NR-eGR] --------------------------------------------------------------------------
[NR-eGR] Finished Early Global Route kernel ( CPU: 0.13 sec, Real: 0.13 sec, Curr Mem: 1293.82 MB )
        Early Global Route - eGR only step done. (took cpu=0:00:00.2 real=0:00:00.2)
Set FIXED routing status on 28 net(s)
      Routing using eGR only done.
Net route status summary:
  Clock:        28 (unrouted=0, trialRouted=0, noStatus=0, routed=0, fixed=28, [crossesIlmBoundary=0, tooFewTerms=0, (crossesIlmBoundary AND tooFewTerms=0)])
  Non-clock:  3986 (unrouted=82, trialRouted=3904, noStatus=0, routed=0, fixed=0, [crossesIlmBoundary=0, tooFewTerms=80, (crossesIlmBoundary AND tooFewTerms=0)])

CCOPT: Done with clock implementation routing.

      Leaving CCOpt scope - Routing Tools done. (took cpu=0:00:00.2 real=0:00:00.2)
    Clock implementation routing done.
    Leaving CCOpt scope - extractRC...
    Updating RC parasitics by calling: "extractRC -noRouteCheck"...
Extraction called for design 'myfir' of instances=3148 and nets=4014 using extraction engine 'preRoute' .
PreRoute RC Extraction called for design myfir.
RC Extraction called in multi-corner(1) mode.
RCMode: PreRoute
      RC Corner Indexes            0   
Capacitance Scaling Factor   : 1.00000 
Resistance Scaling Factor    : 1.00000 
Clock Cap. Scaling Factor    : 1.00000 
Clock Res. Scaling Factor    : 1.00000 
Shrink Factor                : 1.00000
PreRoute extraction is honoring NDR/Shielding/ExtraSpace for clock nets.
Using capacitance table file ...
Updating RC grid for preRoute extraction ...
Initializing multi-corner capacitance tables ... 
Initializing multi-corner resistance tables ...
PreRoute RC Extraction DONE (CPU Time: 0:00:00.3  Real Time: 0:00:00.0  MEM: 1293.820M)
    Updating RC parasitics by calling: "extractRC -noRouteCheck" done.
    Leaving CCOpt scope - extractRC done. (took cpu=0:00:00.3 real=0:00:00.3)
    Calling post conditioning for eGRPC...
      eGRPC...
        eGRPC active optimizations:
         - Move Down
         - Downsizing before DRV sizing
         - DRV fixing with cell sizing
         - Move to fanout
         - Cloning
        
        Currently running CTS, using active skew data
        Reset bufferability constraints...
        Resetting previous bufferability status on all nets so that eGRPC will attempt to fix all clock tree violations.
        Clock tree timing engine global stage delay update for my_delay:both.late...
        Clock tree timing engine global stage delay update for my_delay:both.late done. (took cpu=0:00:00.1 real=0:00:00.1)
        Reset bufferability constraints done. (took cpu=0:00:00.1 real=0:00:00.1)
        Clock DAG stats eGRPC initial state:
          cell counts      : b=4, i=0, icg=23, nicg=0, l=0, total=27
          cell areas       : b=3.990um^2, i=0.000um^2, icg=91.770um^2, nicg=0.000um^2, l=0.000um^2, total=95.760um^2
          cell capacitance : b=4.998fF, i=0.000fF, icg=41.681fF, nicg=0.000fF, l=0.000fF, total=46.678fF
          sink capacitance : count=255, total=249.034fF, avg=0.977fF, sd=0.000fF, min=0.977fF, max=0.977fF
          wire capacitance : top=0.000fF, trunk=36.129fF, leaf=72.867fF, total=108.996fF
          wire lengths     : top=0.000um, trunk=374.890um, leaf=688.015um, total=1062.905um
          hp wire lengths  : top=0.000um, trunk=225.640um, leaf=495.890um, total=721.530um
        Clock DAG net violations eGRPC initial state: none
        Clock DAG primary half-corner transition distribution eGRPC initial state:
          Trunk : target=0.080ns count=4 avg=0.021ns sd=0.013ns min=0.002ns max=0.029ns {4 <= 0.048ns, 0 <= 0.064ns, 0 <= 0.072ns, 0 <= 0.076ns, 0 <= 0.080ns}
          Leaf  : target=0.080ns count=24 avg=0.032ns sd=0.004ns min=0.012ns max=0.036ns {24 <= 0.048ns, 0 <= 0.064ns, 0 <= 0.072ns, 0 <= 0.076ns, 0 <= 0.080ns}
        Clock DAG library cell distribution eGRPC initial state {count}:
           Bufs: CLKBUF_X2: 3 CLKBUF_X1: 1 
           ICGs: CLKGATETST_X1: 23 
        Primary reporting skew groups eGRPC initial state:
          skew_group MY_CLK: insertion delay [min=0.087, max=0.117, avg=0.111, sd=0.004], skew [0.031 vs 0.500], 100% {0.087, 0.117} (wid=0.003 ws=0.003) (gid=0.114 gs=0.028)
        Skew group summary eGRPC initial state:
          skew_group MY_CLK: insertion delay [min=0.087, max=0.117, avg=0.111, sd=0.004], skew [0.031 vs 0.500], 100% {0.087, 0.117} (wid=0.003 ws=0.003) (gid=0.114 gs=0.028)
        eGRPC Moving buffers...
          Violation analysis...
          Violation analysis done. (took cpu=0:00:00.0 real=0:00:00.0)
          Clock DAG stats after 'eGRPC Moving buffers':
            cell counts      : b=4, i=0, icg=23, nicg=0, l=0, total=27
            cell areas       : b=3.990um^2, i=0.000um^2, icg=91.770um^2, nicg=0.000um^2, l=0.000um^2, total=95.760um^2
            cell capacitance : b=4.998fF, i=0.000fF, icg=41.681fF, nicg=0.000fF, l=0.000fF, total=46.678fF
            sink capacitance : count=255, total=249.034fF, avg=0.977fF, sd=0.000fF, min=0.977fF, max=0.977fF
            wire capacitance : top=0.000fF, trunk=36.129fF, leaf=72.867fF, total=108.996fF
            wire lengths     : top=0.000um, trunk=374.890um, leaf=688.015um, total=1062.905um
            hp wire lengths  : top=0.000um, trunk=225.640um, leaf=495.890um, total=721.530um
          Clock DAG net violations after 'eGRPC Moving buffers': none
          Clock DAG primary half-corner transition distribution after 'eGRPC Moving buffers':
            Trunk : target=0.080ns count=4 avg=0.021ns sd=0.013ns min=0.002ns max=0.029ns {4 <= 0.048ns, 0 <= 0.064ns, 0 <= 0.072ns, 0 <= 0.076ns, 0 <= 0.080ns}
            Leaf  : target=0.080ns count=24 avg=0.032ns sd=0.004ns min=0.012ns max=0.036ns {24 <= 0.048ns, 0 <= 0.064ns, 0 <= 0.072ns, 0 <= 0.076ns, 0 <= 0.080ns}
          Clock DAG library cell distribution after 'eGRPC Moving buffers' {count}:
             Bufs: CLKBUF_X2: 3 CLKBUF_X1: 1 
             ICGs: CLKGATETST_X1: 23 
          Primary reporting skew groups after 'eGRPC Moving buffers':
            skew_group MY_CLK: insertion delay [min=0.087, max=0.117, avg=0.111, sd=0.004], skew [0.031 vs 0.500], 100% {0.087, 0.117} (wid=0.003 ws=0.003) (gid=0.114 gs=0.028)
          Skew group summary after 'eGRPC Moving buffers':
            skew_group MY_CLK: insertion delay [min=0.087, max=0.117, avg=0.111, sd=0.004], skew [0.031 vs 0.500], 100% {0.087, 0.117} (wid=0.003 ws=0.003) (gid=0.114 gs=0.028)
          Legalizer API calls during this step: 0 succeeded with high effort: 0 succeeded with medium effort: 0 succeeded with low effort: 0 succeeded with basic effort: 0 succeeded with basic unbounded effort: 0
        eGRPC Moving buffers done. (took cpu=0:00:00.0 real=0:00:00.0)
        eGRPC Initial Pass of Downsizing Clock Tree cells...
          Artificially removing long paths...
            Legalizer API calls during this step: 0 succeeded with high effort: 0 succeeded with medium effort: 0 succeeded with low effort: 0 succeeded with basic effort: 0 succeeded with basic unbounded effort: 0
          Artificially removing long paths done. (took cpu=0:00:00.0 real=0:00:00.0)
          Modifying slew-target multiplier from 1 to 0.9
          Downsizing prefiltering...
          Downsizing prefiltering done.
          Downsizing: ...20% ...40% ...60% ...80% ...100% 
          DoDownSizing Summary : numSized = 0, numUnchanged = 23, numSkippedDueToOther = 0, numSkippedDueToCloseToSlewTarget = 0, numSkippedDueToCloseToSkewTarget = 5
          CCOpt-eGRPC Downsizing: considered: 23, tested: 0, violation detected: 0, violation ignored (due to small violation): 0, cannot run: 0, attempted: 23, unsuccessful: 0, sized: 0
          Reverting slew-target multiplier from 0.9 to 1
          Clock DAG stats after 'eGRPC Initial Pass of Downsizing Clock Tree cells':
            cell counts      : b=4, i=0, icg=23, nicg=0, l=0, total=27
            cell areas       : b=3.990um^2, i=0.000um^2, icg=91.770um^2, nicg=0.000um^2, l=0.000um^2, total=95.760um^2
            cell capacitance : b=4.998fF, i=0.000fF, icg=41.681fF, nicg=0.000fF, l=0.000fF, total=46.678fF
            sink capacitance : count=255, total=249.034fF, avg=0.977fF, sd=0.000fF, min=0.977fF, max=0.977fF
            wire capacitance : top=0.000fF, trunk=36.129fF, leaf=72.867fF, total=108.996fF
            wire lengths     : top=0.000um, trunk=374.890um, leaf=688.015um, total=1062.905um
            hp wire lengths  : top=0.000um, trunk=225.640um, leaf=495.890um, total=721.530um
          Clock DAG net violations after 'eGRPC Initial Pass of Downsizing Clock Tree cells': none
          Clock DAG primary half-corner transition distribution after 'eGRPC Initial Pass of Downsizing Clock Tree cells':
            Trunk : target=0.080ns count=4 avg=0.021ns sd=0.013ns min=0.002ns max=0.029ns {4 <= 0.048ns, 0 <= 0.064ns, 0 <= 0.072ns, 0 <= 0.076ns, 0 <= 0.080ns}
            Leaf  : target=0.080ns count=24 avg=0.032ns sd=0.004ns min=0.012ns max=0.036ns {24 <= 0.048ns, 0 <= 0.064ns, 0 <= 0.072ns, 0 <= 0.076ns, 0 <= 0.080ns}
          Clock DAG library cell distribution after 'eGRPC Initial Pass of Downsizing Clock Tree cells' {count}:
             Bufs: CLKBUF_X2: 3 CLKBUF_X1: 1 
             ICGs: CLKGATETST_X1: 23 
          Primary reporting skew groups after 'eGRPC Initial Pass of Downsizing Clock Tree cells':
            skew_group MY_CLK: insertion delay [min=0.087, max=0.117, avg=0.111, sd=0.004], skew [0.031 vs 0.500], 100% {0.087, 0.117} (wid=0.003 ws=0.003) (gid=0.114 gs=0.028)
          Skew group summary after 'eGRPC Initial Pass of Downsizing Clock Tree cells':
            skew_group MY_CLK: insertion delay [min=0.087, max=0.117, avg=0.111, sd=0.004], skew [0.031 vs 0.500], 100% {0.087, 0.117} (wid=0.003 ws=0.003) (gid=0.114 gs=0.028)
          Legalizer API calls during this step: 24 succeeded with high effort: 24 succeeded with medium effort: 0 succeeded with low effort: 0 succeeded with basic effort: 0 succeeded with basic unbounded effort: 0
        eGRPC Initial Pass of Downsizing Clock Tree cells done. (took cpu=0:00:00.2 real=0:00:00.2)
        eGRPC Fixing DRVs...
          Fixing clock tree DRVs: ...20% ...40% ...60% ...80% ...100% 
          CCOpt-eGRPC: considered: 28, tested: 28, violation detected: 0, violation ignored (due to small violation): 0, cannot run: 0, attempted: 0, unsuccessful: 0, sized: 0
          
          PRO Statistics: Fix DRVs (cell sizing):
          =======================================
          
          Cell changes by Net Type:
          
          -------------------------------------------------------------------------------------------------
          Net Type    Attempted    Upsized     Downsized    Swapped Same Size    Total Changed    Not Sized
          -------------------------------------------------------------------------------------------------
          top                0            0           0            0                    0                0
          trunk              0            0           0            0                    0                0
          leaf               0            0           0            0                    0                0
          -------------------------------------------------------------------------------------------------
          Total              0            0           0            0                    0                0
          -------------------------------------------------------------------------------------------------
          
          Upsized: 0, Downsized: 0, Sized but same area: 0, Unchanged: 0, Area change: 0.000um^2 (0.000%)
          Max. move: 0.000um, Min. move: 0.000um, Avg. move: N/A
          
          Clock DAG stats after 'eGRPC Fixing DRVs':
            cell counts      : b=4, i=0, icg=23, nicg=0, l=0, total=27
            cell areas       : b=3.990um^2, i=0.000um^2, icg=91.770um^2, nicg=0.000um^2, l=0.000um^2, total=95.760um^2
            cell capacitance : b=4.998fF, i=0.000fF, icg=41.681fF, nicg=0.000fF, l=0.000fF, total=46.678fF
            sink capacitance : count=255, total=249.034fF, avg=0.977fF, sd=0.000fF, min=0.977fF, max=0.977fF
            wire capacitance : top=0.000fF, trunk=36.129fF, leaf=72.867fF, total=108.996fF
            wire lengths     : top=0.000um, trunk=374.890um, leaf=688.015um, total=1062.905um
            hp wire lengths  : top=0.000um, trunk=225.640um, leaf=495.890um, total=721.530um
          Clock DAG net violations after 'eGRPC Fixing DRVs': none
          Clock DAG primary half-corner transition distribution after 'eGRPC Fixing DRVs':
            Trunk : target=0.080ns count=4 avg=0.021ns sd=0.013ns min=0.002ns max=0.029ns {4 <= 0.048ns, 0 <= 0.064ns, 0 <= 0.072ns, 0 <= 0.076ns, 0 <= 0.080ns}
            Leaf  : target=0.080ns count=24 avg=0.032ns sd=0.004ns min=0.012ns max=0.036ns {24 <= 0.048ns, 0 <= 0.064ns, 0 <= 0.072ns, 0 <= 0.076ns, 0 <= 0.080ns}
          Clock DAG library cell distribution after 'eGRPC Fixing DRVs' {count}:
             Bufs: CLKBUF_X2: 3 CLKBUF_X1: 1 
             ICGs: CLKGATETST_X1: 23 
          Primary reporting skew groups after 'eGRPC Fixing DRVs':
            skew_group MY_CLK: insertion delay [min=0.087, max=0.117, avg=0.111, sd=0.004], skew [0.031 vs 0.500], 100% {0.087, 0.117} (wid=0.003 ws=0.003) (gid=0.114 gs=0.028)
          Skew group summary after 'eGRPC Fixing DRVs':
            skew_group MY_CLK: insertion delay [min=0.087, max=0.117, avg=0.111, sd=0.004], skew [0.031 vs 0.500], 100% {0.087, 0.117} (wid=0.003 ws=0.003) (gid=0.114 gs=0.028)
          Legalizer API calls during this step: 0 succeeded with high effort: 0 succeeded with medium effort: 0 succeeded with low effort: 0 succeeded with basic effort: 0 succeeded with basic unbounded effort: 0
        eGRPC Fixing DRVs done. (took cpu=0:00:00.0 real=0:00:00.0)
        Reconnecting optimized routes...
        Reset timing graph...
Ignoring AAE DB Resetting ...
        Reset timing graph done.
        Reconnecting optimized routes done. (took cpu=0:00:00.0 real=0:00:00.0)
        Violation analysis...
        Violation analysis done. (took cpu=0:00:00.0 real=0:00:00.0)
        Reset timing graph...
Ignoring AAE DB Resetting ...
        Reset timing graph done.
        Set dirty flag on 0 instances, 0 nets
        Clock DAG stats before routing clock trees:
          cell counts      : b=4, i=0, icg=23, nicg=0, l=0, total=27
          cell areas       : b=3.990um^2, i=0.000um^2, icg=91.770um^2, nicg=0.000um^2, l=0.000um^2, total=95.760um^2
          cell capacitance : b=4.998fF, i=0.000fF, icg=41.681fF, nicg=0.000fF, l=0.000fF, total=46.678fF
          sink capacitance : count=255, total=249.034fF, avg=0.977fF, sd=0.000fF, min=0.977fF, max=0.977fF
          wire capacitance : top=0.000fF, trunk=36.129fF, leaf=72.867fF, total=108.996fF
          wire lengths     : top=0.000um, trunk=374.890um, leaf=688.015um, total=1062.905um
          hp wire lengths  : top=0.000um, trunk=225.640um, leaf=495.890um, total=721.530um
        Clock DAG net violations before routing clock trees: none
        Clock DAG primary half-corner transition distribution before routing clock trees:
          Trunk : target=0.080ns count=4 avg=0.021ns sd=0.013ns min=0.002ns max=0.029ns {4 <= 0.048ns, 0 <= 0.064ns, 0 <= 0.072ns, 0 <= 0.076ns, 0 <= 0.080ns}
          Leaf  : target=0.080ns count=24 avg=0.032ns sd=0.004ns min=0.012ns max=0.036ns {24 <= 0.048ns, 0 <= 0.064ns, 0 <= 0.072ns, 0 <= 0.076ns, 0 <= 0.080ns}
        Clock DAG library cell distribution before routing clock trees {count}:
           Bufs: CLKBUF_X2: 3 CLKBUF_X1: 1 
           ICGs: CLKGATETST_X1: 23 
        Primary reporting skew groups before routing clock trees:
          skew_group MY_CLK: insertion delay [min=0.087, max=0.117, avg=0.111, sd=0.004], skew [0.031 vs 0.500], 100% {0.087, 0.117} (wid=0.003 ws=0.003) (gid=0.114 gs=0.028)
        Skew group summary before routing clock trees:
          skew_group MY_CLK: insertion delay [min=0.087, max=0.117, avg=0.111, sd=0.004], skew [0.031 vs 0.500], 100% {0.087, 0.117} (wid=0.003 ws=0.003) (gid=0.114 gs=0.028)
      eGRPC done.
    Calling post conditioning for eGRPC done.
  eGR Post Conditioning loop iteration 0 done.
  Refine place not called during Post Conditioning. Calling it now the eGR->PC Loop is complete.
  Leaving CCOpt scope - ClockRefiner...
  Performing Single Pass Refine Place.
*** Starting refinePlace (0:20:40 mem=1332.0M) ***
Total net bbox length = 2.840e+04 (1.236e+04 1.604e+04) (ext = 2.146e+03)
Move report: Detail placement moves 54 insts, mean move: 1.09 um, max move: 2.85 um
	Max move on inst (add9_add_21_U1_9): (59.28, 33.04) --> (56.43, 33.04)
	Runtime: CPU: 0:00:00.1 REAL: 0:00:00.0 MEM: 1332.0MB
Summary Report:
Instances move: 54 (out of 3148 movable)
Instances flipped: 0
Mean displacement: 1.09 um
Max displacement: 2.85 um (Instance: add9_add_21_U1_9) (59.28, 33.04) -> (56.43, 33.04)
	Length: 16 sites, height: 1 rows, site name: FreePDK45_38x28_10R_NP_162NW_34O, cell type: FA_X1
Total net bbox length = 2.845e+04 (1.238e+04 1.607e+04) (ext = 2.146e+03)
Runtime: CPU: 0:00:00.2 REAL: 0:00:00.0 MEM: 1332.0MB
*** Finished refinePlace (0:20:40 mem=1332.0M) ***
  ClockRefiner summary
  All clock instances: Moved 0, flipped 0 and cell swapped 0 (out of a total of 282).
  Leaving CCOpt scope - ClockRefiner done. (took cpu=0:00:00.2 real=0:00:00.2)
  CCOpt::Phase::eGRPC done. (took cpu=0:00:01.2 real=0:00:01.2)
  CCOpt::Phase::Routing...
  Clock implementation routing...
    Leaving CCOpt scope - Routing Tools...
Net route status summary:
  Clock:        28 (unrouted=0, trialRouted=0, noStatus=0, routed=0, fixed=28, [crossesIlmBoundary=0, tooFewTerms=0, (crossesIlmBoundary AND tooFewTerms=0)])
  Non-clock:  3986 (unrouted=82, trialRouted=3904, noStatus=0, routed=0, fixed=0, [crossesIlmBoundary=0, tooFewTerms=80, (crossesIlmBoundary AND tooFewTerms=0)])
    Routing using eGR in eGR->NR Step...
      Early Global Route - eGR->NR step...
(ccopt eGR): There are 28 nets for routing of which 28 have one or more fixed wires.
(ccopt eGR): Start to route 28 all nets
[NR-eGR] Track table information for default rule: 
[NR-eGR] metal1 has no routable track
[NR-eGR] metal2 has single uniform track structure
[NR-eGR] metal3 has single uniform track structure
[NR-eGR] metal4 has single uniform track structure
[NR-eGR] metal5 has single uniform track structure
[NR-eGR] metal6 has single uniform track structure
[NR-eGR] metal7 has single uniform track structure
[NR-eGR] metal8 has single uniform track structure
[NR-eGR] metal9 has single uniform track structure
[NR-eGR] metal10 has single uniform track structure
[NR-eGR] Read 478 PG shapes
[NR-eGR] #Routing Blockages  : 0
[NR-eGR] #Instance Blockages : 0
[NR-eGR] #PG Blockages       : 478
[NR-eGR] #Halo Blockages     : 0
[NR-eGR] #Boundary Blockages : 0
[NR-eGR] Num Prerouted Nets = 0  Num Prerouted Wires = 0
[NR-eGR] Read numTotalNets=3934  numIgnoredNets=3906
[NR-eGR] Connected 0 must-join pins/ports
[NR-eGR] There are 28 clock nets ( 28 with NDR ).
[NR-eGR] ============ Routing rule table ============
[NR-eGR] Rule id: 0  Nets: 28 
[NR-eGR] Rule id: 1  Nets: 0 
[NR-eGR] ========================================
[NR-eGR] 
[NR-eGR] Layer group 1: route 28 net(s) in layer range [3, 4]
[NR-eGR] Early Global Route overflow of layer group 1: 0.00% H + 0.00% V. EstWL: 1.005200e+03um
[NR-eGR] Congestion Analysis By layer: (blocked Gcells are excluded) 
[NR-eGR]                        OverCon            
[NR-eGR]                         #Gcell     %Gcell
[NR-eGR]       Layer                (0)    OverCon 
[NR-eGR] ----------------------------------------------
[NR-eGR]  metal1  (1)         0( 0.00%)   ( 0.00%) 
[NR-eGR]  metal2  (2)         0( 0.00%)   ( 0.00%) 
[NR-eGR]  metal3  (3)         0( 0.00%)   ( 0.00%) 
[NR-eGR]  metal4  (4)         0( 0.00%)   ( 0.00%) 
[NR-eGR]  metal5  (5)         0( 0.00%)   ( 0.00%) 
[NR-eGR]  metal6  (6)         0( 0.00%)   ( 0.00%) 
[NR-eGR]  metal7  (7)         0( 0.00%)   ( 0.00%) 
[NR-eGR]  metal8  (8)         0( 0.00%)   ( 0.00%) 
[NR-eGR]  metal9  (9)         0( 0.00%)   ( 0.00%) 
[NR-eGR] metal10 (10)         0( 0.00%)   ( 0.00%) 
[NR-eGR] ----------------------------------------------
[NR-eGR] Total                0( 0.00%)   ( 0.00%) 
[NR-eGR] 
[NR-eGR] Overflow after Early Global Route (GR compatible) 0.00% H + 0.00% V
[NR-eGR] Overflow after Early Global Route 0.00% H + 0.00% V
[NR-eGR] Started Export DB wires ( Curr Mem: 1331.98 MB )
[NR-eGR] Started Export route guide file ( Curr Mem: 1331.98 MB )
[NR-eGR] Finished Export route guide file ( CPU: 0.02 sec, Real: 0.02 sec, Curr Mem: 1331.98 MB )
[NR-eGR] Started Export all nets ( Curr Mem: 1331.98 MB )
[NR-eGR] Finished Export all nets ( CPU: 0.01 sec, Real: 0.00 sec, Curr Mem: 1331.98 MB )
[NR-eGR] Started Set wire vias ( Curr Mem: 1331.98 MB )
[NR-eGR] Finished Set wire vias ( CPU: 0.00 sec, Real: 0.00 sec, Curr Mem: 1331.98 MB )
[NR-eGR] Finished Export DB wires ( CPU: 0.03 sec, Real: 0.02 sec, Curr Mem: 1331.98 MB )
[NR-eGR] --------------------------------------------------------------------------
[NR-eGR] metal1  (1F) length: 0.000000e+00um, number of vias: 12280
[NR-eGR] metal2  (2V) length: 9.455365e+03um, number of vias: 14924
[NR-eGR] metal3  (3H) length: 1.348742e+04um, number of vias: 5323
[NR-eGR] metal4  (4V) length: 7.878460e+03um, number of vias: 455
[NR-eGR] metal5  (5H) length: 7.992750e+02um, number of vias: 406
[NR-eGR] metal6  (6V) length: 1.777300e+03um, number of vias: 20
[NR-eGR] metal7  (7H) length: 8.355000e+00um, number of vias: 9
[NR-eGR] metal8  (8V) length: 5.338000e+01um, number of vias: 3
[NR-eGR] metal9  (9H) length: 6.025000e+00um, number of vias: 2
[NR-eGR] metal10 (10V) length: 1.760000e+00um, number of vias: 0
[NR-eGR] Total length: 3.346734e+04um, number of vias: 33422
[NR-eGR] --------------------------------------------------------------------------
[NR-eGR] Total eGR-routed clock nets wire length: 1.062905e+03um 
[NR-eGR] --------------------------------------------------------------------------
[NR-eGR] Report for selected net(s) only.
[NR-eGR] metal1  (1H) length: 0.000000e+00um, number of vias: 309
[NR-eGR] metal2  (2V) length: 2.949250e+02um, number of vias: 367
[NR-eGR] metal3  (3H) length: 4.474500e+02um, number of vias: 115
[NR-eGR] metal4  (4V) length: 3.205300e+02um, number of vias: 0
[NR-eGR] metal5  (5H) length: 0.000000e+00um, number of vias: 0
[NR-eGR] metal6  (6V) length: 0.000000e+00um, number of vias: 0
[NR-eGR] metal7  (7H) length: 0.000000e+00um, number of vias: 0
[NR-eGR] metal8  (8V) length: 0.000000e+00um, number of vias: 0
[NR-eGR] metal9  (9H) length: 0.000000e+00um, number of vias: 0
[NR-eGR] metal10 (10V) length: 0.000000e+00um, number of vias: 0
[NR-eGR] Total length: 1.062905e+03um, number of vias: 791
[NR-eGR] --------------------------------------------------------------------------
[NR-eGR] Total routed clock nets wire length: 1.062905e+03um, number of vias: 791
[NR-eGR] --------------------------------------------------------------------------
[NR-eGR] Finished Early Global Route kernel ( CPU: 0.16 sec, Real: 0.16 sec, Curr Mem: 1293.98 MB )
Generated NR early global route guides for clocks to: /tmp/innovus_temp_2181_isaserver_isa30_2025_2026_VLOzYY/.rgfMqcXgG
      Early Global Route - eGR->NR step done. (took cpu=0:00:00.2 real=0:00:00.2)
    Routing using eGR in eGR->NR Step done.
    Routing using NR in eGR->NR Step...

CCOPT: Preparing to route 28 clock nets with NanoRoute.
  All net are default rule.
  Removed pre-existing routes for 28 nets.
  Preferred NanoRoute mode settings: Current
-droutePostRouteSpreadWire auto
**WARN: (IMPTCM-77):	Option "-routeExpDeterministicMultiThread" for command setNanoRouteMode is obsolete and will be removed in a future release. The obsolete option still works in this release but to avoid this warning and to ensure compatibility with future releases, remove the obsolete option from your script.
#WARNING (NRIF-47) This option supports a feature that is under development and experimental, use at your own risk.
#WARNING (NRIF-47) This option supports a feature that is under development and experimental, use at your own risk.
      Clock detailed routing...
        NanoRoute...
% Begin globalDetailRoute (date=10/25 23:38:15, mem=1037.3M)

globalDetailRoute

#Start globalDetailRoute on Sat Oct 25 23:38:15 2025
#
#WARNING (NRIG-1303) Congestion map does not match the GCELL grid, clearing map.
#num needed restored net=0
#need_extraction net=0 (total=4014)
#NanoRoute Version 20.11-s130_1 NR200802-2257/20_11-UB
#Skip comparing routing design signature in db-snapshot flow
#Start routing data preparation on Sat Oct 25 23:38:15 2025
#
#Minimum voltage of a net in the design = 0.000.
#Maximum voltage of a net in the design = 1.100.
#Voltage range [0.000 - 1.100] has 3989 nets.
#Voltage range [0.000 - 0.000] has 24 nets.
#Voltage range [1.100 - 1.100] has 1 net.
#Initial pin access analysis.
#Detail pin access analysis.
# metal1       H   Track-Pitch = 0.14000    Line-2-Via Pitch = 0.13500
# metal2       V   Track-Pitch = 0.19000    Line-2-Via Pitch = 0.14000
# metal3       H   Track-Pitch = 0.14000    Line-2-Via Pitch = 0.14000
# metal4       V   Track-Pitch = 0.28000    Line-2-Via Pitch = 0.28000
# metal5       H   Track-Pitch = 0.28000    Line-2-Via Pitch = 0.28000
# metal6       V   Track-Pitch = 0.28000    Line-2-Via Pitch = 0.28000
# metal7       H   Track-Pitch = 0.84000    Line-2-Via Pitch = 0.80000
# metal8       V   Track-Pitch = 0.84000    Line-2-Via Pitch = 0.80000
# metal9       H   Track-Pitch = 1.60000    Line-2-Via Pitch = 1.60000
# metal10      V   Track-Pitch = 1.68000    Line-2-Via Pitch = 1.60000
#Monitoring time of adding inner blkg by smac
#cpu time = 00:00:00, elapsed time = 00:00:00, memory = 1041.99 (MB), peak = 1165.62 (MB)
#Regenerating Ggrids automatically.
#Auto generating G-grids with size=15 tracks, using layer metal3's pitch = 0.14000.
#Using automatically generated G-grids.
#Done routing data preparation.
#cpu time = 00:00:00, elapsed time = 00:00:00, memory = 1041.99 (MB), peak = 1165.62 (MB)
#reading routing guides ......
#
#Finished routing data preparation on Sat Oct 25 23:38:15 2025
#
#Cpu time = 00:00:00
#Elapsed time = 00:00:00
#Increased memory = 3.95 (MB)
#Total memory = 1041.99 (MB)
#Peak memory = 1165.62 (MB)
#
#
#Start global routing on Sat Oct 25 23:38:15 2025
#
#
#Start global routing initialization on Sat Oct 25 23:38:15 2025
#
#Number of eco nets is 0
#
#Start global routing data preparation on Sat Oct 25 23:38:15 2025
#
#Start routing resource analysis on Sat Oct 25 23:38:15 2025
#
#Routing resource analysis is done on Sat Oct 25 23:38:16 2025
#
#  Resource Analysis:
#
#               Routing  #Avail      #Track     #Total     %Gcell
#  Layer      Direction   Track     Blocked      Gcell    Blocked
#  --------------------------------------------------------------
#  metal1         H         744          28        2754    66.41%
#  metal2         V         560          38        2754     3.63%
#  metal3         H         772           0        2754     0.00%
#  metal4         V         405           0        2754     0.00%
#  metal5         H         385           0        2754     0.00%
#  metal6         V         405           0        2754     0.00%
#  metal7         H         128           0        2754     0.00%
#  metal8         V         135           0        2754     0.00%
#  metal9         H          52           0        2754     0.04%
#  metal10        V          54           0        2754     0.04%
#  --------------------------------------------------------------
#  Total                   3640       0.99%       27540     7.01%
#
#  28 nets (0.70%) with 1 preferred extra spacing.
#
#
#
#Global routing data preparation is done on Sat Oct 25 23:38:16 2025
#
#cpu time = 00:00:00, elapsed time = 00:00:00, memory = 1042.50 (MB), peak = 1165.62 (MB)
#
#Routing guide is on.
#
#Global routing initialization is done on Sat Oct 25 23:38:16 2025
#
#cpu time = 00:00:00, elapsed time = 00:00:00, memory = 1042.53 (MB), peak = 1165.62 (MB)
#
#start global routing iteration 1...
#cpu time = 00:00:00, elapsed time = 00:00:00, memory = 1043.04 (MB), peak = 1165.62 (MB)
#
#start global routing iteration 2...
#cpu time = 00:00:00, elapsed time = 00:00:00, memory = 1043.04 (MB), peak = 1165.62 (MB)
#
#
#Total number of trivial nets (e.g. < 2 pins) = 80 (skipped).
#Total number of selected nets for routing = 28.
#Total number of unselected nets (but routable) for routing = 3906 (skipped).
#Total number of nets in the design = 4014.
#
#3906 skipped nets do not have any wires.
#28 routable nets have only global wires.
#28 global routed or unrouted (routable) nets have been constrained (e.g. have preferred extra spacing, require shielding etc.)
#
#Routed net constraints summary:
#------------------------------------------------
#        Rules   Pref Extra Space   Unconstrained  
#------------------------------------------------
#      Default                 28               0  
#------------------------------------------------
#        Total                 28               0  
#------------------------------------------------
#
#Routing constraints summary of the whole design:
#------------------------------------------------
#        Rules   Pref Extra Space   Unconstrained  
#------------------------------------------------
#      Default                 28            3906  
#------------------------------------------------
#        Total                 28            3906  
#------------------------------------------------
#
#
#  Congestion Analysis: (blocked Gcells are excluded)
#
#                 OverCon          
#                  #Gcell    %Gcell
#     Layer           (1)   OverCon
#  --------------------------------
#  metal1        0(0.00%)   (0.00%)
#  metal2        0(0.00%)   (0.00%)
#  metal3        0(0.00%)   (0.00%)
#  metal4        0(0.00%)   (0.00%)
#  metal5        0(0.00%)   (0.00%)
#  metal6        0(0.00%)   (0.00%)
#  metal7        0(0.00%)   (0.00%)
#  metal8        0(0.00%)   (0.00%)
#  metal9        0(0.00%)   (0.00%)
#  metal10       0(0.00%)   (0.00%)
#  --------------------------------
#     Total      0(0.00%)   (0.00%)
#
#  The worst congested Gcell overcon (routing demand over resource in number of tracks) = 1
#  Overflow after GR: 0.00% H + 0.00% V
#
#Complete Global Routing.
#Total number of nets with non-default rule or having extra spacing = 28
#Total wire length = 1023 um.
#Total half perimeter of net bounding box = 804 um.
#Total wire length on LAYER metal1 = 0 um.
#Total wire length on LAYER metal2 = 244 um.
#Total wire length on LAYER metal3 = 454 um.
#Total wire length on LAYER metal4 = 326 um.
#Total wire length on LAYER metal5 = 0 um.
#Total wire length on LAYER metal6 = 0 um.
#Total wire length on LAYER metal7 = 0 um.
#Total wire length on LAYER metal8 = 0 um.
#Total wire length on LAYER metal9 = 0 um.
#Total wire length on LAYER metal10 = 0 um.
#Total number of vias = 633
#Up-Via Summary (total 633):
#           
#-----------------------
# metal1            309
# metal2            223
# metal3            101
#-----------------------
#                   633 
#
#Total number of involved priority nets 28
#Maximum src to sink distance for priority net 81.9
#Average of max src_to_sink distance for priority net 25.2
#Average of ave src_to_sink distance for priority net 15.3
#Max overcon = 0 track.
#Total overcon = 0.00%.
#Worst layer Gcell overcon rate = 0.00%.
#
#Global routing statistics:
#Cpu time = 00:00:00
#Elapsed time = 00:00:00
#Increased memory = 1.11 (MB)
#Total memory = 1043.10 (MB)
#Peak memory = 1165.62 (MB)
#
#Finished global routing on Sat Oct 25 23:38:16 2025
#
#
#reading routing guides ......
#cpu time = 00:00:00, elapsed time = 00:00:00, memory = 1042.59 (MB), peak = 1165.62 (MB)
#Start Track Assignment.
#Done with 136 horizontal wires in 2 hboxes and 177 vertical wires in 2 hboxes.
#Done with 135 horizontal wires in 2 hboxes and 171 vertical wires in 2 hboxes.
#Complete Track Assignment.
#Total number of nets with non-default rule or having extra spacing = 28
#Total wire length = 1080 um.
#Total half perimeter of net bounding box = 804 um.
#Total wire length on LAYER metal1 = 64 um.
#Total wire length on LAYER metal2 = 237 um.
#Total wire length on LAYER metal3 = 447 um.
#Total wire length on LAYER metal4 = 332 um.
#Total wire length on LAYER metal5 = 0 um.
#Total wire length on LAYER metal6 = 0 um.
#Total wire length on LAYER metal7 = 0 um.
#Total wire length on LAYER metal8 = 0 um.
#Total wire length on LAYER metal9 = 0 um.
#Total wire length on LAYER metal10 = 0 um.
#Total number of vias = 633
#Up-Via Summary (total 633):
#           
#-----------------------
# metal1            309
# metal2            223
# metal3            101
#-----------------------
#                   633 
#
#cpu time = 00:00:00, elapsed time = 00:00:00, memory = 1042.61 (MB), peak = 1165.62 (MB)
#
#Routing data preparation, pin analysis, global routing and track assignment statistics:
#Cpu time = 00:00:01
#Elapsed time = 00:00:01
#Increased memory = 4.65 (MB)
#Total memory = 1042.61 (MB)
#Peak memory = 1165.62 (MB)
#
#Start Detail Routing..
#start initial detail routing ...
# ECO: 11.1% of the total area was rechecked for DRC, and 66.7% required routing.
#   number of violations = 0
#cpu time = 00:00:02, elapsed time = 00:00:02, memory = 1046.88 (MB), peak = 1165.62 (MB)
#Complete Detail Routing.
#Total number of nets with non-default rule or having extra spacing = 28
#Total wire length = 1084 um.
#Total half perimeter of net bounding box = 804 um.
#Total wire length on LAYER metal1 = 0 um.
#Total wire length on LAYER metal2 = 168 um.
#Total wire length on LAYER metal3 = 495 um.
#Total wire length on LAYER metal4 = 421 um.
#Total wire length on LAYER metal5 = 0 um.
#Total wire length on LAYER metal6 = 0 um.
#Total wire length on LAYER metal7 = 0 um.
#Total wire length on LAYER metal8 = 0 um.
#Total wire length on LAYER metal9 = 0 um.
#Total wire length on LAYER metal10 = 0 um.
#Total number of vias = 747
#Up-Via Summary (total 747):
#           
#-----------------------
# metal1            309
# metal2            271
# metal3            167
#-----------------------
#                   747 
#
#Total number of DRC violations = 0
#Cpu time = 00:00:02
#Elapsed time = 00:00:02
#Increased memory = 2.15 (MB)
#Total memory = 1044.76 (MB)
#Peak memory = 1165.62 (MB)
#detailRoute Statistics:
#Cpu time = 00:00:02
#Elapsed time = 00:00:02
#Increased memory = 2.15 (MB)
#Total memory = 1044.76 (MB)
#Peak memory = 1165.62 (MB)
#Skip updating routing design signature in db-snapshot flow
#
#globalDetailRoute statistics:
#Cpu time = 00:00:03
#Elapsed time = 00:00:03
#Increased memory = 7.00 (MB)
#Total memory = 1044.26 (MB)
#Peak memory = 1165.62 (MB)
#Number of warnings = 1
#Total number of warnings = 13
#Number of fails = 0
#Total number of fails = 0
#Complete globalDetailRoute on Sat Oct 25 23:38:18 2025
#
% End globalDetailRoute (date=10/25 23:38:18, total cpu=0:00:03.0, real=0:00:03.0, peak res=1043.3M, current mem=1043.3M)
        NanoRoute done. (took cpu=0:00:03.0 real=0:00:03.0)
      Clock detailed routing done.
Checking guided vs. routed lengths for 28 nets...

      
      Guided max path lengths
      =======================
      
      ---------------------------------------
      From (um)    To (um)    Number of paths
      ---------------------------------------
        0.000      10.000            2
       10.000      20.000           16
       20.000      30.000            6
       30.000      40.000            0
       40.000      50.000            1
       50.000      60.000            0
       60.000      70.000            2
       70.000      80.000            0
       80.000      90.000            1
      ---------------------------------------
      
      Deviation of routing from guided max path lengths
      =================================================
      
      -------------------------------------
      From (%)    To (%)    Number of paths
      -------------------------------------
      below        0.000          15
        0.000      5.000           7
        5.000     10.000           3
       10.000     15.000           1
       15.000     20.000           1
       20.000     25.000           0
       25.000     30.000           1
      -------------------------------------
      

    Top 4 notable deviations of routed length from guided length
    =============================================================

    Net CTS_2 (9 terminals)
    Guided length:  max path =    47.930um, total =    99.400um
    Routed length:  max path =    49.840um, total =   103.540um
    Deviation:      max path =     3.985%,  total =     4.165%

    Net CTS_5 (9 terminals)
    Guided length:  max path =    64.990um, total =    82.225um
    Routed length:  max path =    64.500um, total =    83.490um
    Deviation:      max path =    -0.754%,  total =     1.538%

    Net CTS_1 (9 terminals)
    Guided length:  max path =    61.690um, total =   101.670um
    Routed length:  max path =    61.960um, total =   102.590um
    Deviation:      max path =     0.438%,  total =     0.905%

    Net CLK (4 terminals)
    Guided length:  max path =    81.600um, total =    85.675um
    Routed length:  max path =    81.485um, total =    85.995um
    Deviation:      max path =    -0.141%,  total =     0.374%

Set FIXED routing status on 28 net(s)
Set FIXED placed status on 27 instance(s)
      Route Remaining Unrouted Nets...
Running earlyGlobalRoute to complete any remaining unrouted nets.
Updating RC grid for preRoute extraction ...
Initializing multi-corner capacitance tables ... 
Initializing multi-corner resistance tables ...
[NR-eGR] Started Early Global Route kernel ( Curr Mem: 1297.46 MB )
[NR-eGR] Track table information for default rule: 
[NR-eGR] metal1 has no routable track
[NR-eGR] metal2 has single uniform track structure
[NR-eGR] metal3 has single uniform track structure
[NR-eGR] metal4 has single uniform track structure
[NR-eGR] metal5 has single uniform track structure
[NR-eGR] metal6 has single uniform track structure
[NR-eGR] metal7 has single uniform track structure
[NR-eGR] metal8 has single uniform track structure
[NR-eGR] metal9 has single uniform track structure
[NR-eGR] metal10 has single uniform track structure
[NR-eGR] Read 154 PG shapes
[NR-eGR] #Routing Blockages  : 0
[NR-eGR] #Instance Blockages : 0
[NR-eGR] #PG Blockages       : 154
[NR-eGR] #Halo Blockages     : 0
[NR-eGR] #Boundary Blockages : 0
[NR-eGR] Num Prerouted Nets = 28  Num Prerouted Wires = 860
[NR-eGR] Read numTotalNets=3934  numIgnoredNets=28
[NR-eGR] ============ Routing rule table ============
[NR-eGR] Rule id: 0  Nets: 0 
[NR-eGR] Rule id: 1  Nets: 3906 
[NR-eGR] ========================================
[NR-eGR] 
[NR-eGR] Layer group 1: route 3906 net(s) in layer range [2, 10]
[NR-eGR] Early Global Route overflow of layer group 1: 0.00% H + 0.00% V. EstWL: 3.046820e+04um
[NR-eGR] Congestion Analysis By layer: (blocked Gcells are excluded) 
[NR-eGR]                        OverCon            
[NR-eGR]                         #Gcell     %Gcell
[NR-eGR]       Layer                (1)    OverCon 
[NR-eGR] ----------------------------------------------
[NR-eGR]  metal1  (1)         0( 0.00%)   ( 0.00%) 
[NR-eGR]  metal2  (2)         1( 0.02%)   ( 0.02%) 
[NR-eGR]  metal3  (3)         0( 0.00%)   ( 0.00%) 
[NR-eGR]  metal4  (4)         0( 0.00%)   ( 0.00%) 
[NR-eGR]  metal5  (5)         0( 0.00%)   ( 0.00%) 
[NR-eGR]  metal6  (6)         0( 0.00%)   ( 0.00%) 
[NR-eGR]  metal7  (7)         0( 0.00%)   ( 0.00%) 
[NR-eGR]  metal8  (8)         0( 0.00%)   ( 0.00%) 
[NR-eGR]  metal9  (9)         0( 0.00%)   ( 0.00%) 
[NR-eGR] metal10 (10)         0( 0.00%)   ( 0.00%) 
[NR-eGR] ----------------------------------------------
[NR-eGR] Total                1( 0.00%)   ( 0.00%) 
[NR-eGR] 
[NR-eGR] Overflow after Early Global Route (GR compatible) 0.00% H + 0.00% V
[NR-eGR] Overflow after Early Global Route 0.00% H + 0.00% V
[NR-eGR] Started Export DB wires ( Curr Mem: 1297.46 MB )
[NR-eGR] Started Export all nets ( Curr Mem: 1297.46 MB )
[NR-eGR] Finished Export all nets ( CPU: 0.03 sec, Real: 0.03 sec, Curr Mem: 1297.46 MB )
[NR-eGR] Started Set wire vias ( Curr Mem: 1297.46 MB )
[NR-eGR] Finished Set wire vias ( CPU: 0.01 sec, Real: 0.01 sec, Curr Mem: 1297.46 MB )
[NR-eGR] Finished Export DB wires ( CPU: 0.04 sec, Real: 0.04 sec, Curr Mem: 1297.46 MB )
[NR-eGR] --------------------------------------------------------------------------
[NR-eGR] metal1  (1F) length: 0.000000e+00um, number of vias: 12306
[NR-eGR] metal2  (2V) length: 9.475105e+03um, number of vias: 14870
[NR-eGR] metal3  (3H) length: 1.374158e+04um, number of vias: 5395
[NR-eGR] metal4  (4V) length: 7.985500e+03um, number of vias: 460
[NR-eGR] metal5  (5H) length: 9.093300e+02um, number of vias: 432
[NR-eGR] metal6  (6V) length: 1.917545e+03um, number of vias: 14
[NR-eGR] metal7  (7H) length: 6.635000e+00um, number of vias: 9
[NR-eGR] metal8  (8V) length: 4.365000e+01um, number of vias: 3
[NR-eGR] metal9  (9H) length: 6.025000e+00um, number of vias: 2
[NR-eGR] metal10 (10V) length: 1.480000e+00um, number of vias: 0
[NR-eGR] Total length: 3.408685e+04um, number of vias: 33491
[NR-eGR] --------------------------------------------------------------------------
[NR-eGR] Total eGR-routed clock nets wire length: 0.000000e+00um 
[NR-eGR] --------------------------------------------------------------------------
[NR-eGR] Finished Early Global Route kernel ( CPU: 0.26 sec, Real: 0.26 sec, Curr Mem: 1297.46 MB )
      Route Remaining Unrouted Nets done. (took cpu=0:00:00.5 real=0:00:00.5)
    Routing using NR in eGR->NR Step done.
Net route status summary:
  Clock:        28 (unrouted=0, trialRouted=0, noStatus=0, routed=0, fixed=28, [crossesIlmBoundary=0, tooFewTerms=0, (crossesIlmBoundary AND tooFewTerms=0)])
  Non-clock:  3986 (unrouted=80, trialRouted=3906, noStatus=0, routed=0, fixed=0, [crossesIlmBoundary=0, tooFewTerms=80, (crossesIlmBoundary AND tooFewTerms=0)])

CCOPT: Done with clock implementation routing.

    Leaving CCOpt scope - Routing Tools done. (took cpu=0:00:03.9 real=0:00:03.9)
  Clock implementation routing done.
  Leaving CCOpt scope - extractRC...
  Updating RC parasitics by calling: "extractRC -noRouteCheck"...
Extraction called for design 'myfir' of instances=3148 and nets=4014 using extraction engine 'preRoute' .
PreRoute RC Extraction called for design myfir.
RC Extraction called in multi-corner(1) mode.
RCMode: PreRoute
      RC Corner Indexes            0   
Capacitance Scaling Factor   : 1.00000 
Resistance Scaling Factor    : 1.00000 
Clock Cap. Scaling Factor    : 1.00000 
Clock Res. Scaling Factor    : 1.00000 
Shrink Factor                : 1.00000
PreRoute extraction is honoring NDR/Shielding/ExtraSpace for clock nets.
Using capacitance table file ...
Updating RC grid for preRoute extraction ...
Initializing multi-corner capacitance tables ... 
Initializing multi-corner resistance tables ...
PreRoute RC Extraction DONE (CPU Time: 0:00:00.3  Real Time: 0:00:00.0  MEM: 1297.461M)
  Updating RC parasitics by calling: "extractRC -noRouteCheck" done.
  Leaving CCOpt scope - extractRC done. (took cpu=0:00:00.3 real=0:00:00.3)
  Clock tree timing engine global stage delay update for my_delay:both.late...
  Clock tree timing engine global stage delay update for my_delay:both.late done. (took cpu=0:00:00.1 real=0:00:00.1)
  Clock DAG stats after routing clock trees:
    cell counts      : b=4, i=0, icg=23, nicg=0, l=0, total=27
    cell areas       : b=3.990um^2, i=0.000um^2, icg=91.770um^2, nicg=0.000um^2, l=0.000um^2, total=95.760um^2
    cell capacitance : b=4.998fF, i=0.000fF, icg=41.681fF, nicg=0.000fF, l=0.000fF, total=46.678fF
    sink capacitance : count=255, total=249.034fF, avg=0.977fF, sd=0.000fF, min=0.977fF, max=0.977fF
    wire capacitance : top=0.000fF, trunk=36.333fF, leaf=71.891fF, total=108.225fF
    wire lengths     : top=0.000um, trunk=375.615um, leaf=708.070um, total=1083.685um
    hp wire lengths  : top=0.000um, trunk=225.640um, leaf=495.890um, total=721.530um
  Clock DAG net violations after routing clock trees: none
  Clock DAG primary half-corner transition distribution after routing clock trees:
    Trunk : target=0.080ns count=4 avg=0.021ns sd=0.013ns min=0.002ns max=0.029ns {4 <= 0.048ns, 0 <= 0.064ns, 0 <= 0.072ns, 0 <= 0.076ns, 0 <= 0.080ns}
    Leaf  : target=0.080ns count=24 avg=0.032ns sd=0.004ns min=0.012ns max=0.036ns {24 <= 0.048ns, 0 <= 0.064ns, 0 <= 0.072ns, 0 <= 0.076ns, 0 <= 0.080ns}
  Clock DAG library cell distribution after routing clock trees {count}:
     Bufs: CLKBUF_X2: 3 CLKBUF_X1: 1 
     ICGs: CLKGATETST_X1: 23 
  Primary reporting skew groups after routing clock trees:
    skew_group MY_CLK: insertion delay [min=0.087, max=0.118, avg=0.111, sd=0.004], skew [0.031 vs 0.500], 100% {0.087, 0.118} (wid=0.003 ws=0.003) (gid=0.115 gs=0.029)
  Skew group summary after routing clock trees:
    skew_group MY_CLK: insertion delay [min=0.087, max=0.118, avg=0.111, sd=0.004], skew [0.031 vs 0.500], 100% {0.087, 0.118} (wid=0.003 ws=0.003) (gid=0.115 gs=0.029)
  CCOpt::Phase::Routing done. (took cpu=0:00:04.3 real=0:00:04.3)
  CCOpt::Phase::PostConditioning...
  Post Conditioning - Blocking space for clock sinks to ensure they remain legal.
  Removing CTS place status from clock tree and sinks.
  Switching to inst based legalization.
  PostConditioning...
    PostConditioning active optimizations:
     - DRV fixing with cell sizing and buffering
     - Skew fixing with cell sizing
    
    Currently running CTS, using active skew data
    Reset bufferability constraints...
    Resetting previous bufferability status on all nets so that PostConditioning will attempt to fix all clock tree violations.
    Reset bufferability constraints done. (took cpu=0:00:00.0 real=0:00:00.0)
    PostConditioning Upsizing To Fix DRVs...
      Fixing clock tree DRVs with upsizing: ...20% ...40% ...60% ...80% ...100% 
      CCOpt-PostConditioning: considered: 28, tested: 28, violation detected: 0, violation ignored (due to small violation): 0, cannot run: 0, attempted: 0, unsuccessful: 0, sized: 0
      
      PRO Statistics: Fix DRVs (initial upsizing):
      ============================================
      
      Cell changes by Net Type:
      
      -------------------------------------------------------------------------------------------------
      Net Type    Attempted    Upsized     Downsized    Swapped Same Size    Total Changed    Not Sized
      -------------------------------------------------------------------------------------------------
      top                0            0           0            0                    0                0
      trunk              0            0           0            0                    0                0
      leaf               0            0           0            0                    0                0
      -------------------------------------------------------------------------------------------------
      Total              0            0           0            0                    0                0
      -------------------------------------------------------------------------------------------------
      
      Upsized: 0, Downsized: 0, Sized but same area: 0, Unchanged: 0, Area change: 0.000um^2 (0.000%)
      Max. move: 0.000um, Min. move: 0.000um, Avg. move: N/A
      
      Clock DAG stats after 'PostConditioning Upsizing To Fix DRVs':
        cell counts      : b=4, i=0, icg=23, nicg=0, l=0, total=27
        cell areas       : b=3.990um^2, i=0.000um^2, icg=91.770um^2, nicg=0.000um^2, l=0.000um^2, total=95.760um^2
        cell capacitance : b=4.998fF, i=0.000fF, icg=41.681fF, nicg=0.000fF, l=0.000fF, total=46.678fF
        sink capacitance : count=255, total=249.034fF, avg=0.977fF, sd=0.000fF, min=0.977fF, max=0.977fF
        wire capacitance : top=0.000fF, trunk=36.333fF, leaf=71.891fF, total=108.225fF
        wire lengths     : top=0.000um, trunk=375.615um, leaf=708.070um, total=1083.685um
        hp wire lengths  : top=0.000um, trunk=225.640um, leaf=495.890um, total=721.530um
      Clock DAG net violations after 'PostConditioning Upsizing To Fix DRVs': none
      Clock DAG primary half-corner transition distribution after 'PostConditioning Upsizing To Fix DRVs':
        Trunk : target=0.080ns count=4 avg=0.021ns sd=0.013ns min=0.002ns max=0.029ns {4 <= 0.048ns, 0 <= 0.064ns, 0 <= 0.072ns, 0 <= 0.076ns, 0 <= 0.080ns}
        Leaf  : target=0.080ns count=24 avg=0.032ns sd=0.004ns min=0.012ns max=0.036ns {24 <= 0.048ns, 0 <= 0.064ns, 0 <= 0.072ns, 0 <= 0.076ns, 0 <= 0.080ns}
      Clock DAG library cell distribution after 'PostConditioning Upsizing To Fix DRVs' {count}:
         Bufs: CLKBUF_X2: 3 CLKBUF_X1: 1 
         ICGs: CLKGATETST_X1: 23 
      Primary reporting skew groups after 'PostConditioning Upsizing To Fix DRVs':
        skew_group MY_CLK: insertion delay [min=0.087, max=0.118, avg=0.111, sd=0.004], skew [0.031 vs 0.500], 100% {0.087, 0.118} (wid=0.003 ws=0.003) (gid=0.115 gs=0.029)
      Skew group summary after 'PostConditioning Upsizing To Fix DRVs':
        skew_group MY_CLK: insertion delay [min=0.087, max=0.118, avg=0.111, sd=0.004], skew [0.031 vs 0.500], 100% {0.087, 0.118} (wid=0.003 ws=0.003) (gid=0.115 gs=0.029)
      Legalizer API calls during this step: 0 succeeded with high effort: 0 succeeded with medium effort: 0 succeeded with low effort: 0 succeeded with basic effort: 0 succeeded with basic unbounded effort: 0
    PostConditioning Upsizing To Fix DRVs done. (took cpu=0:00:00.0 real=0:00:00.0)
    Recomputing CTS skew targets...
    Resolving skew group constraints...
      Solving LP: 1 skew groups; 2 fragments, 2 fraglets and 3 vertices; 21 variables and 54 constraints; tolerance 1
    Resolving skew group constraints done.
    Recomputing CTS skew targets done. (took cpu=0:00:00.0 real=0:00:00.0)
    PostConditioning Fixing DRVs...
      Fixing clock tree DRVs: ...20% ...40% ...60% ...80% ...100% 
      CCOpt-PostConditioning: considered: 28, tested: 28, violation detected: 0, violation ignored (due to small violation): 0, cannot run: 0, attempted: 0, unsuccessful: 0, sized: 0
      
      PRO Statistics: Fix DRVs (cell sizing):
      =======================================
      
      Cell changes by Net Type:
      
      -------------------------------------------------------------------------------------------------
      Net Type    Attempted    Upsized     Downsized    Swapped Same Size    Total Changed    Not Sized
      -------------------------------------------------------------------------------------------------
      top                0            0           0            0                    0                0
      trunk              0            0           0            0                    0                0
      leaf               0            0           0            0                    0                0
      -------------------------------------------------------------------------------------------------
      Total              0            0           0            0                    0                0
      -------------------------------------------------------------------------------------------------
      
      Upsized: 0, Downsized: 0, Sized but same area: 0, Unchanged: 0, Area change: 0.000um^2 (0.000%)
      Max. move: 0.000um, Min. move: 0.000um, Avg. move: N/A
      
      Clock DAG stats after 'PostConditioning Fixing DRVs':
        cell counts      : b=4, i=0, icg=23, nicg=0, l=0, total=27
        cell areas       : b=3.990um^2, i=0.000um^2, icg=91.770um^2, nicg=0.000um^2, l=0.000um^2, total=95.760um^2
        cell capacitance : b=4.998fF, i=0.000fF, icg=41.681fF, nicg=0.000fF, l=0.000fF, total=46.678fF
        sink capacitance : count=255, total=249.034fF, avg=0.977fF, sd=0.000fF, min=0.977fF, max=0.977fF
        wire capacitance : top=0.000fF, trunk=36.333fF, leaf=71.891fF, total=108.225fF
        wire lengths     : top=0.000um, trunk=375.615um, leaf=708.070um, total=1083.685um
        hp wire lengths  : top=0.000um, trunk=225.640um, leaf=495.890um, total=721.530um
      Clock DAG net violations after 'PostConditioning Fixing DRVs': none
      Clock DAG primary half-corner transition distribution after 'PostConditioning Fixing DRVs':
        Trunk : target=0.080ns count=4 avg=0.021ns sd=0.013ns min=0.002ns max=0.029ns {4 <= 0.048ns, 0 <= 0.064ns, 0 <= 0.072ns, 0 <= 0.076ns, 0 <= 0.080ns}
        Leaf  : target=0.080ns count=24 avg=0.032ns sd=0.004ns min=0.012ns max=0.036ns {24 <= 0.048ns, 0 <= 0.064ns, 0 <= 0.072ns, 0 <= 0.076ns, 0 <= 0.080ns}
      Clock DAG library cell distribution after 'PostConditioning Fixing DRVs' {count}:
         Bufs: CLKBUF_X2: 3 CLKBUF_X1: 1 
         ICGs: CLKGATETST_X1: 23 
      Primary reporting skew groups after 'PostConditioning Fixing DRVs':
        skew_group MY_CLK: insertion delay [min=0.087, max=0.118, avg=0.111, sd=0.004], skew [0.031 vs 0.500], 100% {0.087, 0.118} (wid=0.003 ws=0.003) (gid=0.115 gs=0.029)
      Skew group summary after 'PostConditioning Fixing DRVs':
        skew_group MY_CLK: insertion delay [min=0.087, max=0.118, avg=0.111, sd=0.004], skew [0.031 vs 0.500], 100% {0.087, 0.118} (wid=0.003 ws=0.003) (gid=0.115 gs=0.029)
      Legalizer API calls during this step: 0 succeeded with high effort: 0 succeeded with medium effort: 0 succeeded with low effort: 0 succeeded with basic effort: 0 succeeded with basic unbounded effort: 0
    PostConditioning Fixing DRVs done. (took cpu=0:00:00.0 real=0:00:00.0)
    Buffering to fix DRVs...
    Fixing DRVs with route buffering pass 1. Quick buffering: enabled
    Rebuffering to fix clock tree DRVs: ...20% ...40% ...60% ...80% ...100% 
    Inserted 0 buffers and inverters.
    success count. Default: 0, QS: 0, QD: 0, FS: 0, MQS: 0
    CCOpt-PostConditioning: nets considered: 28, nets tested: 28, nets violation detected: 0, nets violation ignored (due to small violation): 0, nets cannot run: 0, nets attempted: 0, nets unsuccessful: 0, buffered: 0
    Clock DAG stats PostConditioning after re-buffering DRV fixing:
      cell counts      : b=4, i=0, icg=23, nicg=0, l=0, total=27
      cell areas       : b=3.990um^2, i=0.000um^2, icg=91.770um^2, nicg=0.000um^2, l=0.000um^2, total=95.760um^2
      cell capacitance : b=4.998fF, i=0.000fF, icg=41.681fF, nicg=0.000fF, l=0.000fF, total=46.678fF
      sink capacitance : count=255, total=249.034fF, avg=0.977fF, sd=0.000fF, min=0.977fF, max=0.977fF
      wire capacitance : top=0.000fF, trunk=36.333fF, leaf=71.891fF, total=108.225fF
      wire lengths     : top=0.000um, trunk=375.615um, leaf=708.070um, total=1083.685um
      hp wire lengths  : top=0.000um, trunk=225.640um, leaf=495.890um, total=721.530um
    Clock DAG net violations PostConditioning after re-buffering DRV fixing: none
    Clock DAG primary half-corner transition distribution PostConditioning after re-buffering DRV fixing:
      Trunk : target=0.080ns count=4 avg=0.021ns sd=0.013ns min=0.002ns max=0.029ns {4 <= 0.048ns, 0 <= 0.064ns, 0 <= 0.072ns, 0 <= 0.076ns, 0 <= 0.080ns}
      Leaf  : target=0.080ns count=24 avg=0.032ns sd=0.004ns min=0.012ns max=0.036ns {24 <= 0.048ns, 0 <= 0.064ns, 0 <= 0.072ns, 0 <= 0.076ns, 0 <= 0.080ns}
    Clock DAG library cell distribution PostConditioning after re-buffering DRV fixing {count}:
       Bufs: CLKBUF_X2: 3 CLKBUF_X1: 1 
       ICGs: CLKGATETST_X1: 23 
    Primary reporting skew groups PostConditioning after re-buffering DRV fixing:
      skew_group MY_CLK: insertion delay [min=0.087, max=0.118, avg=0.111, sd=0.004], skew [0.031 vs 0.500], 100% {0.087, 0.118} (wid=0.003 ws=0.003) (gid=0.115 gs=0.029)
    Skew group summary PostConditioning after re-buffering DRV fixing:
      skew_group MY_CLK: insertion delay [min=0.087, max=0.118, avg=0.111, sd=0.004], skew [0.031 vs 0.500], 100% {0.087, 0.118} (wid=0.003 ws=0.003) (gid=0.115 gs=0.029)
    Buffering to fix DRVs done. (took cpu=0:00:00.0 real=0:00:00.0)
    PostConditioning Fixing Skew by cell sizing...
      Resized 0 clock insts to decrease delay.
      Resized 0 clock insts to increase delay.
      
      PRO Statistics: Fix Skew (cell sizing):
      =======================================
      
      Cell changes by Net Type:
      
      -------------------------------------------------------------------------------------------------
      Net Type    Attempted    Upsized     Downsized    Swapped Same Size    Total Changed    Not Sized
      -------------------------------------------------------------------------------------------------
      top                0            0           0            0                    0                0
      trunk              0            0           0            0                    0                0
      leaf               0            0           0            0                    0                0
      -------------------------------------------------------------------------------------------------
      Total              0            0           0            0                    0                0
      -------------------------------------------------------------------------------------------------
      
      Upsized: 0, Downsized: 0, Sized but same area: 0, Unchanged: 0, Area change: 0.000um^2 (0.000%)
      Max. move: 0.000um, Min. move: 0.000um, Avg. move: N/A
      
      Clock DAG stats after 'PostConditioning Fixing Skew by cell sizing':
        cell counts      : b=4, i=0, icg=23, nicg=0, l=0, total=27
        cell areas       : b=3.990um^2, i=0.000um^2, icg=91.770um^2, nicg=0.000um^2, l=0.000um^2, total=95.760um^2
        cell capacitance : b=4.998fF, i=0.000fF, icg=41.681fF, nicg=0.000fF, l=0.000fF, total=46.678fF
        sink capacitance : count=255, total=249.034fF, avg=0.977fF, sd=0.000fF, min=0.977fF, max=0.977fF
        wire capacitance : top=0.000fF, trunk=36.333fF, leaf=71.891fF, total=108.225fF
        wire lengths     : top=0.000um, trunk=375.615um, leaf=708.070um, total=1083.685um
        hp wire lengths  : top=0.000um, trunk=225.640um, leaf=495.890um, total=721.530um
      Clock DAG net violations after 'PostConditioning Fixing Skew by cell sizing': none
      Clock DAG primary half-corner transition distribution after 'PostConditioning Fixing Skew by cell sizing':
        Trunk : target=0.080ns count=4 avg=0.021ns sd=0.013ns min=0.002ns max=0.029ns {4 <= 0.048ns, 0 <= 0.064ns, 0 <= 0.072ns, 0 <= 0.076ns, 0 <= 0.080ns}
        Leaf  : target=0.080ns count=24 avg=0.032ns sd=0.004ns min=0.012ns max=0.036ns {24 <= 0.048ns, 0 <= 0.064ns, 0 <= 0.072ns, 0 <= 0.076ns, 0 <= 0.080ns}
      Clock DAG library cell distribution after 'PostConditioning Fixing Skew by cell sizing' {count}:
         Bufs: CLKBUF_X2: 3 CLKBUF_X1: 1 
         ICGs: CLKGATETST_X1: 23 
      Primary reporting skew groups after 'PostConditioning Fixing Skew by cell sizing':
        skew_group MY_CLK: insertion delay [min=0.087, max=0.118, avg=0.111, sd=0.004], skew [0.031 vs 0.500], 100% {0.087, 0.118} (wid=0.003 ws=0.003) (gid=0.115 gs=0.029)
      Skew group summary after 'PostConditioning Fixing Skew by cell sizing':
        skew_group MY_CLK: insertion delay [min=0.087, max=0.118, avg=0.111, sd=0.004], skew [0.031 vs 0.500], 100% {0.087, 0.118} (wid=0.003 ws=0.003) (gid=0.115 gs=0.029)
      Legalizer API calls during this step: 0 succeeded with high effort: 0 succeeded with medium effort: 0 succeeded with low effort: 0 succeeded with basic effort: 0 succeeded with basic unbounded effort: 0
    PostConditioning Fixing Skew by cell sizing done. (took cpu=0:00:00.0 real=0:00:00.0)
    Reconnecting optimized routes...
    Reset timing graph...
Ignoring AAE DB Resetting ...
    Reset timing graph done.
    Reconnecting optimized routes done. (took cpu=0:00:00.0 real=0:00:00.0)
Skipping refinePlace: no changes were made during DRV and/or skew fixing steps so it is unnecessary.
    Set dirty flag on 0 instances, 0 nets
  PostConditioning done.
Net route status summary:
  Clock:        28 (unrouted=0, trialRouted=0, noStatus=0, routed=0, fixed=28, [crossesIlmBoundary=0, tooFewTerms=0, (crossesIlmBoundary AND tooFewTerms=0)])
  Non-clock:  3986 (unrouted=80, trialRouted=3906, noStatus=0, routed=0, fixed=0, [crossesIlmBoundary=0, tooFewTerms=80, (crossesIlmBoundary AND tooFewTerms=0)])
  Update timing and DAG stats after post-conditioning...
  Update timing and DAG stats after post-conditioning done. (took cpu=0:00:00.0 real=0:00:00.0)
  Clock tree timing engine global stage delay update for my_delay:both.late...
  Clock tree timing engine global stage delay update for my_delay:both.late done. (took cpu=0:00:00.1 real=0:00:00.1)
  Clock DAG stats after post-conditioning:
    cell counts      : b=4, i=0, icg=23, nicg=0, l=0, total=27
    cell areas       : b=3.990um^2, i=0.000um^2, icg=91.770um^2, nicg=0.000um^2, l=0.000um^2, total=95.760um^2
    cell capacitance : b=4.998fF, i=0.000fF, icg=41.681fF, nicg=0.000fF, l=0.000fF, total=46.678fF
    sink capacitance : count=255, total=249.034fF, avg=0.977fF, sd=0.000fF, min=0.977fF, max=0.977fF
    wire capacitance : top=0.000fF, trunk=36.333fF, leaf=71.891fF, total=108.225fF
    wire lengths     : top=0.000um, trunk=375.615um, leaf=708.070um, total=1083.685um
    hp wire lengths  : top=0.000um, trunk=225.640um, leaf=495.890um, total=721.530um
  Clock DAG net violations after post-conditioning: none
  Clock DAG primary half-corner transition distribution after post-conditioning:
    Trunk : target=0.080ns count=4 avg=0.021ns sd=0.013ns min=0.002ns max=0.029ns {4 <= 0.048ns, 0 <= 0.064ns, 0 <= 0.072ns, 0 <= 0.076ns, 0 <= 0.080ns}
    Leaf  : target=0.080ns count=24 avg=0.032ns sd=0.004ns min=0.012ns max=0.036ns {24 <= 0.048ns, 0 <= 0.064ns, 0 <= 0.072ns, 0 <= 0.076ns, 0 <= 0.080ns}
  Clock DAG library cell distribution after post-conditioning {count}:
     Bufs: CLKBUF_X2: 3 CLKBUF_X1: 1 
     ICGs: CLKGATETST_X1: 23 
  Primary reporting skew groups after post-conditioning:
    skew_group MY_CLK: insertion delay [min=0.087, max=0.118, avg=0.111, sd=0.004], skew [0.031 vs 0.500], 100% {0.087, 0.118} (wid=0.003 ws=0.003) (gid=0.115 gs=0.029)
  Skew group summary after post-conditioning:
    skew_group MY_CLK: insertion delay [min=0.087, max=0.118, avg=0.111, sd=0.004], skew [0.031 vs 0.500], 100% {0.087, 0.118} (wid=0.003 ws=0.003) (gid=0.115 gs=0.029)
  CCOpt::Phase::PostConditioning done. (took cpu=0:00:00.3 real=0:00:00.3)
  Setting CTS place status to fixed for clock tree and sinks.
  Post-balance tidy up or trial balance steps...
  
  Clock DAG stats at end of CTS:
  ==============================
  
  ------------------------------------------------------------
  Cell type                     Count    Area      Capacitance
  ------------------------------------------------------------
  Buffers                         4       3.990       4.998
  Inverters                       0       0.000       0.000
  Integrated Clock Gates         23      91.770      41.681
  Non-Integrated Clock Gates      0       0.000       0.000
  Clock Logic                     0       0.000       0.000
  All                            27      95.760      46.678
  ------------------------------------------------------------
  
  
  Clock DAG wire lengths at end of CTS:
  =====================================
  
  --------------------
  Type     Wire Length
  --------------------
  Top          0.000
  Trunk      375.615
  Leaf       708.070
  Total     1083.685
  --------------------
  
  
  Clock DAG hp wire lengths at end of CTS:
  ========================================
  
  -----------------------
  Type     hp Wire Length
  -----------------------
  Top           0.000
  Trunk       225.640
  Leaf        495.890
  Total       721.530
  -----------------------
  
  
  Clock DAG capacitances at end of CTS:
  =====================================
  
  --------------------------------------
  Type     Gate       Wire       Total
  --------------------------------------
  Top        0.000      0.000      0.000
  Trunk     46.678     36.333     83.012
  Leaf     249.034     71.891    320.926
  Total    295.712    108.225    403.937
  --------------------------------------
  
  
  Clock DAG sink capacitances at end of CTS:
  ==========================================
  
  ----------------------------------------------------------
  Count    Total      Average    Std. Dev.    Min      Max
  ----------------------------------------------------------
   255     249.034     0.977       0.000      0.977    0.977
  ----------------------------------------------------------
  
  
  Clock DAG net violations at end of CTS:
  =======================================
  
  None
  
  
  Clock DAG primary half-corner transition distribution at end of CTS:
  ====================================================================
  
  ---------------------------------------------------------------------------------------------------------------------------------------------------------------
  Net Type    Target    Count    Average    Std. Dev.    Min      Max      Distribution                                                               Over Target
  ---------------------------------------------------------------------------------------------------------------------------------------------------------------
  Trunk       0.080       4       0.021       0.013      0.002    0.029    {4 <= 0.048ns, 0 <= 0.064ns, 0 <= 0.072ns, 0 <= 0.076ns, 0 <= 0.080ns}          -
  Leaf        0.080      24       0.032       0.004      0.012    0.036    {24 <= 0.048ns, 0 <= 0.064ns, 0 <= 0.072ns, 0 <= 0.076ns, 0 <= 0.080ns}         -
  ---------------------------------------------------------------------------------------------------------------------------------------------------------------
  
  
  Clock DAG library cell distribution at end of CTS:
  ==================================================
  
  ----------------------------------------------
  Name             Type      Inst     Inst Area 
                             Count    (um^2)
  ----------------------------------------------
  CLKBUF_X2        buffer      3         3.192
  CLKBUF_X1        buffer      1         0.798
  CLKGATETST_X1    icg        23        91.770
  ----------------------------------------------
  
  
  Primary reporting skew groups summary at end of CTS:
  ====================================================
  
  --------------------------------------------------------------------------------------------------------------------------------------------------------------
  Half-corner           Skew Group    Min ID    Max ID    Skew     Skew target    Wire skew    Worst sink skew    Average ID    Std.Dev    Skew window occupancy
  --------------------------------------------------------------------------------------------------------------------------------------------------------------
  my_delay:both.late    MY_CLK        0.087     0.118     0.031       0.500         0.003           0.001           0.111        0.004     100% {0.087, 0.118}
  --------------------------------------------------------------------------------------------------------------------------------------------------------------
  
  
  Skew group summary at end of CTS:
  =================================
  
  --------------------------------------------------------------------------------------------------------------------------------------------------------------
  Half-corner           Skew Group    Min ID    Max ID    Skew     Skew target    Wire skew    Worst sink skew    Average ID    Std.Dev    Skew window occupancy
  --------------------------------------------------------------------------------------------------------------------------------------------------------------
  my_delay:both.late    MY_CLK        0.087     0.118     0.031       0.500         0.003           0.001           0.111        0.004     100% {0.087, 0.118}
  --------------------------------------------------------------------------------------------------------------------------------------------------------------
  
  
  Found a total of 0 clock tree pins with a slew violation.
  
  Post-balance tidy up or trial balance steps done. (took cpu=0:00:00.0 real=0:00:00.0)
Synthesizing clock trees done.
Tidy Up And Update Timing...
External - Set all clocks to propagated mode...
**WARN: (IMPCCOPT-2015):	Innovus will not update I/O latencies for the following reason(s):
 * The following are in propagated mode:
   - Root pin CLK of SDC clock CLK in view MyAnView

Setting all clocks to propagated mode.
SDC_layout
External - Set all clocks to propagated mode done. (took cpu=0:00:00.3 real=0:00:00.3)
Clock DAG stats after update timingGraph:
  cell counts      : b=4, i=0, icg=23, nicg=0, l=0, total=27
  cell areas       : b=3.990um^2, i=0.000um^2, icg=91.770um^2, nicg=0.000um^2, l=0.000um^2, total=95.760um^2
  cell capacitance : b=4.998fF, i=0.000fF, icg=41.681fF, nicg=0.000fF, l=0.000fF, total=46.678fF
  sink capacitance : count=255, total=249.034fF, avg=0.977fF, sd=0.000fF, min=0.977fF, max=0.977fF
  wire capacitance : top=0.000fF, trunk=36.333fF, leaf=71.891fF, total=108.225fF
  wire lengths     : top=0.000um, trunk=375.615um, leaf=708.070um, total=1083.685um
  hp wire lengths  : top=0.000um, trunk=225.640um, leaf=495.890um, total=721.530um
Clock DAG net violations after update timingGraph: none
Clock DAG primary half-corner transition distribution after update timingGraph:
  Trunk : target=0.080ns count=4 avg=0.021ns sd=0.013ns min=0.002ns max=0.029ns {4 <= 0.048ns, 0 <= 0.064ns, 0 <= 0.072ns, 0 <= 0.076ns, 0 <= 0.080ns}
  Leaf  : target=0.080ns count=24 avg=0.032ns sd=0.004ns min=0.012ns max=0.036ns {24 <= 0.048ns, 0 <= 0.064ns, 0 <= 0.072ns, 0 <= 0.076ns, 0 <= 0.080ns}
Clock DAG library cell distribution after update timingGraph {count}:
   Bufs: CLKBUF_X2: 3 CLKBUF_X1: 1 
   ICGs: CLKGATETST_X1: 23 
Primary reporting skew groups after update timingGraph:
  skew_group MY_CLK: insertion delay [min=0.087, max=0.118, avg=0.111, sd=0.004], skew [0.031 vs 0.500], 100% {0.087, 0.118} (wid=0.003 ws=0.003) (gid=0.115 gs=0.029)
Skew group summary after update timingGraph:
  skew_group MY_CLK: insertion delay [min=0.087, max=0.118, avg=0.111, sd=0.004], skew [0.031 vs 0.500], 100% {0.087, 0.118} (wid=0.003 ws=0.003) (gid=0.115 gs=0.029)
Logging CTS constraint violations...
  No violations found.
Logging CTS constraint violations done.
Tidy Up And Update Timing done. (took cpu=0:00:00.3 real=0:00:00.3)
Runtime done. (took cpu=0:00:19.9 real=0:00:19.9)
Runtime Summary
===============
Clock Runtime:  (64%) Core CTS          12.84 (Init 3.19, Construction 2.44, Implementation 5.94, eGRPC 0.71, PostConditioning 0.32, Other 0.24)
Clock Runtime:  (26%) CTS services       5.23 (RefinePlace 0.55, EarlyGlobalClock 0.65, NanoRoute 3.03, ExtractRC 1.01, TimingAnalysis 0.00)
Clock Runtime:   (8%) Other CTS          1.75 (Init 0.56, CongRepair/EGR-DP 0.88, TimingUpdate 0.31, Other 0.00)
Clock Runtime: (100%) Total             19.82

Synthesizing clock trees with CCOpt done.
**WARN: (IMPSP-9025):	No scan chain specified/traced.
Type 'man IMPSP-9025' for more detail.
**optDesign ... cpu = 0:00:00, real = 0:00:00, mem = 1055.1M, totSessionCpu=0:20:45 **
**INFO: setDesignMode -flowEffort standard -> setting 'setOptMode -allEndPoints true' for the duration of this command.
Need call spDPlaceInit before registerPrioInstLoc.
GigaOpt running with 1 threads.
**optDesign ... cpu = 0:00:01, real = 0:00:01, mem = 1059.4M, totSessionCpu=0:20:46 **
*** optDesign -postCTS ***
DRC Margin: user margin 0.0; extra margin 0.2
Hold Target Slack: user slack 0
Setup Target Slack: user slack 0; extra slack 0.0
setUsefulSkewMode -ecoRoute false
Multi-VT timing optimization disabled based on library information.
Start to check current routing status for nets...
All nets are already routed correctly.
End to check current routing status for nets (mem=1309.6M)
Compute RC Scale Done ...
Starting delay calculation for Setup views
#################################################################################
# Design Stage: PreRoute
# Design Name: myfir
# Design Mode: 45nm
# Analysis Mode: MMMC Non-OCV 
# Parasitics Mode: No SPEF/RCDB 
# Signoff Settings: SI Off 
#################################################################################
Calculate delays in Single mode...
Start delay calculation (fullDC) (1 T). (MEM=1456.09)
Total number of fetched objects 4222
End delay calculation. (MEM=1435.59 CPU=0:00:02.5 REAL=0:00:03.0)
End delay calculation (fullDC). (MEM=1435.59 CPU=0:00:02.9 REAL=0:00:03.0)
*** Done Building Timing Graph (cpu=0:00:03.3 real=0:00:03.0 totSessionCpu=0:20:50 mem=1435.6M)

------------------------------------------------------------
             Initial Summary                             
------------------------------------------------------------

Setup views included:
 MyAnView 

+--------------------+---------+---------+---------+---------+
|     Setup mode     |   all   | reg2reg |reg2cgate| default |
+--------------------+---------+---------+---------+---------+
|           WNS (ns):|  4.405  |  4.405  |  7.216  |  6.712  |
|           TNS (ns):|  0.000  |  0.000  |  0.000  |  0.000  |
|    Violating Paths:|    0    |    0    |    0    |    0    |
|          All Paths:|   539   |   119   |   11    |   409   |
+--------------------+---------+---------+---------+---------+

+----------------+-------------------------------+------------------+
|                |              Real             |       Total      |
|    DRVs        +------------------+------------+------------------|
|                |  Nr nets(terms)  | Worst Vio  |  Nr nets(terms)  |
+----------------+------------------+------------+------------------+
|   max_cap      |      0 (0)       |   0.000    |      0 (0)       |
|   max_tran     |      0 (0)       |   0.000    |      0 (0)       |
|   max_fanout   |      0 (0)       |     0      |      0 (0)       |
|   max_length   |      0 (0)       |     0      |      0 (0)       |
+----------------+------------------+------------+------------------+

Density: 69.653%
------------------------------------------------------------
**optDesign ... cpu = 0:00:05, real = 0:00:05, mem = 1147.5M, totSessionCpu=0:20:50 **
** INFO : this run is activating low effort ccoptDesign flow
*** Starting optimizing excluded clock nets MEM= 1365.9M) ***
*info: No excluded clock nets to be optimized.
*** Finished optimizing excluded clock nets (CPU Time= 0:00:00.0  MEM= 1365.9M) ***
*** Starting optimizing excluded clock nets MEM= 1365.9M) ***
*info: No excluded clock nets to be optimized.
*** Finished optimizing excluded clock nets (CPU Time= 0:00:00.0  MEM= 1365.9M) ***
Info: Done creating the CCOpt slew target map.
Begin: GigaOpt high fanout net optimization
Info: 28 nets with fixed/cover wires excluded.
Info: 28 clock nets excluded from IPO operation.
*** DrvOpt [begin] : cpu/real = 0:00:00.0/0:00:00.0 (0.0), totSession cpu/real = 0:20:50.6/0:53:30.2 (0.4), mem = 1365.9M
*** DrvOpt [finish] : cpu/real = 0:00:03.7/0:00:03.7 (1.0), totSession cpu/real = 0:20:54.3/0:53:33.9 (0.4), mem = 1389.9M
End: GigaOpt high fanout net optimization
Begin: GigaOpt Global Optimization
*info: use new DP (enabled)
Info: 28 nets with fixed/cover wires excluded.
Info: 28 clock nets excluded from IPO operation.
*** SetupOpt [begin] : cpu/real = 0:00:00.0/0:00:00.0 (0.0), totSession cpu/real = 0:20:54.5/0:53:34.1 (0.4), mem = 1389.9M
*info: 28 clock nets excluded
*info: 2 special nets excluded.
*info: 78 no-driver nets excluded.
*info: 28 nets with fixed/cover wires excluded.
** GigaOpt Global Opt WNS Slack 0.000  TNS Slack 0.000 
+--------+--------+----------+------------+--------+----------+---------+--------------------------------------+
|  WNS   |  TNS   | Density  |    Real    |  Mem   |Worst View|Pathgroup|              End Point               |
+--------+--------+----------+------------+--------+----------+---------+--------------------------------------+
|   0.000|   0.000|    69.65%|   0:00:00.0| 1408.9M|  MyAnView|       NA| NA                                   |
+--------+--------+----------+------------+--------+----------+---------+--------------------------------------+

*** Finish post-CTS Global Setup Fixing (cpu=0:00:00.0 real=0:00:00.0 mem=1408.9M) ***

*** Finish post-CTS Setup Fixing (cpu=0:00:00.0 real=0:00:00.0 mem=1408.9M) ***
Bottom Preferred Layer:
+---------------+------------+----------+
|     Layer     |    CLK     |   Rule   |
+---------------+------------+----------+
| metal3 (z=3)  |         28 | default  |
+---------------+------------+----------+
Via Pillar Rule:
    None
** GigaOpt Global Opt End WNS Slack 0.000  TNS Slack 0.000 
*** SetupOpt [finish] : cpu/real = 0:00:08.5/0:00:08.5 (1.0), totSession cpu/real = 0:21:03.0/0:53:42.6 (0.4), mem = 1389.9M
End: GigaOpt Global Optimization
*** Timing Is met
*** Check timing (0:00:00.0)
Info: 28 nets with fixed/cover wires excluded.
Info: 28 clock nets excluded from IPO operation.
Info: 28 nets with fixed/cover wires excluded.
Info: 28 clock nets excluded from IPO operation.
Begin: Area Reclaim Optimization
*** AreaOpt [begin] : cpu/real = 0:00:00.0/0:00:00.0 (0.0), totSession cpu/real = 0:21:03.8/0:53:43.4 (0.4), mem = 1408.0M
Usable buffer cells for single buffer setup transform:
CLKBUF_X1 BUF_X1 CLKBUF_X2 BUF_X2 CLKBUF_X3 BUF_X4 BUF_X8 BUF_X16 BUF_X32 
Number of usable buffer cells above: 9
Reclaim Optimization WNS Slack 0.020  TNS Slack 0.000 Density 69.65
+----------+---------+--------+--------+------------+--------+
| Density  | Commits |  WNS   |  TNS   |    Real    |  Mem   |
+----------+---------+--------+--------+------------+--------+
|    69.65%|        -|   0.020|   0.000|   0:00:00.0| 1408.0M|
|    69.65%|        3|   0.020|   0.000|   0:00:01.0| 1450.6M|
|    69.65%|        0|   0.020|   0.000|   0:00:00.0| 1450.6M|
|    69.65%|        0|   0.020|   0.000|   0:00:00.0| 1450.6M|
|    69.64%|        1|   0.020|   0.000|   0:00:01.0| 1450.6M|
|    69.64%|        0|   0.020|   0.000|   0:00:00.0| 1450.6M|
|    69.64%|        0|   0.020|   0.000|   0:00:00.0| 1450.6M|
+----------+---------+--------+--------+------------+--------+
Reclaim Optimization End WNS Slack 0.020  TNS Slack 0.000 Density 69.64
Bottom Preferred Layer:
+---------------+------------+----------+
|     Layer     |    CLK     |   Rule   |
+---------------+------------+----------+
| metal3 (z=3)  |         28 | default  |
+---------------+------------+----------+
Via Pillar Rule:
    None
End: Core Area Reclaim Optimization (cpu = 0:00:03.5) (real = 0:00:04.0) **
*** Starting refinePlace (0:21:07 mem=1450.6M) ***
Total net bbox length = 2.845e+04 (1.238e+04 1.607e+04) (ext = 2.146e+03)
Move report: Detail placement moves 0 insts, mean move: 0.00 um, max move: 0.00 um
	Runtime: CPU: 0:00:00.1 REAL: 0:00:00.0 MEM: 1450.6MB
Summary Report:
Instances move: 0 (out of 3121 movable)
Instances flipped: 0
Mean displacement: 0.00 um
Max displacement: 0.00 um 
Total net bbox length = 2.845e+04 (1.238e+04 1.607e+04) (ext = 2.146e+03)
Runtime: CPU: 0:00:00.1 REAL: 0:00:00.0 MEM: 1450.6MB
*** Finished refinePlace (0:21:07 mem=1450.6M) ***
*** maximum move = 0.00 um ***
*** Finished re-routing un-routed nets (1450.6M) ***

*** Finish Physical Update (cpu=0:00:00.3 real=0:00:00.0 mem=1450.6M) ***
*** AreaOpt [finish] : cpu/real = 0:00:03.5/0:00:03.4 (1.0), totSession cpu/real = 0:21:07.2/0:53:46.8 (0.4), mem = 1450.6M
End: Area Reclaim Optimization (cpu=0:00:04, real=0:00:04, mem=1391.53M, totSessionCpu=0:21:07).
[NR-eGR] Track table information for default rule: 
[NR-eGR] metal1 has no routable track
[NR-eGR] metal2 has single uniform track structure
[NR-eGR] metal3 has single uniform track structure
[NR-eGR] metal4 has single uniform track structure
[NR-eGR] metal5 has single uniform track structure
[NR-eGR] metal6 has single uniform track structure
[NR-eGR] metal7 has single uniform track structure
[NR-eGR] metal8 has single uniform track structure
[NR-eGR] metal9 has single uniform track structure
[NR-eGR] metal10 has single uniform track structure
[NR-eGR] Read 154 PG shapes
[NR-eGR] #Routing Blockages  : 0
[NR-eGR] #Instance Blockages : 0
[NR-eGR] #PG Blockages       : 154
[NR-eGR] #Halo Blockages     : 0
[NR-eGR] #Boundary Blockages : 0
[NR-eGR] Num Prerouted Nets = 28  Num Prerouted Wires = 860
[NR-eGR] Read numTotalNets=3934  numIgnoredNets=28
[NR-eGR] ============ Routing rule table ============
[NR-eGR] Rule id: 0  Nets: 0 
[NR-eGR] Rule id: 1  Nets: 3906 
[NR-eGR] ========================================
[NR-eGR] 
[NR-eGR] Layer group 1: route 3906 net(s) in layer range [2, 10]
[NR-eGR] Early Global Route overflow of layer group 1: 0.00% H + 0.00% V. EstWL: 3.046820e+04um
[NR-eGR] Congestion Analysis By layer: (blocked Gcells are excluded) 
[NR-eGR]                        OverCon            
[NR-eGR]                         #Gcell     %Gcell
[NR-eGR]       Layer                (1)    OverCon 
[NR-eGR] ----------------------------------------------
[NR-eGR]  metal1  (1)         0( 0.00%)   ( 0.00%) 
[NR-eGR]  metal2  (2)         1( 0.02%)   ( 0.02%) 
[NR-eGR]  metal3  (3)         0( 0.00%)   ( 0.00%) 
[NR-eGR]  metal4  (4)         0( 0.00%)   ( 0.00%) 
[NR-eGR]  metal5  (5)         0( 0.00%)   ( 0.00%) 
[NR-eGR]  metal6  (6)         0( 0.00%)   ( 0.00%) 
[NR-eGR]  metal7  (7)         0( 0.00%)   ( 0.00%) 
[NR-eGR]  metal8  (8)         0( 0.00%)   ( 0.00%) 
[NR-eGR]  metal9  (9)         0( 0.00%)   ( 0.00%) 
[NR-eGR] metal10 (10)         0( 0.00%)   ( 0.00%) 
[NR-eGR] ----------------------------------------------
[NR-eGR] Total                1( 0.00%)   ( 0.00%) 
[NR-eGR] 
[NR-eGR] Overflow after Early Global Route (GR compatible) 0.00% H + 0.00% V
[NR-eGR] Overflow after Early Global Route 0.00% H + 0.00% V
[NR-eGR] Started Export DB wires ( Curr Mem: 1391.53 MB )
[NR-eGR] Started Export all nets ( Curr Mem: 1391.53 MB )
[NR-eGR] Finished Export all nets ( CPU: 0.04 sec, Real: 0.04 sec, Curr Mem: 1391.53 MB )
[NR-eGR] Started Set wire vias ( Curr Mem: 1391.53 MB )
[NR-eGR] Finished Set wire vias ( CPU: 0.01 sec, Real: 0.01 sec, Curr Mem: 1391.53 MB )
[NR-eGR] Finished Export DB wires ( CPU: 0.05 sec, Real: 0.05 sec, Curr Mem: 1391.53 MB )
[NR-eGR] --------------------------------------------------------------------------
[NR-eGR] metal1  (1F) length: 0.000000e+00um, number of vias: 12303
[NR-eGR] metal2  (2V) length: 9.499170e+03um, number of vias: 14858
[NR-eGR] metal3  (3H) length: 1.374256e+04um, number of vias: 5396
[NR-eGR] metal4  (4V) length: 8.038940e+03um, number of vias: 453
[NR-eGR] metal5  (5H) length: 9.168150e+02um, number of vias: 428
[NR-eGR] metal6  (6V) length: 1.845380e+03um, number of vias: 14
[NR-eGR] metal7  (7H) length: 6.635000e+00um, number of vias: 9
[NR-eGR] metal8  (8V) length: 4.365000e+01um, number of vias: 3
[NR-eGR] metal9  (9H) length: 6.025000e+00um, number of vias: 2
[NR-eGR] metal10 (10V) length: 1.480000e+00um, number of vias: 0
[NR-eGR] Total length: 3.410066e+04um, number of vias: 33466
[NR-eGR] --------------------------------------------------------------------------
[NR-eGR] Total eGR-routed clock nets wire length: 0.000000e+00um 
[NR-eGR] --------------------------------------------------------------------------
[NR-eGR] Finished Early Global Route kernel ( CPU: 0.40 sec, Real: 0.40 sec, Curr Mem: 1378.01 MB )
Extraction called for design 'myfir' of instances=3148 and nets=4014 using extraction engine 'preRoute' .
PreRoute RC Extraction called for design myfir.
RC Extraction called in multi-corner(1) mode.
RCMode: PreRoute
      RC Corner Indexes            0   
Capacitance Scaling Factor   : 1.00000 
Resistance Scaling Factor    : 1.00000 
Clock Cap. Scaling Factor    : 1.00000 
Clock Res. Scaling Factor    : 1.00000 
Shrink Factor                : 1.00000
PreRoute extraction is honoring NDR/Shielding/ExtraSpace for clock nets.
Using capacitance table file ...
Updating RC grid for preRoute extraction ...
Initializing multi-corner capacitance tables ... 
Initializing multi-corner resistance tables ...
PreRoute RC Extraction DONE (CPU Time: 0:00:00.3  Real Time: 0:00:00.0  MEM: 1378.012M)
Compute RC Scale Done ...
[hotspot] +------------+---------------+---------------+
[hotspot] |            |   max hotspot | total hotspot |
[hotspot] +------------+---------------+---------------+
[hotspot] | normalized |          0.00 |          0.00 |
[hotspot] +------------+---------------+---------------+
Local HotSpot Analysis: normalized max congestion hotspot area = 0.00, normalized total congestion hotspot area = 0.00 (area is in unit of 4 std-cell row bins)
#################################################################################
# Design Stage: PreRoute
# Design Name: myfir
# Design Mode: 45nm
# Analysis Mode: MMMC Non-OCV 
# Parasitics Mode: No SPEF/RCDB 
# Signoff Settings: SI Off 
#################################################################################
Calculate delays in Single mode...
Start delay calculation (fullDC) (1 T). (MEM=1380.03)
Total number of fetched objects 4222
End delay calculation. (MEM=1407.97 CPU=0:00:02.9 REAL=0:00:03.0)
End delay calculation (fullDC). (MEM=1407.97 CPU=0:00:03.3 REAL=0:00:03.0)
Begin: GigaOpt postEco DRV Optimization
Info: 28 nets with fixed/cover wires excluded.
Info: 28 clock nets excluded from IPO operation.
*** DrvOpt [begin] : cpu/real = 0:00:00.0/0:00:00.0 (0.0), totSession cpu/real = 0:21:12.4/0:53:52.0 (0.4), mem = 1408.0M
+-------------------------------------------------------------------------------------------------------------------------------------------------------+
|        max-tran       |        max-cap        |  max-fanout |  max-length |       setup       |        |        |        |       |          |         |
+-------------------------------------------------------------------------------------------------------------------------------------------------------+
| nets | terms|  wViol  | nets | terms|  wViol  | nets | terms| nets | terms|   WNS   |   TNS   |  #Buf  |  #Inv  | #Resize|Density|   Real   |   Mem   |
+-------------------------------------------------------------------------------------------------------------------------------------------------------+
|     0|     0|     0.00|     0|     0|     0.00|     0|     0|     0|     0|     4.41|     0.00|       0|       0|       0|  69.64|          |         |
|     0|     0|     0.00|     0|     0|     0.00|     0|     0|     0|     0|     4.41|     0.00|       0|       0|       0|  69.64| 0:00:00.0|  1459.1M|
+-------------------------------------------------------------------------------------------------------------------------------------------------------+
Bottom Preferred Layer:
+---------------+------------+----------+
|     Layer     |    CLK     |   Rule   |
+---------------+------------+----------+
| metal3 (z=3)  |         28 | default  |
+---------------+------------+----------+
Via Pillar Rule:
    None

*** Finish DRV Fixing (cpu=0:00:00.2 real=0:00:00.0 mem=1459.1M) ***

*** DrvOpt [finish] : cpu/real = 0:00:03.5/0:00:03.5 (1.0), totSession cpu/real = 0:21:15.9/0:53:55.5 (0.4), mem = 1440.0M
End: GigaOpt postEco DRV Optimization
Running refinePlace -preserveRouting true -hardFence false
*** Starting refinePlace (0:21:16 mem=1440.0M) ***

Starting Small incrNP...
Density distribution unevenness ratio = 4.724%
Skipped incrNP (cpu=0:00:00.0, real=0:00:00.0, mem=1440.0M)
End of Small incrNP (cpu=0:00:00.0, real=0:00:00.0)
Move report: Detail placement moves 0 insts, mean move: 0.00 um, max move: 0.00 um
	Runtime: CPU: 0:00:00.1 REAL: 0:00:00.0 MEM: 1440.0MB
Summary Report:
Instances move: 0 (out of 3121 movable)
Instances flipped: 0
Mean displacement: 0.00 um
Max displacement: 0.00 um 
Runtime: CPU: 0:00:00.1 REAL: 0:00:00.0 MEM: 1440.0MB
*** Finished refinePlace (0:21:16 mem=1440.0M) ***

Active setup views:
 MyAnView
  Dominating endpoints: 0
  Dominating TNS: -0.000

Extraction called for design 'myfir' of instances=3148 and nets=4014 using extraction engine 'preRoute' .
PreRoute RC Extraction called for design myfir.
RC Extraction called in multi-corner(1) mode.
RCMode: PreRoute
      RC Corner Indexes            0   
Capacitance Scaling Factor   : 1.00000 
Resistance Scaling Factor    : 1.00000 
Clock Cap. Scaling Factor    : 1.00000 
Clock Res. Scaling Factor    : 1.00000 
Shrink Factor                : 1.00000
PreRoute extraction is honoring NDR/Shielding/ExtraSpace for clock nets.
Using capacitance table file ...
Updating RC grid for preRoute extraction ...
Initializing multi-corner capacitance tables ... 
Initializing multi-corner resistance tables ...
PreRoute RC Extraction DONE (CPU Time: 0:00:00.3  Real Time: 0:00:01.0  MEM: 1378.461M)
Starting delay calculation for Setup views
#################################################################################
# Design Stage: PreRoute
# Design Name: myfir
# Design Mode: 45nm
# Analysis Mode: MMMC Non-OCV 
# Parasitics Mode: No SPEF/RCDB 
# Signoff Settings: SI Off 
#################################################################################
Calculate delays in Single mode...
Start delay calculation (fullDC) (1 T). (MEM=1378.48)
Total number of fetched objects 4222
End delay calculation. (MEM=1405.68 CPU=0:00:02.5 REAL=0:00:03.0)
End delay calculation (fullDC). (MEM=1405.68 CPU=0:00:03.0 REAL=0:00:03.0)
*** Done Building Timing Graph (cpu=0:00:03.6 real=0:00:03.0 totSessionCpu=0:21:20 mem=1405.7M)
Reported timing to dir ./timingReports
**optDesign ... cpu = 0:00:35, real = 0:00:35, mem = 1152.1M, totSessionCpu=0:21:20 **

------------------------------------------------------------
     optDesign Final Summary                             
------------------------------------------------------------

Setup views included:
 MyAnView 

+--------------------+---------+---------+---------+---------+
|     Setup mode     |   all   | reg2reg |reg2cgate| default |
+--------------------+---------+---------+---------+---------+
|           WNS (ns):|  4.405  |  4.405  |  7.216  |  6.712  |
|           TNS (ns):|  0.000  |  0.000  |  0.000  |  0.000  |
|    Violating Paths:|    0    |    0    |    0    |    0    |
|          All Paths:|   539   |   119   |   11    |   409   |
+--------------------+---------+---------+---------+---------+

+----------------+-------------------------------+------------------+
|                |              Real             |       Total      |
|    DRVs        +------------------+------------+------------------|
|                |  Nr nets(terms)  | Worst Vio  |  Nr nets(terms)  |
+----------------+------------------+------------+------------------+
|   max_cap      |      0 (0)       |   0.000    |      0 (0)       |
|   max_tran     |      0 (0)       |   0.000    |      0 (0)       |
|   max_fanout   |      0 (0)       |     0      |      0 (0)       |
|   max_length   |      0 (0)       |     0      |      0 (0)       |
+----------------+------------------+------------+------------------+

Density: 69.640%
Routing Overflow: 0.00% H and 0.00% V
------------------------------------------------------------
**optDesign ... cpu = 0:00:36, real = 0:00:38, mem = 1155.0M, totSessionCpu=0:21:21 **
*** Finished optDesign ***
Info: Destroy the CCOpt slew target map.
Set place::cacheFPlanSiteMark to 0

*** Summary of all messages that are not suppressed in this session:
Severity  ID               Count  Summary                                  
WARNING   IMPSP-9025           1  No scan chain specified/traced.          
WARNING   IMPCCOPT-1361        3  Routing configuration for %s nets in clo...
WARNING   IMPCCOPT-1184        1  The library has no usable balanced %ss f...
WARNING   IMPCCOPT-5046       28  Net '%s' in clock tree '%s' has existing...
WARNING   IMPCCOPT-5047        1  Found %d clock net(s) with existing rout...
WARNING   IMPCCOPT-2015        2  %s will not update I/O latencies for the...
WARNING   IMPTCM-77            1  Option "%s" for command %s is obsolete a...
*** Message Summary: 37 warning(s), 0 error(s)

#% End ccopt_design (date=10/25 23:38:59, total cpu=0:00:56.3, real=0:00:59.0, peak res=1168.1M, current mem=1072.3M)
<CMD> setOptMode -fixCap true -fixTran true -fixFanoutLoad false
<CMD> optDesign -postCTS
**optDesign ... cpu = 0:00:00, real = 0:00:00, mem = 1072.5M, totSessionCpu=0:21:32 **
**INFO: User settings:
setDesignMode -process                              45
setExtractRCMode -coupling_c_th                     0.1
setExtractRCMode -engine                            preRoute
setExtractRCMode -relative_c_th                     1
setExtractRCMode -total_c_th                        0
setUsefulSkewMode -ecoRoute                         false
setUsefulSkewMode -maxAllowedDelay                  1
setUsefulSkewMode -maxSkew                          false
setUsefulSkewMode -noBoundary                       false
setUsefulSkewMode -useCells                         {BUF_X1 BUF_X2 BUF_X4 BUF_X8 BUF_X16 BUF_X32 CLKBUF_X1 CLKBUF_X2 CLKBUF_X3 INV_X1 INV_X2 INV_X4 INV_X8 INV_X16 INV_X32}
setDelayCalMode -enable_high_fanout                 true
setDelayCalMode -eng_copyNetPropToNewNet            true
setDelayCalMode -engine                             aae
setDelayCalMode -ignoreNetLoad                      false
setOptMode -activeSetupViews                        { MyAnView }
setOptMode -autoSetupViews                          { MyAnView}
setOptMode -autoTDGRSetupViews                      { MyAnView}
setOptMode -drcMargin                               0
setOptMode -fixCap                                  true
setOptMode -fixDrc                                  true
setOptMode -fixFanoutLoad                           false
setOptMode -fixTran                                 true
setOptMode -optimizeFF                              true
setOptMode -preserveAllSequential                   false
setOptMode -setupTargetSlack                        0
setPlaceMode -place_design_floorplan_mode           false
setPlaceMode -place_detail_check_route              false
setPlaceMode -place_detail_preserve_routing         true
setPlaceMode -place_detail_remove_affected_routing  false
setPlaceMode -place_detail_swap_eeq_cells           false
setPlaceMode -place_global_clock_gate_aware         true
setPlaceMode -place_global_cong_effort              auto
setPlaceMode -place_global_ignore_scan              true
setPlaceMode -place_global_ignore_spare             false
setPlaceMode -place_global_module_aware_spare       false
setPlaceMode -place_global_place_io_pins            true
setPlaceMode -place_global_reorder_scan             true
setPlaceMode -powerDriven                           false
setPlaceMode -timingDriven                          true
setAnalysisMode -analysisType                       single
setAnalysisMode -checkType                          setup
setAnalysisMode -clkSrcPath                         true
setAnalysisMode -clockPropagation                   sdcControl
setAnalysisMode -usefulSkew                         true
setAnalysisMode -virtualIPO                         false
setRouteMode -earlyGlobalHonorMsvRouteConstraint    false
setRouteMode -earlyGlobalRoutePartitionPinGuide     true

**INFO: setDesignMode -flowEffort standard -> setting 'setOptMode -allEndPoints true' for the duration of this command.
Need call spDPlaceInit before registerPrioInstLoc.
GigaOpt running with 1 threads.
**optDesign ... cpu = 0:00:01, real = 0:00:01, mem = 1078.2M, totSessionCpu=0:21:34 **
*** optDesign -postCTS ***
DRC Margin: user margin 0.0; extra margin 0.2
Hold Target Slack: user slack 0
Setup Target Slack: user slack 0; extra slack 0.0
setUsefulSkewMode -ecoRoute false
Multi-VT timing optimization disabled based on library information.
Start to check current routing status for nets...
All nets are already routed correctly.
End to check current routing status for nets (mem=1327.7M)
Compute RC Scale Done ...

------------------------------------------------------------
             Initial Summary                             
------------------------------------------------------------

Setup views included:
 MyAnView 

+--------------------+---------+---------+---------+---------+
|     Setup mode     |   all   | reg2reg |reg2cgate| default |
+--------------------+---------+---------+---------+---------+
|           WNS (ns):|  4.405  |  4.405  |  7.216  |  6.712  |
|           TNS (ns):|  0.000  |  0.000  |  0.000  |  0.000  |
|    Violating Paths:|    0    |    0    |    0    |    0    |
|          All Paths:|   539   |   119   |   11    |   409   |
+--------------------+---------+---------+---------+---------+

+----------------+-------------------------------+------------------+
|                |              Real             |       Total      |
|    DRVs        +------------------+------------+------------------|
|                |  Nr nets(terms)  | Worst Vio  |  Nr nets(terms)  |
+----------------+------------------+------------+------------------+
|   max_cap      |      0 (0)       |   0.000    |      0 (0)       |
|   max_tran     |      0 (0)       |   0.000    |      0 (0)       |
|   max_fanout   |      0 (0)       |     0      |      0 (0)       |
|   max_length   |      0 (0)       |     0      |      0 (0)       |
+----------------+------------------+------------+------------------+

Density: 69.640%
------------------------------------------------------------
**optDesign ... cpu = 0:00:03, real = 0:00:02, mem = 1152.9M, totSessionCpu=0:21:35 **
** INFO : this run is activating low effort ccoptDesign flow
*** Starting optimizing excluded clock nets MEM= 1387.1M) ***
*info: No excluded clock nets to be optimized.
*** Finished optimizing excluded clock nets (CPU Time= 0:00:00.0  MEM= 1387.1M) ***
*** Starting optimizing excluded clock nets MEM= 1387.1M) ***
*info: No excluded clock nets to be optimized.
*** Finished optimizing excluded clock nets (CPU Time= 0:00:00.0  MEM= 1387.1M) ***
Info: Done creating the CCOpt slew target map.
Begin: GigaOpt high fanout net optimization
Info: 28 nets with fixed/cover wires excluded.
Info: 28 clock nets excluded from IPO operation.
*** DrvOpt [begin] : cpu/real = 0:00:00.0/0:00:00.0 (0.0), totSession cpu/real = 0:21:35.6/0:54:40.4 (0.4), mem = 1387.1M
*** DrvOpt [finish] : cpu/real = 0:00:04.8/0:00:04.8 (1.0), totSession cpu/real = 0:21:40.5/0:54:45.2 (0.4), mem = 1395.1M
End: GigaOpt high fanout net optimization
Begin: GigaOpt Global Optimization
*info: use new DP (enabled)
Info: 28 nets with fixed/cover wires excluded.
Info: 28 clock nets excluded from IPO operation.
*** SetupOpt [begin] : cpu/real = 0:00:00.0/0:00:00.0 (0.0), totSession cpu/real = 0:21:40.6/0:54:45.4 (0.4), mem = 1395.1M
*info: 28 clock nets excluded
*info: 2 special nets excluded.
*info: 78 no-driver nets excluded.
*info: 28 nets with fixed/cover wires excluded.
** GigaOpt Global Opt WNS Slack 0.000  TNS Slack 0.000 
+--------+--------+----------+------------+--------+----------+---------+--------------------------------------+
|  WNS   |  TNS   | Density  |    Real    |  Mem   |Worst View|Pathgroup|              End Point               |
+--------+--------+----------+------------+--------+----------+---------+--------------------------------------+
|   0.000|   0.000|    69.64%|   0:00:01.0| 1414.2M|  MyAnView|       NA| NA                                   |
+--------+--------+----------+------------+--------+----------+---------+--------------------------------------+

*** Finish post-CTS Global Setup Fixing (cpu=0:00:00.0 real=0:00:01.0 mem=1414.2M) ***

*** Finish post-CTS Setup Fixing (cpu=0:00:00.0 real=0:00:01.0 mem=1414.2M) ***
Bottom Preferred Layer:
+---------------+------------+----------+
|     Layer     |    CLK     |   Rule   |
+---------------+------------+----------+
| metal3 (z=3)  |         28 | default  |
+---------------+------------+----------+
Via Pillar Rule:
    None
** GigaOpt Global Opt End WNS Slack 0.000  TNS Slack 0.000 
*** SetupOpt [finish] : cpu/real = 0:00:08.8/0:00:08.8 (1.0), totSession cpu/real = 0:21:49.4/0:54:54.2 (0.4), mem = 1395.1M
End: GigaOpt Global Optimization
*** Timing Is met
*** Check timing (0:00:00.0)
Info: 28 nets with fixed/cover wires excluded.
Info: 28 clock nets excluded from IPO operation.
Info: 28 nets with fixed/cover wires excluded.
Info: 28 clock nets excluded from IPO operation.
Begin: Area Reclaim Optimization
*** AreaOpt [begin] : cpu/real = 0:00:00.0/0:00:00.0 (0.0), totSession cpu/real = 0:21:50.4/0:54:55.2 (0.4), mem = 1412.2M
Usable buffer cells for single buffer setup transform:
CLKBUF_X1 BUF_X1 CLKBUF_X2 BUF_X2 CLKBUF_X3 BUF_X4 BUF_X8 BUF_X16 BUF_X32 
Number of usable buffer cells above: 9
Reclaim Optimization WNS Slack 0.020  TNS Slack 0.000 Density 69.64
+----------+---------+--------+--------+------------+--------+
| Density  | Commits |  WNS   |  TNS   |    Real    |  Mem   |
+----------+---------+--------+--------+------------+--------+
|    69.64%|        -|   0.020|   0.000|   0:00:00.0| 1412.2M|
|    69.64%|        0|   0.020|   0.000|   0:00:00.0| 1433.8M|
|    69.64%|        0|   0.020|   0.000|   0:00:00.0| 1433.8M|
|    69.64%|        0|   0.020|   0.000|   0:00:01.0| 1433.8M|
|    69.64%|        0|   0.020|   0.000|   0:00:00.0| 1433.8M|
|    69.64%|        0|   0.020|   0.000|   0:00:00.0| 1433.8M|
+----------+---------+--------+--------+------------+--------+
Reclaim Optimization End WNS Slack 0.020  TNS Slack 0.000 Density 69.64
Bottom Preferred Layer:
+---------------+------------+----------+
|     Layer     |    CLK     |   Rule   |
+---------------+------------+----------+
| metal3 (z=3)  |         28 | default  |
+---------------+------------+----------+
Via Pillar Rule:
    None
End: Core Area Reclaim Optimization (cpu = 0:00:03.2) (real = 0:00:03.0) **
*** Starting refinePlace (0:21:53 mem=1433.8M) ***
Total net bbox length = 2.845e+04 (1.238e+04 1.607e+04) (ext = 2.146e+03)
Move report: Detail placement moves 0 insts, mean move: 0.00 um, max move: 0.00 um
	Runtime: CPU: 0:00:00.1 REAL: 0:00:00.0 MEM: 1433.8MB
Summary Report:
Instances move: 0 (out of 3121 movable)
Instances flipped: 0
Mean displacement: 0.00 um
Max displacement: 0.00 um 
Total net bbox length = 2.845e+04 (1.238e+04 1.607e+04) (ext = 2.146e+03)
Runtime: CPU: 0:00:00.1 REAL: 0:00:00.0 MEM: 1433.8MB
*** Finished refinePlace (0:21:53 mem=1433.8M) ***
*** maximum move = 0.00 um ***
*** Finished re-routing un-routed nets (1433.8M) ***

*** Finish Physical Update (cpu=0:00:00.3 real=0:00:00.0 mem=1433.8M) ***
*** AreaOpt [finish] : cpu/real = 0:00:02.9/0:00:02.9 (1.0), totSession cpu/real = 0:21:53.3/0:54:58.1 (0.4), mem = 1433.8M
End: Area Reclaim Optimization (cpu=0:00:04, real=0:00:04, mem=1395.74M, totSessionCpu=0:21:53).
[NR-eGR] Track table information for default rule: 
[NR-eGR] metal1 has no routable track
[NR-eGR] metal2 has single uniform track structure
[NR-eGR] metal3 has single uniform track structure
[NR-eGR] metal4 has single uniform track structure
[NR-eGR] metal5 has single uniform track structure
[NR-eGR] metal6 has single uniform track structure
[NR-eGR] metal7 has single uniform track structure
[NR-eGR] metal8 has single uniform track structure
[NR-eGR] metal9 has single uniform track structure
[NR-eGR] metal10 has single uniform track structure
[NR-eGR] Read 154 PG shapes
[NR-eGR] #Routing Blockages  : 0
[NR-eGR] #Instance Blockages : 0
[NR-eGR] #PG Blockages       : 154
[NR-eGR] #Halo Blockages     : 0
[NR-eGR] #Boundary Blockages : 0
[NR-eGR] Num Prerouted Nets = 28  Num Prerouted Wires = 860
[NR-eGR] Read numTotalNets=3934  numIgnoredNets=28
[NR-eGR] ============ Routing rule table ============
[NR-eGR] Rule id: 0  Nets: 0 
[NR-eGR] Rule id: 1  Nets: 3906 
[NR-eGR] ========================================
[NR-eGR] 
[NR-eGR] Layer group 1: route 3906 net(s) in layer range [2, 10]
[NR-eGR] Early Global Route overflow of layer group 1: 0.00% H + 0.00% V. EstWL: 3.046820e+04um
[NR-eGR] Congestion Analysis By layer: (blocked Gcells are excluded) 
[NR-eGR]                        OverCon            
[NR-eGR]                         #Gcell     %Gcell
[NR-eGR]       Layer                (1)    OverCon 
[NR-eGR] ----------------------------------------------
[NR-eGR]  metal1  (1)         0( 0.00%)   ( 0.00%) 
[NR-eGR]  metal2  (2)         1( 0.02%)   ( 0.02%) 
[NR-eGR]  metal3  (3)         0( 0.00%)   ( 0.00%) 
[NR-eGR]  metal4  (4)         0( 0.00%)   ( 0.00%) 
[NR-eGR]  metal5  (5)         0( 0.00%)   ( 0.00%) 
[NR-eGR]  metal6  (6)         0( 0.00%)   ( 0.00%) 
[NR-eGR]  metal7  (7)         0( 0.00%)   ( 0.00%) 
[NR-eGR]  metal8  (8)         0( 0.00%)   ( 0.00%) 
[NR-eGR]  metal9  (9)         0( 0.00%)   ( 0.00%) 
[NR-eGR] metal10 (10)         0( 0.00%)   ( 0.00%) 
[NR-eGR] ----------------------------------------------
[NR-eGR] Total                1( 0.00%)   ( 0.00%) 
[NR-eGR] 
[NR-eGR] Overflow after Early Global Route (GR compatible) 0.00% H + 0.00% V
[NR-eGR] Overflow after Early Global Route 0.00% H + 0.00% V
[NR-eGR] Started Export DB wires ( Curr Mem: 1395.74 MB )
[NR-eGR] Started Export all nets ( Curr Mem: 1395.74 MB )
[NR-eGR] Finished Export all nets ( CPU: 0.04 sec, Real: 0.04 sec, Curr Mem: 1395.74 MB )
[NR-eGR] Started Set wire vias ( Curr Mem: 1395.74 MB )
[NR-eGR] Finished Set wire vias ( CPU: 0.01 sec, Real: 0.01 sec, Curr Mem: 1395.74 MB )
[NR-eGR] Finished Export DB wires ( CPU: 0.05 sec, Real: 0.05 sec, Curr Mem: 1395.74 MB )
[NR-eGR] --------------------------------------------------------------------------
[NR-eGR] metal1  (1F) length: 0.000000e+00um, number of vias: 12303
[NR-eGR] metal2  (2V) length: 9.499170e+03um, number of vias: 14858
[NR-eGR] metal3  (3H) length: 1.374256e+04um, number of vias: 5396
[NR-eGR] metal4  (4V) length: 8.038940e+03um, number of vias: 453
[NR-eGR] metal5  (5H) length: 9.168150e+02um, number of vias: 428
[NR-eGR] metal6  (6V) length: 1.845380e+03um, number of vias: 14
[NR-eGR] metal7  (7H) length: 6.635000e+00um, number of vias: 9
[NR-eGR] metal8  (8V) length: 4.365000e+01um, number of vias: 3
[NR-eGR] metal9  (9H) length: 6.025000e+00um, number of vias: 2
[NR-eGR] metal10 (10V) length: 1.480000e+00um, number of vias: 0
[NR-eGR] Total length: 3.410066e+04um, number of vias: 33466
[NR-eGR] --------------------------------------------------------------------------
[NR-eGR] Total eGR-routed clock nets wire length: 0.000000e+00um 
[NR-eGR] --------------------------------------------------------------------------
[NR-eGR] Finished Early Global Route kernel ( CPU: 0.40 sec, Real: 0.40 sec, Curr Mem: 1382.23 MB )
Extraction called for design 'myfir' of instances=3148 and nets=4014 using extraction engine 'preRoute' .
PreRoute RC Extraction called for design myfir.
RC Extraction called in multi-corner(1) mode.
RCMode: PreRoute
      RC Corner Indexes            0   
Capacitance Scaling Factor   : 1.00000 
Resistance Scaling Factor    : 1.00000 
Clock Cap. Scaling Factor    : 1.00000 
Clock Res. Scaling Factor    : 1.00000 
Shrink Factor                : 1.00000
PreRoute extraction is honoring NDR/Shielding/ExtraSpace for clock nets.
Using capacitance table file ...
Updating RC grid for preRoute extraction ...
Initializing multi-corner capacitance tables ... 
Initializing multi-corner resistance tables ...
PreRoute RC Extraction DONE (CPU Time: 0:00:00.3  Real Time: 0:00:00.0  MEM: 1382.227M)
Compute RC Scale Done ...
[hotspot] +------------+---------------+---------------+
[hotspot] |            |   max hotspot | total hotspot |
[hotspot] +------------+---------------+---------------+
[hotspot] | normalized |          0.00 |          0.00 |
[hotspot] +------------+---------------+---------------+
Local HotSpot Analysis: normalized max congestion hotspot area = 0.00, normalized total congestion hotspot area = 0.00 (area is in unit of 4 std-cell row bins)
#################################################################################
# Design Stage: PreRoute
# Design Name: myfir
# Design Mode: 45nm
# Analysis Mode: MMMC Non-OCV 
# Parasitics Mode: No SPEF/RCDB 
# Signoff Settings: SI Off 
#################################################################################
Calculate delays in Single mode...
Start delay calculation (fullDC) (1 T). (MEM=1384.24)
Total number of fetched objects 4222
End delay calculation. (MEM=1411.45 CPU=0:00:02.8 REAL=0:00:02.0)
End delay calculation (fullDC). (MEM=1411.45 CPU=0:00:03.3 REAL=0:00:03.0)
Begin: GigaOpt postEco DRV Optimization
Info: 28 nets with fixed/cover wires excluded.
Info: 28 clock nets excluded from IPO operation.
*** DrvOpt [begin] : cpu/real = 0:00:00.0/0:00:00.0 (0.0), totSession cpu/real = 0:21:58.5/0:55:03.3 (0.4), mem = 1411.4M
+-------------------------------------------------------------------------------------------------------------------------------------------------------+
|        max-tran       |        max-cap        |  max-fanout |  max-length |       setup       |        |        |        |       |          |         |
+-------------------------------------------------------------------------------------------------------------------------------------------------------+
| nets | terms|  wViol  | nets | terms|  wViol  | nets | terms| nets | terms|   WNS   |   TNS   |  #Buf  |  #Inv  | #Resize|Density|   Real   |   Mem   |
+-------------------------------------------------------------------------------------------------------------------------------------------------------+
|     0|     0|     0.00|     0|     0|     0.00|     0|     0|     0|     0|     4.41|     0.00|       0|       0|       0|  69.64|          |         |
|     0|     0|     0.00|     0|     0|     0.00|     0|     0|     0|     0|     4.41|     0.00|       0|       0|       0|  69.64| 0:00:00.0|  1462.5M|
+-------------------------------------------------------------------------------------------------------------------------------------------------------+
Bottom Preferred Layer:
+---------------+------------+----------+
|     Layer     |    CLK     |   Rule   |
+---------------+------------+----------+
| metal3 (z=3)  |         28 | default  |
+---------------+------------+----------+
Via Pillar Rule:
    None

*** Finish DRV Fixing (cpu=0:00:00.2 real=0:00:01.0 mem=1462.5M) ***

*** DrvOpt [finish] : cpu/real = 0:00:04.1/0:00:04.1 (1.0), totSession cpu/real = 0:22:02.6/0:55:07.4 (0.4), mem = 1443.5M
End: GigaOpt postEco DRV Optimization
Running refinePlace -preserveRouting true -hardFence false
*** Starting refinePlace (0:22:03 mem=1443.5M) ***

Starting Small incrNP...
Density distribution unevenness ratio = 4.724%
Skipped incrNP (cpu=0:00:00.0, real=0:00:00.0, mem=1443.5M)
End of Small incrNP (cpu=0:00:00.0, real=0:00:00.0)
Move report: Detail placement moves 0 insts, mean move: 0.00 um, max move: 0.00 um
	Runtime: CPU: 0:00:00.1 REAL: 0:00:00.0 MEM: 1443.5MB
Summary Report:
Instances move: 0 (out of 3121 movable)
Instances flipped: 0
Mean displacement: 0.00 um
Max displacement: 0.00 um 
Runtime: CPU: 0:00:00.1 REAL: 0:00:00.0 MEM: 1443.5MB
*** Finished refinePlace (0:22:03 mem=1443.5M) ***

Active setup views:
 MyAnView
  Dominating endpoints: 0
  Dominating TNS: -0.000

Extraction called for design 'myfir' of instances=3148 and nets=4014 using extraction engine 'preRoute' .
PreRoute RC Extraction called for design myfir.
RC Extraction called in multi-corner(1) mode.
RCMode: PreRoute
      RC Corner Indexes            0   
Capacitance Scaling Factor   : 1.00000 
Resistance Scaling Factor    : 1.00000 
Clock Cap. Scaling Factor    : 1.00000 
Clock Res. Scaling Factor    : 1.00000 
Shrink Factor                : 1.00000
PreRoute extraction is honoring NDR/Shielding/ExtraSpace for clock nets.
Using capacitance table file ...
Updating RC grid for preRoute extraction ...
Initializing multi-corner capacitance tables ... 
Initializing multi-corner resistance tables ...
PreRoute RC Extraction DONE (CPU Time: 0:00:00.3  Real Time: 0:00:00.0  MEM: 1383.938M)
Starting delay calculation for Setup views
#################################################################################
# Design Stage: PreRoute
# Design Name: myfir
# Design Mode: 45nm
# Analysis Mode: MMMC Non-OCV 
# Parasitics Mode: No SPEF/RCDB 
# Signoff Settings: SI Off 
#################################################################################
Calculate delays in Single mode...
Start delay calculation (fullDC) (1 T). (MEM=1383.95)
Total number of fetched objects 4222
End delay calculation. (MEM=1411.16 CPU=0:00:02.5 REAL=0:00:03.0)
End delay calculation (fullDC). (MEM=1411.16 CPU=0:00:02.9 REAL=0:00:03.0)
*** Done Building Timing Graph (cpu=0:00:03.5 real=0:00:04.0 totSessionCpu=0:22:07 mem=1411.2M)
Reported timing to dir ./timingReports
**optDesign ... cpu = 0:00:34, real = 0:00:34, mem = 1157.0M, totSessionCpu=0:22:07 **

------------------------------------------------------------
     optDesign Final Summary                             
------------------------------------------------------------

Setup views included:
 MyAnView 

+--------------------+---------+---------+---------+---------+
|     Setup mode     |   all   | reg2reg |reg2cgate| default |
+--------------------+---------+---------+---------+---------+
|           WNS (ns):|  4.405  |  4.405  |  7.216  |  6.712  |
|           TNS (ns):|  0.000  |  0.000  |  0.000  |  0.000  |
|    Violating Paths:|    0    |    0    |    0    |    0    |
|          All Paths:|   539   |   119   |   11    |   409   |
+--------------------+---------+---------+---------+---------+

+----------------+-------------------------------+------------------+
|                |              Real             |       Total      |
|    DRVs        +------------------+------------+------------------|
|                |  Nr nets(terms)  | Worst Vio  |  Nr nets(terms)  |
+----------------+------------------+------------+------------------+
|   max_cap      |      0 (0)       |   0.000    |      0 (0)       |
|   max_tran     |      0 (0)       |   0.000    |      0 (0)       |
|   max_fanout   |      0 (0)       |     0      |      0 (0)       |
|   max_length   |      0 (0)       |     0      |      0 (0)       |
+----------------+------------------+------------+------------------+

Density: 69.640%
Routing Overflow: 0.00% H and 0.00% V
------------------------------------------------------------
**optDesign ... cpu = 0:00:35, real = 0:00:37, mem = 1158.8M, totSessionCpu=0:22:08 **
*** Finished optDesign ***
Info: Destroy the CCOpt slew target map.
<CMD> optDesign -postCTS -hold
**optDesign ... cpu = 0:00:00, real = 0:00:00, mem = 1076.2M, totSessionCpu=0:22:08 **
**INFO: User settings:
setDesignMode -process                              45
setExtractRCMode -coupling_c_th                     0.1
setExtractRCMode -engine                            preRoute
setExtractRCMode -relative_c_th                     1
setExtractRCMode -total_c_th                        0
setUsefulSkewMode -ecoRoute                         false
setUsefulSkewMode -maxAllowedDelay                  1
setUsefulSkewMode -maxSkew                          false
setUsefulSkewMode -noBoundary                       false
setUsefulSkewMode -useCells                         {BUF_X1 BUF_X2 BUF_X4 BUF_X8 BUF_X16 BUF_X32 CLKBUF_X1 CLKBUF_X2 CLKBUF_X3 INV_X1 INV_X2 INV_X4 INV_X8 INV_X16 INV_X32}
setDelayCalMode -enable_high_fanout                 true
setDelayCalMode -eng_copyNetPropToNewNet            true
setDelayCalMode -engine                             aae
setDelayCalMode -ignoreNetLoad                      false
setOptMode -activeSetupViews                        { MyAnView }
setOptMode -autoSetupViews                          { MyAnView}
setOptMode -autoTDGRSetupViews                      { MyAnView}
setOptMode -drcMargin                               0
setOptMode -fixCap                                  true
setOptMode -fixDrc                                  true
setOptMode -fixFanoutLoad                           false
setOptMode -fixTran                                 true
setOptMode -optimizeFF                              true
setOptMode -preserveAllSequential                   false
setOptMode -setupTargetSlack                        0
setPlaceMode -place_design_floorplan_mode           false
setPlaceMode -place_detail_check_route              false
setPlaceMode -place_detail_preserve_routing         true
setPlaceMode -place_detail_remove_affected_routing  false
setPlaceMode -place_detail_swap_eeq_cells           false
setPlaceMode -place_global_clock_gate_aware         true
setPlaceMode -place_global_cong_effort              auto
setPlaceMode -place_global_ignore_scan              true
setPlaceMode -place_global_ignore_spare             false
setPlaceMode -place_global_module_aware_spare       false
setPlaceMode -place_global_place_io_pins            true
setPlaceMode -place_global_reorder_scan             true
setPlaceMode -powerDriven                           false
setPlaceMode -timingDriven                          true
setAnalysisMode -analysisType                       single
setAnalysisMode -checkType                          setup
setAnalysisMode -clkSrcPath                         true
setAnalysisMode -clockPropagation                   sdcControl
setAnalysisMode -usefulSkew                         true
setAnalysisMode -virtualIPO                         false
setRouteMode -earlyGlobalHonorMsvRouteConstraint    false
setRouteMode -earlyGlobalRoutePartitionPinGuide     true

**INFO: setDesignMode -flowEffort standard -> setting 'setOptMode -allEndPoints true' for the duration of this command.
GigaOpt running with 1 threads.
Need call spDPlaceInit before registerPrioInstLoc.
**optDesign ... cpu = 0:00:01, real = 0:00:01, mem = 1081.4M, totSessionCpu=0:22:08 **
*** optDesign -postCTS ***
DRC Margin: user margin 0.0
Hold Target Slack: user slack 0
Setup Target Slack: user slack 0;
setUsefulSkewMode -ecoRoute false
Start to check current routing status for nets...
All nets are already routed correctly.
End to check current routing status for nets (mem=1336.2M)
Compute RC Scale Done ...
GigaOpt Hold Optimizer is used
Starting initialization (fixHold) cpu=0:00:00.0 real=0:00:00.0 totSessionCpu=0:22:10 mem=1484.6M ***
Running 'saveTimingGraph -compress -file /tmp/innovus_temp_2181_isaserver_isa30_2025_2026_VLOzYY/opt_timing_graph_SzmXEL/timingGraph.tgz -dir /tmp/innovus_temp_2181_isaserver_isa30_2025_2026_VLOzYY/opt_timing_graph_SzmXEL -prefix timingGraph'
Done saveTimingGraph
Starting delay calculation for Hold views
#################################################################################
# Design Stage: PreRoute
# Design Name: myfir
# Design Mode: 45nm
# Analysis Mode: MMMC Non-OCV 
# Parasitics Mode: No SPEF/RCDB 
# Signoff Settings: SI Off 
#################################################################################
Calculate delays in Single mode...
Start delay calculation (fullDC) (1 T). (MEM=1473.11)
Total number of fetched objects 4222
End delay calculation. (MEM=1452.62 CPU=0:00:02.7 REAL=0:00:03.0)
End delay calculation (fullDC). (MEM=1452.62 CPU=0:00:03.1 REAL=0:00:03.0)
*** Done Building Timing Graph (cpu=0:00:03.4 real=0:00:03.0 totSessionCpu=0:22:16 mem=1452.6M)

Active hold views:
 MyAnView
  Dominating endpoints: 0
  Dominating TNS: -0.000

Done building cte hold timing graph (fixHold) cpu=0:00:05.5 real=0:00:05.0 totSessionCpu=0:22:16 mem=1467.9M ***
Done building hold timer [1 node(s), 0 edge(s), 1 view(s)] (fixHold) cpu=0:00:05.8 real=0:00:06.0 totSessionCpu=0:22:16 mem=1467.9M ***
Running 'restoreTimingGraph -file /tmp/innovus_temp_2181_isaserver_isa30_2025_2026_VLOzYY/opt_timing_graph_SzmXEL/timingGraph.tgz -dir /tmp/innovus_temp_2181_isaserver_isa30_2025_2026_VLOzYY/opt_timing_graph_SzmXEL -prefix timingGraph'
Done restoreTimingGraph
Done building cte setup timing graph (fixHold) cpu=0:00:06.9 real=0:00:07.0 totSessionCpu=0:22:17 mem=1478.9M ***

*Info: minBufDelay = 21.9 ps, libStdDelay = 10.1 ps, minBufSize = 3192000 (3.0)
*Info: worst delay setup view: MyAnView

------------------------------------------------------------
     Hold Opt Initial Summary                             
------------------------------------------------------------

Setup views included:
 MyAnView
Hold views included:
 MyAnView

+--------------------+---------+---------+---------+---------+
|     Setup mode     |   all   | reg2reg |reg2cgate| default |
+--------------------+---------+---------+---------+---------+
|           WNS (ns):|  4.405  |  4.405  |  7.216  |  6.712  |
|           TNS (ns):|  0.000  |  0.000  |  0.000  |  0.000  |
|    Violating Paths:|    0    |    0    |    0    |    0    |
|          All Paths:|   539   |   119   |   11    |   409   |
+--------------------+---------+---------+---------+---------+

+--------------------+---------+---------+---------+---------+
|     Hold mode      |   all   | reg2reg |reg2cgate| default |
+--------------------+---------+---------+---------+---------+
|           WNS (ns):|  0.035  |  0.035  |  0.135  |  0.000  |
|           TNS (ns):|  0.000  |  0.000  |  0.000  |  0.000  |
|    Violating Paths:|    0    |    0    |    0    |    0    |
|          All Paths:|   130   |   119   |   11    |    0    |
+--------------------+---------+---------+---------+---------+

+----------------+-------------------------------+------------------+
|                |              Real             |       Total      |
|    DRVs        +------------------+------------+------------------|
|                |  Nr nets(terms)  | Worst Vio  |  Nr nets(terms)  |
+----------------+------------------+------------+------------------+
|   max_cap      |      0 (0)       |   0.000    |      0 (0)       |
|   max_tran     |      0 (0)       |   0.000    |      0 (0)       |
|   max_fanout   |      0 (0)       |     0      |      0 (0)       |
|   max_length   |      0 (0)       |     0      |      0 (0)       |
+----------------+------------------+------------+------------------+

Density: 69.640%
------------------------------------------------------------
**optDesign ... cpu = 0:00:11, real = 0:00:11, mem = 1224.2M, totSessionCpu=0:22:18 **
*** HoldOpt [begin] : cpu/real = 0:00:00.0/0:00:00.0 (0.0), totSession cpu/real = 0:22:18.3/0:55:25.7 (0.4), mem = 1466.9M
*info: Run optDesign holdfix with 1 thread.
Info: 28 nets with fixed/cover wires excluded.
Info: 28 clock nets excluded from IPO operation.
*** Hold timing is met. Hold fixing is not needed 
**INFO: total 0 insts, 0 nets marked don't touch
**INFO: total 0 insts, 0 nets marked don't touch DB property
**INFO: total 0 insts, 0 nets unmarked don't touch

*** HoldOpt [finish] : cpu/real = 0:00:00.1/0:00:00.1 (1.1), totSession cpu/real = 0:22:18.4/0:55:25.8 (0.4), mem = 1467.9M

Active setup views:
 MyAnView
  Dominating endpoints: 0
  Dominating TNS: -0.000

Reported timing to dir ./timingReports
**optDesign ... cpu = 0:00:11, real = 0:00:11, mem = 1226.2M, totSessionCpu=0:22:18 **
Running 'saveTimingGraph -compress -file /tmp/innovus_temp_2181_isaserver_isa30_2025_2026_VLOzYY/opt_timing_graph_yjYbs7/timingGraph.tgz -dir /tmp/innovus_temp_2181_isaserver_isa30_2025_2026_VLOzYY/opt_timing_graph_yjYbs7 -prefix timingGraph'
Done saveTimingGraph
Starting delay calculation for Hold views
#################################################################################
# Design Stage: PreRoute
# Design Name: myfir
# Design Mode: 45nm
# Analysis Mode: MMMC Non-OCV 
# Parasitics Mode: No SPEF/RCDB 
# Signoff Settings: SI Off 
#################################################################################
Calculate delays in Single mode...
Start delay calculation (fullDC) (1 T). (MEM=1486.95)
Total number of fetched objects 4222
End delay calculation. (MEM=1467.2 CPU=0:00:02.8 REAL=0:00:03.0)
End delay calculation (fullDC). (MEM=1467.2 CPU=0:00:03.3 REAL=0:00:04.0)
*** Done Building Timing Graph (cpu=0:00:03.6 real=0:00:04.0 totSessionCpu=0:22:23 mem=1467.2M)
Running 'restoreTimingGraph -file /tmp/innovus_temp_2181_isaserver_isa30_2025_2026_VLOzYY/opt_timing_graph_yjYbs7/timingGraph.tgz -dir /tmp/innovus_temp_2181_isaserver_isa30_2025_2026_VLOzYY/opt_timing_graph_yjYbs7 -prefix timingGraph'
Done restoreTimingGraph

------------------------------------------------------------
     optDesign Final Summary                             
------------------------------------------------------------

Setup views included:
 MyAnView 
Hold views included:
 MyAnView

+--------------------+---------+---------+---------+---------+
|     Setup mode     |   all   | reg2reg |reg2cgate| default |
+--------------------+---------+---------+---------+---------+
|           WNS (ns):|  4.405  |  4.405  |  7.216  |  6.712  |
|           TNS (ns):|  0.000  |  0.000  |  0.000  |  0.000  |
|    Violating Paths:|    0    |    0    |    0    |    0    |
|          All Paths:|   539   |   119   |   11    |   409   |
+--------------------+---------+---------+---------+---------+

+--------------------+---------+---------+---------+---------+
|     Hold mode      |   all   | reg2reg |reg2cgate| default |
+--------------------+---------+---------+---------+---------+
|           WNS (ns):|  0.035  |  0.035  |  0.135  |  0.000  |
|           TNS (ns):|  0.000  |  0.000  |  0.000  |  0.000  |
|    Violating Paths:|    0    |    0    |    0    |    0    |
|          All Paths:|   130   |   119   |   11    |    0    |
+--------------------+---------+---------+---------+---------+

+----------------+-------------------------------+------------------+
|                |              Real             |       Total      |
|    DRVs        +------------------+------------+------------------|
|                |  Nr nets(terms)  | Worst Vio  |  Nr nets(terms)  |
+----------------+------------------+------------+------------------+
|   max_cap      |      0 (0)       |   0.000    |      0 (0)       |
|   max_tran     |      0 (0)       |   0.000    |      0 (0)       |
|   max_fanout   |      0 (0)       |     0      |      0 (0)       |
|   max_length   |      0 (0)       |     0      |      0 (0)       |
+----------------+------------------+------------+------------------+

Density: 69.640%
Routing Overflow: 0.00% H and 0.00% V
------------------------------------------------------------
**optDesign ... cpu = 0:00:18, real = 0:00:21, mem = 1226.3M, totSessionCpu=0:22:26 **
*** Finished optDesign ***
Info: Destroy the CCOpt slew target map.
<CMD> setNanoRouteMode -quiet -routeTopRoutingLayer default
<CMD> setNanoRouteMode -quiet -routeBottomRoutingLayer default
<CMD> setNanoRouteMode -quiet -drouteEndIteration default
**WARN: (IMPTCM-77):	Option "-routeEcoOnlyInLayers" for command getNanoRouteMode is obsolete and will be removed in a future release. The obsolete option still works in this release but to avoid this warning and to ensure compatibility with future releases, remove the obsolete option from your script.
<CMD> setNanoRouteMode -quiet -routeWithTimingDriven false
<CMD> setNanoRouteMode -quiet -routeWithSiDriven false
Running Native NanoRoute ...
<CMD> routeDesign -globalDetail
#routeDesign: cpu time = 00:00:00, elapsed time = 00:00:00, memory = 1145.21 (MB), peak = 1263.45 (MB)
#WARNING (NRIG-96) Selected single pass global detail route "-globalDetail". Clock eco and post optimizations will not be run. See "man NRIG-96" for more details.
**INFO: User settings:
setNanoRouteMode -droutePostRouteSpreadWire                     1
setNanoRouteMode -extractThirdPartyCompatible                   false
setNanoRouteMode -grouteExpTdStdDelay                           10.1
setNanoRouteMode -grouteExpTdUseTifTimingEngineForImportDesign  true
setNanoRouteMode -routeWithSiDriven                             false
setNanoRouteMode -routeWithTimingDriven                         false
setNanoRouteMode -timingEngine                                  {}
setDesignMode -process                                          45
setExtractRCMode -coupling_c_th                                 0.1
setExtractRCMode -engine                                        preRoute
setExtractRCMode -relative_c_th                                 1
setExtractRCMode -total_c_th                                    0
setDelayCalMode -enable_high_fanout                             true
setDelayCalMode -eng_copyNetPropToNewNet                        true
setDelayCalMode -engine                                         aae
setDelayCalMode -ignoreNetLoad                                  false
setSIMode -separate_delta_delay_on_data                         true

#**INFO: setDesignMode -flowEffort standard
#**INFO: multi-cut via swapping will not be performed after routing.
#**INFO: All auto set options tuned by routeDesign will be restored to their original settings on command completion.
Begin checking placement ... (start mem=1389.2M, init mem=1405.9M)
*info: Placed = 3148           (Fixed = 27)
*info: Unplaced = 0           
Placement Density:69.64%(7054/10129)
Placement Density (including fixed std cells):69.64%(7054/10129)
Finished checkPlace (total: cpu=0:00:00.1, real=0:00:00.0; vio checks: cpu=0:00:00.1, real=0:00:00.0; mem=1405.9M)

changeUseClockNetStatus Option :  -noFixedNetWires 
*** Changed status on (28) nets in Clock.
*** End changeUseClockNetStatus (cpu=0:00:00.0, real=0:00:00.0, mem=1405.9M) ***

globalDetailRoute

#Start globalDetailRoute on Sat Oct 25 23:41:18 2025
#
#WARNING (NRIG-1303) Congestion map does not match the GCELL grid, clearing map.
#num needed restored net=0
#need_extraction net=0 (total=4014)
#NanoRoute Version 20.11-s130_1 NR200802-2257/20_11-UB
#Start routing data preparation on Sat Oct 25 23:41:18 2025
#
#Minimum voltage of a net in the design = 0.000.
#Maximum voltage of a net in the design = 1.100.
#Voltage range [0.000 - 1.100] has 3989 nets.
#Voltage range [0.000 - 0.000] has 24 nets.
#Voltage range [1.100 - 1.100] has 1 net.
#Rebuild pin access data for design.
#Initial pin access analysis.
#Detail pin access analysis.
# metal1       H   Track-Pitch = 0.14000    Line-2-Via Pitch = 0.13500
# metal2       V   Track-Pitch = 0.19000    Line-2-Via Pitch = 0.14000
# metal3       H   Track-Pitch = 0.14000    Line-2-Via Pitch = 0.14000
# metal4       V   Track-Pitch = 0.28000    Line-2-Via Pitch = 0.28000
# metal5       H   Track-Pitch = 0.28000    Line-2-Via Pitch = 0.28000
# metal6       V   Track-Pitch = 0.28000    Line-2-Via Pitch = 0.28000
# metal7       H   Track-Pitch = 0.84000    Line-2-Via Pitch = 0.80000
# metal8       V   Track-Pitch = 0.84000    Line-2-Via Pitch = 0.80000
# metal9       H   Track-Pitch = 1.60000    Line-2-Via Pitch = 1.60000
# metal10      V   Track-Pitch = 1.68000    Line-2-Via Pitch = 1.60000
#Monitoring time of adding inner blkg by smac
#cpu time = 00:00:00, elapsed time = 00:00:00, memory = 1149.07 (MB), peak = 1263.45 (MB)
#Regenerating Ggrids automatically.
#Auto generating G-grids with size=15 tracks, using layer metal3's pitch = 0.14000.
#Using automatically generated G-grids.
#Done routing data preparation.
#cpu time = 00:00:01, elapsed time = 00:00:01, memory = 1149.07 (MB), peak = 1263.45 (MB)
#
#Finished routing data preparation on Sat Oct 25 23:41:19 2025
#
#Cpu time = 00:00:01
#Elapsed time = 00:00:01
#Increased memory = 3.87 (MB)
#Total memory = 1149.07 (MB)
#Peak memory = 1263.45 (MB)
#
#
#Start global routing on Sat Oct 25 23:41:19 2025
#
#
#Start global routing initialization on Sat Oct 25 23:41:19 2025
#
#Number of eco nets is 0
#
#Start global routing data preparation on Sat Oct 25 23:41:19 2025
#
#Start routing resource analysis on Sat Oct 25 23:41:19 2025
#
#Routing resource analysis is done on Sat Oct 25 23:41:19 2025
#
#  Resource Analysis:
#
#               Routing  #Avail      #Track     #Total     %Gcell
#  Layer      Direction   Track     Blocked      Gcell    Blocked
#  --------------------------------------------------------------
#  metal1         H         744          28        2754    66.41%
#  metal2         V         560          38        2754     3.63%
#  metal3         H         772           0        2754     0.00%
#  metal4         V         405           0        2754     0.00%
#  metal5         H         385           0        2754     0.00%
#  metal6         V         405           0        2754     0.00%
#  metal7         H         128           0        2754     0.00%
#  metal8         V         135           0        2754     0.00%
#  metal9         H          52           0        2754     0.04%
#  metal10        V          54           0        2754     0.04%
#  --------------------------------------------------------------
#  Total                   3640       0.99%       27540     7.01%
#
#  28 nets (0.70%) with 1 preferred extra spacing.
#
#
#
#Global routing data preparation is done on Sat Oct 25 23:41:19 2025
#
#cpu time = 00:00:00, elapsed time = 00:00:00, memory = 1149.59 (MB), peak = 1263.45 (MB)
#
#
#Global routing initialization is done on Sat Oct 25 23:41:19 2025
#
#cpu time = 00:00:00, elapsed time = 00:00:00, memory = 1149.59 (MB), peak = 1263.45 (MB)
#
#start global routing iteration 1...
#cpu time = 00:00:02, elapsed time = 00:00:02, memory = 1150.30 (MB), peak = 1263.45 (MB)
#
#start global routing iteration 2...
#cpu time = 00:00:01, elapsed time = 00:00:01, memory = 1151.41 (MB), peak = 1263.45 (MB)
#
#
#Total number of trivial nets (e.g. < 2 pins) = 80 (skipped).
#Total number of routable nets = 3934.
#Total number of nets in the design = 4014.
#
#3906 routable nets have only global wires.
#28 routable nets have only detail routed wires.
#28 detail routed (routable) nets have been constrained (e.g. have preferred extra spacing, require shielding etc.)
#
#Routed nets constraints summary:
#-----------------------------
#        Rules   Unconstrained  
#-----------------------------
#      Default            3906  
#-----------------------------
#        Total            3906  
#-----------------------------
#
#Routing constraints summary of the whole design:
#------------------------------------------------
#        Rules   Pref Extra Space   Unconstrained  
#------------------------------------------------
#      Default                 28            3906  
#------------------------------------------------
#        Total                 28            3906  
#------------------------------------------------
#
#
#  Congestion Analysis: (blocked Gcells are excluded)
#
#                 OverCon          
#                  #Gcell    %Gcell
#     Layer           (1)   OverCon
#  --------------------------------
#  metal1        0(0.00%)   (0.00%)
#  metal2        1(0.04%)   (0.04%)
#  metal3        0(0.00%)   (0.00%)
#  metal4        0(0.00%)   (0.00%)
#  metal5        0(0.00%)   (0.00%)
#  metal6        0(0.00%)   (0.00%)
#  metal7        0(0.00%)   (0.00%)
#  metal8        0(0.00%)   (0.00%)
#  metal9        0(0.00%)   (0.00%)
#  metal10       0(0.00%)   (0.00%)
#  --------------------------------
#     Total      1(0.00%)   (0.00%)
#
#  The worst congested Gcell overcon (routing demand over resource in number of tracks) = 1
#  Overflow after GR: 0.00% H + 0.00% V
#
#Hotspot report including placement blocked areas
[hotspot] +----------------+-------------------+-------------------+-------------------------------------+
[hotspot] |      layer     |    max hotspot    |   total hotspot   |            hotspot bbox             |
[hotspot] +----------------+-------------------+-------------------+-------------------------------------+
[hotspot] |   metal1(H)    |            137.00 |            168.00 |     5.59    11.20   106.39   100.80 |
[hotspot] |   metal2(V)    |              0.00 |              0.00 |   (none)                            |
[hotspot] |   metal3(H)    |              0.00 |              0.00 |   (none)                            |
[hotspot] |   metal4(V)    |              0.00 |              0.00 |   (none)                            |
[hotspot] |   metal5(H)    |              0.00 |              0.00 |   (none)                            |
[hotspot] |   metal6(V)    |              0.00 |              0.00 |   (none)                            |
[hotspot] |   metal7(H)    |              0.00 |              0.00 |   (none)                            |
[hotspot] |   metal8(V)    |              0.00 |              0.00 |   (none)                            |
[hotspot] |   metal9(H)    |              0.00 |              0.00 |   (none)                            |
[hotspot] |  metal10(V)    |              0.00 |              0.00 |   (none)                            |
[hotspot] +----------------+-------------------+-------------------+-------------------------------------+
[hotspot] |      worst     | (metal1)   137.00 | (metal1)   168.00 |                                     |
[hotspot] +----------------+-------------------+-------------------+-------------------------------------+
[hotspot] |   all layers   |              0.00 |              0.00 |                                     |
[hotspot] +----------------+-------------------+-------------------+-------------------------------------+
Local HotSpot Analysis (3d): normalized congestion max/total hotspot area = 0.00/0.00 (area is in unit of 4 std-cell row bins)
#Complete Global Routing.
#Total number of nets with non-default rule or having extra spacing = 28
#Total wire length = 29337 um.
#Total half perimeter of net bounding box = 33284 um.
#Total wire length on LAYER metal1 = 67 um.
#Total wire length on LAYER metal2 = 10723 um.
#Total wire length on LAYER metal3 = 12903 um.
#Total wire length on LAYER metal4 = 5191 um.
#Total wire length on LAYER metal5 = 90 um.
#Total wire length on LAYER metal6 = 357 um.
#Total wire length on LAYER metal7 = 0 um.
#Total wire length on LAYER metal8 = 2 um.
#Total wire length on LAYER metal9 = 2 um.
#Total wire length on LAYER metal10 = 3 um.
#Total number of vias = 20507
#Up-Via Summary (total 20507):
#           
#-----------------------
# metal1          11927
# metal2           6992
# metal3           1495
# metal4             44
# metal5             29
# metal6              8
# metal7              7
# metal8              3
# metal9              2
#-----------------------
#                 20507 
#
#Max overcon = 1 tracks.
#Total overcon = 0.00%.
#Worst layer Gcell overcon rate = 0.00%.
#
#Global routing statistics:
#Cpu time = 00:00:03
#Elapsed time = 00:00:03
#Increased memory = 2.41 (MB)
#Total memory = 1151.49 (MB)
#Peak memory = 1263.45 (MB)
#
#Finished global routing on Sat Oct 25 23:41:22 2025
#
#
#cpu time = 00:00:00, elapsed time = 00:00:00, memory = 1150.98 (MB), peak = 1263.45 (MB)
#Start Track Assignment.
#Done with 4386 horizontal wires in 2 hboxes and 4800 vertical wires in 2 hboxes.
#Done with 912 horizontal wires in 2 hboxes and 1145 vertical wires in 2 hboxes.
#Done with 2 horizontal wires in 2 hboxes and 2 vertical wires in 2 hboxes.
#
#Track assignment summary:
# layer   (wire length)   (overlap)     (long ovlp)	(with obs/pg/clk)  
#------------------------------------------------------------------------
# metal1        60.26 	  0.46%  	  0.00% 	  0.00%
# metal2     10615.46 	  0.09%  	  0.00% 	  0.00%
# metal3     12339.72 	  0.05%  	  0.00% 	  0.00%
# metal4      4809.51 	  0.08%  	  0.00% 	  0.07%
# metal5        92.34 	  0.00%  	  0.00% 	  0.00%
# metal6       359.00 	  0.00%  	  0.00% 	  0.00%
# metal7         0.00 	  0.00%  	  0.00% 	  0.00%
# metal8         2.50 	  0.00%  	  0.00% 	  0.00%
# metal9         2.11 	  0.00%  	  0.00% 	  0.00%
# metal10        3.39 	  0.00%  	  0.00% 	  0.00%
#------------------------------------------------------------------------
# All       28284.27  	  0.07% 	  0.00% 	  0.00%
#Complete Track Assignment.
#Total number of nets with non-default rule or having extra spacing = 28
#Total wire length = 31581 um.
#Total half perimeter of net bounding box = 33284 um.
#Total wire length on LAYER metal1 = 1589 um.
#Total wire length on LAYER metal2 = 10687 um.
#Total wire length on LAYER metal3 = 13575 um.
#Total wire length on LAYER metal4 = 5272 um.
#Total wire length on LAYER metal5 = 92 um.
#Total wire length on LAYER metal6 = 359 um.
#Total wire length on LAYER metal7 = 0 um.
#Total wire length on LAYER metal8 = 2 um.
#Total wire length on LAYER metal9 = 2 um.
#Total wire length on LAYER metal10 = 3 um.
#Total number of vias = 20507
#Up-Via Summary (total 20507):
#           
#-----------------------
# metal1          11927
# metal2           6992
# metal3           1495
# metal4             44
# metal5             29
# metal6              8
# metal7              7
# metal8              3
# metal9              2
#-----------------------
#                 20507 
#
#cpu time = 00:00:01, elapsed time = 00:00:01, memory = 1151.03 (MB), peak = 1263.45 (MB)
#
#number of short segments in preferred routing layers
#	
#	
#
#Routing data preparation, pin analysis, global routing and track assignment statistics:
#Cpu time = 00:00:05
#Elapsed time = 00:00:05
#Increased memory = 5.92 (MB)
#Total memory = 1151.12 (MB)
#Peak memory = 1263.45 (MB)
#
#Start Detail Routing..
#start initial detail routing ...
#   number of violations = 1
#
#    By Layer and Type :
#	          Short   Totals
#	metal1        0        0
#	metal2        1        1
#	Totals        1        1
#4 out of 3148 instances (0.1%) need to be verified(marked ipoed), dirty area = 0.0%.
#6.3% of the total area is being checked for drcs
#6.3% of the total area was checked
#   number of violations = 1
#
#    By Layer and Type :
#	          Short   Totals
#	metal1        0        0
#	metal2        1        1
#	Totals        1        1
#cpu time = 00:00:22, elapsed time = 00:00:22, memory = 1159.39 (MB), peak = 1263.45 (MB)
#start 1st optimization iteration ...
#   number of violations = 0
#cpu time = 00:00:00, elapsed time = 00:00:00, memory = 1157.52 (MB), peak = 1263.45 (MB)
#Complete Detail Routing.
#Total number of nets with non-default rule or having extra spacing = 28
#Total wire length = 32895 um.
#Total half perimeter of net bounding box = 33284 um.
#Total wire length on LAYER metal1 = 1098 um.
#Total wire length on LAYER metal2 = 14492 um.
#Total wire length on LAYER metal3 = 12898 um.
#Total wire length on LAYER metal4 = 3965 um.
#Total wire length on LAYER metal5 = 70 um.
#Total wire length on LAYER metal6 = 318 um.
#Total wire length on LAYER metal7 = 1 um.
#Total wire length on LAYER metal8 = 38 um.
#Total wire length on LAYER metal9 = 6 um.
#Total wire length on LAYER metal10 = 6 um.
#Total number of vias = 21628
#Up-Via Summary (total 21628):
#           
#-----------------------
# metal1          12285
# metal2           8116
# metal3           1142
# metal4             36
# metal5             29
# metal6              8
# metal7              7
# metal8              3
# metal9              2
#-----------------------
#                 21628 
#
#Total number of DRC violations = 0
#Cpu time = 00:00:22
#Elapsed time = 00:00:22
#Increased memory = 4.28 (MB)
#Total memory = 1155.41 (MB)
#Peak memory = 1263.45 (MB)
#
#Start Post Route wire spreading..
#
#Start DRC checking..
#   number of violations = 0
#cpu time = 00:00:03, elapsed time = 00:00:03, memory = 1157.25 (MB), peak = 1263.45 (MB)
#CELL_VIEW myfir,init has no DRC violation.
#Total number of DRC violations = 0
#
#Start data preparation for wire spreading...
#
#Data preparation is done on Sat Oct 25 23:41:49 2025
#
#
#Start Post Route Wire Spread.
#Done with 1115 horizontal wires in 3 hboxes and 718 vertical wires in 4 hboxes.
#Complete Post Route Wire Spread.
#
#Total number of nets with non-default rule or having extra spacing = 28
#Total wire length = 33506 um.
#Total half perimeter of net bounding box = 33284 um.
#Total wire length on LAYER metal1 = 1111 um.
#Total wire length on LAYER metal2 = 14701 um.
#Total wire length on LAYER metal3 = 13216 um.
#Total wire length on LAYER metal4 = 4036 um.
#Total wire length on LAYER metal5 = 70 um.
#Total wire length on LAYER metal6 = 319 um.
#Total wire length on LAYER metal7 = 1 um.
#Total wire length on LAYER metal8 = 40 um.
#Total wire length on LAYER metal9 = 6 um.
#Total wire length on LAYER metal10 = 6 um.
#Total number of vias = 21628
#Up-Via Summary (total 21628):
#           
#-----------------------
# metal1          12285
# metal2           8116
# metal3           1142
# metal4             36
# metal5             29
# metal6              8
# metal7              7
# metal8              3
# metal9              2
#-----------------------
#                 21628 
#
#
#Start DRC checking..
#   number of violations = 0
#cpu time = 00:00:03, elapsed time = 00:00:03, memory = 1157.07 (MB), peak = 1263.45 (MB)
#CELL_VIEW myfir,init has no DRC violation.
#Total number of DRC violations = 0
#   number of violations = 0
#cpu time = 00:00:04, elapsed time = 00:00:04, memory = 1157.07 (MB), peak = 1263.45 (MB)
#CELL_VIEW myfir,init has no DRC violation.
#Total number of DRC violations = 0
#Post Route wire spread is done.
#Total number of nets with non-default rule or having extra spacing = 28
#Total wire length = 33506 um.
#Total half perimeter of net bounding box = 33284 um.
#Total wire length on LAYER metal1 = 1111 um.
#Total wire length on LAYER metal2 = 14701 um.
#Total wire length on LAYER metal3 = 13216 um.
#Total wire length on LAYER metal4 = 4036 um.
#Total wire length on LAYER metal5 = 70 um.
#Total wire length on LAYER metal6 = 319 um.
#Total wire length on LAYER metal7 = 1 um.
#Total wire length on LAYER metal8 = 40 um.
#Total wire length on LAYER metal9 = 6 um.
#Total wire length on LAYER metal10 = 6 um.
#Total number of vias = 21628
#Up-Via Summary (total 21628):
#           
#-----------------------
# metal1          12285
# metal2           8116
# metal3           1142
# metal4             36
# metal5             29
# metal6              8
# metal7              7
# metal8              3
# metal9              2
#-----------------------
#                 21628 
#
#detailRoute Statistics:
#Cpu time = 00:00:29
#Elapsed time = 00:00:29
#Increased memory = 3.83 (MB)
#Total memory = 1154.95 (MB)
#Peak memory = 1263.45 (MB)
#
#globalDetailRoute statistics:
#Cpu time = 00:00:35
#Elapsed time = 00:00:35
#Increased memory = -20.84 (MB)
#Total memory = 1125.62 (MB)
#Peak memory = 1263.45 (MB)
#Number of warnings = 1
#Total number of warnings = 17
#Number of fails = 0
#Total number of fails = 0
#Complete globalDetailRoute on Sat Oct 25 23:41:53 2025
#
#Default setup view is reset to MyAnView.
#Default setup view is reset to MyAnView.
#routeDesign: cpu time = 00:00:35, elapsed time = 00:00:35, memory = 1101.63 (MB), peak = 1263.45 (MB)
*** Message Summary: 0 warning(s), 0 error(s)

<CMD> setAnalysisMode -analysisType onChipVariation
<CMD> setOptMode -fixCap true -fixTran true -fixFanoutLoad false
<CMD> optDesign -postRoute
**optDesign ... cpu = 0:00:00, real = 0:00:00, mem = 1101.8M, totSessionCpu=0:23:40 **
**INFO: User settings:
setNanoRouteMode -droutePostRouteSpreadWire                     1
setNanoRouteMode -extractThirdPartyCompatible                   false
setNanoRouteMode -grouteExpTdStdDelay                           10.1
setNanoRouteMode -grouteExpTdUseTifTimingEngineForImportDesign  false
setNanoRouteMode -routeWithSiDriven                             false
setNanoRouteMode -routeWithTimingDriven                         false
setNanoRouteMode -timingEngine                                  {}
setDesignMode -process                                          45
setExtractRCMode -coupling_c_th                                 0.1
setExtractRCMode -engine                                        preRoute
setExtractRCMode -relative_c_th                                 1
setExtractRCMode -total_c_th                                    0
setUsefulSkewMode -ecoRoute                                     false
setUsefulSkewMode -maxAllowedDelay                              1
setUsefulSkewMode -maxSkew                                      false
setUsefulSkewMode -noBoundary                                   false
setUsefulSkewMode -useCells                                     {BUF_X1 BUF_X2 BUF_X4 BUF_X8 BUF_X16 BUF_X32 CLKBUF_X1 CLKBUF_X2 CLKBUF_X3 INV_X1 INV_X2 INV_X4 INV_X8 INV_X16 INV_X32}
setDelayCalMode -enable_high_fanout                             true
setDelayCalMode -eng_copyNetPropToNewNet                        true
setDelayCalMode -engine                                         aae
setDelayCalMode -ignoreNetLoad                                  false
setOptMode -activeHoldViews                                     { MyAnView }
setOptMode -activeSetupViews                                    { MyAnView }
setOptMode -autoHoldViews                                       { MyAnView}
setOptMode -autoSetupViews                                      { MyAnView}
setOptMode -autoTDGRSetupViews                                  { MyAnView}
setOptMode -autoViewHoldTargetSlack                             0
setOptMode -drcMargin                                           0
setOptMode -fixCap                                              true
setOptMode -fixDrc                                              true
setOptMode -fixFanoutLoad                                       false
setOptMode -fixTran                                             true
setOptMode -optimizeFF                                          true
setOptMode -preserveAllSequential                               false
setOptMode -setupTargetSlack                                    0
setSIMode -separate_delta_delay_on_data                         true
setPlaceMode -place_design_floorplan_mode                       false
setPlaceMode -place_detail_check_route                          false
setPlaceMode -place_detail_preserve_routing                     true
setPlaceMode -place_detail_remove_affected_routing              false
setPlaceMode -place_detail_swap_eeq_cells                       false
setPlaceMode -place_global_clock_gate_aware                     true
setPlaceMode -place_global_cong_effort                          auto
setPlaceMode -place_global_ignore_scan                          true
setPlaceMode -place_global_ignore_spare                         false
setPlaceMode -place_global_module_aware_spare                   false
setPlaceMode -place_global_place_io_pins                        true
setPlaceMode -place_global_reorder_scan                         true
setPlaceMode -powerDriven                                       false
setPlaceMode -timingDriven                                      true
setAnalysisMode -analysisType                                   onChipVariation
setAnalysisMode -checkType                                      setup
setAnalysisMode -clkSrcPath                                     true
setAnalysisMode -clockPropagation                               sdcControl
setAnalysisMode -usefulSkew                                     true
setAnalysisMode -virtualIPO                                     false

**INFO: setDesignMode -flowEffort standard -> setting 'setOptMode -allEndPoints true' for the duration of this command.
Disable merging buffers from different footprints for postRoute code for non-MSV designs
Need call spDPlaceInit before registerPrioInstLoc.
Switching SI Aware to true by default in postroute mode   
GigaOpt running with 1 threads.
Updating RC grid for preRoute extraction ...
Initializing multi-corner capacitance tables ... 
Initializing multi-corner resistance tables ...
**optDesign ... cpu = 0:00:02, real = 0:00:01, mem = 1063.5M, totSessionCpu=0:23:42 **
Existing Dirty Nets : 0
New Signature Flow (optDesignCheckOptions) ....
#Taking db snapshot
#Taking db snapshot ... done
Begin checking placement ... (start mem=1335.8M, init mem=1335.8M)
*info: Placed = 3148           (Fixed = 27)
*info: Unplaced = 0           
Placement Density:69.64%(7054/10129)
Placement Density (including fixed std cells):69.64%(7054/10129)
Finished checkPlace (total: cpu=0:00:00.1, real=0:00:00.0; vio checks: cpu=0:00:00.1, real=0:00:00.0; mem=1335.8M)
 Initial DC engine is -> aae
 
 AAE-Opt:: Current number of nets in RC Memory -> 100 K
 
 
 AAE-Opt:: New number of nets in RC Memory -> 100 K
 
Reset EOS DB
Ignoring AAE DB Resetting ...
 Set Options for AAE Based Opt flow 
*** optDesign -postRoute ***
DRC Margin: user margin 0.0; extra margin 0
Setup Target Slack: user slack 0
Hold Target Slack: user slack 0
Opt: RC extraction mode changed to 'detail'
Multi-VT timing optimization disabled based on library information.
** INFO : this run is activating 'postRoute' automaton
**WARN: (IMPEXT-3518):	The lower process node is set (using command 'setDesignMode') but the technology file for TQuantus extraction not specified. Therefore, going for postRoute (effortLevel low) extraction instead of recommended extractor 'TQuantus' for lower nodes. Use command 'set_analysis_view/update_rc_corner' to specify the technology file for TQuantus extraction to take place.
Extraction called for design 'myfir' of instances=3148 and nets=4014 using extraction engine 'postRoute' at effort level 'low' .
PostRoute (effortLevel low) RC Extraction called for design myfir.
RC Extraction called in multi-corner(1) mode.
Process corner(s) are loaded.
 Corner: my_rc
extractDetailRC Option : -outfile /tmp/innovus_temp_2181_isaserver_isa30_2025_2026_VLOzYY/myfir_2181_R7KJBH.rcdb.d  -extended
RC Mode: PostRoute -effortLevel low [Extended CapTable, RC Table Resistances]
      RC Corner Indexes            0   
Capacitance Scaling Factor   : 1.00000 
Coupling Cap. Scaling Factor : 1.00000 
Resistance Scaling Factor    : 1.00000 
Clock Cap. Scaling Factor    : 1.00000 
Clock Res. Scaling Factor    : 1.00000 
Shrink Factor                : 1.00000
Initializing multi-corner capacitance tables ... 
Initializing multi-corner resistance tables ...
Checking LVS Completed (CPU Time= 0:00:00.0  MEM= 1326.8M)
Extracted 10.0064% (CPU Time= 0:00:00.5  MEM= 1402.3M)
Extracted 20.0064% (CPU Time= 0:00:00.5  MEM= 1402.3M)
Extracted 30.0064% (CPU Time= 0:00:00.6  MEM= 1402.3M)
Extracted 40.0064% (CPU Time= 0:00:00.6  MEM= 1402.3M)
Extracted 50.0064% (CPU Time= 0:00:00.7  MEM= 1402.3M)
Extracted 60.0064% (CPU Time= 0:00:00.7  MEM= 1402.3M)
Extracted 70.0064% (CPU Time= 0:00:00.8  MEM= 1402.3M)
Extracted 80.0064% (CPU Time= 0:00:00.9  MEM= 1402.3M)
Extracted 90.0064% (CPU Time= 0:00:01.0  MEM= 1402.3M)
Extracted 100% (CPU Time= 0:00:01.3  MEM= 1402.3M)
Number of Extracted Resistors     : 52768
Number of Extracted Ground Cap.   : 56616
Number of Extracted Coupling Cap. : 129606
Filtering XCap in 'relativeAndCoupling' mode using values coupling_c_threshold=0.1fF, relative_c_threshold=1, and total_c_threshold=0fF.
 Corner: my_rc
Checking LVS Completed (CPU Time= 0:00:00.0  MEM= 1370.3M)
PostRoute (effortLevel low) RC Extraction DONE (CPU Time: 0:00:02.5  Real Time: 0:00:03.0  MEM: 1370.305M)
Initializing multi-corner capacitance tables ... 
Initializing multi-corner resistance tables ...
Starting delay calculation for Hold views
AAE DB initialization (MEM=1377.84 CPU=0:00:00.0 REAL=0:00:00.0) 
#################################################################################
# Design Stage: PostRoute
# Design Name: myfir
# Design Mode: 45nm
# Analysis Mode: MMMC OCV 
# Parasitics Mode: SPEF/RCDB 
# Signoff Settings: SI Off 
#################################################################################
Start delay calculation (fullDC) (1 T). (MEM=1377.84)
Total number of fetched objects 4222
End delay calculation. (MEM=1440.33 CPU=0:00:03.0 REAL=0:00:03.0)
End delay calculation (fullDC). (MEM=1413.25 CPU=0:00:03.5 REAL=0:00:03.0)
*** Done Building Timing Graph (cpu=0:00:03.8 real=0:00:03.0 totSessionCpu=0:23:50 mem=1413.2M)
Done building cte hold timing graph (HoldAware) cpu=0:00:04.3 real=0:00:04.0 totSessionCpu=0:23:50 mem=1413.2M ***
Starting delay calculation for Setup views
Starting SI iteration 1 using Infinite Timing Windows
#################################################################################
# Design Stage: PostRoute
# Design Name: myfir
# Design Mode: 45nm
# Analysis Mode: MMMC OCV 
# Parasitics Mode: SPEF/RCDB 
# Signoff Settings: SI On 
#################################################################################
AAE_INFO: 1 threads acquired from CTE.
Start delay calculation (fullDC) (1 T). (MEM=1408.79)
Total number of fetched objects 4222
AAE_INFO-618: Total number of nets in the design is 4014,  100.0 percent of the nets selected for SI analysis
End delay calculation. (MEM=1405.13 CPU=0:00:07.9 REAL=0:00:08.0)
End delay calculation (fullDC). (MEM=1405.13 CPU=0:00:08.2 REAL=0:00:09.0)
Loading CTE timing window with TwFlowType 0...(CPU = 0:00:00.0, REAL = 0:00:00.0, MEM = 1405.1M)
Add other clocks and setupCteToAAEClockMapping during iter 1
Loading CTE timing window is completed (CPU = 0:00:00.1, REAL = 0:00:01.0, MEM = 1405.1M)

Executing IPO callback for view pruning ..
Starting SI iteration 2
Start delay calculation (fullDC) (1 T). (MEM=1338.25)
Glitch Analysis: View MyAnView -- Total Number of Nets Skipped = 0. 
Glitch Analysis: View MyAnView -- Total Number of Nets Analyzed = 4222. 
Total number of fetched objects 4222
AAE_INFO-618: Total number of nets in the design is 4014,  0.7 percent of the nets selected for SI analysis
End delay calculation. (MEM=1379.4 CPU=0:00:00.1 REAL=0:00:00.0)
End delay calculation (fullDC). (MEM=1379.4 CPU=0:00:00.2 REAL=0:00:00.0)
*** Done Building Timing Graph (cpu=0:00:10.2 real=0:00:10.0 totSessionCpu=0:24:01 mem=1379.4M)

------------------------------------------------------------
     Initial SI Timing Summary                             
------------------------------------------------------------

Setup views included:
 MyAnView 

+--------------------+---------+---------+---------+---------+
|     Setup mode     |   all   | reg2reg |reg2cgate| default |
+--------------------+---------+---------+---------+---------+
|           WNS (ns):|  4.527  |  4.527  |  7.343  |  6.834  |
|           TNS (ns):|  0.000  |  0.000  |  0.000  |  0.000  |
|    Violating Paths:|    0    |    0    |    0    |    0    |
|          All Paths:|   539   |   119   |   11    |   409   |
+--------------------+---------+---------+---------+---------+

+----------------+-------------------------------+------------------+
|                |              Real             |       Total      |
|    DRVs        +------------------+------------+------------------|
|                |  Nr nets(terms)  | Worst Vio  |  Nr nets(terms)  |
+----------------+------------------+------------+------------------+
|   max_cap      |      0 (0)       |   0.000    |      0 (0)       |
|   max_tran     |      0 (0)       |   0.000    |      0 (0)       |
|   max_fanout   |      0 (0)       |     0      |      0 (0)       |
|   max_length   |      0 (0)       |     0      |      0 (0)       |
+----------------+------------------+------------+------------------+

Density: 69.640%
Total number of glitch violations: 0
------------------------------------------------------------
**optDesign ... cpu = 0:00:21, real = 0:00:21, mem = 1109.2M, totSessionCpu=0:24:01 **
Setting latch borrow mode to budget during optimization.
Info: Done creating the CCOpt slew target map.
Glitch fixing enabled
Running CCOpt-PRO on entire clock network
Net route status summary:
  Clock:        28 (unrouted=0, trialRouted=0, noStatus=0, routed=28, fixed=0, [crossesIlmBoundary=0, tooFewTerms=0, (crossesIlmBoundary AND tooFewTerms=0)])
  Non-clock:  3986 (unrouted=80, trialRouted=0, noStatus=0, routed=3906, fixed=0, [crossesIlmBoundary=0, tooFewTerms=80, (crossesIlmBoundary AND tooFewTerms=0)])
Clock tree cells fixed by user: 0 out of 27 (0%)
PRO...
Relaxing adjacent_rows_legal and cell_density for the duration of PRO. To stop this set pro_respect_cell_density_and_adjacent_row_legal to true.
Initializing clock structures...
  Creating own balancer
  Permitting the movement of (non-FIXED) datapath insts as required for sized/new clock tree insts
  Removing CTS place status from clock tree and sinks.
  Initializing legalizer
  Using cell based legalization.
  Reconstructing clock tree datastructures, skew aware...
    Validating CTS configuration...
    Checking module port directions...
    Checking module port directions done. (took cpu=0:00:00.0 real=0:00:00.0)
    Non-default CCOpt properties:
    adjacent_rows_legal: true (default: false)
    allow_non_fterm_identical_swaps: 0 (default: true)
    cannot_merge_reason is set for at least one object
    cell_density is set for at least one object
    cell_halo_rows: 0 (default: 1)
    cell_halo_sites: 0 (default: 4)
    clock_nets_detailed_routed: 1 (default: false)
    force_design_routing_status: 1 (default: auto)
    route_type is set for at least one object
    target_insertion_delay is set for at least one object
    target_max_trans is set for at least one object
    target_skew is set for at least one object
    target_skew_wire is set for at least one object
    Route type trimming info:
      No route type modifications were made.
**WARN: (IMPCCOPT-1184):	The library has no usable balanced inverters for power domain auto-default, while balancing clock_tree MY_CLK. If this is not intended behavior, you can specify a list of lib_cells to use with the inverter_cells property.
    Clock tree balancer configuration for clock_tree MY_CLK:
    Non-default CCOpt properties:
      cell_density: 1 (default: 0.75)
      route_type (leaf): default_route_type_leaf (default: default)
      route_type (trunk): default_route_type_nonleaf (default: default)
      route_type (top): default_route_type_nonleaf (default: default)
    For power domain auto-default:
      Buffers:     CLKBUF_X3 CLKBUF_X2 CLKBUF_X1 
      Inverters:   
      Clock gates: CLKGATETST_X8 CLKGATETST_X4 CLKGATETST_X2 CLKGATETST_X1 
      Unblocked area available for placement of any clock cells in power_domain auto-default: 10129.280um^2
    Top Routing info:
      Route-type name: default_route_type_nonleaf; Top/bottom preferred layer name: metal4/metal3; 
      Unshielded; Mask Constraint: 0; Source: route_type.
    Trunk Routing info:
      Route-type name: default_route_type_nonleaf; Top/bottom preferred layer name: metal4/metal3; 
      Unshielded; Preferred extra space: 1; Mask Constraint: 0; Source: route_type.
    Leaf Routing info:
      Route-type name: default_route_type_leaf; Top/bottom preferred layer name: metal4/metal3; 
      Unshielded; Preferred extra space: 1; Mask Constraint: 0; Source: route_type.
    For timing_corner my_delay:both, late and power domain auto-default:
      Slew time target (leaf):    0.080ns
      Slew time target (trunk):   0.080ns
      Slew time target (top):     0.080ns (Note: no nets are considered top nets in this clock tree)
      Buffer unit delay: 0.047ns
      Buffer max distance: 596.721um
    Fastest wire driving cells and distances:
      Buffer    : {lib_cell:CLKBUF_X3, fastest_considered_half_corner=my_delay:both.late, optimalDrivingDistance=596.721um, saturatedSlew=0.068ns, speed=4381.212um per ns, cellArea=2.229um^2 per 1000um}
      Clock gate (with test): {lib_cell:CLKGATETST_X8, fastest_considered_half_corner=my_delay:both.late, optimalDrivingDistance=720.125um, saturatedSlew=0.063ns, speed=5688.191um per ns, cellArea=10.712um^2 per 1000um}
      Clock gate   (no test): {lib_cell:CLKGATE_X8, fastest_considered_half_corner=my_delay:both.late, optimalDrivingDistance=697.375um, saturatedSlew=0.060ns, speed=5899.958um per ns, cellArea=9.917um^2 per 1000um}
    
    
    Logic Sizing Table:
    
    ----------------------------------------------------------
    Cell    Instance count    Source    Eligible library cells
    ----------------------------------------------------------
      (empty table)
    ----------------------------------------------------------
    
    
    Clock tree balancer configuration for skew_group MY_CLK:
      Sources:                     pin CLK
      Total number of sinks:       255
      Delay constrained sinks:     255
      Non-leaf sinks:              0
      Ignore pins:                 0
     Timing corner my_delay:both.late:
      Skew target:                 0.500ns
**WARN: (IMPCCOPT-1361):	Routing configuration for top nets in clock tree MY_CLK: preferred layers metal3-metal4 are outside NanoRoute configured layer range. This is likely to cause routing correlation issues.
**WARN: (IMPCCOPT-1361):	Routing configuration for trunk nets in clock tree MY_CLK: preferred layers metal3-metal4 are outside NanoRoute configured layer range. This is likely to cause routing correlation issues.
**WARN: (IMPCCOPT-1361):	Routing configuration for leaf nets in clock tree MY_CLK: preferred layers metal3-metal4 are outside NanoRoute configured layer range. This is likely to cause routing correlation issues.
    Primary reporting skew groups are:
    skew_group MY_CLK with 255 clock sinks
    
    Clock DAG stats initial state:
      cell counts      : b=4, i=0, icg=23, nicg=0, l=0, total=27
      cell areas       : b=3.990um^2, i=0.000um^2, icg=91.770um^2, nicg=0.000um^2, l=0.000um^2, total=95.760um^2
      hp wire lengths  : top=0.000um, trunk=225.640um, leaf=495.890um, total=721.530um
    Clock DAG library cell distribution initial state {count}:
       Bufs: CLKBUF_X2: 3 CLKBUF_X1: 1 
       ICGs: CLKGATETST_X1: 23 
    
    Distribution of half-perimeter wire length by ICG depth:
    
    -------------------------------------------------------------------------
    Min ICG    Max ICG    Count    HPWL
    Depth      Depth               (um)
    -------------------------------------------------------------------------
       0          0        24      [min=12, max=38, avg=21, sd=6, total=496]
       0          1         2      [min=72, max=85, avg=79, sd=10, total=157]
       1          1         2      [min=73, max=80, avg=77, sd=5, total=154]
    -------------------------------------------------------------------------
    
    No ideal or dont_touch nets found in the clock tree
    No dont_touch hnets found in the clock tree
    Validating CTS configuration done. (took cpu=0:00:02.4 real=0:00:02.3)
    CCOpt configuration status: all checks passed.
  Reconstructing clock tree datastructures, skew aware done.
Initializing clock structures done.
PRO...
  PRO active optimizations:
   - DRV fixing with cell sizing
  
**WARN: (IMPCCOPT-2277):	CCOpt/PRO found datapath net 'DataRegIn_clk_gate_Dout_reg/TE' is not routed.
**WARN: (IMPCCOPT-2277):	CCOpt/PRO found datapath net 'reg1_clk_gate_Dout_reg/TE' is not routed.
**WARN: (IMPCCOPT-2277):	CCOpt/PRO found datapath net 'reg2_clk_gate_Dout_reg/TE' is not routed.
**WARN: (IMPCCOPT-2277):	CCOpt/PRO found datapath net 'reg3_clk_gate_Dout_reg/TE' is not routed.
**WARN: (IMPCCOPT-2277):	CCOpt/PRO found datapath net 'cReg0_clk_gate_Dout_reg/TE' is not routed.
**WARN: (IMPCCOPT-2277):	CCOpt/PRO found datapath net 'cReg1_clk_gate_Dout_reg/TE' is not routed.
**WARN: (IMPCCOPT-2277):	CCOpt/PRO found datapath net 'cReg2_clk_gate_Dout_reg/TE' is not routed.
**WARN: (IMPCCOPT-2277):	CCOpt/PRO found datapath net 'cReg10_clk_gate_Dout_reg/TE' is not routed.
**WARN: (IMPCCOPT-2277):	CCOpt/PRO found datapath net 'reg8_clk_gate_Dout_reg/TE' is not routed.
**WARN: (IMPCCOPT-2277):	CCOpt/PRO found datapath net 'reg9_clk_gate_Dout_reg/TE' is not routed.
**WARN: (IMPCCOPT-2277):	CCOpt/PRO found datapath net 'reg10_clk_gate_Dout_reg/TE' is not routed.
**WARN: (IMPCCOPT-2277):	CCOpt/PRO found datapath net 'DataRegOut_clk_gate_Dout_reg/TE' is not routed.
**WARN: (IMPCCOPT-2277):	CCOpt/PRO found datapath net 'cReg5_clk_gate_Dout_reg/TE' is not routed.
**WARN: (IMPCCOPT-2277):	CCOpt/PRO found datapath net 'cReg8_clk_gate_Dout_reg/TE' is not routed.
**WARN: (IMPCCOPT-2277):	CCOpt/PRO found datapath net 'cReg9_clk_gate_Dout_reg/TE' is not routed.
**WARN: (IMPCCOPT-2277):	CCOpt/PRO found datapath net 'reg4_clk_gate_Dout_reg/TE' is not routed.
**WARN: (IMPCCOPT-2277):	CCOpt/PRO found datapath net 'reg5_clk_gate_Dout_reg/TE' is not routed.
**WARN: (IMPCCOPT-2277):	CCOpt/PRO found datapath net 'reg6_clk_gate_Dout_reg/TE' is not routed.
**WARN: (IMPCCOPT-2277):	CCOpt/PRO found datapath net 'reg7_clk_gate_Dout_reg/TE' is not routed.
**WARN: (IMPCCOPT-2277):	CCOpt/PRO found datapath net 'cReg3_clk_gate_Dout_reg/TE' is not routed.
**WARN: (EMS-27):	Message (IMPCCOPT-2277) has exceeded the current message display limit of 20.
To increase the message display limit, refer to the product command reference manual.
  Detected clock skew data from CTS
  Clock tree timing engine global stage delay update for my_delay:both.late...
  Clock tree timing engine global stage delay update for my_delay:both.late done. (took cpu=0:00:00.1 real=0:00:00.1)
  Clock DAG stats PRO initial state:
    cell counts      : b=4, i=0, icg=23, nicg=0, l=0, total=27
    cell areas       : b=3.990um^2, i=0.000um^2, icg=91.770um^2, nicg=0.000um^2, l=0.000um^2, total=95.760um^2
    cell capacitance : b=4.998fF, i=0.000fF, icg=41.681fF, nicg=0.000fF, l=0.000fF, total=46.678fF
    sink capacitance : count=255, total=249.034fF, avg=0.977fF, sd=0.000fF, min=0.977fF, max=0.977fF
    wire capacitance : top=0.000fF, trunk=34.817fF, leaf=71.945fF, total=106.762fF
    wire lengths     : top=0.000um, trunk=375.615um, leaf=708.070um, total=1083.685um
    hp wire lengths  : top=0.000um, trunk=225.640um, leaf=495.890um, total=721.530um
  Clock DAG net violations PRO initial state: none
  Clock DAG primary half-corner transition distribution PRO initial state:
    Trunk : target=0.080ns count=4 avg=0.021ns sd=0.013ns min=0.002ns max=0.028ns {4 <= 0.048ns, 0 <= 0.064ns, 0 <= 0.072ns, 0 <= 0.076ns, 0 <= 0.080ns}
    Leaf  : target=0.080ns count=24 avg=0.032ns sd=0.005ns min=0.011ns max=0.036ns {24 <= 0.048ns, 0 <= 0.064ns, 0 <= 0.072ns, 0 <= 0.076ns, 0 <= 0.080ns}
  Clock DAG library cell distribution PRO initial state {count}:
     Bufs: CLKBUF_X2: 3 CLKBUF_X1: 1 
     ICGs: CLKGATETST_X1: 23 
  Primary reporting skew groups PRO initial state:
    skew_group default.MY_CLK: unconstrained
  Skew group summary PRO initial state:
    skew_group MY_CLK: insertion delay [min=0.084, max=0.115, avg=0.109, sd=0.003], skew [0.031 vs 0.500], 100% {0.084, 0.115} (wid=0.003 ws=0.003) (gid=0.112 gs=0.028)
  Recomputing CTS skew targets...
  Resolving skew group constraints...
    Solving LP: 1 skew groups; 2 fragments, 2 fraglets and 3 vertices; 21 variables and 54 constraints; tolerance 1
  Resolving skew group constraints done.
  Recomputing CTS skew targets done. (took cpu=0:00:00.0 real=0:00:00.0)
  PRO Fixing DRVs...
    Fixing clock tree DRVs: ...20% ...40% ...60% ...80% ...100% 
    CCOpt-PRO: considered: 28, tested: 28, violation detected: 0, violation ignored (due to small violation): 0, cannot run: 0, attempted: 0, unsuccessful: 0, sized: 0
    
    PRO Statistics: Fix DRVs (cell sizing):
    =======================================
    
    Cell changes by Net Type:
    
    -------------------------------------------------------------------------------------------------
    Net Type    Attempted    Upsized     Downsized    Swapped Same Size    Total Changed    Not Sized
    -------------------------------------------------------------------------------------------------
    top                0            0           0            0                    0                0
    trunk              0            0           0            0                    0                0
    leaf               0            0           0            0                    0                0
    -------------------------------------------------------------------------------------------------
    Total              0            0           0            0                    0                0
    -------------------------------------------------------------------------------------------------
    
    Upsized: 0, Downsized: 0, Sized but same area: 0, Unchanged: 0, Area change: 0.000um^2 (0.000%)
    Max. move: 0.000um, Min. move: 0.000um, Avg. move: N/A
    
    Clock DAG stats after 'PRO Fixing DRVs':
      cell counts      : b=4, i=0, icg=23, nicg=0, l=0, total=27
      cell areas       : b=3.990um^2, i=0.000um^2, icg=91.770um^2, nicg=0.000um^2, l=0.000um^2, total=95.760um^2
      cell capacitance : b=4.998fF, i=0.000fF, icg=41.681fF, nicg=0.000fF, l=0.000fF, total=46.678fF
      sink capacitance : count=255, total=249.034fF, avg=0.977fF, sd=0.000fF, min=0.977fF, max=0.977fF
      wire capacitance : top=0.000fF, trunk=34.817fF, leaf=71.945fF, total=106.762fF
      wire lengths     : top=0.000um, trunk=375.615um, leaf=708.070um, total=1083.685um
      hp wire lengths  : top=0.000um, trunk=225.640um, leaf=495.890um, total=721.530um
    Clock DAG net violations after 'PRO Fixing DRVs': none
    Clock DAG primary half-corner transition distribution after 'PRO Fixing DRVs':
      Trunk : target=0.080ns count=4 avg=0.021ns sd=0.013ns min=0.002ns max=0.028ns {4 <= 0.048ns, 0 <= 0.064ns, 0 <= 0.072ns, 0 <= 0.076ns, 0 <= 0.080ns}
      Leaf  : target=0.080ns count=24 avg=0.032ns sd=0.005ns min=0.011ns max=0.036ns {24 <= 0.048ns, 0 <= 0.064ns, 0 <= 0.072ns, 0 <= 0.076ns, 0 <= 0.080ns}
    Clock DAG library cell distribution after 'PRO Fixing DRVs' {count}:
       Bufs: CLKBUF_X2: 3 CLKBUF_X1: 1 
       ICGs: CLKGATETST_X1: 23 
    Primary reporting skew groups after 'PRO Fixing DRVs':
      skew_group default.MY_CLK: unconstrained
    Skew group summary after 'PRO Fixing DRVs':
      skew_group MY_CLK: insertion delay [min=0.084, max=0.115, avg=0.109, sd=0.003], skew [0.031 vs 0.500], 100% {0.084, 0.115} (wid=0.003 ws=0.003) (gid=0.112 gs=0.028)
    Legalizer API calls during this step: 0 succeeded with high effort: 0 succeeded with medium effort: 0 succeeded with low effort: 0 succeeded with basic effort: 0 succeeded with basic unbounded effort: 0
  PRO Fixing DRVs done. (took cpu=0:00:00.0 real=0:00:00.0)
  Reconnecting optimized routes...
  Reconnecting optimized routes done. (took cpu=0:00:00.0 real=0:00:00.0)
  Set dirty flag on 0 instances, 0 nets
  Clock tree timing engine global stage delay update for my_delay:both.late...
  Clock tree timing engine global stage delay update for my_delay:both.late done. (took cpu=0:00:00.1 real=0:00:00.1)
  Clock DAG stats PRO final:
    cell counts      : b=4, i=0, icg=23, nicg=0, l=0, total=27
    cell areas       : b=3.990um^2, i=0.000um^2, icg=91.770um^2, nicg=0.000um^2, l=0.000um^2, total=95.760um^2
    cell capacitance : b=4.998fF, i=0.000fF, icg=41.681fF, nicg=0.000fF, l=0.000fF, total=46.678fF
    sink capacitance : count=255, total=249.034fF, avg=0.977fF, sd=0.000fF, min=0.977fF, max=0.977fF
    wire capacitance : top=0.000fF, trunk=34.817fF, leaf=71.945fF, total=106.762fF
    wire lengths     : top=0.000um, trunk=375.615um, leaf=708.070um, total=1083.685um
    hp wire lengths  : top=0.000um, trunk=225.640um, leaf=495.890um, total=721.530um
  Clock DAG net violations PRO final: none
  Clock DAG primary half-corner transition distribution PRO final:
    Trunk : target=0.080ns count=4 avg=0.021ns sd=0.013ns min=0.002ns max=0.028ns {4 <= 0.048ns, 0 <= 0.064ns, 0 <= 0.072ns, 0 <= 0.076ns, 0 <= 0.080ns}
    Leaf  : target=0.080ns count=24 avg=0.032ns sd=0.005ns min=0.011ns max=0.036ns {24 <= 0.048ns, 0 <= 0.064ns, 0 <= 0.072ns, 0 <= 0.076ns, 0 <= 0.080ns}
  Clock DAG library cell distribution PRO final {count}:
     Bufs: CLKBUF_X2: 3 CLKBUF_X1: 1 
     ICGs: CLKGATETST_X1: 23 
  Primary reporting skew groups PRO final:
    skew_group default.MY_CLK: unconstrained
  Skew group summary PRO final:
    skew_group MY_CLK: insertion delay [min=0.084, max=0.115, avg=0.109, sd=0.003], skew [0.031 vs 0.500], 100% {0.084, 0.115} (wid=0.003 ws=0.003) (gid=0.112 gs=0.028)
PRO done.
Restoring CTS place status for unmodified clock tree cells and sinks.
Net route status summary:
  Clock:        28 (unrouted=0, trialRouted=0, noStatus=0, routed=28, fixed=0, [crossesIlmBoundary=0, tooFewTerms=0, (crossesIlmBoundary AND tooFewTerms=0)])
  Non-clock:  3986 (unrouted=80, trialRouted=0, noStatus=0, routed=3906, fixed=0, [crossesIlmBoundary=0, tooFewTerms=80, (crossesIlmBoundary AND tooFewTerms=0)])
Updating delays...
Updating delays done.
PRO done. (took cpu=0:00:02.9 real=0:00:02.8)
**INFO: Start fixing DRV (Mem = 1364.51M) ...
Begin: GigaOpt DRV Optimization
Glitch fixing enabled
Info: 28 clock nets excluded from IPO operation.
*** DrvOpt [begin] : cpu/real = 0:00:00.0/0:00:00.0 (0.0), totSession cpu/real = 0:24:04.7/0:58:32.9 (0.4), mem = 1364.5M
DRV pessimism of 2.00% is used for tran, 2.00% for cap, 2.00% for fanout, on top of margin 0.00%
+---------------------------------------------------------------------------------------------------------------------------------------------------------------------+
|        max-tran       |        max-cap        |  max-fanout |  max-length |    glitch   |       setup       |        |        |        |       |          |         |
+---------------------------------------------------------------------------------------------------------------------------------------------------------------------+
| nets | terms|  wViol  | nets | terms|  wViol  | nets | terms| nets | terms| nets | terms|   WNS   |   TNS   |  #Buf  |  #Inv  | #Resize|Density|   Real   |   Mem   |
+---------------------------------------------------------------------------------------------------------------------------------------------------------------------+
|     0|     0|     0.00|     0|     0|     0.00|     0|     0|     0|     0|     0|     0|     4.53|     0.00|       0|       0|       0|  69.64|          |         |
|     0|     0|     0.00|     0|     0|     0.00|     0|     0|     0|     0|     0|     0|     4.53|     0.00|       0|       0|       0|  69.64| 0:00:00.0|  1555.8M|
+---------------------------------------------------------------------------------------------------------------------------------------------------------------------+
Bottom Preferred Layer:
+---------------+------------+----------+
|     Layer     |    CLK     |   Rule   |
+---------------+------------+----------+
| metal3 (z=3)  |         28 | default  |
+---------------+------------+----------+
Via Pillar Rule:
    None

*** Finish DRV Fixing (cpu=0:00:00.3 real=0:00:01.0 mem=1555.8M) ***

*** DrvOpt [finish] : cpu/real = 0:00:05.3/0:00:05.3 (1.0), totSession cpu/real = 0:24:10.0/0:58:38.2 (0.4), mem = 1536.8M
drv optimizer changes nothing and skips refinePlace
End: GigaOpt DRV Optimization
**optDesign ... cpu = 0:00:30, real = 0:00:30, mem = 1203.3M, totSessionCpu=0:24:10 **
*info:
**INFO: Completed fixing DRV (CPU Time = 0:00:05, Mem = 1457.76M).

------------------------------------------------------------
     SI Timing Summary (cpu=0.09min real=0.10min mem=1457.8M)                             
------------------------------------------------------------

Setup views included:
 MyAnView 

+--------------------+---------+---------+---------+---------+
|     Setup mode     |   all   | reg2reg |reg2cgate| default |
+--------------------+---------+---------+---------+---------+
|           WNS (ns):|  4.526  |  4.526  |  7.343  |  6.834  |
|           TNS (ns):|  0.000  |  0.000  |  0.000  |  0.000  |
|    Violating Paths:|    0    |    0    |    0    |    0    |
|          All Paths:|   539   |   119   |   11    |   409   |
+--------------------+---------+---------+---------+---------+

+----------------+-------------------------------+------------------+
|                |              Real             |       Total      |
|    DRVs        +------------------+------------+------------------|
|                |  Nr nets(terms)  | Worst Vio  |  Nr nets(terms)  |
+----------------+------------------+------------+------------------+
|   max_cap      |      0 (0)       |   0.000    |      0 (0)       |
|   max_tran     |      0 (0)       |   0.000    |      0 (0)       |
|   max_fanout   |      0 (0)       |     0      |      0 (0)       |
|   max_length   |      0 (0)       |     0      |      0 (0)       |
+----------------+------------------+------------+------------------+

Density: 69.640%
Total number of glitch violations: 0
------------------------------------------------------------
**optDesign ... cpu = 0:00:30, real = 0:00:30, mem = 1203.3M, totSessionCpu=0:24:10 **
*** Timing Is met
*** Check timing (0:00:00.0)
*** Setup timing is met (target slack 0ns)
Running postRoute recovery in preEcoRoute mode
**optDesign ... cpu = 0:00:30, real = 0:00:30, mem = 1203.3M, totSessionCpu=0:24:10 **
Checking DRV degradation...
**INFO: Skipping DRV recovery as drv did not degrade beyond margin
Finish postRoute recovery in preEcoRoute mode (cpu=0:00:00, real=0:00:00, mem=1448.23M, totSessionCpu=0:24:11).
**optDesign ... cpu = 0:00:30, real = 0:00:30, mem = 1203.4M, totSessionCpu=0:24:11 **

Skipping post route harden opt
Default Rule : ""
Non Default Rules :
Worst Slack : 4.527 ns

Start Layer Assignment ...
WNS(4.527ns) Target(0.000ns) MaxAssign(0%) MaxCong(20%) MinLen(100um) MinCap(0.050pf) layerBucket(3)

Select 0 cadidates out of 4014.
No critical nets selected. Skipped !
GigaOpt: setting up router preferences
GigaOpt: 0 nets assigned router directives

Start Assign Priority Nets ...
TargetSlk(0.200ns) MaxAssign(3%) minLen(50um)
Existing Priority Nets 0 (0.0%)
Assigned Priority Nets 0 (0.0%)
Default Rule : ""
Non Default Rules :
Worst Slack : 4.527 ns

Start Layer Assignment ...
WNS(4.527ns) Target(0.000ns) MaxAssign(0%) MaxCong(20%) MinLen(100um) MinCap(0.050pf) layerBucket(3)

Select 0 cadidates out of 4014.
No critical nets selected. Skipped !
GigaOpt: setting up router preferences
GigaOpt: 0 nets assigned router directives

Start Assign Priority Nets ...
TargetSlk(0.200ns) MaxAssign(3%) minLen(50um)
Existing Priority Nets 0 (0.0%)
Assigned Priority Nets 0 (0.0%)

------------------------------------------------------------
        Pre-ecoRoute Summary                             
------------------------------------------------------------

Setup views included:
 MyAnView 

+--------------------+---------+---------+---------+---------+
|     Setup mode     |   all   | reg2reg |reg2cgate| default |
+--------------------+---------+---------+---------+---------+
|           WNS (ns):|  4.526  |  4.526  |  7.343  |  6.834  |
|           TNS (ns):|  0.000  |  0.000  |  0.000  |  0.000  |
|    Violating Paths:|    0    |    0    |    0    |    0    |
|          All Paths:|   539   |   119   |   11    |   409   |
+--------------------+---------+---------+---------+---------+

+----------------+-------------------------------+------------------+
|                |              Real             |       Total      |
|    DRVs        +------------------+------------+------------------|
|                |  Nr nets(terms)  | Worst Vio  |  Nr nets(terms)  |
+----------------+------------------+------------+------------------+
|   max_cap      |      0 (0)       |   0.000    |      0 (0)       |
|   max_tran     |      0 (0)       |   0.000    |      0 (0)       |
|   max_fanout   |      0 (0)       |     0      |      0 (0)       |
|   max_length   |      0 (0)       |     0      |      0 (0)       |
+----------------+------------------+------------+------------------+

Density: 69.640%
Total number of glitch violations: 0
------------------------------------------------------------
**optDesign ... cpu = 0:00:31, real = 0:00:31, mem = 1125.7M, totSessionCpu=0:24:11 **
Running refinePlace -preserveRouting true -hardFence false
*** Starting refinePlace (0:24:11 mem=1380.2M) ***
Move report: Detail placement moves 0 insts, mean move: 0.00 um, max move: 0.00 um
	Runtime: CPU: 0:00:00.1 REAL: 0:00:00.0 MEM: 1380.2MB
Summary Report:
Instances move: 0 (out of 3121 movable)
Instances flipped: 0
Mean displacement: 0.00 um
Max displacement: 0.00 um 
Runtime: CPU: 0:00:00.1 REAL: 0:00:00.0 MEM: 1380.2MB
*** Finished refinePlace (0:24:12 mem=1380.2M) ***
-routeWithEco false                       # bool, default=false
-routeWithEco true                        # bool, default=false, user setting
-routeSelectedNetOnly false               # bool, default=false
-routeWithTimingDriven false              # bool, default=false, user setting
-routeWithSiDriven false                  # bool, default=false, user setting
Existing Dirty Nets : 0
New Signature Flow (saveAndSetNanoRouteOptions) ....
Reset Dirty Nets : 0

globalDetailRoute

#Start globalDetailRoute on Sat Oct 25 23:43:35 2025
#
#num needed restored net=0
#need_extraction net=0 (total=4014)
#Processed 0/0 dirty instances, 0/0 dirty terms, 0/0 dirty fterms, 0/0 dirty pgterms, 0/0 misc dirty regions(0 insts marked dirty, reset pre-exisiting dirty flag on 0 insts, 0 nets marked need extraction)
#NanoRoute Version 20.11-s130_1 NR200802-2257/20_11-UB
#Skip comparing routing design signature in db-snapshot flow
#Start routing data preparation on Sat Oct 25 23:43:36 2025
#
#Minimum voltage of a net in the design = 0.000.
#Maximum voltage of a net in the design = 1.100.
#Voltage range [0.000 - 1.100] has 3989 nets.
#Voltage range [0.000 - 0.000] has 24 nets.
#Voltage range [1.100 - 1.100] has 1 net.
#Initial pin access analysis.
#Detail pin access analysis.
# metal1       H   Track-Pitch = 0.14000    Line-2-Via Pitch = 0.13500
# metal2       V   Track-Pitch = 0.19000    Line-2-Via Pitch = 0.14000
# metal3       H   Track-Pitch = 0.14000    Line-2-Via Pitch = 0.14000
# metal4       V   Track-Pitch = 0.28000    Line-2-Via Pitch = 0.28000
# metal5       H   Track-Pitch = 0.28000    Line-2-Via Pitch = 0.28000
# metal6       V   Track-Pitch = 0.28000    Line-2-Via Pitch = 0.28000
# metal7       H   Track-Pitch = 0.84000    Line-2-Via Pitch = 0.80000
# metal8       V   Track-Pitch = 0.84000    Line-2-Via Pitch = 0.80000
# metal9       H   Track-Pitch = 1.60000    Line-2-Via Pitch = 1.60000
# metal10      V   Track-Pitch = 1.68000    Line-2-Via Pitch = 1.60000
#Monitoring time of adding inner blkg by smac
#cpu time = 00:00:00, elapsed time = 00:00:00, memory = 1120.39 (MB), peak = 1263.45 (MB)
#Regenerating Ggrids automatically.
#Auto generating G-grids with size=15 tracks, using layer metal3's pitch = 0.14000.
#Using automatically generated G-grids.
#Done routing data preparation.
#cpu time = 00:00:00, elapsed time = 00:00:00, memory = 1120.39 (MB), peak = 1263.45 (MB)
#Found 0 nets for post-route si or timing fixing.
#
#Finished routing data preparation on Sat Oct 25 23:43:36 2025
#
#Cpu time = 00:00:00
#Elapsed time = 00:00:00
#Increased memory = 3.96 (MB)
#Total memory = 1120.39 (MB)
#Peak memory = 1263.45 (MB)
#
#
#Start global routing on Sat Oct 25 23:43:36 2025
#
#
#Start global routing initialization on Sat Oct 25 23:43:36 2025
#
#WARNING (NRGR-22) Design is already detail routed.
#Routing data preparation, pin analysis, global routing and track assignment statistics:
#Cpu time = 00:00:00
#Elapsed time = 00:00:00
#Increased memory = 3.97 (MB)
#Total memory = 1120.39 (MB)
#Peak memory = 1263.45 (MB)
#
#Start Detail Routing..
#start initial detail routing ...
#   number of violations = 0
#cpu time = 00:00:00, elapsed time = 00:00:00, memory = 1122.54 (MB), peak = 1263.45 (MB)
#Complete Detail Routing.
#Total number of nets with non-default rule or having extra spacing = 28
#Total wire length = 33506 um.
#Total half perimeter of net bounding box = 33284 um.
#Total wire length on LAYER metal1 = 1111 um.
#Total wire length on LAYER metal2 = 14701 um.
#Total wire length on LAYER metal3 = 13216 um.
#Total wire length on LAYER metal4 = 4036 um.
#Total wire length on LAYER metal5 = 70 um.
#Total wire length on LAYER metal6 = 319 um.
#Total wire length on LAYER metal7 = 1 um.
#Total wire length on LAYER metal8 = 40 um.
#Total wire length on LAYER metal9 = 6 um.
#Total wire length on LAYER metal10 = 6 um.
#Total number of vias = 21628
#Up-Via Summary (total 21628):
#           
#-----------------------
# metal1          12285
# metal2           8116
# metal3           1142
# metal4             36
# metal5             29
# metal6              8
# metal7              7
# metal8              3
# metal9              2
#-----------------------
#                 21628 
#
#Total number of DRC violations = 0
#Cpu time = 00:00:00
#Elapsed time = 00:00:00
#Increased memory = 0.03 (MB)
#Total memory = 1120.41 (MB)
#Peak memory = 1263.45 (MB)
#
#Start Post Route wire spreading..
#
#Start data preparation for wire spreading...
#
#Data preparation is done on Sat Oct 25 23:43:37 2025
#
#
#Start Post Route Wire Spread.
#Done with 254 horizontal wires in 3 hboxes and 99 vertical wires in 4 hboxes.
#Complete Post Route Wire Spread.
#
#Total number of nets with non-default rule or having extra spacing = 28
#Total wire length = 33591 um.
#Total half perimeter of net bounding box = 33284 um.
#Total wire length on LAYER metal1 = 1113 um.
#Total wire length on LAYER metal2 = 14726 um.
#Total wire length on LAYER metal3 = 13263 um.
#Total wire length on LAYER metal4 = 4046 um.
#Total wire length on LAYER metal5 = 70 um.
#Total wire length on LAYER metal6 = 319 um.
#Total wire length on LAYER metal7 = 1 um.
#Total wire length on LAYER metal8 = 40 um.
#Total wire length on LAYER metal9 = 6 um.
#Total wire length on LAYER metal10 = 6 um.
#Total number of vias = 21628
#Up-Via Summary (total 21628):
#           
#-----------------------
# metal1          12285
# metal2           8116
# metal3           1142
# metal4             36
# metal5             29
# metal6              8
# metal7              7
# metal8              3
# metal9              2
#-----------------------
#                 21628 
#
#   number of violations = 0
#cpu time = 00:00:01, elapsed time = 00:00:01, memory = 1122.55 (MB), peak = 1263.45 (MB)
#CELL_VIEW myfir,init has no DRC violation.
#Total number of DRC violations = 0
#Post Route wire spread is done.
#Total number of nets with non-default rule or having extra spacing = 28
#Total wire length = 33591 um.
#Total half perimeter of net bounding box = 33284 um.
#Total wire length on LAYER metal1 = 1113 um.
#Total wire length on LAYER metal2 = 14726 um.
#Total wire length on LAYER metal3 = 13263 um.
#Total wire length on LAYER metal4 = 4046 um.
#Total wire length on LAYER metal5 = 70 um.
#Total wire length on LAYER metal6 = 319 um.
#Total wire length on LAYER metal7 = 1 um.
#Total wire length on LAYER metal8 = 40 um.
#Total wire length on LAYER metal9 = 6 um.
#Total wire length on LAYER metal10 = 6 um.
#Total number of vias = 21628
#Up-Via Summary (total 21628):
#           
#-----------------------
# metal1          12285
# metal2           8116
# metal3           1142
# metal4             36
# metal5             29
# metal6              8
# metal7              7
# metal8              3
# metal9              2
#-----------------------
#                 21628 
#
#detailRoute Statistics:
#Cpu time = 00:00:01
#Elapsed time = 00:00:01
#Increased memory = 0.04 (MB)
#Total memory = 1120.43 (MB)
#Peak memory = 1263.45 (MB)
#Skip updating routing design signature in db-snapshot flow
#
#globalDetailRoute statistics:
#Cpu time = 00:00:02
#Elapsed time = 00:00:02
#Increased memory = -6.53 (MB)
#Total memory = 1119.93 (MB)
#Peak memory = 1263.45 (MB)
#Number of warnings = 1
#Total number of warnings = 18
#Number of fails = 0
#Total number of fails = 0
#Complete globalDetailRoute on Sat Oct 25 23:43:37 2025
#
**optDesign ... cpu = 0:00:33, real = 0:00:33, mem = 1120.0M, totSessionCpu=0:24:14 **
-routeWithEco false                       # bool, default=false
-routeSelectedNetOnly false               # bool, default=false
-routeWithTimingDriven false              # bool, default=false, user setting
-routeWithSiDriven false                  # bool, default=false, user setting
New Signature Flow (restoreNanoRouteOptions) ....
**WARN: (IMPEXT-3518):	The lower process node is set (using command 'setDesignMode') but the technology file for TQuantus extraction not specified. Therefore, going for postRoute (effortLevel low) extraction instead of recommended extractor 'TQuantus' for lower nodes. Use command 'set_analysis_view/update_rc_corner' to specify the technology file for TQuantus extraction to take place.
Extraction called for design 'myfir' of instances=3148 and nets=4014 using extraction engine 'postRoute' at effort level 'low' .
PostRoute (effortLevel low) RC Extraction called for design myfir.
RC Extraction called in multi-corner(1) mode.
Process corner(s) are loaded.
 Corner: my_rc
extractDetailRC Option : -outfile /tmp/innovus_temp_2181_isaserver_isa30_2025_2026_VLOzYY/myfir_2181_R7KJBH.rcdb.d -maxResLength 200  -extended
RC Mode: PostRoute -effortLevel low [Extended CapTable, RC Table Resistances]
      RC Corner Indexes            0   
Capacitance Scaling Factor   : 1.00000 
Coupling Cap. Scaling Factor : 1.00000 
Resistance Scaling Factor    : 1.00000 
Clock Cap. Scaling Factor    : 1.00000 
Clock Res. Scaling Factor    : 1.00000 
Shrink Factor                : 1.00000
Initializing multi-corner capacitance tables ... 
Initializing multi-corner resistance tables ...
Checking LVS Completed (CPU Time= 0:00:00.0  MEM= 1381.2M)
Extracted 10.006% (CPU Time= 0:00:00.6  MEM= 1456.7M)
Extracted 20.0057% (CPU Time= 0:00:00.6  MEM= 1456.7M)
Extracted 30.0054% (CPU Time= 0:00:00.7  MEM= 1456.7M)
Extracted 40.005% (CPU Time= 0:00:00.7  MEM= 1456.7M)
Extracted 50.0047% (CPU Time= 0:00:00.8  MEM= 1456.7M)
Extracted 60.0044% (CPU Time= 0:00:00.9  MEM= 1456.7M)
Extracted 70.0041% (CPU Time= 0:00:00.9  MEM= 1456.7M)
Extracted 80.0038% (CPU Time= 0:00:01.0  MEM= 1456.7M)
Extracted 90.0035% (CPU Time= 0:00:01.2  MEM= 1456.7M)
Extracted 100% (CPU Time= 0:00:01.4  MEM= 1456.7M)
Number of Extracted Resistors     : 53339
Number of Extracted Ground Cap.   : 57184
Number of Extracted Coupling Cap. : 130588
Filtering XCap in 'relativeAndCoupling' mode using values coupling_c_threshold=0.1fF, relative_c_threshold=1, and total_c_threshold=0fF.
 Corner: my_rc
Checking LVS Completed (CPU Time= 0:00:00.0  MEM= 1421.5M)
PostRoute (effortLevel low) RC Extraction DONE (CPU Time: 0:00:02.7  Real Time: 0:00:04.0  MEM: 1421.461M)
**optDesign ... cpu = 0:00:36, real = 0:00:37, mem = 1077.8M, totSessionCpu=0:24:17 **
Starting delay calculation for Setup views
Starting SI iteration 1 using Infinite Timing Windows
#################################################################################
# Design Stage: PostRoute
# Design Name: myfir
# Design Mode: 45nm
# Analysis Mode: MMMC OCV 
# Parasitics Mode: SPEF/RCDB 
# Signoff Settings: SI On 
#################################################################################
AAE_INFO: 1 threads acquired from CTE.
Start delay calculation (fullDC) (1 T). (MEM=1359.26)
Initializing multi-corner capacitance tables ... 
Initializing multi-corner resistance tables ...
Total number of fetched objects 4222
AAE_INFO-618: Total number of nets in the design is 4014,  100.0 percent of the nets selected for SI analysis
End delay calculation. (MEM=1386.55 CPU=0:00:04.5 REAL=0:00:05.0)
End delay calculation (fullDC). (MEM=1386.55 CPU=0:00:05.2 REAL=0:00:06.0)
Loading CTE timing window with TwFlowType 0...(CPU = 0:00:00.0, REAL = 0:00:00.0, MEM = 1386.5M)
Add other clocks and setupCteToAAEClockMapping during iter 1
Loading CTE timing window is completed (CPU = 0:00:00.1, REAL = 0:00:00.0, MEM = 1386.5M)
Starting SI iteration 2
Start delay calculation (fullDC) (1 T). (MEM=1351.66)
Glitch Analysis: View MyAnView -- Total Number of Nets Skipped = 0. 
Glitch Analysis: View MyAnView -- Total Number of Nets Analyzed = 4222. 
Total number of fetched objects 4222
AAE_INFO-618: Total number of nets in the design is 4014,  0.7 percent of the nets selected for SI analysis
End delay calculation. (MEM=1392.81 CPU=0:00:00.2 REAL=0:00:00.0)
End delay calculation (fullDC). (MEM=1392.81 CPU=0:00:00.2 REAL=0:00:00.0)
*** Done Building Timing Graph (cpu=0:00:07.0 real=0:00:07.0 totSessionCpu=0:24:24 mem=1392.8M)

------------------------------------------------------------
       Post-ecoRoute Summary                             
------------------------------------------------------------

Setup views included:
 MyAnView 

+--------------------+---------+---------+---------+---------+
|     Setup mode     |   all   | reg2reg |reg2cgate| default |
+--------------------+---------+---------+---------+---------+
|           WNS (ns):|  4.526  |  4.526  |  7.343  |  6.834  |
|           TNS (ns):|  0.000  |  0.000  |  0.000  |  0.000  |
|    Violating Paths:|    0    |    0    |    0    |    0    |
|          All Paths:|   539   |   119   |   11    |   409   |
+--------------------+---------+---------+---------+---------+

+----------------+-------------------------------+------------------+
|                |              Real             |       Total      |
|    DRVs        +------------------+------------+------------------|
|                |  Nr nets(terms)  | Worst Vio  |  Nr nets(terms)  |
+----------------+------------------+------------+------------------+
|   max_cap      |      0 (0)       |   0.000    |      0 (0)       |
|   max_tran     |      0 (0)       |   0.000    |      0 (0)       |
|   max_fanout   |      0 (0)       |     0      |      0 (0)       |
|   max_length   |      0 (0)       |     0      |      0 (0)       |
+----------------+------------------+------------+------------------+

Density: 69.640%
Total number of glitch violations: 0
------------------------------------------------------------
**optDesign ... cpu = 0:00:43, real = 0:00:44, mem = 1123.3M, totSessionCpu=0:24:24 **
Executing marking Critical Nets1
Footprint XOR2_X1 has at least 2 pins...
Footprint XNOR2_X1 has at least 3 pins...
Footprint TLAT_X1 has at least 4 pins...
Footprint SDFF_X1 has at least 5 pins...
*** Number of Vt Cells Partition = 1
Running postRoute recovery in postEcoRoute mode
**optDesign ... cpu = 0:00:43, real = 0:00:44, mem = 1123.4M, totSessionCpu=0:24:24 **
Checking setup slack degradation ...
Checking DRV degradation...
**INFO: Skipping DRV recovery as drv did not degrade beyond margin
Finish postRoute recovery in postEcoRoute mode (cpu=0:00:00, real=0:00:00, mem=1368.08M, totSessionCpu=0:24:24).
**optDesign ... cpu = 0:00:44, real = 0:00:44, mem = 1123.4M, totSessionCpu=0:24:24 **

Latch borrow mode reset to max_borrow
Reported timing to dir ./timingReports
**optDesign ... cpu = 0:00:44, real = 0:00:45, mem = 1123.4M, totSessionCpu=0:24:24 **

------------------------------------------------------------
     optDesign Final SI Timing Summary                             
------------------------------------------------------------

Setup views included:
 MyAnView 

+--------------------+---------+---------+---------+---------+
|     Setup mode     |   all   | reg2reg |reg2cgate| default |
+--------------------+---------+---------+---------+---------+
|           WNS (ns):|  4.526  |  4.526  |  7.343  |  6.834  |
|           TNS (ns):|  0.000  |  0.000  |  0.000  |  0.000  |
|    Violating Paths:|    0    |    0    |    0    |    0    |
|          All Paths:|   539   |   119   |   11    |   409   |
+--------------------+---------+---------+---------+---------+

+----------------+-------------------------------+------------------+
|                |              Real             |       Total      |
|    DRVs        +------------------+------------+------------------|
|                |  Nr nets(terms)  | Worst Vio  |  Nr nets(terms)  |
+----------------+------------------+------------+------------------+
|   max_cap      |      0 (0)       |   0.000    |      0 (0)       |
|   max_tran     |      0 (0)       |   0.000    |      0 (0)       |
|   max_fanout   |      0 (0)       |     0      |      0 (0)       |
|   max_length   |      0 (0)       |     0      |      0 (0)       |
+----------------+------------------+------------+------------------+

Density: 69.640%
Total number of glitch violations: 0
------------------------------------------------------------
**optDesign ... cpu = 0:00:45, real = 0:00:48, mem = 1123.5M, totSessionCpu=0:24:25 **
 ReSet Options after AAE Based Opt flow 
Opt: RC extraction mode changed to 'detail'
*** Finished optDesign ***
Info: Destroy the CCOpt slew target map.
<CMD> optDesign -postRoute -hold
**optDesign ... cpu = 0:00:00, real = 0:00:00, mem = 1119.0M, totSessionCpu=0:24:25 **
**INFO: User settings:
setNanoRouteMode -drouteAntennaFactor                           1
setNanoRouteMode -droutePostRouteSpreadWire                     1
setNanoRouteMode -drouteStartIteration                          0
setNanoRouteMode -extractThirdPartyCompatible                   false
setNanoRouteMode -grouteExpTdStdDelay                           10.1
setNanoRouteMode -grouteExpTdUseTifTimingEngineForImportDesign  false
setNanoRouteMode -routeWithSiDriven                             false
setNanoRouteMode -routeWithSiPostRouteFix                       false
setNanoRouteMode -routeWithTimingDriven                         false
setNanoRouteMode -timingEngine                                  {}
setDesignMode -process                                          45
setExtractRCMode -coupled                                       true
setExtractRCMode -coupling_c_th                                 0.1
setExtractRCMode -engine                                        postRoute
setExtractRCMode -noCleanRCDB                                   true
setExtractRCMode -nrNetInMemory                                 100000
setExtractRCMode -relative_c_th                                 1
setExtractRCMode -total_c_th                                    0
setUsefulSkewMode -ecoRoute                                     false
setUsefulSkewMode -maxAllowedDelay                              1
setUsefulSkewMode -maxSkew                                      false
setUsefulSkewMode -noBoundary                                   false
setUsefulSkewMode -useCells                                     {BUF_X1 BUF_X2 BUF_X4 BUF_X8 BUF_X16 BUF_X32 CLKBUF_X1 CLKBUF_X2 CLKBUF_X3 INV_X1 INV_X2 INV_X4 INV_X8 INV_X16 INV_X32}
setDelayCalMode -enable_high_fanout                             true
setDelayCalMode -eng_copyNetPropToNewNet                        true
setDelayCalMode -engine                                         aae
setDelayCalMode -ignoreNetLoad                                  false
setDelayCalMode -SIAware                                        true
setOptMode -activeSetupViews                                    { MyAnView }
setOptMode -autoSetupViews                                      { MyAnView}
setOptMode -autoTDGRSetupViews                                  { MyAnView}
setOptMode -deleteInst                                          true
setOptMode -drcMargin                                           0
setOptMode -fixCap                                              true
setOptMode -fixDrc                                              true
setOptMode -fixFanoutLoad                                       false
setOptMode -fixTran                                             true
setOptMode -optimizeFF                                          true
setOptMode -preserveAllSequential                               false
setOptMode -setupTargetSlack                                    0
setSIMode -separate_delta_delay_on_data                         true
setSIMode -si_reselection                                       slack
setPlaceMode -place_design_floorplan_mode                       false
setPlaceMode -place_detail_check_route                          false
setPlaceMode -place_detail_preserve_routing                     true
setPlaceMode -place_detail_remove_affected_routing              false
setPlaceMode -place_detail_swap_eeq_cells                       false
setPlaceMode -place_global_clock_gate_aware                     true
setPlaceMode -place_global_cong_effort                          auto
setPlaceMode -place_global_ignore_scan                          true
setPlaceMode -place_global_ignore_spare                         false
setPlaceMode -place_global_module_aware_spare                   false
setPlaceMode -place_global_place_io_pins                        true
setPlaceMode -place_global_reorder_scan                         true
setPlaceMode -powerDriven                                       false
setPlaceMode -timingDriven                                      true
setAnalysisMode -analysisType                                   onChipVariation
setAnalysisMode -checkType                                      setup
setAnalysisMode -clkSrcPath                                     true
setAnalysisMode -clockPropagation                               sdcControl
setAnalysisMode -usefulSkew                                     true
setAnalysisMode -virtualIPO                                     false

**INFO: setDesignMode -flowEffort standard -> setting 'setOptMode -allEndPoints true' for the duration of this command.
Disable merging buffers from different footprints for postRoute code for non-MSV designs
GigaOpt running with 1 threads.
Need call spDPlaceInit before registerPrioInstLoc.
**optDesign ... cpu = 0:00:01, real = 0:00:00, mem = 1125.6M, totSessionCpu=0:24:26 **
Existing Dirty Nets : 0
New Signature Flow (optDesignCheckOptions) ....
#Taking db snapshot
#Taking db snapshot ... done
Begin checking placement ... (start mem=1383.8M, init mem=1383.8M)
*info: Placed = 3148           (Fixed = 27)
*info: Unplaced = 0           
Placement Density:69.64%(7054/10129)
Placement Density (including fixed std cells):69.64%(7054/10129)
Finished checkPlace (total: cpu=0:00:00.1, real=0:00:01.0; vio checks: cpu=0:00:00.1, real=0:00:01.0; mem=1383.8M)
 Initial DC engine is -> aae
 
 AAE-Opt:: Current number of nets in RC Memory -> 100 K
 
 
 AAE-Opt:: New number of nets in RC Memory -> 100 K
 
Reset EOS DB
Ignoring AAE DB Resetting ...
 Set Options for AAE Based Opt flow 
*** optDesign -postRoute ***
DRC Margin: user margin 0.0; extra margin 0
Setup Target Slack: user slack 0
Hold Target Slack: user slack 0
** INFO : this run is activating 'postRoute' automaton
**WARN: (IMPEXT-3518):	The lower process node is set (using command 'setDesignMode') but the technology file for TQuantus extraction not specified. Therefore, going for postRoute (effortLevel low) extraction instead of recommended extractor 'TQuantus' for lower nodes. Use command 'set_analysis_view/update_rc_corner' to specify the technology file for TQuantus extraction to take place.
Extraction called for design 'myfir' of instances=3148 and nets=4014 using extraction engine 'postRoute' at effort level 'low' .
PostRoute (effortLevel low) RC Extraction called for design myfir.
RC Extraction called in multi-corner(1) mode.
Process corner(s) are loaded.
 Corner: my_rc
extractDetailRC Option : -outfile /tmp/innovus_temp_2181_isaserver_isa30_2025_2026_VLOzYY/myfir_2181_R7KJBH.rcdb.d -maxResLength 200  -extended
RC Mode: PostRoute -effortLevel low [Extended CapTable, RC Table Resistances]
      RC Corner Indexes            0   
Capacitance Scaling Factor   : 1.00000 
Coupling Cap. Scaling Factor : 1.00000 
Resistance Scaling Factor    : 1.00000 
Clock Cap. Scaling Factor    : 1.00000 
Clock Res. Scaling Factor    : 1.00000 
Shrink Factor                : 1.00000
Initializing multi-corner capacitance tables ... 
Initializing multi-corner resistance tables ...
Checking LVS Completed (CPU Time= 0:00:00.0  MEM= 1375.8M)
Extracted 10.006% (CPU Time= 0:00:00.6  MEM= 1451.4M)
Extracted 20.0057% (CPU Time= 0:00:00.6  MEM= 1451.4M)
Extracted 30.0054% (CPU Time= 0:00:00.6  MEM= 1451.4M)
Extracted 40.005% (CPU Time= 0:00:00.7  MEM= 1451.4M)
Extracted 50.0047% (CPU Time= 0:00:00.8  MEM= 1451.4M)
Extracted 60.0044% (CPU Time= 0:00:00.8  MEM= 1451.4M)
Extracted 70.0041% (CPU Time= 0:00:00.9  MEM= 1451.4M)
Extracted 80.0038% (CPU Time= 0:00:01.0  MEM= 1451.4M)
Extracted 90.0035% (CPU Time= 0:00:01.1  MEM= 1451.4M)
Extracted 100% (CPU Time= 0:00:01.4  MEM= 1451.4M)
Number of Extracted Resistors     : 53339
Number of Extracted Ground Cap.   : 57184
Number of Extracted Coupling Cap. : 130588
Filtering XCap in 'relativeAndCoupling' mode using values coupling_c_threshold=0.1fF, relative_c_threshold=1, and total_c_threshold=0fF.
 Corner: my_rc
Checking LVS Completed (CPU Time= 0:00:00.0  MEM= 1419.4M)
PostRoute (effortLevel low) RC Extraction DONE (CPU Time: 0:00:02.6  Real Time: 0:00:03.0  MEM: 1419.383M)
GigaOpt Hold Optimizer is used
Initializing multi-corner capacitance tables ... 
Initializing multi-corner resistance tables ...
Starting initialization (fixHold) cpu=0:00:00.0 real=0:00:00.0 totSessionCpu=0:24:30 mem=1401.7M ***
Starting delay calculation for Hold views
Starting SI iteration 1 using Infinite Timing Windows
#################################################################################
# Design Stage: PostRoute
# Design Name: myfir
# Design Mode: 45nm
# Analysis Mode: MMMC OCV 
# Parasitics Mode: SPEF/RCDB 
# Signoff Settings: SI On 
#################################################################################
AAE_INFO: 1 threads acquired from CTE.
Start delay calculation (fullDC) (1 T). (MEM=1399.65)
Total number of fetched objects 4222
AAE_INFO-618: Total number of nets in the design is 4014,  100.0 percent of the nets selected for SI analysis
End delay calculation. (MEM=1417.41 CPU=0:00:04.5 REAL=0:00:05.0)
End delay calculation (fullDC). (MEM=1417.41 CPU=0:00:04.8 REAL=0:00:05.0)
Loading CTE timing window with TwFlowType 0...(CPU = 0:00:00.0, REAL = 0:00:00.0, MEM = 1417.4M)
Add other clocks and setupCteToAAEClockMapping during iter 1
Loading CTE timing window is completed (CPU = 0:00:00.0, REAL = 0:00:00.0, MEM = 1417.4M)

Executing IPO callback for view pruning ..
Starting SI iteration 2
Start delay calculation (fullDC) (1 T). (MEM=1358.52)
Glitch Analysis: View MyAnView -- Total Number of Nets Skipped = 0. 
Glitch Analysis: View MyAnView -- Total Number of Nets Analyzed = 4222. 
Total number of fetched objects 4222
AAE_INFO-618: Total number of nets in the design is 4014,  0.2 percent of the nets selected for SI analysis
End delay calculation. (MEM=1399.67 CPU=0:00:00.1 REAL=0:00:00.0)
End delay calculation (fullDC). (MEM=1399.67 CPU=0:00:00.1 REAL=0:00:00.0)
*** Done Building Timing Graph (cpu=0:00:06.1 real=0:00:06.0 totSessionCpu=0:24:37 mem=1399.7M)

Active hold views:
 MyAnView
  Dominating endpoints: 0
  Dominating TNS: -0.000

Done building cte hold timing graph (fixHold) cpu=0:00:07.2 real=0:00:07.0 totSessionCpu=0:24:37 mem=1414.9M ***
Done building hold timer [1 node(s), 0 edge(s), 1 view(s)] (fixHold) cpu=0:00:07.4 real=0:00:07.0 totSessionCpu=0:24:37 mem=1414.9M ***
Starting delay calculation for Setup views
Starting SI iteration 1 using Infinite Timing Windows
#################################################################################
# Design Stage: PostRoute
# Design Name: myfir
# Design Mode: 45nm
# Analysis Mode: MMMC OCV 
# Parasitics Mode: SPEF/RCDB 
# Signoff Settings: SI On 
#################################################################################
AAE_INFO: 1 threads acquired from CTE.
Start delay calculation (fullDC) (1 T). (MEM=1395.21)
Total number of fetched objects 4222
AAE_INFO-618: Total number of nets in the design is 4014,  100.0 percent of the nets selected for SI analysis
End delay calculation. (MEM=1391.55 CPU=0:00:04.5 REAL=0:00:05.0)
End delay calculation (fullDC). (MEM=1391.55 CPU=0:00:04.8 REAL=0:00:05.0)
Loading CTE timing window with TwFlowType 0...(CPU = 0:00:00.0, REAL = 0:00:00.0, MEM = 1391.6M)
Add other clocks and setupCteToAAEClockMapping during iter 1
Loading CTE timing window is completed (CPU = 0:00:00.1, REAL = 0:00:00.0, MEM = 1391.6M)

Executing IPO callback for view pruning ..
Starting SI iteration 2
Start delay calculation (fullDC) (1 T). (MEM=1359.67)
Glitch Analysis: View MyAnView -- Total Number of Nets Skipped = 0. 
Glitch Analysis: View MyAnView -- Total Number of Nets Analyzed = 4222. 
Total number of fetched objects 4222
AAE_INFO-618: Total number of nets in the design is 4014,  0.7 percent of the nets selected for SI analysis
End delay calculation. (MEM=1400.82 CPU=0:00:00.1 REAL=0:00:00.0)
End delay calculation (fullDC). (MEM=1400.82 CPU=0:00:00.2 REAL=0:00:00.0)
*** Done Building Timing Graph (cpu=0:00:06.2 real=0:00:06.0 totSessionCpu=0:24:44 mem=1400.8M)
Done building cte setup timing graph (fixHold) cpu=0:00:14.1 real=0:00:14.0 totSessionCpu=0:24:44 mem=1400.8M ***
Setting latch borrow mode to budget during optimization.

*Info: minBufDelay = 21.9 ps, libStdDelay = 10.1 ps, minBufSize = 3192000 (3.0)
*Info: worst delay setup view: MyAnView

------------------------------------------------------------
     Hold Opt Initial Summary                             
------------------------------------------------------------

Setup views included:
 MyAnView
Hold views included:
 MyAnView

+--------------------+---------+---------+---------+---------+
|     Setup mode     |   all   | reg2reg |reg2cgate| default |
+--------------------+---------+---------+---------+---------+
|           WNS (ns):|  4.526  |  4.526  |  7.343  |  6.834  |
|           TNS (ns):|  0.000  |  0.000  |  0.000  |  0.000  |
|    Violating Paths:|    0    |    0    |    0    |    0    |
|          All Paths:|   539   |   119   |   11    |   409   |
+--------------------+---------+---------+---------+---------+

+--------------------+---------+---------+---------+---------+
|     Hold mode      |   all   | reg2reg |reg2cgate| default |
+--------------------+---------+---------+---------+---------+
|           WNS (ns):|  0.149  |  0.149  |  0.242  |  0.000  |
|           TNS (ns):|  0.000  |  0.000  |  0.000  |  0.000  |
|    Violating Paths:|    0    |    0    |    0    |    0    |
|          All Paths:|   130   |   119   |   11    |    0    |
+--------------------+---------+---------+---------+---------+

+----------------+-------------------------------+------------------+
|                |              Real             |       Total      |
|    DRVs        +------------------+------------+------------------|
|                |  Nr nets(terms)  | Worst Vio  |  Nr nets(terms)  |
+----------------+------------------+------------+------------------+
|   max_cap      |      0 (0)       |   0.000    |      0 (0)       |
|   max_tran     |      0 (0)       |   0.000    |      0 (0)       |
|   max_fanout   |      0 (0)       |     0      |      0 (0)       |
|   max_length   |      0 (0)       |     0      |      0 (0)       |
+----------------+------------------+------------+------------------+

Density: 69.640%
Total number of glitch violations: 0
------------------------------------------------------------
**optDesign ... cpu = 0:00:20, real = 0:00:20, mem = 1137.2M, totSessionCpu=0:24:46 **
*** HoldOpt [begin] : cpu/real = 0:00:00.0/0:00:00.0 (0.0), totSession cpu/real = 0:24:45.6/0:59:18.0 (0.4), mem = 1392.1M
*info: Run optDesign holdfix with 1 thread.
Info: 28 clock nets excluded from IPO operation.
*** Hold timing is met. Hold fixing is not needed 
**INFO: total 0 insts, 0 nets marked don't touch
**INFO: total 0 insts, 0 nets marked don't touch DB property
**INFO: total 0 insts, 0 nets unmarked don't touch

*** HoldOpt [finish] : cpu/real = 0:00:00.4/0:00:00.4 (1.0), totSession cpu/real = 0:24:46.0/0:59:18.5 (0.4), mem = 1551.5M
Latch borrow mode reset to max_borrow
Reported timing to dir ./timingReports
**optDesign ... cpu = 0:00:21, real = 0:00:21, mem = 1215.4M, totSessionCpu=0:24:46 **
Running 'saveTimingGraph -compress -file /tmp/innovus_temp_2181_isaserver_isa30_2025_2026_VLOzYY/opt_timing_graph_yng7zZ/timingGraph.tgz -dir /tmp/innovus_temp_2181_isaserver_isa30_2025_2026_VLOzYY/opt_timing_graph_yng7zZ -prefix timingGraph'
Done saveTimingGraph
Starting delay calculation for Hold views
Starting SI iteration 1 using Infinite Timing Windows
#################################################################################
# Design Stage: PostRoute
# Design Name: myfir
# Design Mode: 45nm
# Analysis Mode: MMMC OCV 
# Parasitics Mode: SPEF/RCDB 
# Signoff Settings: SI On 
#################################################################################
AAE_INFO: 1 threads acquired from CTE.
Start delay calculation (fullDC) (1 T). (MEM=1477.27)
Total number of fetched objects 4222
AAE_INFO-618: Total number of nets in the design is 4014,  100.0 percent of the nets selected for SI analysis
End delay calculation. (MEM=1476.69 CPU=0:00:04.2 REAL=0:00:04.0)
End delay calculation (fullDC). (MEM=1476.69 CPU=0:00:04.5 REAL=0:00:05.0)
Loading CTE timing window with TwFlowType 0...(CPU = 0:00:00.0, REAL = 0:00:00.0, MEM = 1476.7M)
Add other clocks and setupCteToAAEClockMapping during iter 1
Loading CTE timing window is completed (CPU = 0:00:00.1, REAL = 0:00:00.0, MEM = 1476.7M)
Starting SI iteration 2
Start delay calculation (fullDC) (1 T). (MEM=1433.8)
Glitch Analysis: View MyAnView -- Total Number of Nets Skipped = 0. 
Glitch Analysis: View MyAnView -- Total Number of Nets Analyzed = 4222. 
Total number of fetched objects 4222
AAE_INFO-618: Total number of nets in the design is 4014,  0.2 percent of the nets selected for SI analysis
End delay calculation. (MEM=1474.95 CPU=0:00:00.1 REAL=0:00:01.0)
End delay calculation (fullDC). (MEM=1474.95 CPU=0:00:00.2 REAL=0:00:01.0)
*** Done Building Timing Graph (cpu=0:00:05.7 real=0:00:06.0 totSessionCpu=0:24:53 mem=1475.0M)
Running 'restoreTimingGraph -file /tmp/innovus_temp_2181_isaserver_isa30_2025_2026_VLOzYY/opt_timing_graph_yng7zZ/timingGraph.tgz -dir /tmp/innovus_temp_2181_isaserver_isa30_2025_2026_VLOzYY/opt_timing_graph_yng7zZ -prefix timingGraph'
Done restoreTimingGraph

------------------------------------------------------------
     optDesign Final SI Timing Summary                             
------------------------------------------------------------

Setup views included:
 MyAnView 
Hold views included:
 MyAnView

+--------------------+---------+---------+---------+---------+
|     Setup mode     |   all   | reg2reg |reg2cgate| default |
+--------------------+---------+---------+---------+---------+
|           WNS (ns):|  4.526  |  4.526  |  7.343  |  6.834  |
|           TNS (ns):|  0.000  |  0.000  |  0.000  |  0.000  |
|    Violating Paths:|    0    |    0    |    0    |    0    |
|          All Paths:|   539   |   119   |   11    |   409   |
+--------------------+---------+---------+---------+---------+

+--------------------+---------+---------+---------+---------+
|     Hold mode      |   all   | reg2reg |reg2cgate| default |
+--------------------+---------+---------+---------+---------+
|           WNS (ns):|  0.149  |  0.149  |  0.242  |  0.000  |
|           TNS (ns):|  0.000  |  0.000  |  0.000  |  0.000  |
|    Violating Paths:|    0    |    0    |    0    |    0    |
|          All Paths:|   130   |   119   |   11    |    0    |
+--------------------+---------+---------+---------+---------+

+----------------+-------------------------------+------------------+
|                |              Real             |       Total      |
|    DRVs        +------------------+------------+------------------|
|                |  Nr nets(terms)  | Worst Vio  |  Nr nets(terms)  |
+----------------+------------------+------------+------------------+
|   max_cap      |      0 (0)       |   0.000    |      0 (0)       |
|   max_tran     |      0 (0)       |   0.000    |      0 (0)       |
|   max_fanout   |      0 (0)       |     0      |      0 (0)       |
|   max_length   |      0 (0)       |     0      |      0 (0)       |
+----------------+------------------+------------+------------------+

Density: 69.640%
Total number of glitch violations: 0
------------------------------------------------------------
**optDesign ... cpu = 0:00:30, real = 0:00:33, mem = 1281.3M, totSessionCpu=0:24:56 **
 ReSet Options after AAE Based Opt flow 
*** Finished optDesign ***
Info: Destroy the CCOpt slew target map.
<CMD> getFillerMode -quiet
<CMD> addFiller -cell FILLCELL_X8 FILLCELL_X4 FILLCELL_X32 FILLCELL_X2 FILLCELL_X16 FILLCELL_X1 -prefix FILLER
**WARN: (IMPSP-5217):	addFiller command is running on a postRoute database. It is recommended to be followed by ecoRoute -target command to make the DRC clean.
Type 'man IMPSP-5217' for more detail.
*INFO: Adding fillers to top-module.
*INFO:   Added 55 filler insts (cell FILLCELL_X32 / prefix FILLER).
*INFO:   Added 139 filler insts (cell FILLCELL_X16 / prefix FILLER).
*INFO:   Added 207 filler insts (cell FILLCELL_X8 / prefix FILLER).
*INFO:   Added 601 filler insts (cell FILLCELL_X4 / prefix FILLER).
*INFO:   Added 3517 filler insts (cell FILLCELL_X1 / prefix FILLER).
*INFO:   Added 0 filler inst  (cell FILLCELL_X2 / prefix FILLER).
*INFO: Total 4519 filler insts added - prefix FILLER (CPU: 0:00:01.2).
For 4519 new insts, *** Applied 2 GNC rules (cpu = 0:00:00.0)
<CMD> gui_select -rect {-11.64300 70.08450 -32.01500 81.33500}
<CMD> pan 46.82550 58.01100
<CMD> saveDesign myfir
The in-memory database contained RC information but was not saved. To save 
the RC information, use saveDesign's -rc option. Note: Saving RC information can be quite large, 
so it should only be saved when it is really desired.
#% Begin save design ... (date=10/25 23:47:31, mem=1202.7M)
% Begin Save ccopt configuration ... (date=10/25 23:47:31, mem=1205.7M)
% End Save ccopt configuration ... (date=10/25 23:47:31, total cpu=0:00:00.1, real=0:00:00.0, peak res=1206.8M, current mem=1206.8M)
% Begin Save netlist data ... (date=10/25 23:47:31, mem=1206.8M)
Writing Binary DB to myfir.dat/myfir.v.bin in single-threaded mode...
% End Save netlist data ... (date=10/25 23:47:31, total cpu=0:00:00.1, real=0:00:00.0, peak res=1206.9M, current mem=1206.9M)
Saving symbol-table file ...
Saving congestion map file myfir.dat/myfir.route.congmap.gz ...
% Begin Save AAE data ... (date=10/25 23:47:32, mem=1207.3M)
Saving AAE Data ...
% End Save AAE data ... (date=10/25 23:47:32, total cpu=0:00:00.0, real=0:00:00.0, peak res=1207.3M, current mem=1207.3M)
Saving preference file myfir.dat/gui.pref.tcl ...
Saving mode setting ...
Saving global file ...
% Begin Save floorplan data ... (date=10/25 23:47:33, mem=1207.9M)
Saving floorplan file ...
% End Save floorplan data ... (date=10/25 23:47:33, total cpu=0:00:00.1, real=0:00:00.0, peak res=1207.9M, current mem=1207.9M)
Saving PG file myfir.dat/myfir.pg.gz, version#2, (Created by Innovus v20.11-s130_1 on Sat Oct 25 23:47:33 2025)
*** Completed savePGFile (cpu=0:00:00.0 real=0:00:00.0 mem=1460.6M) ***
Saving Drc markers ...
... No Drc file written since there is no markers found.
% Begin Save placement data ... (date=10/25 23:47:33, mem=1208.1M)
** Saving stdCellPlacement_binary (version# 2) ...
Save Adaptive View Pruning View Names to Binary file
% End Save placement data ... (date=10/25 23:47:33, total cpu=0:00:00.0, real=0:00:01.0, peak res=1208.1M, current mem=1208.1M)
% Begin Save routing data ... (date=10/25 23:47:34, mem=1208.1M)
Saving route file ...
*** Completed saveRoute (cpu=0:00:00.1 real=0:00:00.0 mem=1460.6M) ***
% End Save routing data ... (date=10/25 23:47:34, total cpu=0:00:00.1, real=0:00:00.0, peak res=1208.2M, current mem=1208.2M)
Saving property file myfir.dat/myfir.prop
*** Completed saveProperty (cpu=0:00:00.0 real=0:00:00.0 mem=1463.6M) ***
#Saving pin access data to file myfir.dat/myfir.apa ...
#
% Begin Save power constraints data ... (date=10/25 23:47:35, mem=1208.8M)
% End Save power constraints data ... (date=10/25 23:47:35, total cpu=0:00:00.0, real=0:00:00.0, peak res=1208.8M, current mem=1208.8M)
my_rc
Generated self-contained design myfir.dat
#% End save design ... (date=10/25 23:47:46, total cpu=0:00:12.5, real=0:00:15.0, peak res=1215.3M, current mem=1215.3M)
*** Message Summary: 0 warning(s), 0 error(s)

<CMD> saveDesign myfir
The in-memory database contained RC information but was not saved. To save 
the RC information, use saveDesign's -rc option. Note: Saving RC information can be quite large, 
so it should only be saved when it is really desired.
#% Begin save design ... (date=10/25 23:47:46, mem=1215.3M)
% Begin Save ccopt configuration ... (date=10/25 23:47:46, mem=1215.3M)
% End Save ccopt configuration ... (date=10/25 23:47:46, total cpu=0:00:00.1, real=0:00:00.0, peak res=1215.3M, current mem=1215.3M)
% Begin Save netlist data ... (date=10/25 23:47:46, mem=1215.3M)
Writing Binary DB to myfir.dat.tmp/myfir.v.bin in single-threaded mode...
% End Save netlist data ... (date=10/25 23:47:46, total cpu=0:00:00.1, real=0:00:00.0, peak res=1215.3M, current mem=1215.3M)
Saving symbol-table file ...
Saving congestion map file myfir.dat.tmp/myfir.route.congmap.gz ...
% Begin Save AAE data ... (date=10/25 23:47:47, mem=1215.3M)
Saving AAE Data ...
% End Save AAE data ... (date=10/25 23:47:47, total cpu=0:00:00.1, real=0:00:00.0, peak res=1215.3M, current mem=1215.3M)
Saving preference file myfir.dat.tmp/gui.pref.tcl ...
Saving mode setting ...
Saving global file ...
% Begin Save floorplan data ... (date=10/25 23:47:48, mem=1215.4M)
Saving floorplan file ...
% End Save floorplan data ... (date=10/25 23:47:48, total cpu=0:00:00.1, real=0:00:00.0, peak res=1215.4M, current mem=1215.4M)
Saving PG file myfir.dat.tmp/myfir.pg.gz, version#2, (Created by Innovus v20.11-s130_1 on Sat Oct 25 23:47:48 2025)
*** Completed savePGFile (cpu=0:00:00.0 real=0:00:01.0 mem=1502.5M) ***
Saving Drc markers ...
... No Drc file written since there is no markers found.
% Begin Save placement data ... (date=10/25 23:47:49, mem=1215.4M)
** Saving stdCellPlacement_binary (version# 2) ...
Save Adaptive View Pruning View Names to Binary file
% End Save placement data ... (date=10/25 23:47:49, total cpu=0:00:00.1, real=0:00:00.0, peak res=1215.4M, current mem=1215.4M)
% Begin Save routing data ... (date=10/25 23:47:49, mem=1215.4M)
Saving route file ...
*** Completed saveRoute (cpu=0:00:00.2 real=0:00:00.0 mem=1502.5M) ***
% End Save routing data ... (date=10/25 23:47:49, total cpu=0:00:00.3, real=0:00:00.0, peak res=1215.4M, current mem=1215.4M)
Saving property file myfir.dat.tmp/myfir.prop
*** Completed saveProperty (cpu=0:00:00.0 real=0:00:00.0 mem=1505.5M) ***
#Saving pin access data to file myfir.dat.tmp/myfir.apa ...
#
% Begin Save power constraints data ... (date=10/25 23:47:50, mem=1215.4M)
% End Save power constraints data ... (date=10/25 23:47:50, total cpu=0:00:00.1, real=0:00:00.0, peak res=1215.4M, current mem=1215.4M)
my_rc
Generated self-contained design myfir.dat.tmp
#% End save design ... (date=10/25 23:48:02, total cpu=0:00:13.2, real=0:00:16.0, peak res=1215.8M, current mem=1215.8M)
*** Message Summary: 0 warning(s), 0 error(s)

<CMD> saveDesign myfir
The in-memory database contained RC information but was not saved. To save 
the RC information, use saveDesign's -rc option. Note: Saving RC information can be quite large, 
so it should only be saved when it is really desired.
#% Begin save design ... (date=10/25 23:48:02, mem=1215.8M)
% Begin Save ccopt configuration ... (date=10/25 23:48:02, mem=1215.8M)
% End Save ccopt configuration ... (date=10/25 23:48:02, total cpu=0:00:00.1, real=0:00:00.0, peak res=1215.8M, current mem=1215.8M)
% Begin Save netlist data ... (date=10/25 23:48:02, mem=1215.8M)
Writing Binary DB to myfir.dat.tmp/myfir.v.bin in single-threaded mode...
% End Save netlist data ... (date=10/25 23:48:02, total cpu=0:00:00.1, real=0:00:00.0, peak res=1215.8M, current mem=1215.8M)
Saving symbol-table file ...
Saving congestion map file myfir.dat.tmp/myfir.route.congmap.gz ...
% Begin Save AAE data ... (date=10/25 23:48:03, mem=1215.8M)
Saving AAE Data ...
% End Save AAE data ... (date=10/25 23:48:03, total cpu=0:00:00.0, real=0:00:00.0, peak res=1215.8M, current mem=1215.8M)
Saving preference file myfir.dat.tmp/gui.pref.tcl ...
Saving mode setting ...
Saving global file ...
% Begin Save floorplan data ... (date=10/25 23:48:04, mem=1215.8M)
Saving floorplan file ...
% End Save floorplan data ... (date=10/25 23:48:04, total cpu=0:00:00.1, real=0:00:00.0, peak res=1215.8M, current mem=1215.8M)
Saving PG file myfir.dat.tmp/myfir.pg.gz, version#2, (Created by Innovus v20.11-s130_1 on Sat Oct 25 23:48:04 2025)
*** Completed savePGFile (cpu=0:00:00.0 real=0:00:01.0 mem=1514.1M) ***
Saving Drc markers ...
... No Drc file written since there is no markers found.
% Begin Save placement data ... (date=10/25 23:48:05, mem=1215.8M)
** Saving stdCellPlacement_binary (version# 2) ...
Save Adaptive View Pruning View Names to Binary file
% End Save placement data ... (date=10/25 23:48:05, total cpu=0:00:00.1, real=0:00:00.0, peak res=1215.8M, current mem=1215.8M)
% Begin Save routing data ... (date=10/25 23:48:05, mem=1215.8M)
Saving route file ...
*** Completed saveRoute (cpu=0:00:00.1 real=0:00:00.0 mem=1514.1M) ***
% End Save routing data ... (date=10/25 23:48:05, total cpu=0:00:00.2, real=0:00:00.0, peak res=1215.8M, current mem=1215.8M)
Saving property file myfir.dat.tmp/myfir.prop
*** Completed saveProperty (cpu=0:00:00.0 real=0:00:00.0 mem=1517.1M) ***
#Saving pin access data to file myfir.dat.tmp/myfir.apa ...
#
% Begin Save power constraints data ... (date=10/25 23:48:06, mem=1215.8M)
% End Save power constraints data ... (date=10/25 23:48:06, total cpu=0:00:00.1, real=0:00:00.0, peak res=1215.8M, current mem=1215.8M)
my_rc
Generated self-contained design myfir.dat.tmp
#% End save design ... (date=10/25 23:48:18, total cpu=0:00:12.9, real=0:00:16.0, peak res=1215.8M, current mem=1215.8M)
*** Message Summary: 0 warning(s), 0 error(s)

my_rc
<CMD> reset_parasitics
Performing RC Extraction ...
<CMD> extractRC
**WARN: (IMPEXT-3518):	The lower process node is set (using command 'setDesignMode') but the technology file for TQuantus extraction not specified. Therefore, going for postRoute (effortLevel low) extraction instead of recommended extractor 'TQuantus' for lower nodes. Use command 'set_analysis_view/update_rc_corner' to specify the technology file for TQuantus extraction to take place.
Extraction called for design 'myfir' of instances=7667 and nets=4014 using extraction engine 'postRoute' at effort level 'low' .
PostRoute (effortLevel low) RC Extraction called for design myfir.
RC Extraction called in multi-corner(1) mode.
Process corner(s) are loaded.
 Corner: my_rc
extractDetailRC Option : -outfile /tmp/innovus_temp_2181_isaserver_isa30_2025_2026_VLOzYY/myfir_2181_iISL2D.rcdb.d -maxResLength 200  -extended
RC Mode: PostRoute -effortLevel low [Extended CapTable, RC Table Resistances]
      RC Corner Indexes            0   
Capacitance Scaling Factor   : 1.00000 
Coupling Cap. Scaling Factor : 1.00000 
Resistance Scaling Factor    : 1.00000 
Clock Cap. Scaling Factor    : 1.00000 
Clock Res. Scaling Factor    : 1.00000 
Shrink Factor                : 1.00000
Initializing multi-corner capacitance tables ... 
Initializing multi-corner resistance tables ...
Checking LVS Completed (CPU Time= 0:00:00.0  MEM= 1513.1M)
Extracted 10.006% (CPU Time= 0:00:00.5  MEM= 1588.7M)
Extracted 20.0057% (CPU Time= 0:00:00.6  MEM= 1588.7M)
Extracted 30.0054% (CPU Time= 0:00:00.6  MEM= 1588.7M)
Extracted 40.005% (CPU Time= 0:00:00.7  MEM= 1588.7M)
Extracted 50.0047% (CPU Time= 0:00:00.7  MEM= 1588.7M)
Extracted 60.0044% (CPU Time= 0:00:00.8  MEM= 1588.7M)
Extracted 70.0041% (CPU Time= 0:00:00.8  MEM= 1588.7M)
Extracted 80.0038% (CPU Time= 0:00:01.0  MEM= 1588.7M)
Extracted 90.0035% (CPU Time= 0:00:01.1  MEM= 1588.7M)
Extracted 100% (CPU Time= 0:00:01.3  MEM= 1588.7M)
Number of Extracted Resistors     : 53339
Number of Extracted Ground Cap.   : 57184
Number of Extracted Coupling Cap. : 130588
Filtering XCap in 'relativeAndCoupling' mode using values coupling_c_threshold=0.1fF, relative_c_threshold=1, and total_c_threshold=0fF.
 Corner: my_rc
Checking LVS Completed (CPU Time= 0:00:00.0  MEM= 1552.7M)
PostRoute (effortLevel low) RC Extraction DONE (CPU Time: 0:00:02.5  Real Time: 0:00:03.0  MEM: 1552.656M)
<CMD> redirect -quiet {set honorDomain [getAnalysisMode -honorClockDomains]} > /dev/null
<CMD> timeDesign -postRoute -pathReports -drvReports -slackReports -numPaths 50 -prefix myfir_postRouteS -outDir timingReports
 Reset EOS DB
Ignoring AAE DB Resetting ...
**WARN: (IMPEXT-3518):	The lower process node is set (using command 'setDesignMode') but the technology file for TQuantus extraction not specified. Therefore, going for postRoute (effortLevel low) extraction instead of recommended extractor 'TQuantus' for lower nodes. Use command 'set_analysis_view/update_rc_corner' to specify the technology file for TQuantus extraction to take place.
Extraction called for design 'myfir' of instances=7667 and nets=4014 using extraction engine 'postRoute' at effort level 'low' .
PostRoute (effortLevel low) RC Extraction called for design myfir.
RC Extraction called in multi-corner(1) mode.
Process corner(s) are loaded.
 Corner: my_rc
extractDetailRC Option : -outfile /tmp/innovus_temp_2181_isaserver_isa30_2025_2026_VLOzYY/myfir_2181_iISL2D.rcdb.d -maxResLength 200  -extended
RC Mode: PostRoute -effortLevel low [Extended CapTable, RC Table Resistances]
      RC Corner Indexes            0   
Capacitance Scaling Factor   : 1.00000 
Coupling Cap. Scaling Factor : 1.00000 
Resistance Scaling Factor    : 1.00000 
Clock Cap. Scaling Factor    : 1.00000 
Clock Res. Scaling Factor    : 1.00000 
Shrink Factor                : 1.00000
Initializing multi-corner capacitance tables ... 
Initializing multi-corner resistance tables ...
Checking LVS Completed (CPU Time= 0:00:00.0  MEM= 1484.9M)
Extracted 10.006% (CPU Time= 0:00:00.6  MEM= 1544.5M)
Extracted 20.0057% (CPU Time= 0:00:00.6  MEM= 1544.5M)
Extracted 30.0054% (CPU Time= 0:00:00.7  MEM= 1544.5M)
Extracted 40.005% (CPU Time= 0:00:00.7  MEM= 1544.5M)
Extracted 50.0047% (CPU Time= 0:00:00.8  MEM= 1544.5M)
Extracted 60.0044% (CPU Time= 0:00:00.8  MEM= 1544.5M)
Extracted 70.0041% (CPU Time= 0:00:00.9  MEM= 1544.5M)
Extracted 80.0038% (CPU Time= 0:00:01.0  MEM= 1544.5M)
Extracted 90.0035% (CPU Time= 0:00:01.1  MEM= 1544.5M)
Extracted 100% (CPU Time= 0:00:01.4  MEM= 1544.5M)
Number of Extracted Resistors     : 53339
Number of Extracted Ground Cap.   : 57184
Number of Extracted Coupling Cap. : 130588
Filtering XCap in 'relativeAndCoupling' mode using values coupling_c_threshold=0.1fF, relative_c_threshold=1, and total_c_threshold=0fF.
 Corner: my_rc
Checking LVS Completed (CPU Time= 0:00:00.0  MEM= 1528.5M)
PostRoute (effortLevel low) RC Extraction DONE (CPU Time: 0:00:02.7  Real Time: 0:00:03.0  MEM: 1528.461M)
Starting delay calculation for Setup views
Starting SI iteration 1 using Infinite Timing Windows
#################################################################################
# Design Stage: PostRoute
# Design Name: myfir
# Design Mode: 45nm
# Analysis Mode: MMMC OCV 
# Parasitics Mode: SPEF/RCDB 
# Signoff Settings: SI On 
#################################################################################
AAE_INFO: 1 threads acquired from CTE.
Start delay calculation (fullDC) (1 T). (MEM=1526.46)
Initializing multi-corner capacitance tables ... 
Initializing multi-corner resistance tables ...
Total number of fetched objects 4222
AAE_INFO-618: Total number of nets in the design is 4014,  100.0 percent of the nets selected for SI analysis
End delay calculation. (MEM=1544.21 CPU=0:00:04.7 REAL=0:00:05.0)
End delay calculation (fullDC). (MEM=1544.21 CPU=0:00:05.3 REAL=0:00:05.0)
Loading CTE timing window with TwFlowType 0...(CPU = 0:00:00.0, REAL = 0:00:00.0, MEM = 1544.2M)
Add other clocks and setupCteToAAEClockMapping during iter 1
Loading CTE timing window is completed (CPU = 0:00:00.0, REAL = 0:00:00.0, MEM = 1544.2M)
Starting SI iteration 2
Start delay calculation (fullDC) (1 T). (MEM=1423.33)
Glitch Analysis: View MyAnView -- Total Number of Nets Skipped = 0. 
Glitch Analysis: View MyAnView -- Total Number of Nets Analyzed = 4222. 
Total number of fetched objects 4222
AAE_INFO-618: Total number of nets in the design is 4014,  0.7 percent of the nets selected for SI analysis
End delay calculation. (MEM=1465.48 CPU=0:00:00.2 REAL=0:00:00.0)
End delay calculation (fullDC). (MEM=1465.48 CPU=0:00:00.2 REAL=0:00:00.0)
*** Done Building Timing Graph (cpu=0:00:06.9 real=0:00:07.0 totSessionCpu=0:27:07 mem=1465.5M)

------------------------------------------------------------
          timeDesign Summary                             
------------------------------------------------------------

Setup views included:
 MyAnView 

+--------------------+---------+---------+---------+---------+
|     Setup mode     |   all   | reg2reg |reg2cgate| default |
+--------------------+---------+---------+---------+---------+
|           WNS (ns):|  4.526  |  4.526  |  7.343  |  6.834  |
|           TNS (ns):|  0.000  |  0.000  |  0.000  |  0.000  |
|    Violating Paths:|    0    |    0    |    0    |    0    |
|          All Paths:|   539   |   119   |   11    |   409   |
+--------------------+---------+---------+---------+---------+

+----------------+-------------------------------+------------------+
|                |              Real             |       Total      |
|    DRVs        +------------------+------------+------------------|
|                |  Nr nets(terms)  | Worst Vio  |  Nr nets(terms)  |
+----------------+------------------+------------+------------------+
|   max_cap      |      0 (0)       |   0.000    |      0 (0)       |
|   max_tran     |      0 (0)       |   0.000    |      0 (0)       |
|   max_fanout   |      0 (0)       |     0      |      0 (0)       |
|   max_length   |      0 (0)       |     0      |      0 (0)       |
+----------------+------------------+------------+------------------+

Density: 69.640%
       (100.000% with Fillers)
Total number of glitch violations: 0
------------------------------------------------------------
Reported timing to dir timingReports
Total CPU time: 11.55 sec
Total Real time: 15.0 sec
Total Memory Usage: 1457.5 Mbytes
Reset AAE Options
<CMD> redirect -quiet {set honorDomain [getAnalysisMode -honorClockDomains]} > /dev/null
<CMD> timeDesign -postRoute -hold -pathReports -slackReports -numPaths 50 -prefix myfir_postRouteH -outDir timingReports
 Reset EOS DB
Ignoring AAE DB Resetting ...
**WARN: (IMPEXT-3518):	The lower process node is set (using command 'setDesignMode') but the technology file for TQuantus extraction not specified. Therefore, going for postRoute (effortLevel low) extraction instead of recommended extractor 'TQuantus' for lower nodes. Use command 'set_analysis_view/update_rc_corner' to specify the technology file for TQuantus extraction to take place.
Extraction called for design 'myfir' of instances=7667 and nets=4014 using extraction engine 'postRoute' at effort level 'low' .
PostRoute (effortLevel low) RC Extraction called for design myfir.
RC Extraction called in multi-corner(1) mode.
Process corner(s) are loaded.
 Corner: my_rc
extractDetailRC Option : -outfile /tmp/innovus_temp_2181_isaserver_isa30_2025_2026_VLOzYY/myfir_2181_iISL2D.rcdb.d -maxResLength 200  -extended
RC Mode: PostRoute -effortLevel low [Extended CapTable, RC Table Resistances]
      RC Corner Indexes            0   
Capacitance Scaling Factor   : 1.00000 
Coupling Cap. Scaling Factor : 1.00000 
Resistance Scaling Factor    : 1.00000 
Clock Cap. Scaling Factor    : 1.00000 
Clock Res. Scaling Factor    : 1.00000 
Shrink Factor                : 1.00000
Initializing multi-corner capacitance tables ... 
Initializing multi-corner resistance tables ...
Checking LVS Completed (CPU Time= 0:00:00.0  MEM= 1455.5M)
Extracted 10.006% (CPU Time= 0:00:00.6  MEM= 1531.1M)
Extracted 20.0057% (CPU Time= 0:00:00.6  MEM= 1531.1M)
Extracted 30.0054% (CPU Time= 0:00:00.6  MEM= 1531.1M)
Extracted 40.005% (CPU Time= 0:00:00.7  MEM= 1531.1M)
Extracted 50.0047% (CPU Time= 0:00:00.8  MEM= 1531.1M)
Extracted 60.0044% (CPU Time= 0:00:00.9  MEM= 1531.1M)
Extracted 70.0041% (CPU Time= 0:00:01.0  MEM= 1531.1M)
Extracted 80.0038% (CPU Time= 0:00:01.1  MEM= 1531.1M)
Extracted 90.0035% (CPU Time= 0:00:01.2  MEM= 1531.1M)
Extracted 100% (CPU Time= 0:00:01.5  MEM= 1531.1M)
Number of Extracted Resistors     : 53339
Number of Extracted Ground Cap.   : 57184
Number of Extracted Coupling Cap. : 130588
Filtering XCap in 'relativeAndCoupling' mode using values coupling_c_threshold=0.1fF, relative_c_threshold=1, and total_c_threshold=0fF.
 Corner: my_rc
Checking LVS Completed (CPU Time= 0:00:00.0  MEM= 1499.0M)
PostRoute (effortLevel low) RC Extraction DONE (CPU Time: 0:00:02.7  Real Time: 0:00:04.0  MEM: 1499.039M)
Starting delay calculation for Hold views
Starting SI iteration 1 using Infinite Timing Windows
#################################################################################
# Design Stage: PostRoute
# Design Name: myfir
# Design Mode: 45nm
# Analysis Mode: MMMC OCV 
# Parasitics Mode: SPEF/RCDB 
# Signoff Settings: SI On 
#################################################################################
AAE_INFO: 1 threads acquired from CTE.
Start delay calculation (fullDC) (1 T). (MEM=1433.83)
Initializing multi-corner capacitance tables ... 
Initializing multi-corner resistance tables ...
Total number of fetched objects 4222
AAE_INFO-618: Total number of nets in the design is 4014,  100.0 percent of the nets selected for SI analysis
End delay calculation. (MEM=1461.13 CPU=0:00:04.5 REAL=0:00:05.0)
End delay calculation (fullDC). (MEM=1461.13 CPU=0:00:05.1 REAL=0:00:05.0)
Loading CTE timing window with TwFlowType 0...(CPU = 0:00:00.0, REAL = 0:00:00.0, MEM = 1461.1M)
Add other clocks and setupCteToAAEClockMapping during iter 1
Loading CTE timing window is completed (CPU = 0:00:00.1, REAL = 0:00:00.0, MEM = 1461.1M)
Starting SI iteration 2
Start delay calculation (fullDC) (1 T). (MEM=1425.25)
Glitch Analysis: View MyAnView -- Total Number of Nets Skipped = 0. 
Glitch Analysis: View MyAnView -- Total Number of Nets Analyzed = 4222. 
Total number of fetched objects 4222
AAE_INFO-618: Total number of nets in the design is 4014,  0.2 percent of the nets selected for SI analysis
End delay calculation. (MEM=1467.4 CPU=0:00:00.1 REAL=0:00:01.0)
End delay calculation (fullDC). (MEM=1467.4 CPU=0:00:00.2 REAL=0:00:01.0)
*** Done Building Timing Graph (cpu=0:00:06.2 real=0:00:06.0 totSessionCpu=0:27:26 mem=1467.4M)

------------------------------------------------------------
          timeDesign Summary                             
------------------------------------------------------------

Hold views included:
 MyAnView 

+--------------------+---------+---------+---------+---------+
|     Hold mode      |   all   | reg2reg |reg2cgate| default |
+--------------------+---------+---------+---------+---------+
|           WNS (ns):|  0.149  |  0.149  |  0.242  |  0.000  |
|           TNS (ns):|  0.000  |  0.000  |  0.000  |  0.000  |
|    Violating Paths:|    0    |    0    |    0    |    0    |
|          All Paths:|   130   |   119   |   11    |    0    |
+--------------------+---------+---------+---------+---------+

Density: 69.640%
       (100.000% with Fillers)
------------------------------------------------------------
Reported timing to dir timingReports
Total CPU time: 10.11 sec
Total Real time: 11.0 sec
Total Memory Usage: 1399.671875 Mbytes
Reset AAE Options
<CMD> verifyConnectivity -type all -error 1000 -warning 50
VERIFY_CONNECTIVITY use new engine.

******** Start: VERIFY CONNECTIVITY ********
Start Time: Sat Oct 25 23:50:20 2025

Design Name: myfir
Database Units: 2000
Design Boundary: (0.0000, 0.0000) (113.6200, 108.0800)
Error Limit = 1000; Warning Limit = 50
Check all nets

Begin Summary 
  Found no problems or warnings.
End Summary

End Time: Sat Oct 25 23:50:21 2025
Time Elapsed: 0:00:01.0

******** End: VERIFY CONNECTIVITY ********
  Verification Complete : 0 Viols.  0 Wrngs.
  (CPU Time: 0:00:00.7  MEM: 0.000M)

<CMD> getMultiCpuUsage -localCpu
<CMD> get_verify_drc_mode -disable_rules -quiet
<CMD> get_verify_drc_mode -quiet -area
<CMD> get_verify_drc_mode -quiet -layer_range
<CMD> get_verify_drc_mode -check_ndr_spacing -quiet
<CMD> get_verify_drc_mode -check_only -quiet
<CMD> get_verify_drc_mode -check_same_via_cell -quiet
<CMD> get_verify_drc_mode -exclude_pg_net -quiet
<CMD> get_verify_drc_mode -ignore_trial_route -quiet
<CMD> get_verify_drc_mode -max_wrong_way_halo -quiet
<CMD> get_verify_drc_mode -use_min_spacing_on_block_obs -quiet
<CMD> get_verify_drc_mode -limit -quiet
<CMD> set_verify_drc_mode -disable_rules {} -check_ndr_spacing auto -check_only default -check_same_via_cell false -exclude_pg_net false -ignore_trial_route false -ignore_cell_blockage false -use_min_spacing_on_block_obs auto -report myfir.drc.rpt -limit 1000
<CMD> verify_drc
#-check_ndr_spacing auto                 # enums={true false auto}, default=auto,  user setting
#-report myfir.drc.rpt                   # string, default="", user setting
 *** Starting Verify DRC (MEM: 1399.7) ***

  VERIFY DRC ...... Starting Verification
  VERIFY DRC ...... Initializing
  VERIFY DRC ...... Deleting Existing Violations
  VERIFY DRC ...... Creating Sub-Areas
  VERIFY DRC ...... Using new threading

  Verification Complete : 0 Viols.

 *** End Verify DRC (CPU: 0:00:01.3  ELAPSED TIME: 1.00  MEM: 0.0M) ***

<CMD> set_verify_drc_mode -area {0 0 0 0}
<CMD> reportGateCount -level 5 -limit 100 -outfile myfir.gateCount
Gate area 0.7980 um^2
[0] myfir Gates=8839 Cells=3148 Area=7054.1 um^2
<CMD> saveNetlist myfir.v
Writing Netlist "myfir.v" ...
<CMD> all_hold_analysis_views 
<CMD> all_setup_analysis_views 
<CMD> write_sdf  -ideal_clock_network myfir.sdf
**WARN: (SDF-808):	The software is currently operating in a high performance mode which optimizes the handling of multiple timing arcs between input and output pin pairs. With the current settings, the SDF file generated will contain the same delay information for all of these arcs. To have the SDF recalculated with explicit pin pair data, you should use the option '-recompute_delay_calc'. This setting is recommended for generating SDF for functional  simulation applications.
Starting SI iteration 1 using Infinite Timing Windows
#################################################################################
# Design Stage: PostRoute
# Design Name: myfir
# Design Mode: 45nm
# Analysis Mode: MMMC OCV 
# Parasitics Mode: SPEF/RCDB 
# Signoff Settings: SI On 
#################################################################################
AAE_INFO: 1 threads acquired from CTE.
Start delay calculation (fullDC) (1 T). (MEM=1407.96)
Total number of fetched objects 4222
AAE_INFO-618: Total number of nets in the design is 4014,  100.0 percent of the nets selected for SI analysis
End delay calculation. (MEM=1468.88 CPU=0:00:04.6 REAL=0:00:04.0)
End delay calculation (fullDC). (MEM=1468.88 CPU=0:00:04.9 REAL=0:00:05.0)
Loading CTE timing window with TwFlowType 0...(CPU = 0:00:00.0, REAL = 0:00:00.0, MEM = 1468.9M)
Add other clocks and setupCteToAAEClockMapping during iter 1
Loading CTE timing window is completed (CPU = 0:00:00.0, REAL = 0:00:00.0, MEM = 1468.9M)
Starting SI iteration 2
Start delay calculation (fullDC) (1 T). (MEM=1428.88)
Glitch Analysis: View MyAnView -- Total Number of Nets Skipped = 0. 
Glitch Analysis: View MyAnView -- Total Number of Nets Analyzed = 4222. 
Total number of fetched objects 4222
AAE_INFO-618: Total number of nets in the design is 4014,  0.8 percent of the nets selected for SI analysis
End delay calculation. (MEM=1472.04 CPU=0:00:00.2 REAL=0:00:00.0)
End delay calculation (fullDC). (MEM=1472.04 CPU=0:00:00.2 REAL=0:00:00.0)
<CMD> write_sdf -ideal_clock_network -recompute_delay_calc myfir.sdf
Starting SI iteration 1 using Infinite Timing Windows
#################################################################################
# Design Stage: PostRoute
# Design Name: myfir
# Design Mode: 45nm
# Analysis Mode: MMMC OCV 
# Parasitics Mode: SPEF/RCDB 
# Signoff Settings: SI On 
#################################################################################
AAE_INFO: 1 threads acquired from CTE.
Start delay calculation (fullDC) (1 T). (MEM=1463.83)
Total number of fetched objects 4222
AAE_INFO-618: Total number of nets in the design is 4014,  100.0 percent of the nets selected for SI analysis
End delay calculation. (MEM=1472.04 CPU=0:00:05.8 REAL=0:00:06.0)
End delay calculation (fullDC). (MEM=1472.04 CPU=0:00:06.1 REAL=0:00:06.0)
Loading CTE timing window with TwFlowType 0...(CPU = 0:00:00.0, REAL = 0:00:00.0, MEM = 1472.0M)
Add other clocks and setupCteToAAEClockMapping during iter 1
Loading CTE timing window is completed (CPU = 0:00:00.1, REAL = 0:00:00.0, MEM = 1472.0M)
Starting SI iteration 2
Start delay calculation (fullDC) (1 T). (MEM=1432.04)
Glitch Analysis: View MyAnView -- Total Number of Nets Skipped = 0. 
Glitch Analysis: View MyAnView -- Total Number of Nets Analyzed = 4222. 
Total number of fetched objects 4222
AAE_INFO-618: Total number of nets in the design is 4014,  0.8 percent of the nets selected for SI analysis
End delay calculation. (MEM=1474.2 CPU=0:00:00.2 REAL=0:00:01.0)
End delay calculation (fullDC). (MEM=1474.2 CPU=0:00:00.2 REAL=0:00:01.0)
invalid command name "INSTALL_DIR=/eda/mentor/2020-21/RHELx86/QUESTA-CORE-PRIME_2020.4/questasim/linux_x86_64"
invalid command name "INSTALL_DIR=/eda/mentor/2020-21/RHELx86/QUESTA-CORE-PRIME_2020.4/questasim/linux_x86_64"
invalid command name "setmentor"
invalid command name "INSTALL_DIR=/eda/mentor/2020-21/RHELx86/QUESTA-CORE-PRIME_2020.4/questasim/linux_x86_64"
invalid command name "INSTALL_DIR=/eda/mentor/2020-21/RHELx86/QUESTA-CORE-PRIME_2020.4/questasim/linux_x86_64"
invalid command name "INSTALL_DIR=/eda/mentor/2020-21/RHELx86/QUESTA-CORE-PRIME_2020.4/questasim/linux_x86_64"
invalid command name "vlib"
invalid command name "INSTALL_DIR=/eda/mentor/2020-21/RHELx86/QUESTA-CORE-PRIME_2020.4/questasim/linux_x86_64"
**INFO (INTERRUPT): One more Ctrl-C to exit Innovus ...
find /eda -name init_questa 2>/dev/null
find /eda -name init_questa 2>/dev/null
invalid command name "INSTALL_DIR=/eda/mentor/2020-21/RHELx86/QUESTA-CORE-PRIME_2020.4/questasim/linux_x86_64"
