*----------------------------------------------------------------------------------------
*	Innovus 20.11-s130_1 (64bit) 08/05/2020 15:53 (Linux 2.6.32-431.11.2.el6.x86_64)
*	
*
* 	Date & Time:	2025-Nov-04 14:55:16 (2025-Nov-04 13:55:16 GMT)
*
*----------------------------------------------------------------------------------------
*
*	Design: myfir
*
*	Liberty Libraries used: 
*	        MyAnView: /eda/dk/nangate45/liberty/NangateOpenCellLibrary_typical_ecsm.lib
*
*	Power Domain used: 
*              Rail:        VDD      Voltage:        1.1 
*
*       Power View : MyAnView
*
*       User-Defined Activity : N.A.
*
*	Switching Activity File used: 
*	        ../vcd/design.vcd
*                    Vcd Window used(Start Time, Stop Time):   
*                     Vcd Scale Factor: 1 
* *                    Design annotation coverage: 0/3930 = 0% 
*
*       Hierarchical Global Activity: N.A.
*
*       Global Activity: N.A.
*
*       Sequential Element Activity: N.A.
*
*       Primary Input Activity: 0.200000
*
*       Default icg ratio: N.A.
*
*       Global Comb ClockGate Ratio: N.A.
*
*	Power Units = 1mW
*
*	Time Units = 1e-09 secs 
*
*       Temperature = 25 
*
*       report_power -outfile .//myfir.rpt -rail_analysis_format VS
*
-----------------------------------------------------------------------------------------
Cell                            Internal   Switching       Total     Leakage   Cell
                                   Power       Power       Power       Power   Name
--------------------------------------------------------------------------------------
FFin_Q_reg                      0.001104    0.001272    0.002465   8.823e-05  DFFR_X1
reg5_Dout_reg_5_               0.0007802   0.0006239    0.001492   8.815e-05  DFFR_X1
reg1_Dout_reg_5_               0.0007895   0.0006103    0.001488   8.823e-05  DFFR_X1
reg3_Dout_reg_3_               0.0007886   0.0006081    0.001485   8.806e-05  DFFR_X1
reg1_Dout_reg_3_               0.0007895   0.0006064    0.001484   8.823e-05  DFFR_X1
reg3_Dout_reg_5_               0.0007887   0.0006058    0.001483   8.806e-05  DFFR_X1
reg2_Dout_reg_5_               0.0007892   0.0006021     0.00148   8.824e-05  DFFR_X1
DataRegIn_Dout_reg_3_          0.0007912    0.000592    0.001472   8.824e-05  DFFR_X1
reg6_Dout_reg_5_               0.0007771   0.0006026    0.001468    8.81e-05  DFFR_X1
DataRegIn_Dout_reg_5_          0.0007912   0.0005852    0.001465   8.824e-05  DFFR_X1
reg2_Dout_reg_8_               0.0007853   0.0005912    0.001465   8.803e-05  DFFR_X1
reg6_Dout_reg_8_               0.0007768   0.0005975    0.001462   8.811e-05  DFFR_X1
reg4_Dout_reg_3_               0.0007838   0.0005893    0.001461    8.81e-05  DFFR_X1
reg2_Dout_reg_3_               0.0007892   0.0005833    0.001461   8.824e-05  DFFR_X1
reg7_Dout_reg_5_               0.0007747   0.0005979    0.001461   8.815e-05  DFFR_X1
DataRegIn_Dout_reg_8_          0.0007896   0.0005829    0.001461   8.807e-05  DFFR_X1
reg1_Dout_reg_8_                0.000788   0.0005815    0.001458   8.806e-05  DFFR_X1
reg4_Dout_reg_8_               0.0007819    0.000587    0.001457   8.798e-05  DFFR_X1
reg1_Dout_reg_1_               0.0007879   0.0005788    0.001455   8.806e-05  DFFR_X1
reg3_Dout_reg_8_                0.000784   0.0005818    0.001454    8.82e-05  DFFR_X1
reg5_Dout_reg_3_               0.0007801   0.0005851    0.001453   8.815e-05  DFFR_X1
reg3_Dout_reg_1_               0.0007837   0.0005809    0.001453    8.82e-05  DFFR_X1
reg9_Dout_reg_8_               0.0007728   0.0005913    0.001452   8.793e-05  DFFR_X1
reg5_Dout_reg_1_               0.0007763   0.0005826    0.001447   8.815e-05  DFFR_X1
reg4_Dout_reg_5_               0.0007837   0.0005656    0.001437    8.81e-05  DFFR_X1
reg5_Dout_reg_8_               0.0007766   0.0005708    0.001436   8.815e-05  DFFR_X1
reg7_Dout_reg_3_               0.0007746   0.0005726    0.001435   8.815e-05  DFFR_X1
reg6_Dout_reg_3_               0.0007768   0.0005694    0.001434    8.81e-05  DFFR_X1
reg8_Dout_reg_8_               0.0007765   0.0005578    0.001422   8.812e-05  DFFR_X1
DataRegIn_Dout_reg_1_          0.0007895   0.0005443    0.001422   8.807e-05  DFFR_X1
reg7_Dout_reg_8_               0.0007769   0.0005564    0.001421   8.802e-05  DFFR_X1
reg8_Dout_reg_5_               0.0007716   0.0005599     0.00142   8.801e-05  DFFR_X1
reg9_Dout_reg_3_               0.0007686   0.0005564    0.001413   8.814e-05  DFFR_X1
reg8_Dout_reg_3_               0.0007715   0.0005522    0.001412   8.801e-05  DFFR_X1
reg2_Dout_reg_1_               0.0007851   0.0005333    0.001406   8.803e-05  DFFR_X1
reg9_Dout_reg_5_               0.0007687   0.0005439    0.001401   8.814e-05  DFFR_X1
reg7_Dout_reg_1_               0.0007766    0.000534    0.001399   8.802e-05  DFFR_X1
reg4_Dout_reg_1_               0.0007817   0.0005226    0.001392   8.798e-05  DFFR_X1
reg6_Dout_reg_1_               0.0007766   0.0005213    0.001386   8.811e-05  DFFR_X1
reg9_Dout_reg_1_               0.0007724    0.000518    0.001378   8.793e-05  DFFR_X1
reg8_Dout_reg_1_               0.0007762   0.0005118    0.001376   8.812e-05  DFFR_X1
reg10_Dout_reg_3_              0.0007634   0.0005138    0.001365   8.793e-05  DFFR_X1
reg10_Dout_reg_8_              0.0007678   0.0005018    0.001358   8.814e-05  DFFR_X1
reg10_Dout_reg_5_              0.0007633   0.0004964    0.001348   8.793e-05  DFFR_X1
reg10_Dout_reg_1_              0.0007674   0.0004637    0.001319   8.814e-05  DFFR_X1
reg3_clk_gate_Dout_reg/latch    0.001223           0    0.001281   5.835e-05  CLKGATETST_X1
reg4_clk_gate_Dout_reg/latch    0.001223           0    0.001281   5.835e-05  CLKGATETST_X1
reg5_clk_gate_Dout_reg/latch    0.001223           0    0.001281   5.835e-05  CLKGATETST_X1
reg6_clk_gate_Dout_reg/latch    0.001223           0    0.001281   5.835e-05  CLKGATETST_X1
reg7_clk_gate_Dout_reg/latch    0.001223           0    0.001281   5.835e-05  CLKGATETST_X1
reg1_clk_gate_Dout_reg/latch    0.001223           0    0.001281   5.835e-05  CLKGATETST_X1
reg2_clk_gate_Dout_reg/latch    0.001223           0    0.001281   5.835e-05  CLKGATETST_X1
reg8_clk_gate_Dout_reg/latch    0.001223           0    0.001281   5.835e-05  CLKGATETST_X1
DataRegOut_clk_gate_Dout_reg/latch   0.001223           0    0.001281   5.835e-05  CLKGATETST_X1
reg9_clk_gate_Dout_reg/latch    0.001223           0    0.001281   5.835e-05  CLKGATETST_X1
reg10_clk_gate_Dout_reg/latch   0.001223           0    0.001281   5.835e-05  CLKGATETST_X1
DataRegIn_clk_gate_Dout_reg/latch   0.001223           0    0.001281   5.836e-05  CLKGATETST_X1
cReg0_clk_gate_Dout_reg/latch   0.001222           0    0.001281   5.836e-05  CLKGATETST_X1
cReg10_clk_gate_Dout_reg/latch   0.001218           0    0.001277   5.836e-05  CLKGATETST_X1
cReg1_clk_gate_Dout_reg/latch   0.001217           0    0.001275   5.836e-05  CLKGATETST_X1
cReg9_clk_gate_Dout_reg/latch   0.001217           0    0.001275   5.836e-05  CLKGATETST_X1
cReg2_clk_gate_Dout_reg/latch   0.001216           0    0.001274   5.836e-05  CLKGATETST_X1
cReg5_clk_gate_Dout_reg/latch   0.001216           0    0.001274   5.836e-05  CLKGATETST_X1
cReg4_clk_gate_Dout_reg/latch   0.001216           0    0.001274   5.836e-05  CLKGATETST_X1
cReg3_clk_gate_Dout_reg/latch   0.001216           0    0.001274   5.836e-05  CLKGATETST_X1
cReg6_clk_gate_Dout_reg/latch   0.001216           0    0.001274   5.836e-05  CLKGATETST_X1
cReg7_clk_gate_Dout_reg/latch   0.001216           0    0.001274   5.836e-05  CLKGATETST_X1
cReg8_clk_gate_Dout_reg/latch   0.001216           0    0.001274   5.836e-05  CLKGATETST_X1
FFout_Q_reg                     0.001091    7.36e-05    0.001253   8.824e-05  DFFR_X1
DataRegIn_Dout_reg_4_          0.0006527   0.0004691     0.00121   8.818e-05  DFFR_X1
reg1_Dout_reg_6_               0.0006454   0.0004655    0.001199   8.812e-05  DFFR_X1
reg1_Dout_reg_4_               0.0006511   0.0004489    0.001188   8.817e-05  DFFR_X1
reg7_Dout_reg_4_               0.0006453    0.000451    0.001184   8.805e-05  DFFR_X1
reg6_Dout_reg_4_               0.0006445   0.0004483    0.001181   8.806e-05  DFFR_X1
DataRegIn_Dout_reg_6_          0.0006469   0.0004454     0.00118   8.813e-05  DFFR_X1
reg3_Dout_reg_4_               0.0006495   0.0004425     0.00118   8.809e-05  DFFR_X1
reg7_Dout_reg_6_               0.0006337   0.0004566    0.001178   8.811e-05  DFFR_X1
reg2_Dout_reg_4_               0.0006505   0.0004394    0.001178   8.817e-05  DFFR_X1
reg3_Dout_reg_6_               0.0006436    0.000444    0.001176   8.817e-05  DFFR_X1
reg8_Dout_reg_4_               0.0006458   0.0004419    0.001176   8.802e-05  DFFR_X1
reg5_Dout_reg_4_               0.0006432   0.0004432    0.001175   8.811e-05  DFFR_X1
reg4_Dout_reg_4_               0.0006458   0.0004398    0.001174   8.802e-05  DFFR_X1
reg5_Dout_reg_6_                0.000637   0.0004471    0.001172   8.818e-05  DFFR_X1
reg1_Dout_reg_10_              0.0006453   0.0004387    0.001172   8.812e-05  DFFR_X1
reg2_Dout_reg_10_              0.0006448   0.0004387    0.001172   8.811e-05  DFFR_X1
reg9_Dout_reg_4_               0.0006445   0.0004365    0.001169   8.803e-05  DFFR_X1
reg2_Dout_reg_6_               0.0006448   0.0004343    0.001167   8.811e-05  DFFR_X1
reg3_Dout_reg_10_              0.0006436   0.0004352    0.001167   8.817e-05  DFFR_X1
reg4_Dout_reg_6_               0.0006399    0.000437    0.001165   8.806e-05  DFFR_X1
reg7_Dout_reg_10_              0.0006336   0.0004383     0.00116   8.811e-05  DFFR_X1
DataRegIn_Dout_reg_10_         0.0006468   0.0004199    0.001155   8.813e-05  DFFR_X1
reg6_Dout_reg_10_              0.0006362   0.0004272    0.001152   8.815e-05  DFFR_X1
reg4_Dout_reg_10_              0.0006399   0.0004235    0.001151   8.806e-05  DFFR_X1
reg6_Dout_reg_6_               0.0006363   0.0004241    0.001149   8.815e-05  DFFR_X1
reg5_Dout_reg_10_              0.0006369   0.0004231    0.001148   8.818e-05  DFFR_X1
reg9_Dout_reg_6_               0.0006319   0.0004265    0.001146   8.804e-05  DFFR_X1
reg8_Dout_reg_6_               0.0006329   0.0004207    0.001142   8.811e-05  DFFR_X1
reg8_Dout_reg_10_              0.0006328    0.000419     0.00114   8.811e-05  DFFR_X1
reg9_Dout_reg_10_              0.0006319   0.0004155    0.001135   8.804e-05  DFFR_X1
reg10_Dout_reg_4_               0.000638   0.0003822    0.001108   8.799e-05  DFFR_X1
reg10_Dout_reg_10_              0.000628   0.0003548    0.001071   8.808e-05  DFFR_X1
reg10_Dout_reg_6_               0.000628   0.0003532    0.001069   8.808e-05  DFFR_X1
DataRegOut_Dout_reg_7_          0.000779   0.0001013    0.000969   8.877e-05  DFFR_X1
reg3_Dout_reg_0_               0.0005057   0.0003274   0.0009212   8.817e-05  DFFR_X1
reg4_Dout_reg_0_               0.0005058   0.0003268   0.0009206   8.802e-05  DFFR_X1
reg5_Dout_reg_0_                0.000503    0.000324   0.0009151   8.817e-05  DFFR_X1
reg1_Dout_reg_0_               0.0005064   0.0003206   0.0009151    8.81e-05  DFFR_X1
DataRegIn_Dout_reg_0_          0.0005078   0.0003125   0.0009084    8.81e-05  DFFR_X1
reg2_Dout_reg_0_               0.0005053   0.0003078   0.0009012   8.808e-05  DFFR_X1
reg4_Dout_reg_2_               0.0005098   0.0003019   0.0008998   8.806e-05  DFFR_X1
reg2_Dout_reg_2_               0.0005099   0.0003009    0.000899    8.82e-05  DFFR_X1
DataRegIn_Dout_reg_2_           0.000512   0.0002986   0.0008988   8.821e-05  DFFR_X1
reg8_Dout_reg_0_               0.0005026   0.0003072   0.0008978   8.812e-05  DFFR_X1
reg7_Dout_reg_0_               0.0005029   0.0003045   0.0008955   8.807e-05  DFFR_X1
reg6_Dout_reg_0_               0.0005023   0.0003049   0.0008954   8.814e-05  DFFR_X1
reg9_Dout_reg_0_               0.0005014   0.0003046   0.0008939   8.798e-05  DFFR_X1
reg1_Dout_reg_2_               0.0005104   0.0002949   0.0008936    8.82e-05  DFFR_X1
reg3_Dout_reg_2_               0.0005103   0.0002942   0.0008926   8.809e-05  DFFR_X1
reg5_Dout_reg_2_                0.000508   0.0002959   0.0008921   8.812e-05  DFFR_X1
reg7_Dout_reg_2_               0.0005025   0.0002948   0.0008854   8.809e-05  DFFR_X1
reg6_Dout_reg_2_               0.0005051   0.0002798    0.000873   8.808e-05  DFFR_X1
reg10_Dout_reg_0_              0.0005001   0.0002795   0.0008676   8.809e-05  DFFR_X1
reg8_Dout_reg_2_               0.0004992   0.0002798    0.000867   8.801e-05  DFFR_X1
reg9_Dout_reg_2_               0.0004973   0.0002708   0.0008562    8.81e-05  DFFR_X1
reg10_Dout_reg_2_              0.0004959   0.0002566   0.0008405   8.798e-05  DFFR_X1
DataRegOut_Dout_reg_4_         0.0006176   7.374e-05     0.00078   8.863e-05  DFFR_X1
DataRegOut_Dout_reg_3_         0.0006252   5.395e-05   0.0007675   8.835e-05  DFFR_X1
add6_add_21_U1_3               0.0003563   0.0002756   0.0007015   6.967e-05  FA_X1
mul4_mult_28_U31               0.0003651   0.0002534   0.0006914   7.297e-05  FA_X1
mul3_mult_28_U51               0.0003539   0.0002653   0.0006894   7.024e-05  FA_X1
mul6_mult_28_U51               0.0003665   0.0002459   0.0006807   6.835e-05  FA_X1
mul7_mult_28_U36               0.0003587   0.0002464   0.0006779   7.275e-05  FA_X1
mul3_mult_28_U36               0.0003675   0.0002371   0.0006775    7.28e-05  FA_X1
mul2_mult_28_U51                0.000371   0.0002396   0.0006773   6.676e-05  FA_X1
mul4_mult_28_U51               0.0003689   0.0002379   0.0006747   6.791e-05  FA_X1
mul6_mult_28_U31               0.0003624   0.0002391   0.0006744   7.288e-05  FA_X1
mul7_mult_28_U51               0.0003451   0.0002565   0.0006713   6.971e-05  FA_X1
mul8_mult_28_U51               0.0003618   0.0002395   0.0006672   6.588e-05  FA_X1
add2_add_21_U1_4               0.0003297   0.0002548   0.0006576   7.312e-05  FA_X1
DataRegOut_Dout_reg_5_         0.0005166   5.014e-05   0.0006554   8.873e-05  DFFR_X1
add6_add_21_U1_4               0.0003318   0.0002452   0.0006546   7.766e-05  FA_X1
mul6_mult_28_U45               0.0003553   0.0002258   0.0006546   7.349e-05  FA_X1
add4_add_21_U1_3               0.0003515   0.0002332   0.0006538   6.913e-05  FA_X1
add1_add_21_U1_3               0.0003568   0.0002255     0.00065   6.772e-05  FA_X1
mul4_mult_28_U45               0.0003583   0.0002179   0.0006491   7.285e-05  FA_X1
mul5_mult_28_U10                0.000354   0.0002144   0.0006478   7.945e-05  FA_X1
DataRegOut_Dout_reg_8_         0.0005045    5.12e-05   0.0006442   8.853e-05  DFFR_X1
mul6_mult_28_U52               0.0003522   0.0002177   0.0006438   7.376e-05  FA_X1
mul3_mult_28_U45               0.0003526   0.0002187   0.0006416   7.024e-05  FA_X1
mul4_mult_28_U52               0.0003568     0.00021   0.0006408   7.404e-05  FA_X1
mul7_mult_28_U45               0.0003442   0.0002227   0.0006365   6.971e-05  FA_X1
add4_add_21_U1_6               0.0003203   0.0002327   0.0006281   7.513e-05  FA_X1
mul3_mult_28_U10               0.0003132   0.0002319   0.0006148   6.972e-05  FA_X1
DataRegIn_Dout_reg_9_          0.0003735   0.0001512   0.0006128   8.814e-05  DFFR_X1
reg1_Dout_reg_9_               0.0003721   0.0001515   0.0006117   8.813e-05  DFFR_X1
reg3_Dout_reg_9_               0.0003709   0.0001512   0.0006102   8.812e-05  DFFR_X1
reg7_Dout_reg_9_               0.0003728   0.0001489   0.0006097     8.8e-05  DFFR_X1
reg9_Dout_reg_9_               0.0003724   0.0001491   0.0006094   8.798e-05  DFFR_X1
add7_add_21_U1_4                0.000325   0.0002106   0.0006093   7.367e-05  FA_X1
reg6_Dout_reg_9_               0.0003725   0.0001487   0.0006092   8.803e-05  DFFR_X1
reg2_Dout_reg_9_               0.0003709   0.0001473   0.0006063   8.812e-05  DFFR_X1
add1_add_21_U1_4               0.0003294   0.0002069   0.0006054   6.918e-05  FA_X1
reg8_Dout_reg_9_               0.0003729   0.0001437   0.0006046   8.802e-05  DFFR_X1
add0_add_21_U1_3               0.0002951   0.0002426   0.0006043   6.664e-05  FA_X1
reg5_Dout_reg_9_               0.0003709   0.0001436   0.0006026   8.808e-05  DFFR_X1
DataRegIn_Dout_reg_7_          0.0003658   0.0001484   0.0006023   8.817e-05  DFFR_X1
reg3_Dout_reg_7_                0.000365    0.000149   0.0006021   8.814e-05  DFFR_X1
reg1_Dout_reg_7_               0.0003644   0.0001496   0.0006021   8.816e-05  DFFR_X1
add4_add_21_U1_4               0.0003205   0.0002068   0.0006017    7.44e-05  FA_X1
reg6_Dout_reg_7_               0.0003625   0.0001491   0.0005997   8.818e-05  DFFR_X1
reg5_Dout_reg_7_               0.0003635   0.0001473   0.0005991   8.821e-05  DFFR_X1
add2_add_21_U1_3               0.0003012   0.0002269   0.0005984   7.026e-05  FA_X1
mul2_mult_28_U49               0.0003605   0.0001629   0.0005974   7.402e-05  FA_X1
reg4_Dout_reg_9_               0.0003717   0.0001365   0.0005963   8.798e-05  DFFR_X1
reg2_Dout_reg_7_               0.0003646   0.0001426   0.0005953   8.815e-05  DFFR_X1
reg4_Dout_reg_7_               0.0003642   0.0001426   0.0005949    8.81e-05  DFFR_X1
reg9_Dout_reg_7_               0.0003601   0.0001459   0.0005941   8.809e-05  DFFR_X1
mul4_mult_28_U30               0.0003069   0.0002154   0.0005916   6.934e-05  FA_X1
add8_add_21_U1_7               0.0003103   0.0002089   0.0005911   7.195e-05  FA_X1
mul5_mult_28_U63               0.0003129    0.000207   0.0005909   7.101e-05  FA_X1
add7_add_21_U1_7               0.0002967   0.0002194   0.0005908   7.471e-05  FA_X1
mul5_mult_28_U47               0.0003108   0.0001945   0.0005897   8.439e-05  FA_X1
add5_add_21_U1_3               0.0002902   0.0002348   0.0005894   6.433e-05  FA_X1
reg8_Dout_reg_7_                0.000359   0.0001407   0.0005879   8.811e-05  DFFR_X1
reg10_Dout_reg_9_              0.0003702   0.0001295   0.0005877   8.804e-05  DFFR_X1
mul1_mult_28_U63               0.0003157   0.0001921   0.0005856   7.782e-05  FA_X1
mul8_mult_28_U49               0.0003519    0.000158   0.0005852    7.52e-05  FA_X1
reg7_Dout_reg_7_               0.0003598   0.0001352   0.0005832   8.817e-05  DFFR_X1
mul6_mult_28_U30               0.0003028   0.0002105   0.0005829   6.962e-05  FA_X1
mul4_mult_28_U28               0.0002926   0.0001983   0.0005761    8.52e-05  FA_X1
mul6_mult_28_U60               0.0003093   0.0001955   0.0005761   7.128e-05  FA_X1
mul4_mult_28_U60               0.0003105   0.0001924   0.0005756   7.268e-05  FA_X1
mul7_mult_28_U10               0.0003077   0.0001966   0.0005743   6.994e-05  FA_X1
mul1_mult_28_U11               0.0002684    0.000242   0.0005712   6.083e-05  FA_X1
mul6_mult_28_U28               0.0002903   0.0001951   0.0005697    8.43e-05  FA_X1
mul4_mult_28_U40                 0.00029   0.0002026   0.0005692   7.665e-05  FA_X1
DataRegOut_Dout_reg_6_          0.000463   1.534e-05   0.0005691   9.082e-05  DFFR_X1
mul9_mult_28_U63               0.0003024   0.0001866   0.0005679   7.894e-05  FA_X1
add7_add_21_U1_5               0.0002983   0.0001958   0.0005652   7.112e-05  FA_X1
reg10_Dout_reg_7_                0.00036   0.0001165   0.0005645   8.803e-05  DFFR_X1
mul2_mult_28_U10               0.0003135   0.0001819   0.0005634   6.804e-05  FA_X1
add7_add_21_U1_3               0.0002977   0.0001963   0.0005621   6.811e-05  FA_X1
mul5_mult_28_U45               0.0002907   0.0001903   0.0005615    8.05e-05  FA_X1
mul2_mult_28_U65               0.0002913   0.0002022     0.00056   6.652e-05  FA_X1
mul6_mult_28_U40               0.0002851   0.0001979   0.0005594   7.636e-05  FA_X1
mul4_mult_28_U67               0.0003081   0.0001765   0.0005587    7.41e-05  FA_X1
mul4_mult_28_U38               0.0002909   0.0001812    0.000557   8.481e-05  FA_X1
mul8_mult_28_U10               0.0003047   0.0001833   0.0005554   6.738e-05  FA_X1
mul5_mult_28_U36               0.0002858   0.0002002    0.000555   6.898e-05  FA_X1
mul8_mult_28_U65               0.0002845   0.0002021    0.000553    6.64e-05  FA_X1
mul5_mult_28_U52               0.0003083   0.0001715   0.0005527   7.293e-05  FA_X1
add2_add_21_U1_6               0.0002805   0.0001921   0.0005513   7.875e-05  FA_X1
mul6_mult_28_U67               0.0003056   0.0001718   0.0005512   7.378e-05  FA_X1
mul4_mult_28_U26               0.0002694   0.0001947    0.000548   8.393e-05  FA_X1
cReg6_Dout_reg_3_              0.0004461   7.084e-06   0.0005462   9.297e-05  DFFR_X1
cReg8_Dout_reg_7_              0.0004461   6.826e-06   0.0005459   9.297e-05  DFFR_X1
cReg0_Dout_reg_5_              0.0004461   6.767e-06   0.0005459   9.297e-05  DFFR_X1
cReg4_Dout_reg_3_              0.0004461   6.699e-06   0.0005458   9.297e-05  DFFR_X1
cReg0_Dout_reg_3_              0.0004461   6.662e-06   0.0005458   9.297e-05  DFFR_X1
cReg10_Dout_reg_3_             0.0004461   6.587e-06   0.0005457   9.297e-05  DFFR_X1
cReg2_Dout_reg_7_              0.0004462   6.566e-06   0.0005457   9.297e-05  DFFR_X1
cReg1_Dout_reg_10_             0.0004462   6.566e-06   0.0005457   9.297e-05  DFFR_X1
cReg2_Dout_reg_5_              0.0004462   6.531e-06   0.0005457   9.297e-05  DFFR_X1
cReg1_Dout_reg_5_              0.0004462   6.501e-06   0.0005456   9.297e-05  DFFR_X1
cReg9_Dout_reg_7_              0.0004462   6.484e-06   0.0005456   9.297e-05  DFFR_X1
cReg8_Dout_reg_5_              0.0004462   6.478e-06   0.0005456   9.297e-05  DFFR_X1
cReg10_Dout_reg_5_             0.0004462   6.457e-06   0.0005456   9.297e-05  DFFR_X1
cReg9_Dout_reg_10_             0.0004462   6.435e-06   0.0005456   9.297e-05  DFFR_X1
cReg0_Dout_reg_7_              0.0004462   6.384e-06   0.0005455   9.297e-05  DFFR_X1
cReg9_Dout_reg_5_              0.0004462   6.381e-06   0.0005455   9.297e-05  DFFR_X1
cReg1_Dout_reg_7_              0.0004462   6.368e-06   0.0005455   9.297e-05  DFFR_X1
cReg8_Dout_reg_9_              0.0004462   6.349e-06   0.0005455   9.297e-05  DFFR_X1
cReg0_Dout_reg_9_              0.0004462   6.317e-06   0.0005454   9.297e-05  DFFR_X1
cReg10_Dout_reg_7_             0.0004462   6.293e-06   0.0005454   9.297e-05  DFFR_X1
cReg10_Dout_reg_9_             0.0004462   6.284e-06   0.0005454   9.297e-05  DFFR_X1
cReg9_Dout_reg_9_              0.0004462   6.282e-06   0.0005454   9.297e-05  DFFR_X1
cReg1_Dout_reg_9_              0.0004462   6.275e-06   0.0005454   9.297e-05  DFFR_X1
cReg10_Dout_reg_1_             0.0004462   6.258e-06   0.0005454   9.297e-05  DFFR_X1
cReg2_Dout_reg_9_              0.0004462   6.251e-06   0.0005454   9.297e-05  DFFR_X1
cReg5_Dout_reg_7_              0.0004462   6.225e-06   0.0005453   9.297e-05  DFFR_X1
cReg10_Dout_reg_10_            0.0004462   6.221e-06   0.0005453   9.297e-05  DFFR_X1
cReg0_Dout_reg_10_             0.0004462   6.203e-06   0.0005453   9.297e-05  DFFR_X1
cReg8_Dout_reg_10_             0.0004462   6.199e-06   0.0005453   9.297e-05  DFFR_X1
cReg1_Dout_reg_1_              0.0004462   6.154e-06   0.0005453   9.297e-05  DFFR_X1
cReg8_Dout_reg_1_              0.0004462   6.126e-06   0.0005452   9.297e-05  DFFR_X1
cReg0_Dout_reg_1_              0.0004462   6.124e-06   0.0005452   9.297e-05  DFFR_X1
cReg5_Dout_reg_1_              0.0004462    6.11e-06   0.0005452   9.297e-05  DFFR_X1
cReg2_Dout_reg_1_              0.0004462   6.065e-06   0.0005452   9.297e-05  DFFR_X1
cReg9_Dout_reg_1_              0.0004462   6.057e-06   0.0005452   9.297e-05  DFFR_X1
cReg2_Dout_reg_10_             0.0004462   6.046e-06   0.0005452   9.297e-05  DFFR_X1
mul6_mult_28_U38               0.0002883    0.000172   0.0005445    8.42e-05  FA_X1
mul3_mult_28_U31               0.0002712   0.0001898   0.0005442   8.319e-05  FA_X1
mul9_mult_28_U11               0.0002567   0.0002263   0.0005433   6.021e-05  FA_X1
add3_add_21_U1_3                0.000276    0.000199    0.000541     6.6e-05  FA_X1
cReg0_Dout_reg_4_              0.0004461    1.68e-06   0.0005408   9.297e-05  DFFR_X1
cReg2_Dout_reg_6_              0.0004461   1.666e-06   0.0005408   9.297e-05  DFFR_X1
cReg9_Dout_reg_8_              0.0004461   1.604e-06   0.0005407   9.297e-05  DFFR_X1
cReg9_Dout_reg_6_              0.0004461   1.596e-06   0.0005407   9.297e-05  DFFR_X1
cReg6_Dout_reg_4_              0.0004461   1.596e-06   0.0005407   9.297e-05  DFFR_X1
cReg1_Dout_reg_8_              0.0004461    1.59e-06   0.0005407   9.297e-05  DFFR_X1
cReg1_Dout_reg_6_              0.0004461   1.568e-06   0.0005407   9.297e-05  DFFR_X1
cReg7_Dout_reg_6_              0.0004461   1.537e-06   0.0005406   9.297e-05  DFFR_X1
cReg8_Dout_reg_8_              0.0004461   1.525e-06   0.0005406   9.297e-05  DFFR_X1
cReg9_Dout_reg_4_              0.0004461   1.522e-06   0.0005406   9.297e-05  DFFR_X1
cReg8_Dout_reg_6_              0.0004461   1.501e-06   0.0005406   9.297e-05  DFFR_X1
cReg5_Dout_reg_8_              0.0004461   1.499e-06   0.0005406   9.297e-05  DFFR_X1
cReg6_Dout_reg_8_              0.0004461   1.491e-06   0.0005406   9.297e-05  DFFR_X1
cReg10_Dout_reg_8_             0.0004461   1.483e-06   0.0005406   9.297e-05  DFFR_X1
cReg1_Dout_reg_4_              0.0004461   1.475e-06   0.0005406   9.297e-05  DFFR_X1
cReg0_Dout_reg_6_              0.0004461   1.466e-06   0.0005406   9.297e-05  DFFR_X1
cReg3_Dout_reg_6_              0.0004461   1.454e-06   0.0005406   9.297e-05  DFFR_X1
cReg4_Dout_reg_4_              0.0004461   1.445e-06   0.0005405   9.297e-05  DFFR_X1
cReg0_Dout_reg_8_              0.0004461   1.438e-06   0.0005405   9.297e-05  DFFR_X1
cReg10_Dout_reg_4_             0.0004461   1.433e-06   0.0005405   9.297e-05  DFFR_X1
cReg10_Dout_reg_6_             0.0004461   1.404e-06   0.0005405   9.297e-05  DFFR_X1
cReg4_Dout_reg_8_              0.0004461   1.403e-06   0.0005405   9.297e-05  DFFR_X1
cReg5_Dout_reg_4_              0.0004461     1.4e-06   0.0005405   9.297e-05  DFFR_X1
cReg2_Dout_reg_8_              0.0004461   1.387e-06   0.0005405   9.297e-05  DFFR_X1
cReg5_Dout_reg_9_              0.0004553           0   0.0005404   8.504e-05  DFFR_X1
cReg5_Dout_reg_10_             0.0004553           0   0.0005404   8.504e-05  DFFR_X1
cReg5_Dout_reg_5_              0.0004553           0   0.0005404   8.504e-05  DFFR_X1
cReg5_Dout_reg_6_              0.0004553           0   0.0005404   8.504e-05  DFFR_X1
cReg5_Dout_reg_3_              0.0004553           0   0.0005404   8.504e-05  DFFR_X1
cReg9_Dout_reg_2_              0.0004553           0   0.0005404   8.504e-05  DFFR_X1
cReg9_Dout_reg_3_              0.0004553           0   0.0005404   8.504e-05  DFFR_X1
cReg1_Dout_reg_2_              0.0004553           0   0.0005404   8.504e-05  DFFR_X1
cReg2_Dout_reg_3_              0.0004553           0   0.0005404   8.504e-05  DFFR_X1
cReg1_Dout_reg_3_              0.0004553           0   0.0005404   8.504e-05  DFFR_X1
cReg2_Dout_reg_4_              0.0004553           0   0.0005404   8.504e-05  DFFR_X1
cReg2_Dout_reg_0_              0.0004553           0   0.0005404   8.504e-05  DFFR_X1
cReg7_Dout_reg_5_              0.0004553           0   0.0005404   8.504e-05  DFFR_X1
cReg8_Dout_reg_3_              0.0004553           0   0.0005404   8.504e-05  DFFR_X1
cReg7_Dout_reg_2_              0.0004553           0   0.0005404   8.504e-05  DFFR_X1
cReg7_Dout_reg_3_              0.0004553           0   0.0005404   8.504e-05  DFFR_X1
cReg7_Dout_reg_1_              0.0004553           0   0.0005404   8.504e-05  DFFR_X1
cReg8_Dout_reg_0_              0.0004553           0   0.0005404   8.504e-05  DFFR_X1
cReg7_Dout_reg_4_              0.0004553           0   0.0005404   8.504e-05  DFFR_X1
cReg6_Dout_reg_10_             0.0004553           0   0.0005404   8.504e-05  DFFR_X1
cReg7_Dout_reg_10_             0.0004553           0   0.0005404   8.504e-05  DFFR_X1
cReg6_Dout_reg_1_              0.0004553           0   0.0005404   8.504e-05  DFFR_X1
cReg7_Dout_reg_7_              0.0004553           0   0.0005404   8.504e-05  DFFR_X1
cReg6_Dout_reg_9_              0.0004553           0   0.0005404   8.504e-05  DFFR_X1
cReg6_Dout_reg_7_              0.0004553           0   0.0005404   8.504e-05  DFFR_X1
cReg6_Dout_reg_6_              0.0004553           0   0.0005404   8.504e-05  DFFR_X1
cReg6_Dout_reg_5_              0.0004553           0   0.0005404   8.504e-05  DFFR_X1
cReg7_Dout_reg_8_              0.0004553           0   0.0005404   8.504e-05  DFFR_X1
cReg7_Dout_reg_9_              0.0004553           0   0.0005404   8.504e-05  DFFR_X1
cReg6_Dout_reg_2_              0.0004553           0   0.0005404   8.504e-05  DFFR_X1
cReg4_Dout_reg_9_              0.0004553           0   0.0005404   8.504e-05  DFFR_X1
cReg4_Dout_reg_1_              0.0004553           0   0.0005404   8.504e-05  DFFR_X1
cReg4_Dout_reg_2_              0.0004553           0   0.0005404   8.504e-05  DFFR_X1
cReg4_Dout_reg_5_              0.0004553           0   0.0005404   8.504e-05  DFFR_X1
cReg3_Dout_reg_10_             0.0004553           0   0.0005404   8.504e-05  DFFR_X1
cReg3_Dout_reg_9_              0.0004553           0   0.0005404   8.504e-05  DFFR_X1
cReg4_Dout_reg_6_              0.0004553           0   0.0005404   8.504e-05  DFFR_X1
cReg4_Dout_reg_7_              0.0004553           0   0.0005404   8.504e-05  DFFR_X1
cReg3_Dout_reg_8_              0.0004553           0   0.0005404   8.504e-05  DFFR_X1
cReg3_Dout_reg_7_              0.0004553           0   0.0005404   8.504e-05  DFFR_X1
cReg3_Dout_reg_5_              0.0004553           0   0.0005404   8.504e-05  DFFR_X1
cReg4_Dout_reg_10_             0.0004553           0   0.0005404   8.504e-05  DFFR_X1
cReg3_Dout_reg_4_              0.0004553           0   0.0005404   8.504e-05  DFFR_X1
cReg3_Dout_reg_3_              0.0004553           0   0.0005404   8.504e-05  DFFR_X1
cReg3_Dout_reg_2_              0.0004553           0   0.0005404   8.504e-05  DFFR_X1
cReg3_Dout_reg_1_              0.0004553           0   0.0005404   8.504e-05  DFFR_X1
cReg8_Dout_reg_4_              0.0004553           0   0.0005404   8.504e-05  DFFR_X1
cReg0_Dout_reg_2_              0.0004461   1.155e-06   0.0005402   9.297e-05  DFFR_X1
cReg2_Dout_reg_2_              0.0004461   1.131e-06   0.0005402   9.297e-05  DFFR_X1
cReg8_Dout_reg_2_              0.0004461   1.056e-06   0.0005401   9.297e-05  DFFR_X1
cReg10_Dout_reg_2_             0.0004461   1.043e-06   0.0005401   9.297e-05  DFFR_X1
cReg5_Dout_reg_2_              0.0004461   1.034e-06   0.0005401   9.297e-05  DFFR_X1
cReg1_Dout_reg_0_              0.0004461   5.212e-07   0.0005396   9.297e-05  DFFR_X1
cReg9_Dout_reg_0_              0.0004461   4.491e-07   0.0005395   9.297e-05  DFFR_X1
cReg6_Dout_reg_0_              0.0004461   4.334e-07   0.0005395   9.297e-05  DFFR_X1
cReg3_Dout_reg_0_              0.0004461   4.153e-07   0.0005395   9.297e-05  DFFR_X1
cReg4_Dout_reg_0_              0.0004461   4.136e-07   0.0005395   9.297e-05  DFFR_X1
cReg0_Dout_reg_0_              0.0004461   3.578e-07   0.0005394   9.297e-05  DFFR_X1
cReg7_Dout_reg_0_              0.0004461   3.576e-07   0.0005394   9.297e-05  DFFR_X1
cReg10_Dout_reg_0_             0.0004461   3.562e-07   0.0005394   9.297e-05  DFFR_X1
cReg5_Dout_reg_0_              0.0004461   3.553e-07   0.0005394   9.297e-05  DFFR_X1
DataRegOut_Dout_reg_1_         0.0004542           0   0.0005392   8.503e-05  DFFR_X1
DataRegOut_Dout_reg_0_         0.0004542           0   0.0005392   8.503e-05  DFFR_X1
DataRegOut_Dout_reg_2_         0.0004542           0   0.0005392   8.503e-05  DFFR_X1
mul7_mult_28_U31               0.0002647   0.0001903   0.0005384   8.339e-05  FA_X1
add6_add_21_U1_7               0.0002733   0.0001903   0.0005379   7.439e-05  FA_X1
add2_add_21_U1_7               0.0002799   0.0001791   0.0005378   7.875e-05  FA_X1
mul0_mult_28_U11               0.0002767   0.0001827   0.0005364   7.703e-05  FA_X1
add2_add_21_U1_9               0.0002798    0.000177   0.0005355   7.875e-05  FA_X1
mul6_mult_28_U26                0.000267   0.0001844   0.0005349   8.346e-05  FA_X1
mul0_mult_28_U9                0.0002728   0.0001831   0.0005329   7.703e-05  FA_X1
mul5_mult_28_U42                0.000269   0.0001881   0.0005323   7.516e-05  FA_X1
add3_add_21_U1_4               0.0002764   0.0001821   0.0005317    7.33e-05  FA_X1
mul7_mult_28_U40               0.0002692   0.0001903   0.0005305   7.109e-05  FA_X1
mul0_mult_28_U10               0.0002727   0.0001794   0.0005291   7.703e-05  FA_X1
mul1_mult_28_U38               0.0002753   0.0001666   0.0005282   8.623e-05  FA_X1
mul5_mult_28_U46               0.0002738   0.0001833   0.0005279   7.088e-05  FA_X1
add8_add_21_U1_3                0.000287   0.0001735   0.0005278   6.719e-05  FA_X1
mul0_mult_28_U8                0.0002727   0.0001777   0.0005274   7.703e-05  FA_X1
add2_add_21_U1_8               0.0002795   0.0001674   0.0005257   7.875e-05  FA_X1
mul5_mult_28_U40               0.0002689   0.0001776   0.0005245   7.798e-05  FA_X1
mul0_mult_28_U7                0.0002726    0.000174   0.0005236   7.703e-05  FA_X1
add2_add_21_U1_10              0.0003312   0.0001133   0.0005233   7.875e-05  FA_X1
mul1_mult_28_U61               0.0002695   0.0001897   0.0005227   6.355e-05  FA_X1
mul0_mult_28_U6                0.0002726   0.0001726   0.0005222   7.703e-05  FA_X1
mul9_mult_28_U10               0.0002648   0.0001883    0.000522   6.895e-05  FA_X1
mul5_mult_28_U64               0.0002689   0.0001755   0.0005205   7.599e-05  FA_X1
mul1_mult_28_U9                 0.000274   0.0001656   0.0005201   8.046e-05  FA_X1
mul3_mult_28_U40               0.0002712   0.0001767   0.0005194   7.155e-05  FA_X1
add1_add_21_U1_5               0.0002734   0.0001743   0.0005191   7.141e-05  FA_X1
mul10_mult_28_U11              0.0002672   0.0001745   0.0005187   7.699e-05  FA_X1
mul10_mult_28_U10              0.0002636   0.0001766   0.0005172   7.699e-05  FA_X1
mul9_mult_28_U38                0.000264   0.0001657   0.0005162   8.651e-05  FA_X1
mul1_mult_28_U10               0.0002709   0.0001769   0.0005161   6.825e-05  FA_X1
mul0_mult_28_U5                0.0002772   0.0001654   0.0005161   7.345e-05  FA_X1
mul1_mult_28_U47               0.0002734   0.0001582    0.000515   8.346e-05  FA_X1
add9_add_21_U1_7               0.0003175   0.0001214   0.0005137   7.484e-05  FA_X1
mul5_mult_28_U66               0.0002675   0.0001761   0.0005136   6.994e-05  FA_X1
mul1_mult_28_U55               0.0002959   0.0001388   0.0005118   7.711e-05  FA_X1
mul2_mult_28_U7                0.0002737   0.0001569   0.0005113   8.069e-05  FA_X1
mul1_mult_28_U8                0.0002724   0.0001615   0.0005109   7.703e-05  FA_X1
mul3_mult_28_U6                 0.000268   0.0001664   0.0005108   7.644e-05  FA_X1
mul6_mult_28_U41               0.0002666   0.0001732   0.0005106   7.085e-05  FA_X1
mul1_mult_28_U73               0.0002704   0.0001654   0.0005106   7.477e-05  FA_X1
mul2_mult_28_U71               0.0002712   0.0001634   0.0005095   7.498e-05  FA_X1
add3_add_21_U1_8               0.0002729   0.0001619   0.0005094   7.456e-05  FA_X1
mul10_mult_28_U9               0.0002635   0.0001678   0.0005083   7.699e-05  FA_X1
mul4_mult_28_U6                0.0002658   0.0001632   0.0005079    7.89e-05  FA_X1
mul1_mult_28_U6                0.0002723   0.0001584   0.0005078   7.703e-05  FA_X1
mul4_mult_28_U71               0.0002675   0.0001648   0.0005076   7.537e-05  FA_X1
mul2_mult_28_U57               0.0002645   0.0001796   0.0005072   6.311e-05  FA_X1
mul10_mult_28_U8               0.0002635   0.0001666   0.0005071   7.699e-05  FA_X1
mul2_mult_28_U6                0.0002723   0.0001567   0.0005063   7.727e-05  FA_X1
mul5_mult_28_U71               0.0002681   0.0001629   0.0005056   7.469e-05  FA_X1
mul4_mult_28_U74               0.0002498   0.0001953   0.0005048   5.969e-05  HA_X1
mul6_mult_28_U71               0.0002653    0.000164   0.0005046   7.526e-05  FA_X1
mul4_mult_28_U41               0.0002687   0.0001639   0.0005035   7.093e-05  FA_X1
mul8_mult_28_U71               0.0002624   0.0001661   0.0005035   7.496e-05  FA_X1
mul3_mult_28_U8                0.0002675   0.0001568   0.0005033   7.898e-05  FA_X1
mul1_mult_28_U7                0.0002722   0.0001538    0.000503   7.703e-05  FA_X1
mul1_mult_28_U5                0.0002769   0.0001521   0.0005025   7.345e-05  FA_X1
mul9_mult_28_U61                0.000256   0.0001817   0.0005024   6.472e-05  FA_X1
mul8_mult_28_U7                 0.000269   0.0001525   0.0005021   8.063e-05  FA_X1
mul9_mult_28_U55               0.0002872   0.0001366   0.0005014   7.752e-05  FA_X1
mul9_mult_28_U8                0.0002656   0.0001571      0.0005   7.723e-05  FA_X1
mul10_mult_28_U7               0.0002634   0.0001593   0.0004997   7.699e-05  FA_X1
mul9_mult_28_U9                0.0002666    0.000152   0.0004991    8.05e-05  FA_X1
mul4_mult_28_U5                0.0002649   0.0001577   0.0004986   7.599e-05  FA_X1
mul2_mult_28_U73               0.0002672   0.0001651   0.0004977   6.542e-05  FA_X1
mul9_mult_28_U7                0.0002655   0.0001537   0.0004964   7.723e-05  FA_X1
mul2_mult_28_U8                0.0002673   0.0001625   0.0004962   6.643e-05  FA_X1
mul9_mult_28_U47               0.0002613   0.0001515    0.000496   8.319e-05  FA_X1
mul10_mult_28_U6               0.0002633   0.0001554   0.0004957   7.699e-05  FA_X1
mul3_mult_28_U7                0.0002677   0.0001516   0.0004957   7.644e-05  FA_X1
mul9_mult_28_U6                0.0002655   0.0001528   0.0004955   7.723e-05  FA_X1
mul7_mult_28_U7                0.0002611   0.0001579   0.0004953   7.632e-05  FA_X1
mul5_mult_28_U74               0.0002487   0.0001839   0.0004952   6.265e-05  HA_X1
mul8_mult_28_U6                0.0002677   0.0001503   0.0004951   7.719e-05  FA_X1
mul6_mult_28_U74                0.000246   0.0001887   0.0004943   5.965e-05  HA_X1
mul8_mult_28_U57               0.0002552   0.0001763   0.0004942   6.271e-05  FA_X1
mul6_mult_28_U6                0.0002631    0.000152   0.0004938   7.873e-05  FA_X1
mul5_mult_28_U5                0.0002661   0.0001508   0.0004924   7.548e-05  FA_X1
mul3_mult_28_U5                0.0002722   0.0001466   0.0004921   7.333e-05  FA_X1
add1_add_21_U1_9               0.0002546   0.0001656    0.000492   7.182e-05  FA_X1
mul9_mult_28_U73               0.0002593    0.000157   0.0004916   7.525e-05  FA_X1
mul9_mult_28_U5                  0.00027   0.0001474   0.0004909   7.349e-05  FA_X1
mul7_mult_28_U6                 0.000261   0.0001526   0.0004899   7.632e-05  FA_X1
DataRegOut_Dout_reg_9_         0.0003741   2.779e-05   0.0004899   8.801e-05  DFFR_X1
mul7_mult_28_U33               0.0002431   0.0001737   0.0004893   7.243e-05  FA_X1
mul1_mult_28_U41               0.0002699   0.0001562   0.0004889   6.285e-05  FA_X1
mul2_mult_28_U41               0.0002648   0.0001612   0.0004886   6.268e-05  FA_X1
mul2_mult_28_U5                0.0002766   0.0001375   0.0004876   7.349e-05  FA_X1
mul7_mult_28_U8                0.0002606   0.0001476   0.0004873   7.904e-05  FA_X1
add1_add_21_U1_8               0.0002533   0.0001621   0.0004872   7.182e-05  FA_X1
mul8_mult_28_U9                0.0002637   0.0001572   0.0004871   6.615e-05  FA_X1
add7_add_21_U1_8               0.0002382   0.0001747   0.0004869   7.402e-05  FA_X1
add1_add_21_U1_6               0.0002533   0.0001618   0.0004869   7.182e-05  FA_X1
mul6_mult_28_U5                0.0002624   0.0001481   0.0004866   7.607e-05  FA_X1
mul2_mult_28_U45               0.0002642   0.0001572   0.0004861    6.47e-05  FA_X1
mul2_mult_28_U9                0.0002679    0.000152   0.0004859   6.602e-05  FA_X1
add1_add_21_U1_7               0.0002533   0.0001604   0.0004856   7.182e-05  FA_X1
mul3_mult_28_U70               0.0002694   0.0001482   0.0004854   6.777e-05  FA_X1
mul10_mult_28_U5               0.0002676   0.0001442   0.0004853   7.344e-05  FA_X1
mul8_mult_28_U8                0.0002628   0.0001553   0.0004845   6.635e-05  FA_X1
mul3_mult_28_U33               0.0002473   0.0001643   0.0004834    7.18e-05  FA_X1
mul8_mult_28_U41               0.0002603   0.0001599   0.0004828   6.261e-05  FA_X1
mul7_mult_28_U70               0.0002626   0.0001494   0.0004805   6.841e-05  FA_X1
mul8_mult_28_U5                 0.000272   0.0001349   0.0004803   7.348e-05  FA_X1
add5_add_21_U1_5               0.0002347   0.0001714   0.0004801   7.395e-05  FA_X1
mul8_mult_28_U73               0.0002604   0.0001546   0.0004792   6.425e-05  FA_X1
mul3_mult_28_U37               0.0002636   0.0001527   0.0004777   6.145e-05  FA_X1
mul0_mult_28_U49               0.0002763   0.0001284   0.0004777   7.299e-05  FA_X1
mul7_mult_28_U5                0.0002652   0.0001374   0.0004759   7.331e-05  FA_X1
add0_add_21_U1_4               0.0002334   0.0001746   0.0004758   6.783e-05  FA_X1
mul8_mult_28_U34               0.0002555    0.000155   0.0004749   6.444e-05  FA_X1
add3_add_21_U1_9               0.0002503   0.0001492   0.0004744   7.498e-05  FA_X1
add4_add_21_U1_7               0.0002248   0.0001763   0.0004741   7.304e-05  FA_X1
add3_add_21_U1_10              0.0003232   7.542e-05   0.0004736   7.498e-05  FA_X1
add8_add_21_U1_4               0.0002548   0.0001462    0.000472   7.109e-05  FA_X1
mul9_mult_28_U41               0.0002566    0.000152   0.0004714   6.283e-05  FA_X1
mul2_mult_28_U34               0.0002642   0.0001422   0.0004711   6.468e-05  FA_X1
mul3_mult_28_U59               0.0002655   0.0001417   0.0004695   6.221e-05  FA_X1
mul7_mult_28_U37               0.0002575   0.0001492   0.0004686   6.197e-05  FA_X1
mul8_mult_28_U45               0.0002548   0.0001496   0.0004682    6.38e-05  FA_X1
mul4_mult_28_U8                0.0002421   0.0001641   0.0004676   6.141e-05  FA_X1
add8_add_21_U1_5               0.0002491   0.0001483    0.000466   6.864e-05  FA_X1
mul7_mult_28_U59               0.0002609     0.00014   0.0004627   6.184e-05  FA_X1
mul5_mult_28_U51               0.0002241    0.000156   0.0004608   8.065e-05  FA_X1
mul10_mult_28_U49              0.0002625   0.0001246   0.0004601   7.294e-05  FA_X1
mul2_mult_28_U40               0.0002309   0.0001579    0.000459   7.022e-05  FA_X1
mul6_mult_28_U8                0.0002396    0.000157   0.0004585   6.185e-05  FA_X1
mul2_mult_28_U56               0.0002448     0.00015   0.0004581   6.324e-05  FA_X1
mul5_mult_28_U8                0.0002422   0.0001493   0.0004562   6.474e-05  FA_X1
add8_add_21_U1_8               0.0002344   0.0001485   0.0004558   7.295e-05  FA_X1
mul6_mult_28_U57               0.0002196    0.000161    0.000455   7.447e-05  FA_X1
add5_add_21_U1_7               0.0002389   0.0001457   0.0004549   7.028e-05  FA_X1
mul4_mult_28_U61               0.0002247   0.0001643   0.0004517   6.268e-05  FA_X1
mul4_mult_28_U10               0.0002248   0.0001438   0.0004512   8.264e-05  FA_X1
add5_add_21_U1_6                0.000228   0.0001511    0.000451   7.181e-05  FA_X1
mul2_mult_28_U61               0.0002261   0.0001588   0.0004492   6.431e-05  FA_X1
mul2_mult_28_U69               0.0002286   0.0001384   0.0004484   8.137e-05  FA_X1
mul2_mult_28_U63               0.0002279   0.0001474   0.0004484   7.309e-05  FA_X1
mul6_mult_28_U10               0.0002246   0.0001401   0.0004476   8.291e-05  FA_X1
mul3_mult_28_U63               0.0002387   0.0001468   0.0004474    6.19e-05  FA_X1
add5_add_21_U1_4               0.0002128    0.000162   0.0004461   7.124e-05  FA_X1
mul2_mult_28_U67               0.0002266   0.0001421    0.000446   7.727e-05  FA_X1
mul5_mult_28_U57               0.0002209   0.0001519   0.0004458   7.301e-05  FA_X1
mul2_mult_28_U55               0.0002515   0.0001256   0.0004455   6.841e-05  FA_X1
mul4_mult_28_U57               0.0002225   0.0001482   0.0004451    7.44e-05  FA_X1
mul8_mult_28_U40                0.000222    0.000152   0.0004445   7.045e-05  FA_X1
mul5_mult_28_U28                0.000223   0.0001435   0.0004436   7.722e-05  FA_X1
mul8_mult_28_U63               0.0002236   0.0001455   0.0004431   7.401e-05  FA_X1
add2_add_21_U1_5               0.0002192   0.0001487   0.0004428   7.488e-05  FA_X1
mul7_mult_28_U63               0.0002357   0.0001427   0.0004407   6.232e-05  FA_X1
mul6_mult_28_U61               0.0002235   0.0001539   0.0004399   6.254e-05  FA_X1
add7_add_21_U1_6               0.0002198   0.0001421   0.0004373   7.529e-05  FA_X1
mul8_mult_28_U69               0.0002216   0.0001318    0.000437   8.359e-05  FA_X1
mul8_mult_28_U61               0.0002191   0.0001527   0.0004363   6.439e-05  FA_X1
mul5_mult_28_U73               0.0002247   0.0001353   0.0004355   7.551e-05  FA_X1
add1_add_21_U1_10               0.000287   7.658e-05   0.0004354   7.182e-05  FA_X1
mul8_mult_28_U55               0.0002448   0.0001211   0.0004349   6.906e-05  FA_X1
mul5_mult_28_U6                0.0002195   0.0001373   0.0004341   7.728e-05  FA_X1
mul8_mult_28_U56               0.0002355   0.0001347   0.0004336   6.342e-05  FA_X1
mul1_mult_28_U70               0.0002243   0.0001436    0.000433   6.508e-05  FA_X1
mul1_mult_28_U44               0.0002503   0.0001163   0.0004324   6.584e-05  FA_X1
mul5_mult_28_U70               0.0002199   0.0001472   0.0004317   6.465e-05  FA_X1
mul5_mult_28_U11               0.0002196   0.0001431   0.0004285   6.583e-05  FA_X1
add0_add_21_U1_10              0.0002723    8.75e-05   0.0004283   6.848e-05  FA_X1
add9_add_21_U1_3               0.0002608   9.899e-05   0.0004282   6.839e-05  FA_X1
add4_add_21_U1_5               0.0002045   0.0001484   0.0004281   7.517e-05  FA_X1
add3_add_21_U1_7               0.0002216   0.0001317   0.0004263     7.3e-05  FA_X1
mul4_mult_28_U73               0.0002198   0.0001424   0.0004261   6.397e-05  FA_X1
mul5_mult_28_U67               0.0002228   0.0001287   0.0004258   7.431e-05  FA_X1
mul8_mult_28_U67               0.0002196   0.0001277   0.0004252   7.784e-05  FA_X1
mul2_mult_28_U44               0.0002289   0.0001258   0.0004249   7.018e-05  FA_X1
mul9_mult_28_U44               0.0002393   0.0001169   0.0004217   6.559e-05  FA_X1
mul6_mult_28_U73               0.0002184   0.0001393   0.0004217   6.405e-05  FA_X1
mul6_mult_28_U34               0.0002244   0.0001189   0.0004214   7.814e-05  FA_X1
mul7_mult_28_U68               0.0002139   0.0001483   0.0004208   5.864e-05  HA_X1
mul4_mult_28_U70               0.0002188   0.0001375   0.0004207    6.44e-05  FA_X1
mul3_mult_28_U66               0.0002219   0.0001314   0.0004202   6.689e-05  FA_X1
mul7_mult_28_U66               0.0002176   0.0001342   0.0004197   6.793e-05  FA_X1
add9_add_21_U1_4               0.0002532   9.534e-05   0.0004196    7.11e-05  FA_X1
mul4_mult_28_U34               0.0002264   0.0001137   0.0004184   7.826e-05  FA_X1
mul1_mult_28_U74               0.0001974   0.0001589   0.0004179   6.157e-05  HA_X1
mul9_mult_28_U70               0.0002177    0.000135   0.0004174   6.472e-05  FA_X1
mul2_mult_28_U60               0.0002026    0.000151   0.0004167    6.31e-05  FA_X1
mul6_mult_28_U70               0.0002163    0.000134   0.0004144   6.406e-05  FA_X1
mul5_mult_28_U65               0.0002185   0.0001309   0.0004132   6.383e-05  FA_X1
mul3_mult_28_U68               0.0002163   0.0001389   0.0004131   5.788e-05  HA_X1
mul5_mult_28_U33               0.0002021   0.0001366   0.0004119   7.315e-05  FA_X1
add0_add_21_U1_6               0.0001997   0.0001433   0.0004114   6.848e-05  FA_X1
mul8_mult_28_U44               0.0002243   0.0001153   0.0004097   7.012e-05  FA_X1
add0_add_21_U1_5               0.0001995   0.0001394   0.0004074   6.848e-05  FA_X1
mul1_mult_28_U49               0.0002264   0.0001148   0.0004073   6.622e-05  FA_X1
mul4_mult_28_U62               0.0002149   0.0001335   0.0004072   5.891e-05  HA_X1
mul7_mult_28_U44               0.0002193   0.0001246    0.000407   6.312e-05  FA_X1
mul9_mult_28_U74               0.0001871   0.0001546   0.0004056   6.383e-05  HA_X1
mul8_mult_28_U36               0.0002028   0.0001394   0.0004047   6.249e-05  FA_X1
DataRegOut_Dout_reg_10_        0.0003025   1.358e-05   0.0004047   8.857e-05  DFFR_X1
add0_add_21_U1_8               0.0001994   0.0001348   0.0004027   6.848e-05  FA_X1
mul2_mult_28_U36               0.0002026   0.0001372   0.0004026   6.285e-05  FA_X1
add0_add_21_U1_9               0.0001994   0.0001346   0.0004025   6.848e-05  FA_X1
add3_add_21_U1_5               0.0001961   0.0001388   0.0004016   6.667e-05  FA_X1
mul3_mult_28_U44               0.0002224    0.000116   0.0004012    6.28e-05  FA_X1
add0_add_21_U1_7               0.0001993   0.0001324   0.0004002   6.848e-05  FA_X1
mul5_mult_28_U59               0.0002233    9.64e-05   0.0003988   7.907e-05  FA_X1
add5_add_21_U1_8               0.0002085   0.0001187   0.0003984   7.131e-05  FA_X1
mul8_mult_28_U60                0.000194     0.00014   0.0003984   6.432e-05  FA_X1
add6_add_21_U1_5               0.0001912   0.0001296   0.0003969   7.616e-05  FA_X1
add6_add_21_U1_6               0.0001926   0.0001291   0.0003965   7.486e-05  FA_X1
add7_add_21_U1_9               0.0001943   0.0001309   0.0003946   6.938e-05  FA_X1
add4_add_21_U1_8               0.0001814   0.0001385    0.000394   7.411e-05  FA_X1
mul0_mult_28_U74               0.0002212   0.0001112    0.000393   6.063e-05  HA_X1
mul4_mult_28_U49               0.0002267    0.000101   0.0003929   6.525e-05  FA_X1
add6_add_21_U1_8               0.0001917   0.0001302   0.0003928   7.083e-05  FA_X1
add3_add_21_U1_6               0.0001967   0.0001232   0.0003924   7.245e-05  FA_X1
mul6_mult_28_U62               0.0002134   0.0001195   0.0003909   5.809e-05  HA_X1
mul9_mult_28_U49               0.0002174   0.0001069   0.0003906    6.63e-05  FA_X1
mul6_mult_28_U49               0.0002242   9.834e-05   0.0003873   6.476e-05  FA_X1
mul3_mult_28_U74               0.0002173   0.0001113   0.0003873   5.864e-05  HA_X1
mul1_mult_28_U66               0.0002005   0.0001235   0.0003859   6.184e-05  FA_X1
add9_add_21_U1_8               0.0002198   9.156e-05   0.0003852   7.386e-05  FA_X1
mul6_mult_28_U69               0.0001964    0.000123   0.0003808   6.135e-05  FA_X1
mul10_mult_28_U74              0.0002091   0.0001098   0.0003799   6.097e-05  HA_X1
mul4_mult_28_U69               0.0001961   0.0001197   0.0003775   6.175e-05  FA_X1
mul1_mult_28_U386               0.000215   0.0001254    0.000376   3.562e-05  XNOR2_X1
add9_add_21_U1_5               0.0002131   9.218e-05   0.0003758   7.059e-05  FA_X1
mul6_mult_28_U44               0.0001951   0.0001161   0.0003755   6.435e-05  FA_X1
mul7_mult_28_U74               0.0002116   0.0001053    0.000375   5.802e-05  HA_X1
mul9_mult_28_U66               0.0001918   0.0001204   0.0003734   6.116e-05  FA_X1
mul1_mult_28_U390              0.0002147   0.0001229   0.0003732   3.562e-05  XNOR2_X1
mul2_mult_28_U345              0.0002133    0.000123   0.0003729   3.666e-05  XNOR2_X1
mul2_mult_28_U30               0.0001795   0.0001195   0.0003712   7.221e-05  FA_X1
mul1_mult_28_U409               0.000215   0.0001202   0.0003708   3.562e-05  XNOR2_X1
mul2_mult_28_U341              0.0002129    0.000121   0.0003705   3.666e-05  XNOR2_X1
mul0_mult_28_U345              0.0002146   0.0001199   0.0003701   3.556e-05  XNOR2_X1
mul2_mult_28_U409              0.0002129   0.0001198   0.0003694   3.666e-05  XNOR2_X1
mul1_mult_28_U72               0.0001655   0.0001403   0.0003692   6.339e-05  HA_X1
mul0_mult_28_U436              0.0002146   0.0001186   0.0003687   3.556e-05  XNOR2_X1
mul0_mult_28_U442              0.0002117   0.0001193   0.0003677   3.672e-05  XNOR2_X1
mul5_mult_28_U7                0.0001798   0.0001064   0.0003675   8.134e-05  FA_X1
mul2_mult_28_U413              0.0002134   0.0001172   0.0003672   3.666e-05  XNOR2_X1
mul1_mult_28_U345              0.0002147   0.0001162   0.0003666   3.562e-05  XNOR2_X1
mul5_mult_28_U72               0.0002125   9.539e-05   0.0003666   5.864e-05  HA_X1
mul1_mult_28_U442              0.0002116   0.0001179   0.0003663   3.678e-05  XNOR2_X1
mul2_mult_28_U351              0.0002119   0.0001185   0.0003663   3.592e-05  XNOR2_X1
mul0_mult_28_U367              0.0002147   0.0001158    0.000366   3.556e-05  XNOR2_X1
mul0_mult_28_U363              0.0002148   0.0001154   0.0003658   3.556e-05  XNOR2_X1
mul6_mult_28_U65               0.0001762   0.0001169   0.0003654   7.227e-05  FA_X1
mul2_mult_28_U386              0.0002129   0.0001156   0.0003652   3.666e-05  XNOR2_X1
mul0_mult_28_U386              0.0002148   0.0001146    0.000365   3.556e-05  XNOR2_X1
mul0_mult_28_U390              0.0002147   0.0001145   0.0003648   3.556e-05  XNOR2_X1
mul4_mult_28_U65               0.0001795   0.0001121   0.0003648   7.317e-05  FA_X1
mul0_mult_28_U432              0.0002148   0.0001141   0.0003645   3.556e-05  XNOR2_X1
mul4_mult_28_U363              0.0002105   0.0001178   0.0003645   3.617e-05  XNOR2_X1
mul2_mult_28_U396              0.0002119   0.0001163   0.0003642   3.592e-05  XNOR2_X1
mul1_mult_28_U71               0.0001833    0.000108    0.000364   7.275e-05  FA_X1
mul1_mult_28_U413              0.0002148   0.0001136    0.000364   3.562e-05  XNOR2_X1
mul0_mult_28_U413              0.0002147   0.0001134   0.0003637   3.556e-05  XNOR2_X1
mul2_mult_28_U390              0.0002134   0.0001135   0.0003636   3.666e-05  XNOR2_X1
mul1_mult_28_U432              0.0002151   0.0001126   0.0003633   3.562e-05  XNOR2_X1
mul2_mult_28_U436              0.0002134   0.0001131   0.0003631   3.666e-05  XNOR2_X1
mul0_mult_28_U63               0.0001818    0.000122   0.0003628     5.9e-05  FA_X1
mul0_mult_28_U382               0.000211   0.0001148   0.0003625   3.672e-05  XNOR2_X1
mul3_mult_28_U61               0.0001815   0.0001243   0.0003624   5.665e-05  FA_X1
mul1_mult_28_U351              0.0002117   0.0001132   0.0003617   3.678e-05  XNOR2_X1
mul4_mult_28_U373              0.0002093   0.0001162   0.0003616   3.617e-05  XNOR2_X1
mul4_mult_28_U367              0.0002105   0.0001149   0.0003616   3.617e-05  XNOR2_X1
mul1_mult_28_U341              0.0002151   0.0001108   0.0003615   3.562e-05  XNOR2_X1
mul2_mult_28_U382              0.0002105   0.0001151   0.0003615   3.592e-05  XNOR2_X1
mul0_mult_28_U405               0.000211   0.0001137   0.0003615   3.672e-05  XNOR2_X1
mul1_mult_28_U436              0.0002148   0.0001106    0.000361   3.562e-05  XNOR2_X1
mul0_mult_28_U341              0.0002149   0.0001105   0.0003609   3.556e-05  XNOR2_X1
mul4_mult_28_U44               0.0001947   0.0001014   0.0003606   6.445e-05  FA_X1
mul1_mult_28_U428              0.0002114   0.0001124   0.0003605   3.678e-05  XNOR2_X1
mul0_mult_28_U419              0.0002118   0.0001116   0.0003601   3.672e-05  XNOR2_X1
mul0_mult_28_U428               0.000211   0.0001122     0.00036   3.672e-05  XNOR2_X1
mul0_mult_28_U351              0.0002118   0.0001111   0.0003596   3.672e-05  XNOR2_X1
mul1_mult_28_U382              0.0002114   0.0001115   0.0003596   3.678e-05  XNOR2_X1
mul0_mult_28_U409              0.0002149   0.0001091   0.0003596   3.556e-05  XNOR2_X1
mul2_mult_28_U432               0.000213   0.0001099   0.0003595   3.666e-05  XNOR2_X1
mul9_mult_28_U72                0.000162   0.0001347   0.0003594   6.274e-05  HA_X1
mul1_mult_28_U419              0.0002117   0.0001105   0.0003589   3.678e-05  XNOR2_X1
mul5_mult_28_U345              0.0002101   0.0001124   0.0003589   3.641e-05  XNOR2_X1
mul1_mult_28_U405              0.0002114   0.0001105   0.0003587   3.678e-05  XNOR2_X1
mul8_mult_28_U409              0.0002048   0.0001173   0.0003584   3.629e-05  XNOR2_X1
mul1_mult_28_U396              0.0002117   0.0001098   0.0003583   3.678e-05  XNOR2_X1
mul0_mult_28_U396              0.0002118   0.0001094   0.0003579   3.672e-05  XNOR2_X1
mul9_mult_28_U396              0.0002057   0.0001159   0.0003579   3.629e-05  XNOR2_X1
add8_add_21_U1_6               0.0001789   0.0001021   0.0003579   7.682e-05  FA_X1
mul8_mult_28_U30               0.0001704   0.0001153   0.0003579   7.221e-05  FA_X1
mul4_mult_28_U63               0.0001788   0.0001047   0.0003573   7.384e-05  FA_X1
mul2_mult_28_U419               0.000212   0.0001093   0.0003572   3.592e-05  XNOR2_X1
mul10_mult_28_U351             0.0002028   0.0001173   0.0003572   3.702e-05  XNOR2_X1
mul2_mult_28_U405              0.0002105   0.0001106   0.0003571   3.592e-05  XNOR2_X1
mul10_mult_28_U405              0.000202    0.000118    0.000357   3.702e-05  XNOR2_X1
add8_add_21_U1_9               0.0001795   0.0001069   0.0003569   7.045e-05  FA_X1
mul0_mult_28_U359              0.0002111    0.000109   0.0003568   3.672e-05  XNOR2_X1
mul0_mult_28_U373              0.0002118   0.0001078   0.0003563   3.672e-05  XNOR2_X1
mul5_mult_28_U341              0.0002093   0.0001105   0.0003562   3.641e-05  XNOR2_X1
mul9_mult_28_U71               0.0001762   0.0001069   0.0003562   7.305e-05  FA_X1
mul2_mult_28_U442               0.000212   0.0001083   0.0003561   3.592e-05  XNOR2_X1
mul6_mult_28_U359              0.0002065   0.0001125   0.0003559    3.69e-05  XNOR2_X1
mul2_mult_28_U11               0.0001788      0.0001   0.0003559   7.709e-05  FA_X1
mul8_mult_28_U436               0.000205   0.0001143   0.0003556   3.629e-05  XNOR2_X1
mul8_mult_28_U428               0.000205   0.0001131   0.0003555   3.739e-05  XNOR2_X1
mul7_mult_28_U61                0.000177   0.0001221   0.0003553   5.621e-05  FA_X1
mul5_mult_28_U41               0.0001791   0.0001009   0.0003553   7.528e-05  FA_X1
mul5_mult_28_U413              0.0002101   0.0001086   0.0003552   3.641e-05  XNOR2_X1
mul9_mult_28_U345              0.0002034   0.0001145   0.0003551   3.733e-05  XNOR2_X1
mul8_mult_28_U351              0.0002062   0.0001115   0.0003551   3.739e-05  XNOR2_X1
mul4_mult_28_U359              0.0002078   0.0001108   0.0003548   3.617e-05  XNOR2_X1
mul6_mult_28_U367              0.0002084   0.0001099   0.0003546   3.623e-05  XNOR2_X1
mul2_mult_28_U428              0.0002105   0.0001077   0.0003541   3.592e-05  XNOR2_X1
mul6_mult_28_U363              0.0002078     0.00011    0.000354   3.623e-05  XNOR2_X1
mul5_mult_28_U351              0.0002078   0.0001098    0.000354   3.641e-05  XNOR2_X1
mul5_mult_28_U419              0.0002078   0.0001097   0.0003539   3.641e-05  XNOR2_X1
mul6_mult_28_U373              0.0002083   0.0001084   0.0003537    3.69e-05  XNOR2_X1
mul5_mult_28_U405              0.0002078   0.0001093   0.0003535   3.641e-05  XNOR2_X1
mul8_mult_28_U382              0.0002051   0.0001104   0.0003528   3.739e-05  XNOR2_X1
mul6_mult_28_U63               0.0001765   0.0001029   0.0003527   7.331e-05  FA_X1
add6_add_21_U1_9               0.0001709   0.0001094   0.0003524    7.21e-05  FA_X1
mul2_mult_28_U50               0.0001754   0.0001121   0.0003522   6.473e-05  FA_X1
mul9_mult_28_U351              0.0002057   0.0001099   0.0003519   3.629e-05  XNOR2_X1
mul8_mult_28_U442              0.0002062   0.0001081   0.0003518   3.739e-05  XNOR2_X1
mul9_mult_28_U428              0.0002039   0.0001114   0.0003516   3.629e-05  XNOR2_X1
mul8_mult_28_U405              0.0002051    0.000109   0.0003514   3.739e-05  XNOR2_X1
mul5_mult_28_U409              0.0002094   0.0001057   0.0003514   3.641e-05  XNOR2_X1
mul8_mult_28_U396              0.0002062   0.0001077   0.0003514   3.739e-05  XNOR2_X1
mul10_mult_28_U413             0.0002013   0.0001142   0.0003513   3.586e-05  XNOR2_X1
mul8_mult_28_U419              0.0002062   0.0001077   0.0003513   3.739e-05  XNOR2_X1
mul8_mult_28_U11               0.0001741   9.998e-05   0.0003513   7.716e-05  FA_X1
mul8_mult_28_U345               0.000205   0.0001097    0.000351   3.629e-05  XNOR2_X1
mul8_mult_28_U390              0.0002051   0.0001095   0.0003508   3.629e-05  XNOR2_X1
mul8_mult_28_U432              0.0002048   0.0001091   0.0003503   3.629e-05  XNOR2_X1
mul10_mult_28_U432             0.0002016   0.0001125     0.00035   3.586e-05  XNOR2_X1
mul9_mult_28_U386              0.0002036   0.0001089   0.0003498   3.733e-05  XNOR2_X1
mul9_mult_28_U390              0.0002034   0.0001091   0.0003498   3.733e-05  XNOR2_X1
mul10_mult_28_U359              0.000202   0.0001104   0.0003494   3.702e-05  XNOR2_X1
mul10_mult_28_U390             0.0002013   0.0001121   0.0003493   3.586e-05  XNOR2_X1
mul5_mult_28_U37               0.0001776    0.000107    0.000349    6.44e-05  FA_X1
mul8_mult_28_U341              0.0002049   0.0001076   0.0003487   3.629e-05  XNOR2_X1
mul8_mult_28_U386              0.0002049   0.0001074   0.0003485   3.629e-05  XNOR2_X1
mul9_mult_28_U382              0.0002039   0.0001081   0.0003483   3.629e-05  XNOR2_X1
mul9_mult_28_U436              0.0002034   0.0001073   0.0003481   3.733e-05  XNOR2_X1
mul9_mult_28_U419              0.0002057   0.0001058   0.0003478   3.629e-05  XNOR2_X1
mul10_mult_28_U367             0.0002013   0.0001105   0.0003476   3.586e-05  XNOR2_X1
mul10_mult_28_U386             0.0002017     0.00011   0.0003476   3.586e-05  XNOR2_X1
mul10_mult_28_U396             0.0002029   0.0001076   0.0003475   3.702e-05  XNOR2_X1
mul10_mult_28_U63              0.0001748   0.0001132   0.0003473   5.925e-05  FA_X1
mul9_mult_28_U442              0.0002058    0.000105   0.0003471   3.629e-05  XNOR2_X1
mul1_mult_28_U59               0.0001799   0.0001031   0.0003467   6.372e-05  FA_X1
mul8_mult_28_U413              0.0002051   0.0001053   0.0003467   3.629e-05  XNOR2_X1
mul9_mult_28_U341              0.0002037   0.0001054   0.0003464   3.733e-05  XNOR2_X1
mul3_mult_28_U11               0.0001611   0.0001139   0.0003461   7.109e-05  FA_X1
mul10_mult_28_U436             0.0002013   0.0001085   0.0003457   3.586e-05  XNOR2_X1
mul10_mult_28_U363             0.0002017    0.000108   0.0003455   3.586e-05  XNOR2_X1
mul9_mult_28_U432              0.0002037   0.0001045   0.0003455   3.733e-05  XNOR2_X1
mul10_mult_28_U409             0.0002017   0.0001077   0.0003453   3.586e-05  XNOR2_X1
mul9_mult_28_U409              0.0002037   0.0001041   0.0003451   3.733e-05  XNOR2_X1
mul10_mult_28_U442             0.0002029   0.0001051    0.000345   3.702e-05  XNOR2_X1
mul9_mult_28_U405               0.000204   0.0001046   0.0003449   3.629e-05  XNOR2_X1
mul10_mult_28_U373             0.0002029   0.0001043   0.0003443   3.702e-05  XNOR2_X1
mul5_mult_28_U49               0.0001804   8.799e-05   0.0003443   7.591e-05  FA_X1
mul10_mult_28_U382              0.000202   0.0001052   0.0003442   3.702e-05  XNOR2_X1
mul10_mult_28_U341             0.0002017   0.0001064   0.0003439   3.586e-05  XNOR2_X1
mul9_mult_28_U413              0.0002035    0.000103   0.0003438   3.733e-05  XNOR2_X1
mul0_mult_28_U65               0.0001598   0.0001291   0.0003437    5.48e-05  FA_X1
mul1_mult_28_U46               0.0001662   0.0001157   0.0003432   6.135e-05  FA_X1
mul10_mult_28_U345             0.0002013   0.0001058   0.0003429   3.586e-05  XNOR2_X1
mul1_mult_28_U45               0.0001757   0.0001007   0.0003425   6.615e-05  FA_X1
mul5_mult_28_U60               0.0001729   9.517e-05   0.0003424   7.433e-05  FA_X1
mul10_mult_28_U428              0.000202   0.0001033   0.0003423   3.702e-05  XNOR2_X1
mul2_mult_28_U33               0.0001602   0.0001286   0.0003419    5.31e-05  FA_X1
mul10_mult_28_U419              0.000203   0.0001019   0.0003419   3.702e-05  XNOR2_X1
mul5_mult_28_U38               0.0001582   9.779e-05   0.0003413   8.529e-05  FA_X1
mul8_mult_28_U50               0.0001665    0.000106   0.0003369   6.443e-05  FA_X1
mul8_mult_28_U33               0.0001561   0.0001277   0.0003369    5.31e-05  FA_X1
mul0_mult_28_U71               0.0001684   0.0001078   0.0003364   6.016e-05  FA_X1
mul3_mult_28_U65               0.0001577   0.0001248   0.0003355   5.302e-05  FA_X1
mul9_mult_28_U59               0.0001731    9.77e-05   0.0003351   6.422e-05  FA_X1
mul1_mult_28_U36               0.0001597   0.0001095   0.0003347    6.55e-05  FA_X1
mul10_mult_28_U65              0.0001537   0.0001248   0.0003335   5.495e-05  FA_X1
mul9_mult_28_U46               0.0001613   0.0001105   0.0003326   6.087e-05  FA_X1
add5_add_21_U1_9               0.0001658   9.264e-05   0.0003323   7.381e-05  FA_X1
mul3_mult_28_U71               0.0001654   0.0001079   0.0003317   5.844e-05  FA_X1
mul1_mult_28_U329              0.0002105   8.736e-05    0.000331   3.314e-05  XNOR2_X1
mul7_mult_28_U11               0.0001562   0.0001033   0.0003309   7.146e-05  FA_X1
mul1_mult_28_U50                 0.00017   0.0001008   0.0003308   5.997e-05  FA_X1
mul9_mult_28_U45               0.0001692   9.509e-05   0.0003306   6.637e-05  FA_X1
add9_add_21_U1_6                0.000173   7.783e-05   0.0003304   7.958e-05  FA_X1
mul5_mult_28_U35               0.0001566   0.0001191   0.0003304   5.465e-05  FA_X1
mul7_mult_28_U65               0.0001557   0.0001211   0.0003301   5.335e-05  FA_X1
mul9_mult_28_U329              0.0002042   9.208e-05   0.0003299   3.363e-05  XNOR2_X1
mul5_mult_28_U30               0.0001543   0.0001001   0.0003291   7.465e-05  FA_X1
mul3_mult_28_U406              0.0001486    0.000153   0.0003285   2.692e-05  OAI22_X1
mul1_mult_28_U470                0.00017   0.0001126   0.0003283   4.572e-05  AOI222_X1
add9_add_21_U1_9               0.0001784   7.873e-05   0.0003276   7.042e-05  FA_X1
mul7_mult_28_U406              0.0001447   0.0001548   0.0003272    2.77e-05  OAI22_X1
mul9_mult_28_U50               0.0001671   9.912e-05    0.000326   5.976e-05  FA_X1
mul5_mult_28_U58               0.0001557   0.0001035   0.0003255   6.626e-05  FA_X1
mul7_mult_28_U71                0.000161   0.0001063   0.0003252    5.79e-05  FA_X1
mul10_mult_28_U71              0.0001591   0.0001046   0.0003241   6.046e-05  FA_X1
mul9_mult_28_U470              0.0001651   0.0001143   0.0003238    4.44e-05  AOI222_X1
mul2_mult_28_U64               0.0001657    9.89e-05   0.0003228    5.82e-05  FA_X1
mul3_mult_28_U9                0.0001597   9.262e-05   0.0003228   7.048e-05  FA_X1
mul9_mult_28_U36               0.0001516   0.0001059   0.0003226   6.507e-05  FA_X1
mul1_mult_28_U65               0.0001574   9.879e-05   0.0003225   6.633e-05  FA_X1
mul5_mult_28_U31               0.0001374   9.602e-05    0.000322   8.854e-05  FA_X1
mul7_mult_28_U9                0.0001574   9.397e-05   0.0003214   7.003e-05  FA_X1
mul4_mult_28_U7                0.0001597   8.895e-05   0.0003208   7.221e-05  FA_X1
mul6_mult_28_U7                0.0001585   8.908e-05   0.0003207    7.31e-05  FA_X1
mul2_mult_28_U423              0.0001584   0.0001262   0.0003206   3.605e-05  XNOR2_X1
mul2_mult_28_U400              0.0001584   0.0001259   0.0003204   3.605e-05  XNOR2_X1
mul3_mult_28_U69               0.0001595    0.000108   0.0003204   5.281e-05  FA_X1
mul2_mult_28_U74               0.0001378    0.000119   0.0003197   6.282e-05  HA_X1
mul2_mult_28_U355              0.0001584   0.0001251   0.0003195   3.605e-05  XNOR2_X1
mul7_mult_28_U410              0.0001446   0.0001465   0.0003188    2.77e-05  OAI22_X1
mul1_mult_28_U446              0.0001586   0.0001231   0.0003181   3.635e-05  XNOR2_X1
mul3_mult_28_U410              0.0001483   0.0001426   0.0003178   2.698e-05  OAI22_X1
mul7_mult_28_U416               0.000146   0.0001447   0.0003176   2.686e-05  OAI22_X1
mul7_mult_28_U69               0.0001556   0.0001085   0.0003167   5.263e-05  FA_X1
mul2_mult_28_U469              0.0001555   0.0001235   0.0003159   3.695e-05  OAI222_X1
mul4_mult_28_U64               0.0001649   8.895e-05   0.0003146   6.076e-05  FA_X1
mul4_mult_28_U478              0.0002235   5.837e-05   0.0003144   3.257e-05  AOI222_X1
mul9_mult_28_U65               0.0001522   9.471e-05   0.0003138   6.691e-05  FA_X1
mul5_mult_28_U9                0.0001559   9.008e-05   0.0003137   6.775e-05  FA_X1
mul6_mult_28_U478              0.0002216   5.744e-05    0.000313   3.398e-05  AOI222_X1
mul1_mult_28_U451              0.0002147   6.235e-05   0.0003127   3.562e-05  XNOR2_X1
mul6_mult_28_U64               0.0001623   8.944e-05   0.0003125   6.081e-05  FA_X1
mul6_mult_28_U377              0.0001545   0.0001209   0.0003117   3.635e-05  XNOR2_X1
mul5_mult_28_U355              0.0001557   0.0001186   0.0003104   3.611e-05  XNOR2_X1
mul4_mult_28_U9                0.0001559   9.176e-05   0.0003101    6.24e-05  FA_X1
mul8_mult_28_U449              0.0002048   6.898e-05     0.00031   3.629e-05  XNOR2_X1
mul2_mult_28_U451              0.0002133   5.965e-05   0.0003096   3.666e-05  XNOR2_X1
mul0_mult_28_U449              0.0002148    5.84e-05   0.0003088   3.556e-05  XNOR2_X1
mul2_mult_28_U43               0.0001588   9.545e-05   0.0003086   5.441e-05  FA_X1
mul1_mult_28_U449              0.0002151   5.743e-05   0.0003082   3.562e-05  XNOR2_X1
mul6_mult_28_U429              0.0001458   0.0001352   0.0003076   2.666e-05  OAI22_X1
mul4_mult_28_U42                0.000153   9.048e-05   0.0003067   6.327e-05  FA_X1
mul0_mult_28_U329              0.0002103   6.247e-05    0.000306    3.32e-05  XNOR2_X1
mul0_mult_28_U451              0.0002146   5.578e-05    0.000306   3.556e-05  XNOR2_X1
mul4_mult_28_U47                0.000135   8.281e-05    0.000306   8.812e-05  FA_X1
mul1_mult_28_U383              0.0001533   0.0001282   0.0003056   2.412e-05  OAI22_X1
mul2_mult_28_U449              0.0002128   5.527e-05   0.0003047   3.666e-05  XNOR2_X1
mul8_mult_28_U64               0.0001595   8.631e-05   0.0003044   5.856e-05  FA_X1
mul6_mult_28_U9                0.0001536   8.726e-05   0.0003041   6.319e-05  FA_X1
mul9_mult_28_U383              0.0001469   0.0001351   0.0003039   2.187e-05  OAI22_X1
mul4_mult_28_U429              0.0001477    0.000129   0.0003033   2.653e-05  OAI22_X1
mul5_mult_28_U68               0.0001162   0.0001233   0.0003031   6.366e-05  HA_X1
mul10_mult_28_U400             0.0001496   0.0001168   0.0003031   3.672e-05  XNOR2_X1
mul8_mult_28_U74               0.0001351   0.0001051   0.0003029   6.271e-05  HA_X1
mul2_mult_28_U329              0.0002102   5.846e-05   0.0003027     3.4e-05  XNOR2_X1
mul8_mult_28_U329              0.0002053   6.434e-05   0.0003022   3.253e-05  XNOR2_X1
mul6_mult_28_U433              0.0001455   0.0001299   0.0003021   2.672e-05  OAI22_X1
mul6_mult_28_U47               0.0001346   7.879e-05    0.000302   8.862e-05  FA_X1
mul10_mult_28_U423             0.0001496   0.0001157    0.000302   3.672e-05  XNOR2_X1
mul4_mult_28_U433              0.0001476   0.0001272   0.0003014   2.655e-05  OAI22_X1
mul8_mult_28_U43               0.0001547   9.115e-05    0.000301   5.513e-05  FA_X1
mul1_mult_28_U360              0.0001509   0.0001242   0.0003008   2.573e-05  OAI22_X1
mul6_mult_28_U425              0.0001456   0.0001269   0.0003001   2.752e-05  OAI22_X1
mul10_mult_28_U446             0.0001496   0.0001134   0.0002997   3.672e-05  XNOR2_X1
mul10_mult_28_U377             0.0001496   0.0001134   0.0002997   3.672e-05  XNOR2_X1
mul9_mult_28_U360              0.0001425    0.000129   0.0002997    2.82e-05  OAI22_X1
mul9_mult_28_U379              0.0001473    0.000129   0.0002995   2.319e-05  OAI22_X1
mul4_mult_28_U59               0.0001462   9.496e-05   0.0002986   5.746e-05  FA_X1
mul6_mult_28_U42               0.0001496   8.599e-05   0.0002985   6.298e-05  FA_X1
mul9_mult_28_U387              0.0001468   0.0001289   0.0002975   2.188e-05  OAI22_X1
mul3_mult_28_U416              0.0001476   0.0001222   0.0002975   2.769e-05  OAI22_X1
mul5_mult_28_U338              0.0002102   6.177e-05    0.000297   2.508e-05  XOR2_X1
mul1_mult_28_U387              0.0001533   0.0001194   0.0002968   2.408e-05  OAI22_X1
mul5_mult_28_U29               0.0001546   8.862e-05   0.0002966   5.335e-05  FA_X1
mul6_mult_28_U43               0.0001546    8.87e-05   0.0002965   5.311e-05  FA_X1
mul4_mult_28_U43               0.0001555   8.695e-05    0.000296   5.348e-05  FA_X1
mul9_mult_28_U393              0.0001475   0.0001252   0.0002959   2.313e-05  OAI22_X1
mul9_mult_28_U451              0.0002033   5.409e-05   0.0002947   3.733e-05  XNOR2_X1
mul9_mult_28_U449              0.0002035   5.313e-05    0.000294   3.733e-05  XNOR2_X1
mul5_mult_28_U383              0.0001465   0.0001194   0.0002928   2.691e-05  OAI22_X1
mul6_mult_28_U59               0.0001452   8.929e-05   0.0002923   5.785e-05  FA_X1
mul4_mult_28_U11                0.000137   8.268e-05   0.0002919   7.228e-05  FA_X1
add4_add_21_U1_10              0.0001903   2.576e-05   0.0002917   7.563e-05  FA_X1
mul8_mult_28_U469              0.0001525   0.0001047   0.0002916   3.436e-05  OAI222_X1
mul6_mult_28_U11               0.0001348    8.42e-05   0.0002915   7.254e-05  FA_X1
mul1_mult_28_U370              0.0001487   0.0001152   0.0002911   2.724e-05  OAI22_X1
mul8_mult_28_U72               0.0001144   0.0001116    0.000291   6.503e-05  HA_X1
mul8_mult_28_U451              0.0002049   4.979e-05    0.000291   3.629e-05  XNOR2_X1
mul3_mult_28_U338              0.0002126   5.287e-05   0.0002906   2.516e-05  XOR2_X1
mul10_mult_28_U451             0.0002011    5.35e-05   0.0002904   3.586e-05  XNOR2_X1
mul8_mult_28_U434              0.0001577   9.577e-05   0.0002903    3.69e-05  XNOR2_X1
mul0_mult_28_U388              0.0001621   9.208e-05   0.0002901   3.598e-05  XNOR2_X1
mul4_mult_28_U338              0.0002113   5.337e-05   0.0002898   2.505e-05  XOR2_X1
mul10_mult_28_U449             0.0002015   5.234e-05   0.0002897   3.586e-05  XNOR2_X1
mul1_mult_28_U355              0.0001589   9.438e-05   0.0002896   3.635e-05  XNOR2_X1
mul5_mult_28_U387              0.0001463   0.0001159   0.0002892   2.694e-05  OAI22_X1
mul1_mult_28_U393              0.0001514   0.0001149    0.000289   2.268e-05  OAI22_X1
mul10_mult_28_U329              0.000202     5.4e-05   0.0002889   3.289e-05  XNOR2_X1
mul0_mult_28_U411              0.0001621   9.082e-05   0.0002889   3.598e-05  XNOR2_X1
mul1_mult_28_U57               0.0001349   9.084e-05   0.0002883   6.254e-05  FA_X1
mul1_mult_28_U342               0.000126   0.0001371   0.0002882   2.519e-05  OAI22_X1
mul9_mult_28_U370              0.0001434   0.0001175   0.0002878   2.681e-05  OAI22_X1
mul6_mult_28_U338              0.0002102   5.222e-05   0.0002875   2.514e-05  XOR2_X1
mul0_mult_28_U434              0.0001621   8.934e-05   0.0002874   3.598e-05  XNOR2_X1
mul1_mult_28_U392              0.0001592   9.186e-05   0.0002874   3.635e-05  XNOR2_X1
mul5_mult_28_U34               0.0001376   7.171e-05   0.0002874   7.812e-05  FA_X1
mul2_mult_28_U434                0.00016   9.092e-05   0.0002874   3.653e-05  XNOR2_X1
mul1_mult_28_U379              0.0001518   0.0001125   0.0002869   2.261e-05  OAI22_X1
mul1_mult_28_U388              0.0001617   8.829e-05   0.0002861   3.605e-05  XNOR2_X1
mul2_mult_28_U72               0.0001174   0.0001051   0.0002859   6.338e-05  HA_X1
mul0_mult_28_U342              0.0001259    0.000134   0.0002853   2.528e-05  OAI22_X1
mul0_mult_28_U343              0.0001621   8.703e-05   0.0002851   3.598e-05  XNOR2_X1
mul0_mult_28_U347              0.0001589   8.989e-05   0.0002851   3.629e-05  XNOR2_X1
mul4_mult_28_U425              0.0001469   0.0001115   0.0002849   2.644e-05  OAI22_X1
mul7_mult_28_U402              0.0001456   0.0001122   0.0002847   2.686e-05  OAI22_X1
mul1_mult_28_U411              0.0001617   8.678e-05   0.0002846   3.605e-05  XNOR2_X1
mul0_mult_28_U392              0.0001589   8.875e-05   0.0002839   3.629e-05  XNOR2_X1
mul0_mult_28_U365              0.0001621   8.573e-05   0.0002839   3.598e-05  XNOR2_X1
mul7_mult_28_U338              0.0002097   4.897e-05   0.0002837   2.508e-05  XOR2_X1
mul3_mult_28_U402               0.000147   0.0001087   0.0002836   2.782e-05  OAI22_X1
mul4_mult_28_U55               0.0001384    6.69e-05   0.0002833   7.805e-05  FA_X1
mul5_mult_28_U393              0.0001461   0.0001105   0.0002833   2.673e-05  OAI22_X1
mul0_mult_28_U446              0.0001583   8.865e-05   0.0002833   3.629e-05  XNOR2_X1
mul3_mult_28_U30               0.0001341   9.006e-05   0.0002832   5.912e-05  FA_X1
mul5_mult_28_U411              0.0001576   8.877e-05   0.0002831   3.672e-05  XNOR2_X1
mul1_mult_28_U343              0.0001617    8.51e-05   0.0002829   3.605e-05  XNOR2_X1
mul1_mult_28_U434              0.0001617   8.481e-05   0.0002826   3.605e-05  XNOR2_X1
mul1_mult_28_U415              0.0001593   8.675e-05   0.0002824   3.635e-05  XNOR2_X1
mul4_mult_28_U315               2.47e-05   0.0002434   0.0002821   1.399e-05  INV_X1
mul5_mult_28_U379              0.0001458   0.0001094   0.0002821   2.681e-05  OAI22_X1
mul2_mult_28_U415              0.0001587    8.72e-05   0.0002819   3.605e-05  XNOR2_X1
mul0_mult_28_U73               0.0001386   8.473e-05   0.0002818   5.841e-05  FA_X1
mul2_mult_28_U343                0.00016   8.523e-05   0.0002818   3.653e-05  XNOR2_X1
mul9_mult_28_U411              0.0001562   8.849e-05   0.0002817   3.702e-05  XNOR2_X1
mul7_mult_28_U30               0.0001308    9.17e-05   0.0002814   5.898e-05  FA_X1
mul2_mult_28_U411                0.00016   8.456e-05   0.0002811   3.653e-05  XNOR2_X1
mul1_mult_28_U356              0.0001482   0.0001056   0.0002811   2.735e-05  OAI22_X1
mul2_mult_28_U438              0.0001587   8.634e-05    0.000281   3.605e-05  XNOR2_X1
mul8_mult_28_U343              0.0001578   8.627e-05   0.0002809    3.69e-05  XNOR2_X1
mul6_mult_28_U365              0.0001577   8.631e-05   0.0002808   3.678e-05  XNOR2_X1
mul3_mult_28_U342              0.0001212   0.0001311   0.0002806   2.827e-05  OAI22_X1
mul6_mult_28_U50               0.0001294   8.709e-05   0.0002805   6.405e-05  FA_X1
mul1_mult_28_U42               0.0001211   0.0001046   0.0002805   5.476e-05  FA_X1
mul4_mult_28_U365              0.0001575   8.647e-05   0.0002804   3.641e-05  XNOR2_X1
mul0_mult_28_U438              0.0001589   8.506e-05   0.0002803   3.629e-05  XNOR2_X1
mul5_mult_28_U347              0.0001564   8.769e-05   0.0002802   3.611e-05  XNOR2_X1
mul2_mult_28_U446              0.0001587   8.515e-05   0.0002799   3.605e-05  XNOR2_X1
mul1_mult_28_U400               0.000159   8.453e-05   0.0002799   3.635e-05  XNOR2_X1
mul1_mult_28_U423               0.000159   8.439e-05   0.0002798   3.635e-05  XNOR2_X1
mul0_mult_28_U355              0.0001584   8.498e-05   0.0002796   3.629e-05  XNOR2_X1
mul2_mult_28_U347              0.0001587   8.462e-05   0.0002793   3.605e-05  XNOR2_X1
mul9_mult_28_U343              0.0001562    8.61e-05   0.0002793   3.702e-05  XNOR2_X1
mul0_mult_28_U369              0.0001589   8.395e-05   0.0002792   3.629e-05  XNOR2_X1
mul2_mult_28_U392              0.0001587   8.435e-05   0.0002791   3.605e-05  XNOR2_X1
mul9_mult_28_U57               0.0001307   8.515e-05   0.0002789     6.3e-05  FA_X1
mul10_mult_28_U73              0.0001331    8.71e-05   0.0002787   5.856e-05  FA_X1
mul8_mult_28_U415              0.0001533    8.85e-05   0.0002786   3.678e-05  XNOR2_X1
mul4_mult_28_U369              0.0001562   8.641e-05   0.0002785   3.592e-05  XNOR2_X1
mul1_mult_28_U339              0.0001257   0.0001276   0.0002785   2.523e-05  OAI22_X1
mul1_mult_28_U347              0.0001593   8.283e-05   0.0002785   3.635e-05  XNOR2_X1
mul9_mult_28_U434              0.0001562   8.521e-05   0.0002784   3.702e-05  XNOR2_X1
mul8_mult_28_U392              0.0001533   8.828e-05   0.0002784   3.678e-05  XNOR2_X1
mul2_mult_28_U388                0.00016    8.13e-05   0.0002779   3.653e-05  XNOR2_X1
mul8_mult_28_U388              0.0001578   8.302e-05   0.0002777    3.69e-05  XNOR2_X1
mul1_mult_28_U438              0.0001593   8.205e-05   0.0002777   3.635e-05  XNOR2_X1
mul5_mult_28_U50               0.0001277    8.12e-05   0.0002774   6.851e-05  FA_X1
mul0_mult_28_U415              0.0001589   8.215e-05   0.0002774   3.629e-05  XNOR2_X1
mul2_mult_28_U344              8.885e-05   0.0001469   0.0002773   4.157e-05  OAI22_X1
mul5_mult_28_U343              0.0001577   8.259e-05    0.000277   3.672e-05  XNOR2_X1
mul3_mult_28_U73               0.0001355   8.502e-05   0.0002768   5.625e-05  FA_X1
mul8_mult_28_U411              0.0001578   8.199e-05   0.0002767    3.69e-05  XNOR2_X1
mul9_mult_28_U415              0.0001522    8.75e-05   0.0002763   3.659e-05  XNOR2_X1
mul8_mult_28_U355              0.0001533   8.602e-05   0.0002761   3.678e-05  XNOR2_X1
mul3_mult_28_U46               0.0001346   8.485e-05   0.0002759    5.65e-05  FA_X1
mul5_mult_28_U415              0.0001565   8.328e-05   0.0002759   3.611e-05  XNOR2_X1
mul10_mult_28_U411             0.0001541   8.558e-05   0.0002759   3.617e-05  XNOR2_X1
mul3_mult_28_U339              0.0001215   0.0001261   0.0002758   2.821e-05  OAI22_X1
mul6_mult_28_U55               0.0001362   6.184e-05   0.0002754   7.736e-05  FA_X1
mul0_mult_28_U400              0.0001584   8.064e-05   0.0002753   3.629e-05  XNOR2_X1
mul1_mult_28_U52               0.0001335   7.761e-05   0.0002751   6.395e-05  FA_X1
mul9_mult_28_U388              0.0001562   8.149e-05   0.0002747   3.702e-05  XNOR2_X1
mul1_mult_28_U40                0.000115   8.634e-05   0.0002747   7.335e-05  FA_X1
mul0_mult_28_U423              0.0001584   7.973e-05   0.0002744   3.629e-05  XNOR2_X1
mul9_mult_28_U52               0.0001306   7.936e-05   0.0002744   6.447e-05  FA_X1
mul0_mult_28_U377              0.0001584   7.942e-05   0.0002741   3.629e-05  XNOR2_X1
mul5_mult_28_U423               0.000156    8.15e-05   0.0002736   3.611e-05  XNOR2_X1
mul7_mult_28_U73               0.0001341   8.294e-05   0.0002732   5.621e-05  FA_X1
mul5_mult_28_U339              0.0001232   0.0001259   0.0002732   2.406e-05  OAI22_X1
mul9_mult_28_U356              0.0001435   0.0001027    0.000273   2.673e-05  OAI22_X1
mul6_mult_28_U369              0.0001547   8.175e-05   0.0002728   3.635e-05  XNOR2_X1
mul10_mult_28_U434             0.0001541   8.241e-05   0.0002727   3.617e-05  XNOR2_X1
mul10_mult_28_U388             0.0001541   8.236e-05   0.0002727   3.617e-05  XNOR2_X1
mul7_mult_28_U46               0.0001315    8.45e-05   0.0002726   5.665e-05  FA_X1
mul8_mult_28_U347              0.0001534   8.238e-05   0.0002725   3.678e-05  XNOR2_X1
mul10_mult_28_U365             0.0001541   8.206e-05   0.0002724   3.617e-05  XNOR2_X1
mul8_mult_28_U423              0.0001534   8.197e-05   0.0002721   3.678e-05  XNOR2_X1
mul2_mult_28_U340              8.943e-05   0.0001414   0.0002721   4.128e-05  OAI22_X1
mul4_mult_28_U377              0.0001562   7.986e-05    0.000272   3.592e-05  XNOR2_X1
add7_add_21_U1_10              0.0001726   2.681e-05   0.0002719   7.242e-05  FA_X1
mul4_mult_28_U50               0.0001292   7.831e-05   0.0002717   6.418e-05  FA_X1
mul10_mult_28_U343             0.0001541    8.13e-05   0.0002716   3.617e-05  XNOR2_X1
mul9_mult_28_U355               0.000152   8.286e-05   0.0002714   3.659e-05  XNOR2_X1
mul5_mult_28_U56               0.0001281   7.776e-05    0.000271   6.516e-05  FA_X1
mul6_mult_28_U439              0.0001457   9.714e-05   0.0002702   2.737e-05  OAI22_X1
mul4_mult_28_U439              0.0001469   9.689e-05   0.0002702   2.638e-05  OAI22_X1
mul8_mult_28_U438              0.0001534   7.966e-05   0.0002698   3.678e-05  XNOR2_X1
mul10_mult_28_U415             0.0001495   8.358e-05   0.0002698   3.672e-05  XNOR2_X1
mul8_mult_28_U446              0.0001534   7.966e-05   0.0002698   3.678e-05  XNOR2_X1
mul0_mult_28_U339              0.0001256   0.0001188   0.0002697   2.532e-05  OAI22_X1
mul9_mult_28_U400               0.000152   8.106e-05   0.0002697   3.659e-05  XNOR2_X1
mul3_mult_28_U49                0.000138   6.623e-05   0.0002697   6.544e-05  FA_X1
mul1_mult_28_U364              0.0001503   9.327e-05   0.0002694   2.577e-05  OAI22_X1
mul9_mult_28_U438              0.0001523   8.048e-05   0.0002693   3.659e-05  XNOR2_X1
mul8_mult_28_U400              0.0001534   7.905e-05   0.0002692   3.678e-05  XNOR2_X1
mul9_mult_28_U423               0.000152   8.045e-05   0.0002691   3.659e-05  XNOR2_X1
mul10_mult_28_U347             0.0001495   8.279e-05    0.000269   3.672e-05  XNOR2_X1
mul4_mult_28_U342              0.0001207   0.0001204   0.0002689   2.781e-05  OAI22_X1
mul0_mult_28_U70               0.0001363   7.394e-05   0.0002689   5.866e-05  FA_X1
mul9_mult_28_U347              0.0001523   7.993e-05   0.0002688   3.659e-05  XNOR2_X1
mul10_mult_28_U392             0.0001495   8.145e-05   0.0002677   3.672e-05  XNOR2_X1
mul10_mult_28_U342              0.000119   0.0001233   0.0002672   2.485e-05  OAI22_X1
mul10_mult_28_U369             0.0001495   8.069e-05   0.0002669   3.672e-05  XNOR2_X1
mul10_mult_28_U355             0.0001498   8.016e-05   0.0002666   3.672e-05  XNOR2_X1
mul9_mult_28_U446               0.000152   7.789e-05   0.0002665   3.659e-05  XNOR2_X1
add8_add_21_U1_10              0.0001726   2.053e-05   0.0002665   7.335e-05  FA_X1
mul9_mult_28_U392              0.0001523   7.741e-05   0.0002663   3.659e-05  XNOR2_X1
mul5_mult_28_U412              7.144e-05   0.0001524   0.0002659    4.21e-05  OAI22_X1
mul2_mult_28_U42               0.0001207   9.041e-05   0.0002657   5.461e-05  FA_X1
mul7_mult_28_U342              0.0001181   0.0001183   0.0002654   2.904e-05  OAI22_X1
mul5_mult_28_U342              0.0001233    0.000118   0.0002654   2.404e-05  OAI22_X1
mul7_mult_28_U412              0.0001075   0.0001301   0.0002646     2.7e-05  OAI22_X1
mul7_mult_28_U49               0.0001346   6.367e-05   0.0002642   6.589e-05  FA_X1
mul9_mult_28_U342              0.0001205   0.0001205   0.0002639   2.282e-05  OAI22_X1
mul5_mult_28_U25               0.0001187   8.962e-05    0.000263   5.464e-05  FA_X1
mul10_mult_28_U438             0.0001495   7.649e-05   0.0002628   3.672e-05  XNOR2_X1
mul4_mult_28_U339              0.0001208   0.0001138   0.0002623    2.78e-05  OAI22_X1
add4_add_21_U1_9               0.0001146     7.2e-05   0.0002622   7.563e-05  FA_X1
mul8_mult_28_U315              2.399e-05   0.0002241   0.0002617   1.358e-05  INV_X1
mul10_mult_28_U315             2.368e-05   0.0002242   0.0002616   1.371e-05  INV_X1
mul6_mult_28_U339              0.0001192   0.0001144   0.0002615   2.793e-05  OAI22_X1
mul1_mult_28_U69               0.0001173    7.06e-05   0.0002611   7.314e-05  FA_X1
mul8_mult_28_U344              8.624e-05   0.0001336    0.000261   4.114e-05  OAI22_X1
mul4_mult_28_U25               0.0001186   8.781e-05   0.0002609   5.454e-05  FA_X1
mul0_mult_28_U58               0.0001195   8.673e-05   0.0002608   5.459e-05  FA_X1
mul6_mult_28_U315              2.427e-05   0.0002227   0.0002608   1.378e-05  INV_X1
mul3_mult_28_U315              2.487e-05   0.0002219   0.0002605   1.369e-05  INV_X1
mul10_mult_28_U339             0.0001189   0.0001156   0.0002594   2.487e-05  OAI22_X1
mul9_mult_28_U339              0.0001205   0.0001159   0.0002592   2.281e-05  OAI22_X1
mul7_mult_28_U339               0.000118   0.0001116   0.0002587   2.904e-05  OAI22_X1
mul9_mult_28_U69               0.0001151   6.983e-05   0.0002587   7.374e-05  FA_X1
mul6_mult_28_U469              0.0001123   9.351e-05   0.0002578   5.198e-05  OAI222_X1
mul4_mult_28_U372              7.188e-05    0.000144   0.0002578   4.185e-05  OAI22_X1
mul2_mult_28_U315              2.463e-05    0.000219   0.0002576   1.397e-05  INV_X1
mul2_mult_28_U472              0.0001098   9.265e-05   0.0002574   5.495e-05  AOI222_X1
mul4_mult_28_U476              0.0001538   6.212e-05   0.0002573   4.132e-05  AOI222_X1
add6_add_21_U1_10              0.0001651   1.808e-05   0.0002572   7.405e-05  FA_X1
mul0_mult_28_U69               0.0001203   8.203e-05    0.000257   5.459e-05  FA_X1
mul6_mult_28_U342               0.000119   0.0001098   0.0002568   2.799e-05  OAI22_X1
mul8_mult_28_U42               0.0001165   8.528e-05   0.0002568   5.497e-05  FA_X1
mul1_mult_28_U472              0.0001153   8.727e-05   0.0002567   5.418e-05  AOI222_X1
mul7_mult_28_U315              2.429e-05   0.0002184   0.0002565   1.384e-05  INV_X1
mul9_mult_28_U364               0.000142   8.612e-05   0.0002563   2.818e-05  OAI22_X1
mul9_mult_28_U40               0.0001079   7.442e-05   0.0002563   7.396e-05  FA_X1
mul1_mult_28_U315              2.483e-05   0.0002176   0.0002562    1.38e-05  INV_X1
mul4_mult_28_U348              0.0001205    0.000108   0.0002562   2.765e-05  OAI22_X1
mul2_mult_28_U470              0.0001205   9.061e-05   0.0002557    4.46e-05  AOI222_X1
mul5_mult_28_U404              7.112e-05   0.0001426   0.0002556   4.184e-05  OAI22_X1
mul5_mult_28_U475              0.0001502   5.868e-05   0.0002553   4.637e-05  AOI222_X1
mul6_mult_28_U25               0.0001174   8.299e-05   0.0002552   5.476e-05  FA_X1
mul9_mult_28_U472              0.0001127   8.732e-05    0.000255   5.502e-05  AOI222_X1
mul10_mult_28_U348             0.0001201   0.0001111   0.0002546    2.33e-05  OAI22_X1
mul8_mult_28_U470              0.0001198   9.156e-05   0.0002544   4.314e-05  AOI222_X1
mul5_mult_28_U476              0.0001547   5.408e-05   0.0002542   4.547e-05  AOI222_X1
mul4_mult_28_U366              7.238e-05   0.0001395   0.0002541   4.221e-05  OAI22_X1
mul10_mult_28_U70              0.0001294   6.551e-05    0.000254     5.9e-05  FA_X1
mul6_mult_28_U36               0.0001095   7.694e-05   0.0002535   6.701e-05  FA_X1
mul3_mult_28_U412              0.0001105   0.0001159   0.0002535   2.709e-05  OAI22_X1
mul1_mult_28_U60               0.0001151   7.511e-05   0.0002529   6.274e-05  FA_X1
mul9_mult_28_U315              2.407e-05   0.0002149   0.0002528    1.38e-05  INV_X1
mul9_mult_28_U42               0.0001153   8.242e-05   0.0002526   5.488e-05  FA_X1
mul0_mult_28_U348              0.0001242   0.0001043   0.0002523   2.377e-05  OAI22_X1
mul8_mult_28_U472              0.0001067   8.975e-05   0.0002521   5.574e-05  AOI222_X1
mul7_mult_28_U408              0.0001101   0.0001141   0.0002519    2.77e-05  OAI22_X1
mul5_mult_28_U427              7.117e-05   0.0001372   0.0002518   4.349e-05  OAI22_X1
mul6_mult_28_U476              0.0001513    5.77e-05   0.0002518   4.278e-05  AOI222_X1
mul3_mult_28_U348              0.0001208   0.0001019   0.0002518   2.904e-05  OAI22_X1
mul5_mult_28_U55               0.0001299   5.214e-05   0.0002515   6.947e-05  FA_X1
add5_add_21_U1_10              0.0001611   1.612e-05   0.0002514   7.419e-05  FA_X1
mul4_mult_28_U36               0.0001096   7.484e-05   0.0002513   6.694e-05  FA_X1
mul1_mult_28_U348              0.0001243   0.0001032   0.0002511   2.368e-05  OAI22_X1
mul1_mult_28_U374              0.0001115   0.0001128    0.000251   2.675e-05  OAI22_X1
mul5_mult_28_U473              0.0001488   6.136e-05    0.000251    4.08e-05  AOI222_X1
add9_add_21_U1_10              0.0001706   5.901e-06   0.0002503   7.386e-05  FA_X1
mul0_mult_28_U323              0.0001628   6.288e-05   0.0002503   2.458e-05  XOR2_X1
mul1_mult_28_U471              0.0001061   8.543e-05     0.00025   5.846e-05  OAI222_X1
mul6_mult_28_U381               7.09e-05   0.0001351   0.0002495   4.347e-05  OAI22_X1
mul5_mult_28_U408              7.153e-05   0.0001361   0.0002494   4.178e-05  OAI22_X1
mul8_mult_28_U340              8.636e-05    0.000121   0.0002484   4.106e-05  OAI22_X1
mul1_mult_28_U64                0.000123   6.674e-05   0.0002483    5.85e-05  FA_X1
mul8_mult_28_U350              8.732e-05   0.0001197   0.0002479   4.094e-05  OAI22_X1
mul3_mult_28_U363               8.09e-05   0.0001289   0.0002476    3.78e-05  XNOR2_X1
mul10_mult_28_U69              0.0001144   7.831e-05   0.0002475    5.48e-05  FA_X1
mul5_mult_28_U62               0.0001071   8.107e-05    0.000247   5.884e-05  HA_X1
mul2_mult_28_U323              0.0001629   5.947e-05   0.0002469   2.454e-05  XOR2_X1
mul1_mult_28_U58                0.000119     7.3e-05   0.0002467   5.462e-05  FA_X1
mul4_mult_28_U469              0.0001156   7.935e-05   0.0002466   5.165e-05  OAI222_X1
mul0_mult_28_U315              2.482e-05   0.0002071   0.0002457   1.382e-05  INV_X1
mul1_mult_28_U323              0.0001627   5.842e-05   0.0002457   2.458e-05  XOR2_X1
mul9_mult_28_U471              0.0001037    8.43e-05   0.0002457   5.768e-05  OAI222_X1
mul5_mult_28_U348              0.0001217   9.945e-05   0.0002454   2.419e-05  OAI22_X1
mul2_mult_28_U350              8.879e-05   0.0001152   0.0002453   4.134e-05  OAI22_X1
mul0_mult_28_U52                0.000121   7.068e-05   0.0002452   5.355e-05  FA_X1
mul5_mult_28_U315              2.473e-05   0.0002065   0.0002452   1.391e-05  INV_X1
mul9_mult_28_U60               0.0001096   7.222e-05    0.000245   6.317e-05  FA_X1
mul7_mult_28_U323              0.0001562   6.383e-05   0.0002447   2.472e-05  XOR2_X1
mul3_mult_28_U50               0.0001201   6.876e-05   0.0002443   5.548e-05  FA_X1
mul2_mult_28_U372              7.263e-05   0.0001272   0.0002432   4.338e-05  OAI22_X1
mul6_mult_28_U58               0.0001152   7.452e-05   0.0002431   5.338e-05  FA_X1
mul9_mult_28_U323              0.0001586   5.963e-05   0.0002428   2.455e-05  XOR2_X1
mul3_mult_28_U323                0.00016   5.776e-05   0.0002425    2.47e-05  XOR2_X1
mul8_mult_28_U323              0.0001602   5.755e-05   0.0002423   2.455e-05  XOR2_X1
mul0_mult_28_U56               0.0001196   6.797e-05   0.0002421   5.459e-05  FA_X1
mul2_mult_28_U385               7.34e-05   0.0001267    0.000242   4.187e-05  OAI22_X1
mul6_mult_28_U443              0.0001081   0.0001062   0.0002412   2.695e-05  OAI22_X1
mul2_mult_28_U486              9.064e-05   0.0001092   0.0002411   4.128e-05  OAI22_X1
mul1_mult_28_U363              8.234e-05   0.0001207   0.0002409   3.788e-05  XNOR2_X1
mul6_mult_28_U348              0.0001195   9.263e-05   0.0002408   2.871e-05  OAI22_X1
mul10_mult_28_U323             0.0001574   5.866e-05   0.0002407   2.459e-05  XOR2_X1
mul8_mult_28_U366              7.017e-05   0.0001269   0.0002406   4.358e-05  OAI22_X1
mul5_mult_28_U26               9.204e-05   6.569e-05   0.0002406   8.284e-05  FA_X1
mul4_mult_28_U323              0.0001587   5.696e-05   0.0002404   2.478e-05  XOR2_X1
mul0_mult_28_U50               0.0001197    6.71e-05   0.0002403   5.355e-05  FA_X1
mul4_mult_28_U385              7.187e-05   0.0001251   0.0002403   4.339e-05  OAI22_X1
mul5_mult_28_U323              0.0001587   5.673e-05   0.0002402   2.476e-05  XOR2_X1
mul1_mult_28_U469              0.0001146   8.038e-05   0.0002402   4.525e-05  OAI222_X1
mul9_mult_28_U64               0.0001178   6.367e-05   0.0002397   5.826e-05  FA_X1
mul7_mult_28_U390                7.9e-05    0.000123   0.0002397   3.774e-05  XNOR2_X1
mul3_mult_28_U52               0.0001187   6.586e-05   0.0002395   5.488e-05  FA_X1
mul8_mult_28_U486              8.817e-05     0.00011   0.0002395    4.13e-05  OAI22_X1
mul8_mult_28_U38               9.409e-05   5.823e-05   0.0002394   8.712e-05  FA_X1
mul3_mult_28_U386              8.115e-05   0.0001204   0.0002393    3.78e-05  XNOR2_X1
mul6_mult_28_U323              0.0001573   5.724e-05   0.0002393   2.473e-05  XOR2_X1
mul7_mult_28_U348              0.0001193   9.154e-05    0.000239   2.815e-05  OAI22_X1
mul3_mult_28_U341              8.117e-05   0.0001198   0.0002388    3.78e-05  XNOR2_X1
mul7_mult_28_U373              7.875e-05   0.0001216   0.0002381    3.78e-05  XNOR2_X1
mul5_mult_28_U382              7.888e-05   0.0001213    0.000238    3.78e-05  XNOR2_X1
mul9_mult_28_U385              0.0001127   0.0001031    0.000238   2.218e-05  OAI22_X1
mul4_mult_28_U443              0.0001093   0.0001023   0.0002379   2.629e-05  OAI22_X1
mul1_mult_28_U385              0.0001153   9.889e-05   0.0002378   2.365e-05  OAI22_X1
mul3_mult_28_U316              5.192e-05   0.0001722   0.0002377   1.361e-05  INV_X1
mul7_mult_28_U52               0.0001159    6.68e-05   0.0002374   5.479e-05  FA_X1
mul7_mult_28_U351              7.878e-05   0.0001208   0.0002373    3.78e-05  XNOR2_X1
mul2_mult_28_U38               9.404e-05   5.662e-05    0.000237    8.63e-05  FA_X1
mul5_mult_28_U428              7.891e-05   0.0001201   0.0002368    3.78e-05  XNOR2_X1
mul3_mult_28_U345              8.119e-05   0.0001175   0.0002364    3.78e-05  XNOR2_X1
mul7_mult_28_U50               0.0001171   6.349e-05   0.0002362   5.563e-05  FA_X1
mul5_mult_28_U390              8.084e-05   0.0001172   0.0002358    3.78e-05  XNOR2_X1
mul8_mult_28_U385              7.051e-05   0.0001235   0.0002357   4.168e-05  OAI22_X1
mul2_mult_28_U373               8.08e-05   0.0001168   0.0002355   3.785e-05  XNOR2_X1
mul8_mult_28_U372              7.056e-05   0.0001211   0.0002354   4.379e-05  OAI22_X1
mul9_mult_28_U469              0.0001133   7.476e-05   0.0002352   4.716e-05  OAI222_X1
mul9_mult_28_U348              0.0001209   9.008e-05   0.0002352   2.418e-05  OAI22_X1
mul2_mult_28_U47               9.187e-05   5.987e-05   0.0002351   8.339e-05  FA_X1
mul4_mult_28_U409              8.024e-05    0.000117    0.000235   3.782e-05  XNOR2_X1
mul2_mult_28_U363               8.09e-05   0.0001163   0.0002349   3.777e-05  XNOR2_X1
mul9_mult_28_U58                0.000114   6.622e-05   0.0002349   5.474e-05  FA_X1
mul5_mult_28_U69               0.0001092   6.423e-05   0.0002349   6.145e-05  FA_X1
mul5_mult_28_U386              7.977e-05   0.0001172   0.0002348    3.78e-05  XNOR2_X1
mul7_mult_28_U345              7.915e-05   0.0001179   0.0002347   3.774e-05  XNOR2_X1
mul3_mult_28_U408              0.0001112   9.573e-05   0.0002344   2.747e-05  OAI22_X1
mul4_mult_28_U33               0.0001018   8.135e-05   0.0002342   5.105e-05  FA_X1
mul2_mult_28_U366              7.306e-05   0.0001175   0.0002338   4.321e-05  OAI22_X1
mul6_mult_28_U345              7.986e-05   0.0001161   0.0002338   3.782e-05  XNOR2_X1
mul4_mult_28_U58               0.0001158   6.431e-05   0.0002337    5.36e-05  FA_X1
mul3_mult_28_U58               0.0001063   6.522e-05   0.0002336    6.21e-05  FA_X1
mul7_mult_28_U386              7.852e-05   0.0001172   0.0002334   3.774e-05  XNOR2_X1
mul8_mult_28_U381              7.108e-05   0.0001204   0.0002333   4.184e-05  OAI22_X1
mul10_mult_28_U58              0.0001129   6.556e-05   0.0002332    5.48e-05  FA_X1
mul3_mult_28_U351              8.019e-05   0.0001148   0.0002327   3.772e-05  XNOR2_X1
mul4_mult_28_U381              7.155e-05   0.0001176   0.0002325   4.336e-05  OAI22_X1
mul3_mult_28_U367              8.132e-05   0.0001132   0.0002323    3.78e-05  XNOR2_X1
mul0_mult_28_U469              0.0001057   9.027e-05   0.0002323   3.634e-05  OAI222_X1
mul3_mult_28_U409              8.137e-05   0.0001131   0.0002323    3.78e-05  XNOR2_X1
mul3_mult_28_U396              8.021e-05   0.0001143   0.0002323   3.772e-05  XNOR2_X1
mul2_mult_28_U367              8.165e-05   0.0001128   0.0002322   3.777e-05  XNOR2_X1
mul6_mult_28_U385              7.119e-05   0.0001174   0.0002322   4.358e-05  OAI22_X1
mul10_mult_28_U56              0.0001137   6.363e-05   0.0002322    5.48e-05  FA_X1
mul10_mult_28_U52              0.0001147   6.389e-05    0.000232   5.334e-05  FA_X1
mul5_mult_28_U385              0.0001103   9.425e-05   0.0002318   2.724e-05  OAI22_X1
mul5_mult_28_U396              7.906e-05   0.0001148   0.0002316    3.78e-05  XNOR2_X1
mul1_mult_28_U51               9.581e-05    6.92e-05   0.0002315   6.654e-05  FA_X1
mul10_mult_28_U50              0.0001138   6.438e-05   0.0002315   5.334e-05  FA_X1
mul2_mult_28_U381              7.307e-05   0.0001165   0.0002314   4.189e-05  OAI22_X1
mul6_mult_28_U341                7.9e-05   0.0001142   0.0002311   3.782e-05  XNOR2_X1
mul5_mult_28_U366              7.176e-05    0.000116    0.000231   4.323e-05  OAI22_X1
mul5_mult_28_U363              7.989e-05   0.0001133    0.000231    3.78e-05  XNOR2_X1
mul7_mult_28_U420              0.0001072   9.628e-05   0.0002305     2.7e-05  OAI22_X1
mul1_mult_28_U397              0.0001138   9.352e-05   0.0002305   2.316e-05  OAI22_X1
mul3_mult_28_U436              8.138e-05   0.0001111   0.0002302    3.78e-05  XNOR2_X1
mul3_mult_28_U359              7.985e-05   0.0001126   0.0002301   3.772e-05  XNOR2_X1
mul3_mult_28_U419              8.025e-05   0.0001121   0.0002301   3.772e-05  XNOR2_X1
mul3_mult_28_U373              8.027e-05   0.0001121   0.0002301   3.772e-05  XNOR2_X1
mul5_mult_28_U367              8.103e-05   0.0001109   0.0002297    3.78e-05  XNOR2_X1
mul1_mult_28_U359              8.017e-05   0.0001116   0.0002295   3.776e-05  XNOR2_X1
mul3_mult_28_U413               8.14e-05   0.0001103   0.0002295    3.78e-05  XNOR2_X1
mul7_mult_28_U442              7.901e-05   0.0001124   0.0002292    3.78e-05  XNOR2_X1
mul6_mult_28_U372              7.178e-05   0.0001158   0.0002292   4.156e-05  OAI22_X1
mul4_mult_28_U428              7.774e-05   0.0001135    0.000229   3.782e-05  XNOR2_X1
mul6_mult_28_U428              7.732e-05    0.000114    0.000229   3.774e-05  XNOR2_X1
mul4_mult_28_U386              8.041e-05   0.0001108    0.000229   3.782e-05  XNOR2_X1
mul3_mult_28_U442               8.03e-05    0.000111    0.000229   3.772e-05  XNOR2_X1
mul1_mult_28_U367              8.233e-05   0.0001088    0.000229   3.788e-05  XNOR2_X1
mul6_mult_28_U351              7.988e-05   0.0001112   0.0002289   3.774e-05  XNOR2_X1
mul4_mult_28_U442              7.995e-05    0.000111   0.0002288   3.782e-05  XNOR2_X1
mul1_mult_28_U373              8.065e-05   0.0001104   0.0002288   3.776e-05  XNOR2_X1
mul6_mult_28_U386              7.907e-05   0.0001118   0.0002287   3.782e-05  XNOR2_X1
mul4_mult_28_U419              7.996e-05   0.0001109   0.0002287   3.782e-05  XNOR2_X1
mul3_mult_28_U390              8.143e-05   0.0001093   0.0002286    3.78e-05  XNOR2_X1
mul6_mult_28_U33               0.0001006   7.656e-05   0.0002285   5.138e-05  FA_X1
mul4_mult_28_U351              7.997e-05   0.0001106   0.0002284   3.782e-05  XNOR2_X1
mul4_mult_28_U341              8.044e-05     0.00011   0.0002283   3.782e-05  XNOR2_X1
mul6_mult_28_U390              8.003e-05   0.0001104   0.0002282   3.782e-05  XNOR2_X1
mul3_mult_28_U432               8.15e-05   0.0001088   0.0002281    3.78e-05  XNOR2_X1
mul4_mult_28_U432              8.045e-05   0.0001097    0.000228   3.782e-05  XNOR2_X1
mul6_mult_28_U436              8.005e-05   0.0001098   0.0002277   3.782e-05  XNOR2_X1
mul2_mult_28_U359              7.891e-05   0.0001109   0.0002276   3.785e-05  XNOR2_X1
mul4_mult_28_U382              7.778e-05    0.000112   0.0002276   3.782e-05  XNOR2_X1
mul7_mult_28_U436              7.934e-05   0.0001105   0.0002275   3.774e-05  XNOR2_X1
mul9_mult_28_U367              7.699e-05   0.0001128   0.0002275   3.769e-05  XNOR2_X1
mul7_mult_28_U396              7.906e-05   0.0001106   0.0002274    3.78e-05  XNOR2_X1
mul3_mult_28_U428              7.992e-05   0.0001098   0.0002274   3.772e-05  XNOR2_X1
mul7_mult_28_U341               7.87e-05    0.000111   0.0002274   3.774e-05  XNOR2_X1
mul4_mult_28_U435              0.0001094   9.162e-05   0.0002272   2.618e-05  OAI22_X1
mul7_mult_28_U359              7.807e-05   0.0001113   0.0002272    3.78e-05  XNOR2_X1
mul3_mult_28_U420              0.0001098   9.003e-05   0.0002271   2.728e-05  OAI22_X1
mul1_mult_28_U366              0.0001116   8.886e-05   0.0002271   2.658e-05  OAI22_X1
mul9_mult_28_U363              7.734e-05    0.000112   0.0002271   3.769e-05  XNOR2_X1
mul8_mult_28_U47               9.174e-05   5.271e-05    0.000227   8.257e-05  FA_X1
mul4_mult_28_U431              0.0001103   8.982e-05    0.000227    2.68e-05  OAI22_X1
mul4_mult_28_U436              8.029e-05   0.0001088    0.000227   3.782e-05  XNOR2_X1
mul3_mult_28_U336               0.000159   4.282e-05   0.0002269    2.51e-05  XOR2_X1
mul3_mult_28_U382              7.994e-05   0.0001091   0.0002268   3.772e-05  XNOR2_X1
mul6_mult_28_U419              7.992e-05    0.000109   0.0002267   3.774e-05  XNOR2_X1
mul5_mult_28_U61               8.975e-05   6.148e-05   0.0002266   7.534e-05  FA_X1
mul7_mult_28_U405              7.809e-05   0.0001106   0.0002265    3.78e-05  XNOR2_X1
mul7_mult_28_U432              7.873e-05   0.0001098   0.0002263   3.774e-05  XNOR2_X1
mul6_mult_28_U413              8.009e-05   0.0001084   0.0002263   3.782e-05  XNOR2_X1
mul7_mult_28_U363              7.873e-05   0.0001098   0.0002263   3.774e-05  XNOR2_X1
mul5_mult_28_U436              8.115e-05   0.0001073   0.0002263    3.78e-05  XNOR2_X1
mul4_mult_28_U345              8.031e-05    0.000108   0.0002262   3.782e-05  XNOR2_X1
mul5_mult_28_U336              0.0001578   4.324e-05   0.0002261   2.504e-05  XOR2_X1
mul5_mult_28_U397               0.000109   9.045e-05    0.000226   2.659e-05  OAI22_X1
mul6_mult_28_U366              7.189e-05    0.000112   0.0002258   4.198e-05  OAI22_X1
mul5_mult_28_U372              7.131e-05   0.0001107   0.0002256   4.365e-05  OAI22_X1
mul3_mult_28_U340              9.107e-05   0.0001057   0.0002256   2.881e-05  OAI22_X1
mul5_mult_28_U359              7.924e-05   0.0001085   0.0002256    3.78e-05  XNOR2_X1
mul3_mult_28_U405              7.998e-05   0.0001078   0.0002255   3.772e-05  XNOR2_X1
mul4_mult_28_U396              8.005e-05   0.0001076   0.0002255   3.782e-05  XNOR2_X1
mul5_mult_28_U442              7.924e-05   0.0001085   0.0002255    3.78e-05  XNOR2_X1
mul6_mult_28_U432              7.917e-05   0.0001083   0.0002253   3.782e-05  XNOR2_X1
mul5_mult_28_U373              7.925e-05   0.0001082   0.0002253    3.78e-05  XNOR2_X1
mul6_mult_28_U396              7.999e-05   0.0001075   0.0002252   3.774e-05  XNOR2_X1
mul6_mult_28_U442              7.997e-05   0.0001074   0.0002251   3.774e-05  XNOR2_X1
mul8_mult_28_U367              7.805e-05    0.000109   0.0002249   3.781e-05  XNOR2_X1
mul4_mult_28_U413              8.035e-05   0.0001065   0.0002247   3.782e-05  XNOR2_X1
mul7_mult_28_U413              7.943e-05   0.0001075   0.0002247   3.774e-05  XNOR2_X1
mul6_mult_28_U382              7.743e-05   0.0001095   0.0002246   3.774e-05  XNOR2_X1
mul7_mult_28_U367              7.946e-05   0.0001074   0.0002246   3.774e-05  XNOR2_X1
mul1_mult_28_U344              9.306e-05   0.0001071   0.0002245   2.433e-05  OAI22_X1
mul5_mult_28_U432              8.009e-05   0.0001064   0.0002243    3.78e-05  XNOR2_X1
mul7_mult_28_U58               0.0001041   5.794e-05   0.0002242   6.215e-05  FA_X1
mul4_mult_28_U390              8.037e-05   0.0001059   0.0002241   3.782e-05  XNOR2_X1
mul6_mult_28_U409              7.921e-05    0.000107    0.000224   3.782e-05  XNOR2_X1
mul8_mult_28_U363              7.776e-05   0.0001084   0.0002239   3.781e-05  XNOR2_X1
mul6_mult_28_U334              0.0001589   3.985e-05   0.0002239   2.512e-05  XOR2_X1
mul7_mult_28_U334              0.0001589   3.975e-05   0.0002238   2.515e-05  XOR2_X1
mul6_mult_28_U405              7.746e-05   0.0001083   0.0002235   3.774e-05  XNOR2_X1
mul7_mult_28_U382              7.817e-05   0.0001074   0.0002234    3.78e-05  XNOR2_X1
mul4_mult_28_U336              0.0001575   4.078e-05   0.0002233   2.502e-05  XOR2_X1
mul0_mult_28_U344              9.306e-05   0.0001058   0.0002233   2.442e-05  OAI22_X1
mul4_mult_28_U405              7.789e-05   0.0001075   0.0002232   3.782e-05  XNOR2_X1
mul4_mult_28_U334              0.0001588   3.889e-05   0.0002228   2.508e-05  XOR2_X1
mul4_mult_28_U325              0.0001575   4.024e-05   0.0002227   2.502e-05  XOR2_X1
mul10_mult_28_U316              4.72e-05   0.0001617   0.0002225   1.363e-05  INV_X1
mul9_mult_28_U397              0.0001094   9.023e-05   0.0002224   2.278e-05  OAI22_X1
mul3_mult_28_U334              0.0001601   3.703e-05   0.0002222   2.514e-05  XOR2_X1
mul9_mult_28_U359              7.649e-05   0.0001079   0.0002222   3.781e-05  XNOR2_X1
mul8_mult_28_U359              7.676e-05   0.0001075   0.0002219   3.769e-05  XNOR2_X1
mul10_mult_28_U55              0.0001133   5.373e-05   0.0002218    5.48e-05  FA_X1
mul1_mult_28_U56               0.0001061   5.687e-05   0.0002215   5.858e-05  FA_X1
mul7_mult_28_U419              7.924e-05   0.0001045   0.0002215    3.78e-05  XNOR2_X1
mul8_mult_28_U373              7.848e-05   0.0001051   0.0002212   3.769e-05  XNOR2_X1
mul6_mult_28_U325              0.0001561   3.993e-05   0.0002211   2.507e-05  XOR2_X1
mul4_mult_28_U322              6.984e-05   0.0001124    0.000221   3.878e-05  XOR2_X1
mul4_mult_28_U344              8.975e-05   0.0001037   0.0002209   2.742e-05  OAI22_X1
mul5_mult_28_U334              0.0001588   3.694e-05   0.0002209   2.512e-05  XOR2_X1
mul3_mult_28_U325              0.0001587   3.705e-05   0.0002208    2.51e-05  XOR2_X1
mul7_mult_28_U325               0.000155   4.074e-05   0.0002208   2.508e-05  XOR2_X1
mul7_mult_28_U428              7.824e-05   0.0001047   0.0002208    3.78e-05  XNOR2_X1
mul9_mult_28_U51               9.332e-05   6.102e-05   0.0002206   6.625e-05  FA_X1
mul5_mult_28_U325              0.0001573   3.806e-05   0.0002204   2.504e-05  XOR2_X1
mul5_mult_28_U344              9.205e-05   0.0001037   0.0002203   2.449e-05  OAI22_X1
mul7_mult_28_U409              7.891e-05   0.0001036   0.0002203   3.774e-05  XNOR2_X1
mul3_mult_28_U423               5.88e-05   0.0001237   0.0002202   3.778e-05  XNOR2_X1
mul10_mult_28_U469             0.0001019   8.102e-05   0.0002201   3.709e-05  OAI222_X1
mul6_mult_28_U336               0.000156   3.805e-05   0.0002191   2.507e-05  XOR2_X1
mul1_mult_28_U67               8.903e-05   5.317e-05   0.0002189   7.672e-05  FA_X1
mul9_mult_28_U373              7.919e-05   0.0001019   0.0002189   3.781e-05  XNOR2_X1
mul7_mult_28_U446              5.756e-05   0.0001234   0.0002188    3.78e-05  XNOR2_X1
mul3_mult_28_U344              9.028e-05   9.995e-05   0.0002186   2.839e-05  OAI22_X1
mul7_mult_28_U336              0.0001551    3.84e-05   0.0002186   2.508e-05  XOR2_X1
mul1_mult_28_U340              9.455e-05   9.926e-05   0.0002185   2.472e-05  OAI22_X1
mul5_mult_28_U340              9.278e-05    0.000102   0.0002185   2.371e-05  OAI22_X1
mul9_mult_28_U374              0.0001063   8.432e-05   0.0002178   2.718e-05  OAI22_X1
mul9_mult_28_U56               0.0001009   5.726e-05   0.0002172   5.904e-05  FA_X1
mul0_mult_28_U340              9.451e-05   9.747e-05   0.0002168   2.482e-05  OAI22_X1
mul3_mult_28_U42               9.102e-05   5.921e-05   0.0002167    6.65e-05  FA_X1
mul9_mult_28_U366              0.0001058   8.357e-05   0.0002167   2.733e-05  OAI22_X1
mul5_mult_28_U418              7.155e-05    0.000103   0.0002163   4.168e-05  OAI22_X1
mul6_mult_28_U431              0.0001102   7.817e-05   0.0002156   2.727e-05  OAI22_X1
mul0_mult_28_U55               0.0001186   4.213e-05   0.0002153   5.459e-05  FA_X1
mul2_mult_28_U358               7.28e-05   9.878e-05    0.000215   4.345e-05  OAI22_X1
mul10_mult_28_U344             8.863e-05   0.0001026    0.000215    2.38e-05  OAI22_X1
mul4_mult_28_U72               0.0001076   4.808e-05   0.0002148   5.912e-05  HA_X1
mul9_mult_28_U67               8.467e-05   5.118e-05   0.0002144   7.856e-05  FA_X1
mul4_mult_28_U395              7.161e-05   9.928e-05   0.0002144   4.348e-05  OAI22_X1
mul5_mult_28_U435              7.172e-05   9.913e-05   0.0002141   4.323e-05  OAI22_X1
mul4_mult_28_U340              9.038e-05   9.532e-05   0.0002138   2.809e-05  OAI22_X1
mul6_mult_28_U316              4.956e-05   0.0001504   0.0002136   1.367e-05  INV_X1
mul9_mult_28_U340               9.26e-05   9.752e-05   0.0002133   2.316e-05  OAI22_X1
mul2_mult_28_U483              0.0001245   4.965e-05   0.0002129   3.878e-05  MUX2_X1
mul5_mult_28_U362              7.214e-05   9.688e-05   0.0002126   4.355e-05  OAI22_X1
mul6_mult_28_U362              7.204e-05   9.841e-05   0.0002122   4.175e-05  OAI22_X1
mul5_mult_28_U431              7.171e-05   9.677e-05    0.000212   4.355e-05  OAI22_X1
mul9_mult_28_U344              9.022e-05    9.74e-05   0.0002113    2.37e-05  OAI22_X1
mul6_mult_28_U340              9.042e-05   9.229e-05   0.0002113   2.859e-05  OAI22_X1
mul2_mult_28_U395              7.339e-05   9.586e-05   0.0002112   4.196e-05  OAI22_X1
mul7_mult_28_U423              5.779e-05   0.0001156   0.0002112    3.78e-05  XNOR2_X1
mul7_mult_28_U340              8.989e-05   9.222e-05   0.0002111   2.904e-05  OAI22_X1
mul8_mult_28_U346              6.435e-05   0.0001054   0.0002111   4.128e-05  OAI22_X1
mul7_mult_28_U42               8.644e-05   5.745e-05   0.0002103   6.647e-05  FA_X1
mul2_mult_28_U346               6.62e-05   0.0001023     0.00021   4.148e-05  OAI22_X1
mul9_mult_28_U377              5.677e-05   0.0001149   0.0002094   3.778e-05  XNOR2_X1
mul0_mult_28_U322               7.15e-05   9.717e-05   0.0002093   4.066e-05  XOR2_X1
mul1_mult_28_U362              0.0001133   6.979e-05   0.0002092    2.62e-05  OAI22_X1
mul4_mult_28_U362              7.305e-05   9.411e-05   0.0002091   4.195e-05  OAI22_X1
mul9_mult_28_U389              0.0001095   7.676e-05    0.000209   2.268e-05  OAI22_X1
mul6_mult_28_U395              7.136e-05   9.354e-05   0.0002086   4.375e-05  OAI22_X1
mul10_mult_28_U340             9.085e-05   9.291e-05   0.0002083   2.452e-05  OAI22_X1
mul3_mult_28_U322              7.033e-05   9.826e-05   0.0002082   3.957e-05  XOR2_X1
mul8_mult_28_U342              6.586e-05   0.0001007    0.000208   4.143e-05  OAI22_X1
mul2_mult_28_U389              7.378e-05   9.211e-05    0.000208   4.213e-05  OAI22_X1
mul6_mult_28_U72               0.0001061   4.319e-05   0.0002078   5.843e-05  HA_X1
mul8_mult_28_U389              7.091e-05   9.472e-05   0.0002074   4.175e-05  OAI22_X1
mul2_mult_28_U342              6.721e-05   9.894e-05   0.0002074   4.121e-05  OAI22_X1
mul5_mult_28_U441              7.141e-05   9.223e-05   0.0002073   4.365e-05  OAI22_X1
mul2_mult_28_U362              7.357e-05   9.006e-05   0.0002071   4.346e-05  OAI22_X1
mul7_mult_28_U344              8.772e-05   9.087e-05   0.0002069   2.829e-05  OAI22_X1
mul4_mult_28_U389              7.208e-05    9.16e-05   0.0002068   4.313e-05  OAI22_X1
mul6_mult_28_U344              8.886e-05   8.987e-05   0.0002068   2.802e-05  OAI22_X1
mul6_mult_28_U389              7.147e-05   9.157e-05   0.0002064   4.336e-05  OAI22_X1
mul2_mult_28_U316               5.06e-05   0.0001415   0.0002061   1.401e-05  INV_X1
mul4_mult_28_U358              7.241e-05   9.143e-05   0.0002058   4.198e-05  OAI22_X1
mul9_mult_28_U362              0.0001085   6.945e-05   0.0002058   2.788e-05  OAI22_X1
mul1_mult_28_U384              0.0001085   6.106e-05   0.0002054   3.586e-05  XNOR2_X1
mul5_mult_28_U44               0.0001041    3.94e-05   0.0002053   6.173e-05  FA_X1
mul1_mult_28_U487              0.0001085   6.084e-05   0.0002052   3.586e-05  XNOR2_X1
mul8_mult_28_U358                7.1e-05   9.026e-05   0.0002047   4.347e-05  OAI22_X1
mul8_mult_28_U362              7.062e-05    9.02e-05   0.0002045   4.364e-05  OAI22_X1
mul8_mult_28_U395              7.132e-05   9.162e-05   0.0002045   4.151e-05  OAI22_X1
mul8_mult_28_U483              0.0001224   4.302e-05   0.0002044   3.897e-05  MUX2_X1
mul1_mult_28_U316               5.25e-05   0.0001379   0.0002041   1.371e-05  INV_X1
mul10_mult_28_U430             0.0001012   6.639e-05   0.0002037   3.611e-05  XNOR2_X1
mul1_mult_28_U389               0.000113   6.737e-05   0.0002037   2.329e-05  OAI22_X1
mul6_mult_28_U358              7.229e-05   8.928e-05   0.0002034   4.186e-05  OAI22_X1
mul5_mult_28_U358              7.162e-05   8.831e-05   0.0002034   4.349e-05  OAI22_X1
mul4_mult_28_U361              0.0001072   5.983e-05   0.0002034   3.635e-05  XNOR2_X1
mul0_mult_28_U407              0.0001086   5.888e-05   0.0002032    3.58e-05  XNOR2_X1
mul6_mult_28_U435              0.0001082   6.797e-05   0.0002029   2.673e-05  OAI22_X1
mul2_mult_28_U384              0.0001071   5.917e-05   0.0002028   3.653e-05  XNOR2_X1
mul0_mult_28_U487              0.0001086    5.84e-05   0.0002028    3.58e-05  XNOR2_X1
mul7_mult_28_U329              7.326e-05   9.135e-05   0.0002027   3.812e-05  XNOR2_X1
mul1_mult_28_U430              0.0001085   5.832e-05   0.0002027   3.586e-05  XNOR2_X1
mul7_mult_28_U316              5.048e-05   0.0001382   0.0002025   1.384e-05  INV_X1
mul0_mult_28_U316               5.15e-05   0.0001372   0.0002024   1.374e-05  INV_X1
mul5_mult_28_U389               0.000109   6.662e-05   0.0002021   2.647e-05  OAI22_X1
mul4_mult_28_U352              8.934e-05    8.51e-05    0.000202   2.753e-05  OAI22_X1
mul2_mult_28_U487              0.0001071   5.824e-05   0.0002019   3.653e-05  XNOR2_X1
mul0_mult_28_U384              0.0001086   5.735e-05   0.0002017    3.58e-05  XNOR2_X1
mul1_mult_28_U407              0.0001085   5.735e-05   0.0002017   3.586e-05  XNOR2_X1
mul0_mult_28_U430              0.0001086   5.685e-05   0.0002012    3.58e-05  XNOR2_X1
mul1_mult_28_U322              7.203e-05   8.798e-05   0.0002007   4.066e-05  XOR2_X1
mul0_mult_28_U361              0.0001086   5.591e-05   0.0002003    3.58e-05  XNOR2_X1
mul2_mult_28_U430              0.0001072   5.639e-05   0.0002001   3.653e-05  XNOR2_X1
mul5_mult_28_U477              0.0001174   4.135e-05      0.0002   4.122e-05  AOI222_X1
mul2_mult_28_U407              0.0001072   5.585e-05   0.0001996   3.653e-05  XNOR2_X1
mul2_mult_28_U59                8.52e-05   5.471e-05   0.0001994   5.952e-05  FA_X1
mul10_mult_28_U352             8.887e-05   8.617e-05   0.0001987   2.371e-05  OAI22_X1
mul6_mult_28_U361              0.0001043   5.772e-05   0.0001985   3.653e-05  XNOR2_X1
mul5_mult_28_U487              0.0001058   5.588e-05   0.0001983   3.659e-05  XNOR2_X1
mul7_mult_28_U322               6.85e-05   9.009e-05   0.0001979   3.936e-05  XOR2_X1
mul2_mult_28_U322              7.142e-05   8.469e-05   0.0001972   4.109e-05  XOR2_X1
mul5_mult_28_U407              0.0001058   5.447e-05   0.0001969   3.659e-05  XNOR2_X1
mul5_mult_28_U410              5.418e-05   0.0001007   0.0001969   4.193e-05  OAI22_X1
mul4_mult_28_U470              8.718e-05   6.088e-05   0.0001963   4.827e-05  AOI222_X1
mul6_mult_28_U322              6.849e-05   8.827e-05   0.0001961   3.929e-05  XOR2_X1
mul8_mult_28_U322              7.024e-05    8.45e-05   0.0001957   4.094e-05  XOR2_X1
mul5_mult_28_U322              6.966e-05    8.66e-05   0.0001953     3.9e-05  XOR2_X1
mul9_mult_28_U407              0.0001016   5.507e-05   0.0001937   3.709e-05  XNOR2_X1
mul9_mult_28_U487              0.0001015   5.489e-05   0.0001935   3.709e-05  XNOR2_X1
mul10_mult_28_U407             0.0001013   5.596e-05   0.0001934   3.611e-05  XNOR2_X1
mul9_mult_28_U384              0.0001016   5.469e-05   0.0001933   3.709e-05  XNOR2_X1
mul6_mult_28_U352              8.828e-05   7.662e-05   0.0001931   2.824e-05  OAI22_X1
mul10_mult_28_U487             0.0001013   5.569e-05   0.0001931   3.611e-05  XNOR2_X1
mul5_mult_28_U316              5.248e-05   0.0001267   0.0001931   1.384e-05  INV_X1
mul8_mult_28_U407              0.0001017    5.47e-05    0.000193   3.653e-05  XNOR2_X1
mul8_mult_28_U430              0.0001017   5.444e-05   0.0001927   3.653e-05  XNOR2_X1
mul3_mult_28_U64               9.093e-05   4.508e-05   0.0001925   5.645e-05  FA_X1
mul8_mult_28_U59               8.101e-05   5.155e-05   0.0001923   5.972e-05  FA_X1
mul7_mult_28_U352              8.764e-05   7.633e-05   0.0001923   2.829e-05  OAI22_X1
mul9_mult_28_U322              6.962e-05   8.158e-05   0.0001922   4.102e-05  XOR2_X1
mul9_mult_28_U430              0.0001016   5.307e-05   0.0001917   3.709e-05  XNOR2_X1
mul8_mult_28_U384              0.0001017    5.31e-05   0.0001914   3.653e-05  XNOR2_X1
mul10_mult_28_U384             0.0001013   5.318e-05   0.0001906   3.611e-05  XNOR2_X1
mul8_mult_28_U487              0.0001017   5.227e-05   0.0001905   3.653e-05  XNOR2_X1
mul0_mult_28_U352              9.329e-05   7.283e-05   0.0001904   2.429e-05  OAI22_X1
mul0_mult_28_U338              8.398e-05   5.979e-05   0.0001903   4.653e-05  XOR2_X1
mul5_mult_28_U433              5.369e-05   9.312e-05   0.0001902    4.34e-05  OAI22_X1
mul3_mult_28_U388              6.034e-05   9.203e-05   0.0001901   3.774e-05  XNOR2_X1
mul10_mult_28_U361             0.0001013   5.228e-05   0.0001897   3.611e-05  XNOR2_X1
mul1_mult_28_U352              9.345e-05   7.192e-05   0.0001896    2.42e-05  OAI22_X1
mul10_mult_28_U322             6.902e-05    7.96e-05   0.0001892   4.058e-05  XOR2_X1
mul7_mult_28_U64               8.759e-05   4.532e-05   0.0001891   5.621e-05  FA_X1
mul6_mult_28_U470                8.5e-05   5.502e-05    0.000189   4.898e-05  AOI222_X1
mul6_mult_28_U376              0.0001107   5.505e-05   0.0001889   2.315e-05  OAI22_X1
mul9_mult_28_U316              4.924e-05   0.0001256   0.0001887   1.389e-05  INV_X1
mul3_mult_28_U352              8.963e-05    7.05e-05   0.0001887   2.859e-05  OAI22_X1
mul6_mult_28_U387              5.372e-05   9.164e-05   0.0001887   4.331e-05  OAI22_X1
mul3_mult_28_U392              6.001e-05   9.021e-05    0.000188   3.778e-05  XNOR2_X1
mul8_mult_28_U391              5.303e-05   9.309e-05    0.000188   4.186e-05  OAI22_X1
mul2_mult_28_U365              6.069e-05   8.938e-05   0.0001879   3.778e-05  XNOR2_X1
mul4_mult_28_U316              5.001e-05   0.0001236   0.0001875   1.393e-05  INV_X1
mul1_mult_28_U473              9.396e-05   5.063e-05   0.0001872   4.261e-05  AOI222_X1
mul4_mult_28_U411              5.989e-05   8.926e-05   0.0001869    3.78e-05  XNOR2_X1
mul7_mult_28_U347              5.907e-05   8.997e-05   0.0001868    3.78e-05  XNOR2_X1
mul5_mult_28_U392              5.975e-05   8.918e-05   0.0001868   3.783e-05  XNOR2_X1
mul2_mult_28_U338              8.436e-05   5.547e-05   0.0001867   4.682e-05  XOR2_X1
mul1_mult_28_U369              6.101e-05   8.772e-05   0.0001865    3.78e-05  XNOR2_X1
mul5_mult_28_U414              5.369e-05   9.061e-05   0.0001865   4.221e-05  OAI22_X1
mul5_mult_28_U329              7.308e-05   7.506e-05   0.0001863   3.812e-05  XNOR2_X1
mul2_mult_28_U66               7.921e-05   5.336e-05   0.0001861   5.353e-05  FA_X1
mul4_mult_28_U347              5.936e-05   8.868e-05   0.0001859   3.785e-05  XNOR2_X1
mul7_mult_28_U434              6.021e-05   8.793e-05   0.0001859   3.774e-05  XNOR2_X1
mul5_mult_28_U469              9.239e-05   6.456e-05   0.0001856   2.867e-05  OAI222_X1
mul1_mult_28_U365              6.182e-05   8.563e-05   0.0001853   3.784e-05  XNOR2_X1
mul9_mult_28_U365              5.943e-05   8.799e-05   0.0001851   3.773e-05  XNOR2_X1
mul5_mult_28_U470               7.57e-05   6.126e-05    0.000185   4.806e-05  AOI222_X1
mul8_mult_28_U316              4.922e-05   0.0001223    0.000185    1.35e-05  INV_X1
mul5_mult_28_U474              9.069e-05   4.664e-05   0.0001848   4.747e-05  AOI222_X1
mul6_mult_28_U343              6.021e-05   8.665e-05   0.0001846   3.776e-05  XNOR2_X1
mul6_mult_28_U415              5.862e-05    8.81e-05   0.0001845    3.78e-05  XNOR2_X1
mul4_mult_28_U391              5.346e-05   8.795e-05   0.0001844   4.303e-05  OAI22_X1
mul4_mult_28_U392               5.94e-05   8.718e-05   0.0001844   3.785e-05  XNOR2_X1
mul4_mult_28_U388              5.997e-05   8.663e-05   0.0001844    3.78e-05  XNOR2_X1
mul7_mult_28_U388              6.027e-05   8.591e-05   0.0001839   3.774e-05  XNOR2_X1
mul1_mult_28_U338              8.411e-05   5.321e-05   0.0001838   4.651e-05  XOR2_X1
mul7_mult_28_U355              5.863e-05   8.738e-05   0.0001838    3.78e-05  XNOR2_X1
mul5_mult_28_U352              9.259e-05   6.677e-05   0.0001838    2.44e-05  OAI22_X1
mul4_mult_28_U387               5.39e-05   8.656e-05   0.0001837   4.327e-05  OAI22_X1
mul5_mult_28_U294              5.168e-05   0.0001167   0.0001835   1.512e-05  INV_X1
mul8_mult_28_U387              5.427e-05   8.719e-05   0.0001834   4.199e-05  OAI22_X1
mul5_mult_28_U369              5.986e-05   8.567e-05   0.0001834   3.783e-05  XNOR2_X1
mul5_mult_28_U388              6.018e-05   8.513e-05   0.0001831   3.776e-05  XNOR2_X1
mul3_mult_28_U369              6.019e-05   8.494e-05   0.0001829   3.778e-05  XNOR2_X1
mul2_mult_28_U471              6.243e-05   5.533e-05   0.0001828   6.504e-05  OAI222_X1
mul2_mult_28_U387              5.512e-05   8.583e-05   0.0001828    4.18e-05  OAI22_X1
mul2_mult_28_U369              6.028e-05   8.456e-05   0.0001827   3.784e-05  XNOR2_X1
mul4_mult_28_U438              5.945e-05   8.533e-05   0.0001826   3.785e-05  XNOR2_X1
mul2_mult_28_U377              6.037e-05   8.427e-05   0.0001825   3.784e-05  XNOR2_X1
mul5_mult_28_U437              5.329e-05   8.601e-05   0.0001824   4.313e-05  OAI22_X1
mul4_mult_28_U400              5.941e-05   8.477e-05    0.000182   3.785e-05  XNOR2_X1
mul3_mult_28_U415              6.019e-05   8.387e-05   0.0001818   3.778e-05  XNOR2_X1
mul8_mult_28_U66               7.721e-05   5.142e-05   0.0001816   5.299e-05  FA_X1
mul9_mult_28_U352              8.973e-05   6.806e-05   0.0001816    2.38e-05  OAI22_X1
mul3_mult_28_U434              6.059e-05   8.324e-05   0.0001816   3.774e-05  XNOR2_X1
mul9_mult_28_U369              5.793e-05   8.574e-05   0.0001814   3.778e-05  XNOR2_X1
mul7_mult_28_U343              6.035e-05   8.322e-05   0.0001813   3.774e-05  XNOR2_X1
mul8_mult_28_U471              6.132e-05   5.545e-05   0.0001813   6.454e-05  OAI222_X1
mul7_mult_28_U369              5.925e-05   8.407e-05   0.0001811    3.78e-05  XNOR2_X1
mul9_mult_28_U473              8.911e-05   4.886e-05   0.0001811   4.312e-05  AOI222_X1
mul6_mult_28_U355              5.884e-05   8.443e-05   0.0001811    3.78e-05  XNOR2_X1
mul4_mult_28_U355              5.945e-05   8.372e-05    0.000181   3.785e-05  XNOR2_X1
mul6_mult_28_U434              6.033e-05   8.283e-05   0.0001809   3.776e-05  XNOR2_X1
mul4_mult_28_U434              6.007e-05   8.302e-05   0.0001809    3.78e-05  XNOR2_X1
mul6_mult_28_U411               6.03e-05   8.282e-05   0.0001809   3.776e-05  XNOR2_X1
mul2_mult_28_U391               5.48e-05   8.392e-05   0.0001808   4.208e-05  OAI22_X1
mul4_mult_28_U415              5.951e-05   8.338e-05   0.0001807   3.785e-05  XNOR2_X1
mul3_mult_28_U377              5.996e-05   8.282e-05   0.0001806   3.778e-05  XNOR2_X1
mul3_mult_28_U343              6.062e-05   8.218e-05   0.0001805   3.774e-05  XNOR2_X1
mul3_mult_28_U446              5.997e-05    8.26e-05   0.0001803   3.778e-05  XNOR2_X1
mul6_mult_28_U391              5.291e-05   8.417e-05   0.0001803    4.32e-05  OAI22_X1
mul3_mult_28_U347              6.027e-05   8.221e-05   0.0001803   3.778e-05  XNOR2_X1
mul6_mult_28_U400              5.886e-05   8.355e-05   0.0001802    3.78e-05  XNOR2_X1
mul3_mult_28_U56               7.876e-05   4.385e-05   0.0001801   5.749e-05  FA_X1
mul4_mult_28_U423              5.948e-05   8.258e-05   0.0001799   3.785e-05  XNOR2_X1
mul8_mult_28_U365              6.044e-05   8.167e-05   0.0001799   3.774e-05  XNOR2_X1
mul5_mult_28_U400              5.923e-05   8.253e-05   0.0001796   3.783e-05  XNOR2_X1
mul6_mult_28_U388              6.035e-05    8.12e-05   0.0001793   3.776e-05  XNOR2_X1
mul5_mult_28_U446              5.922e-05   8.196e-05    0.000179   3.783e-05  XNOR2_X1
mul3_mult_28_U438              6.028e-05   8.089e-05    0.000179   3.778e-05  XNOR2_X1
mul3_mult_28_U365              6.067e-05   8.052e-05   0.0001789   3.774e-05  XNOR2_X1
mul6_mult_28_U446               5.89e-05    8.22e-05   0.0001789    3.78e-05  XNOR2_X1
mul6_mult_28_U347              5.879e-05   8.228e-05   0.0001789    3.78e-05  XNOR2_X1
mul3_mult_28_U404              7.456e-05   7.693e-05   0.0001788   2.734e-05  OAI22_X1
mul4_mult_28_U343              6.013e-05   8.081e-05   0.0001787    3.78e-05  XNOR2_X1
mul6_mult_28_U451              8.223e-05   5.864e-05   0.0001787   3.782e-05  XNOR2_X1
mul1_mult_28_U377              6.083e-05   7.991e-05   0.0001785    3.78e-05  XNOR2_X1
mul2_mult_28_U399              0.0001133   4.158e-05   0.0001785   2.357e-05  OAI22_X1
mul7_mult_28_U415              5.932e-05   8.138e-05   0.0001785    3.78e-05  XNOR2_X1
mul7_mult_28_U411              6.044e-05   8.029e-05   0.0001785   3.774e-05  XNOR2_X1
mul3_mult_28_U355              6.002e-05   8.066e-05   0.0001785   3.778e-05  XNOR2_X1
mul9_mult_28_U338              8.264e-05   4.886e-05   0.0001782   4.669e-05  XOR2_X1
mul5_mult_28_U365              6.033e-05   7.998e-05   0.0001781   3.776e-05  XNOR2_X1
mul5_mult_28_U434              6.033e-05   7.996e-05   0.0001781   3.776e-05  XNOR2_X1
mul3_mult_28_U411              6.071e-05   7.928e-05   0.0001777   3.774e-05  XNOR2_X1
mul4_mult_28_U446              5.955e-05   8.004e-05   0.0001774   3.785e-05  XNOR2_X1
mul5_mult_28_U377              5.927e-05   8.026e-05   0.0001774   3.783e-05  XNOR2_X1
mul6_mult_28_U392              5.883e-05    8.06e-05   0.0001772    3.78e-05  XNOR2_X1
mul7_mult_28_U377              5.883e-05   8.055e-05   0.0001772    3.78e-05  XNOR2_X1
mul8_mult_28_U338               8.19e-05   4.897e-05   0.0001772   4.629e-05  XOR2_X1
mul7_mult_28_U438              5.936e-05   7.998e-05   0.0001771    3.78e-05  XNOR2_X1
mul5_mult_28_U438              6.005e-05   7.924e-05   0.0001771   3.783e-05  XNOR2_X1
mul6_mult_28_U438              5.885e-05   8.015e-05   0.0001768    3.78e-05  XNOR2_X1
mul7_mult_28_U56               7.682e-05    4.27e-05   0.0001768   5.724e-05  FA_X1
mul7_mult_28_U365              6.049e-05   7.837e-05   0.0001766   3.774e-05  XNOR2_X1
mul5_mult_28_U449              8.219e-05   5.634e-05   0.0001763    3.78e-05  XNOR2_X1
mul3_mult_28_U400              6.009e-05   7.829e-05   0.0001762   3.778e-05  XNOR2_X1
mul8_mult_28_U369               5.83e-05   8.001e-05   0.0001761   3.776e-05  XNOR2_X1
FE_RC_21_0                     9.921e-05   5.287e-05   0.0001757   2.359e-05  AOI21_X1
FE_RC_28_0                     9.824e-05   5.501e-05   0.0001756   2.236e-05  AOI21_X1
mul8_mult_28_U377              5.832e-05   7.949e-05   0.0001756   3.776e-05  XNOR2_X1
mul5_mult_28_U451              8.359e-05   5.368e-05   0.0001751    3.78e-05  XNOR2_X1
FE_RC_35_0                     9.677e-05   5.437e-05   0.0001749    2.38e-05  AOI21_X1
mul7_mult_28_U400               5.89e-05   7.817e-05   0.0001749    3.78e-05  XNOR2_X1
mul7_mult_28_U404              7.207e-05   7.511e-05   0.0001747   2.755e-05  OAI22_X1
mul10_mult_28_U338             7.963e-05   4.858e-05   0.0001746   4.642e-05  XOR2_X1
mul5_mult_28_U472              7.564e-05   5.533e-05   0.0001746   4.359e-05  AOI222_X1
mul4_mult_28_U298              5.266e-05   0.0001062   0.0001742   1.529e-05  INV_X1
mul5_mult_28_U300              5.127e-05    0.000108    0.000174   1.469e-05  INV_X1
mul6_mult_28_U423              5.905e-05   7.708e-05   0.0001739    3.78e-05  XNOR2_X1
mul6_mult_28_U300              5.133e-05   0.0001087   0.0001738   1.377e-05  INV_X1
mul3_mult_28_U451               8.39e-05   5.205e-05   0.0001737    3.78e-05  XNOR2_X1
mul3_mult_28_U449              8.396e-05   5.194e-05   0.0001737    3.78e-05  XNOR2_X1
mul6_mult_28_U329              7.292e-05   6.253e-05   0.0001736   3.817e-05  XNOR2_X1
FE_RC_6_0                      8.287e-05   5.772e-05   0.0001734   3.283e-05  AOI21_X1
mul2_mult_28_U364              5.519e-05   7.451e-05   0.0001732   4.352e-05  OAI22_X1
mul4_mult_28_U329              7.343e-05    6.16e-05   0.0001731   3.809e-05  XNOR2_X1
mul5_mult_28_U296               5.19e-05   0.0001072    0.000173   1.394e-05  INV_X1
mul4_mult_28_U300              5.238e-05    0.000106   0.0001724   1.403e-05  INV_X1
mul7_mult_28_U392              5.954e-05   7.508e-05   0.0001724    3.78e-05  XNOR2_X1
mul3_mult_28_U329              7.376e-05   6.014e-05   0.0001721   3.819e-05  XNOR2_X1
mul4_mult_28_U451              8.253e-05   5.173e-05   0.0001721   3.782e-05  XNOR2_X1
mul4_mult_28_U449              8.286e-05   5.118e-05   0.0001719   3.782e-05  XNOR2_X1
mul4_mult_28_U427               7.49e-05   7.017e-05   0.0001718   2.672e-05  OAI22_X1
mul5_mult_28_U364              5.401e-05   7.429e-05   0.0001717    4.34e-05  OAI22_X1
mul4_mult_28_U471              4.849e-05   4.645e-05    0.000171   7.601e-05  OAI222_X1
FE_RC_5_0                      8.466e-05   5.284e-05   0.0001708   3.325e-05  AOI21_X1
mul4_mult_28_U368              5.417e-05   7.403e-05   0.0001705   4.231e-05  OAI22_X1
mul7_mult_28_U451              8.189e-05   5.041e-05     0.00017   3.774e-05  XNOR2_X1
mul6_mult_28_U427              7.272e-05   7.002e-05   0.0001699   2.714e-05  OAI22_X1
mul6_mult_28_U298              5.251e-05   0.0001022   0.0001698   1.506e-05  INV_X1
mul3_mult_28_U473              9.727e-05    3.28e-05   0.0001697   3.966e-05  AOI222_X1
mul6_mult_28_U449              8.152e-05   5.025e-05   0.0001696   3.782e-05  XNOR2_X1
mul2_mult_28_U354              0.0001014   4.399e-05   0.0001696   2.416e-05  OAI22_X1
mul4_mult_28_U364              5.462e-05   7.283e-05   0.0001695   4.207e-05  OAI22_X1
mul6_mult_28_U471              4.756e-05    4.66e-05    0.000169   7.481e-05  OAI222_X1
mul2_mult_28_U368               5.46e-05   7.092e-05   0.0001688   4.326e-05  OAI22_X1
mul2_mult_28_U292              4.726e-05   0.0001068   0.0001688   1.469e-05  INV_X1
mul7_mult_28_U449              8.116e-05   4.979e-05   0.0001687   3.774e-05  XNOR2_X1
mul8_mult_28_U364              5.404e-05   7.111e-05   0.0001685   4.334e-05  OAI22_X1
mul6_mult_28_U364              5.481e-05   7.159e-05   0.0001684   4.202e-05  OAI22_X1
FE_RC_4_0                      8.429e-05    5.06e-05   0.0001681   3.324e-05  AOI21_X1
FE_RC_9_0                      8.105e-05   5.328e-05   0.0001672   3.286e-05  AOI21_X1
FE_RC_41_0                     9.577e-05   4.629e-05   0.0001662    2.41e-05  AOI21_X1
mul8_mult_28_U292              4.607e-05   0.0001048   0.0001661   1.521e-05  INV_X1
mul2_mult_28_U475              8.122e-05   3.109e-05    0.000166   5.374e-05  AOI222_X1
mul4_mult_28_U357              0.0001001   3.385e-05   0.0001658    3.18e-05  XNOR2_X1
mul8_mult_28_U368              5.268e-05   6.938e-05   0.0001655   4.346e-05  OAI22_X1
mul5_mult_28_U354              7.344e-05   5.052e-05    0.000165   4.105e-05  OAI22_X1
FE_RC_27_0                     9.753e-05   4.391e-05    0.000165   2.351e-05  AOI21_X1
mul6_mult_28_U66               6.339e-05   4.014e-05   0.0001646   6.105e-05  FA_X1
mul4_mult_28_U66                6.35e-05   3.986e-05   0.0001644   6.109e-05  FA_X1
mul3_mult_28_U55               7.815e-05   2.876e-05   0.0001644   5.749e-05  FA_X1
mul5_mult_28_U368              5.389e-05   6.694e-05    0.000164   4.313e-05  OAI22_X1
mul1_mult_28_U476              8.093e-05   2.908e-05   0.0001639   5.394e-05  AOI222_X1
FE_RC_29_0                     9.743e-05    4.27e-05   0.0001638   2.363e-05  AOI21_X1
FE_RC_30_0                      9.82e-05    4.33e-05   0.0001637   2.224e-05  AOI21_X1
mul9_mult_28_U381              7.308e-05    6.83e-05   0.0001637   2.229e-05  OAI22_X1
mul7_mult_28_U469              5.697e-05   4.683e-05   0.0001636   5.976e-05  OAI222_X1
mul6_mult_28_U368              5.381e-05   6.754e-05   0.0001635   4.214e-05  OAI22_X1
mul1_mult_28_U380              9.987e-05   3.098e-05    0.000163   3.217e-05  XNOR2_X1
mul8_mult_28_U475               7.86e-05   3.076e-05   0.0001628   5.347e-05  AOI222_X1
FE_RC_8_0                      8.159e-05   4.827e-05   0.0001627   3.287e-05  AOI21_X1
mul7_mult_28_U55               7.621e-05   2.893e-05   0.0001624   5.724e-05  FA_X1
mul4_mult_28_U56               6.618e-05   3.415e-05   0.0001621   6.178e-05  FA_X1
mul1_mult_28_U426              9.982e-05   3.011e-05   0.0001621   3.217e-05  XNOR2_X1
mul0_mult_28_U334              6.493e-05   5.009e-05   0.0001618    4.68e-05  XOR2_X1
FE_RC_32_0                     9.738e-05   4.072e-05   0.0001617   2.363e-05  AOI21_X1
mul7_mult_28_U473              9.451e-05   2.695e-05   0.0001617   4.022e-05  AOI222_X1
mul3_mult_28_U332              0.0001077   2.876e-05   0.0001616   2.511e-05  XOR2_X1
FE_RC_33_0                     8.157e-05   4.701e-05   0.0001614   3.287e-05  AOI21_X1
FE_RC_10_0                     9.668e-05   4.292e-05   0.0001614   2.177e-05  AOI21_X1
mul1_mult_28_U381               7.79e-05   5.919e-05   0.0001607   2.364e-05  OAI22_X1
mul1_mult_28_U403              9.975e-05   2.865e-05   0.0001606   3.217e-05  XNOR2_X1
FE_RC_18_0                     8.434e-05   4.295e-05   0.0001605   3.325e-05  AOI21_X1
FE_RC_25_0                     8.214e-05   4.545e-05   0.0001605   3.293e-05  AOI21_X1
mul10_mult_28_U471             3.948e-05   4.774e-05   0.0001605   7.326e-05  OAI222_X1
mul6_mult_28_U56               6.507e-05   3.378e-05   0.0001601   6.127e-05  FA_X1
FE_RC_40_0                     9.649e-05   4.163e-05   0.0001599   2.177e-05  AOI21_X1
FE_RC_19_0                      8.35e-05   4.351e-05   0.0001599   3.287e-05  AOI21_X1
mul0_mult_28_U403              9.953e-05   2.818e-05   0.0001598   3.213e-05  XNOR2_X1
mul4_mult_28_U332              0.0001077   2.685e-05   0.0001596   2.507e-05  XOR2_X1
mul2_mult_28_U380              9.949e-05   2.815e-05   0.0001595   3.184e-05  XNOR2_X1
mul0_mult_28_U380              9.953e-05   2.778e-05   0.0001594   3.213e-05  XNOR2_X1
mul6_mult_28_U357               9.83e-05   2.863e-05   0.0001591   3.221e-05  XNOR2_X1
mul0_mult_28_U426              9.949e-05   2.739e-05    0.000159   3.213e-05  XNOR2_X1
mul0_mult_28_U357               9.95e-05    2.73e-05   0.0001589   3.213e-05  XNOR2_X1
mul2_mult_28_U426              9.945e-05   2.754e-05   0.0001588   3.184e-05  XNOR2_X1
mul0_mult_28_U471              4.059e-05   4.416e-05   0.0001587   7.392e-05  OAI222_X1
mul9_mult_28_U426              9.716e-05   2.928e-05   0.0001586   3.217e-05  XNOR2_X1
mul9_mult_28_U476              7.763e-05   2.795e-05   0.0001586   5.303e-05  AOI222_X1
mul3_mult_28_U469              5.896e-05   3.845e-05   0.0001586   6.118e-05  OAI222_X1
mul2_mult_28_U403              9.945e-05   2.727e-05   0.0001586   3.184e-05  XNOR2_X1
mul5_mult_28_U403              9.859e-05    2.79e-05   0.0001585   3.197e-05  XNOR2_X1
mul4_mult_28_U472              6.631e-05   4.911e-05   0.0001582   4.278e-05  AOI222_X1
FE_RC_31_0                      8.23e-05   4.282e-05    0.000158    3.29e-05  AOI21_X1
mul10_mult_28_U357              9.67e-05   2.895e-05    0.000158   3.234e-05  XNOR2_X1
mul5_mult_28_U332              0.0001063   2.628e-05   0.0001577    2.51e-05  XOR2_X1
mul10_mult_28_U426             9.666e-05   2.821e-05   0.0001572   3.234e-05  XNOR2_X1
mul8_mult_28_U380               9.71e-05    2.74e-05   0.0001571   3.259e-05  XNOR2_X1
FE_RC_7_0                      8.219e-05    4.19e-05    0.000157   3.293e-05  AOI21_X1
mul9_mult_28_U380              9.708e-05   2.756e-05   0.0001568   3.217e-05  XNOR2_X1
mul10_mult_28_U380             9.665e-05   2.782e-05   0.0001568   3.234e-05  XNOR2_X1
mul8_mult_28_U403              9.709e-05   2.703e-05   0.0001567   3.259e-05  XNOR2_X1
mul9_mult_28_U403              9.708e-05   2.743e-05   0.0001567   3.217e-05  XNOR2_X1
mul8_mult_28_U426              9.707e-05    2.68e-05   0.0001565   3.259e-05  XNOR2_X1
mul5_mult_28_U381              7.371e-05    5.49e-05   0.0001557   2.709e-05  OAI22_X1
FE_RC_44_0                     8.082e-05   4.139e-05   0.0001555   3.329e-05  AOI21_X1
mul10_mult_28_U403             9.657e-05   2.648e-05   0.0001554   3.234e-05  XNOR2_X1
mul8_mult_28_U484              8.261e-05   3.623e-05   0.0001553   3.651e-05  NAND3_X1
mul7_mult_28_U332              0.0001038   2.632e-05   0.0001552   2.515e-05  XOR2_X1
FE_RC_11_0                     8.078e-05   4.056e-05   0.0001546   3.329e-05  AOI21_X1
mul5_mult_28_U406              3.623e-05   7.642e-05   0.0001546   4.193e-05  OAI22_X1
FE_RC_12_0                     8.002e-05   4.117e-05   0.0001545    3.33e-05  AOI21_X1
mul6_mult_28_U332              0.0001048   2.427e-05   0.0001542   2.509e-05  XOR2_X1
mul2_mult_28_U325              6.309e-05   4.413e-05    0.000154   4.678e-05  XOR2_X1
mul1_mult_28_U336              6.399e-05   4.261e-05   0.0001533   4.666e-05  XOR2_X1
mul1_mult_28_U334              6.468e-05   4.172e-05   0.0001532   4.678e-05  XOR2_X1
mul1_mult_28_U483              8.209e-05    3.32e-05   0.0001526   3.732e-05  MUX2_X1
mul2_mult_28_U484              8.461e-05   3.358e-05   0.0001523   3.413e-05  NAND3_X1
mul1_mult_28_U325              6.349e-05   4.184e-05    0.000152   4.666e-05  XOR2_X1
mul2_mult_28_U334              6.368e-05   4.153e-05   0.0001518    4.66e-05  XOR2_X1
mul4_mult_28_U306              3.597e-05   0.0001018   0.0001517   1.401e-05  INV_X1
mul6_mult_28_U472              6.446e-05   4.312e-05    0.000151   4.343e-05  AOI222_X1
mul0_mult_28_U325              6.265e-05   4.122e-05   0.0001506   4.669e-05  XOR2_X1
mul0_mult_28_U336              6.361e-05   3.934e-05   0.0001496   4.669e-05  XOR2_X1
mul1_mult_28_U306              3.691e-05   9.796e-05   0.0001496   1.475e-05  INV_X1
mul9_mult_28_U325              6.037e-05   4.254e-05   0.0001495   4.658e-05  XOR2_X1
mul2_mult_28_U306               3.75e-05   9.691e-05   0.0001491   1.464e-05  INV_X1
mul2_mult_28_U336               6.32e-05   3.902e-05    0.000149   4.678e-05  XOR2_X1
mul8_mult_28_U334              6.328e-05   3.923e-05    0.000149   4.646e-05  XOR2_X1
mul5_mult_28_U429              3.597e-05   6.911e-05   0.0001485    4.34e-05  OAI22_X1
mul9_mult_28_U457              6.228e-05   6.636e-05   0.0001484   1.977e-05  OAI21_X1
mul4_mult_28_U486              6.232e-05   5.794e-05   0.0001476   2.738e-05  OAI22_X1
mul0_mult_28_U486              6.416e-05    5.87e-05   0.0001476   2.477e-05  OAI22_X1
mul1_mult_28_U358              7.525e-05   4.609e-05   0.0001476   2.625e-05  OAI22_X1
mul9_mult_28_U483              7.747e-05   3.296e-05   0.0001474   3.695e-05  MUX2_X1
mul9_mult_28_U376              5.406e-05   4.975e-05   0.0001473   4.349e-05  OAI22_X1
mul10_mult_28_U334             6.057e-05   3.982e-05   0.0001471   4.673e-05  XOR2_X1
mul4_mult_28_U477              7.466e-05   3.641e-05   0.0001471   3.598e-05  AOI222_X1
mul1_mult_28_U486              6.422e-05   5.806e-05    0.000147   2.468e-05  OAI22_X1
mul9_mult_28_U334              6.257e-05   3.756e-05   0.0001466   4.642e-05  XOR2_X1
mul2_mult_28_U360              3.645e-05   6.646e-05   0.0001464   4.352e-05  OAI22_X1
mul8_mult_28_U325               6.11e-05   3.869e-05   0.0001463   4.651e-05  XOR2_X1
mul3_mult_28_U486              6.273e-05   5.584e-05   0.0001461   2.754e-05  OAI22_X1
mul1_mult_28_U474              6.895e-05   2.923e-05   0.0001461    4.79e-05  AOI222_X1
mul5_mult_28_U308              3.624e-05   9.502e-05   0.0001459   1.466e-05  INV_X1
mul4_mult_28_U383              3.656e-05   6.588e-05   0.0001457   4.326e-05  OAI22_X1
mul6_mult_28_U486              6.117e-05   5.709e-05   0.0001457   2.743e-05  OAI22_X1
mul1_mult_28_U457               6.38e-05   6.192e-05   0.0001455   1.977e-05  OAI21_X1
mul10_mult_28_U325             5.839e-05   4.035e-05   0.0001453   4.653e-05  XOR2_X1
mul7_mult_28_U422              5.432e-05   4.745e-05   0.0001452   4.339e-05  OAI22_X1
mul6_mult_28_U306              3.603e-05   9.494e-05   0.0001448   1.386e-05  INV_X1
mul6_mult_28_U383              3.565e-05   6.577e-05   0.0001447    4.33e-05  OAI22_X1
mul8_mult_28_U336               6.12e-05   3.663e-05   0.0001443   4.651e-05  XOR2_X1
mul9_mult_28_U336              6.102e-05   3.632e-05   0.0001439   4.658e-05  XOR2_X1
mul6_mult_28_U360              3.617e-05   6.546e-05   0.0001437   4.203e-05  OAI22_X1
mul2_mult_28_U339               4.51e-05   5.733e-05   0.0001436   4.121e-05  OAI22_X1
mul7_mult_28_U486              6.017e-05   5.529e-05   0.0001436    2.81e-05  OAI22_X1
mul9_mult_28_U358              7.088e-05   4.472e-05   0.0001433   2.767e-05  OAI22_X1
mul4_mult_28_U360              3.705e-05   6.384e-05    0.000143   4.207e-05  OAI22_X1
mul6_mult_28_U477              7.323e-05   3.233e-05   0.0001429    3.73e-05  AOI222_X1
mul5_mult_28_U486              6.244e-05   5.611e-05   0.0001424   2.381e-05  OAI22_X1
mul9_mult_28_U474              6.767e-05   2.853e-05   0.0001424   4.615e-05  AOI222_X1
mul3_mult_28_U308              3.679e-05   9.165e-05   0.0001422   1.378e-05  INV_X1
mul3_mult_28_U422              5.625e-05   4.178e-05   0.0001415   4.349e-05  OAI22_X1
mul5_mult_28_U360              3.625e-05   6.158e-05   0.0001412    4.34e-05  OAI22_X1
mul6_mult_28_U37               5.614e-05   3.494e-05   0.0001411   4.998e-05  FA_X1
mul4_mult_28_U37               5.797e-05   3.312e-05    0.000141   4.995e-05  FA_X1
mul10_mult_28_U336             5.829e-05     3.6e-05   0.0001408   4.653e-05  XOR2_X1
mul2_mult_28_U299               3.55e-05    9.03e-05   0.0001407   1.493e-05  INV_X1
mul8_mult_28_U306              3.568e-05   9.006e-05   0.0001406    1.49e-05  INV_X1
mul4_mult_28_U384              4.069e-05   6.139e-05   0.0001399    3.78e-05  XNOR2_X1
mul3_mult_28_U361              4.048e-05   6.157e-05   0.0001398   3.777e-05  XNOR2_X1
mul2_mult_28_U383              3.706e-05   6.032e-05   0.0001392    4.18e-05  OAI22_X1
mul8_mult_28_U360              3.464e-05   6.081e-05   0.0001388   4.333e-05  OAI22_X1
mul9_mult_28_U306              3.527e-05   8.858e-05   0.0001387   1.483e-05  INV_X1
mul3_mult_28_U384              4.052e-05   6.014e-05   0.0001384   3.777e-05  XNOR2_X1
mul5_mult_28_U361              4.014e-05   6.049e-05   0.0001384   3.778e-05  XNOR2_X1
mul9_mult_28_U486              6.007e-05   5.505e-05   0.0001383   2.321e-05  OAI22_X1
mul8_mult_28_U383              3.508e-05   6.117e-05   0.0001383     4.2e-05  OAI22_X1
mul5_mult_28_U402              3.518e-05   6.092e-05    0.000138   4.195e-05  OAI22_X1
mul6_mult_28_U379               3.48e-05   5.933e-05   0.0001378   4.365e-05  OAI22_X1
mul8_mult_28_U476              6.297e-05   3.213e-05   0.0001377   4.263e-05  AOI222_X1
mul9_mult_28_U361              3.813e-05   6.166e-05   0.0001375   3.772e-05  XNOR2_X1
mul5_mult_28_U306              3.612e-05   8.742e-05   0.0001375   1.395e-05  INV_X1
mul8_mult_28_U339               4.26e-05   5.342e-05   0.0001374   4.142e-05  OAI22_X1
mul10_mult_28_U486             6.041e-05   5.245e-05   0.0001372   2.432e-05  OAI22_X1
mul5_mult_28_U384              4.018e-05   5.907e-05    0.000137   3.778e-05  XNOR2_X1
mul5_mult_28_U425              3.482e-05   5.858e-05   0.0001368   4.339e-05  OAI22_X1
mul6_mult_28_U384              3.928e-05   5.959e-05   0.0001367   3.778e-05  XNOR2_X1
mul6_mult_28_U487              3.929e-05   5.934e-05   0.0001364   3.778e-05  XNOR2_X1
mul5_mult_28_U301               3.83e-05   8.222e-05   0.0001361   1.553e-05  INV_X1
mul7_mult_28_U487              3.932e-05   5.869e-05   0.0001357   3.774e-05  XNOR2_X1
mul4_mult_28_U430              4.083e-05   5.662e-05   0.0001353    3.78e-05  XNOR2_X1
mul3_mult_28_U407              4.063e-05   5.653e-05   0.0001349   3.777e-05  XNOR2_X1
mul4_mult_28_U379              3.518e-05   5.625e-05   0.0001347   4.326e-05  OAI22_X1
mul3_mult_28_U430              4.064e-05    5.61e-05   0.0001345   3.777e-05  XNOR2_X1
mul1_mult_28_U361              4.129e-05   5.519e-05   0.0001343   3.786e-05  XNOR2_X1
mul3_mult_28_U487              4.065e-05   5.581e-05   0.0001342   3.777e-05  XNOR2_X1
mul2_mult_28_U361              4.081e-05   5.563e-05   0.0001342   3.778e-05  XNOR2_X1
mul8_mult_28_U473              5.108e-05   3.252e-05   0.0001342   5.058e-05  AOI222_X1
mul5_mult_28_U430              4.026e-05   5.613e-05   0.0001342   3.778e-05  XNOR2_X1
mul1_mult_28_U294              4.066e-05   7.924e-05   0.0001341   1.424e-05  INV_X1
mul4_mult_28_U487              4.087e-05   5.532e-05    0.000134    3.78e-05  XNOR2_X1
mul0_mult_28_U292              3.569e-05   8.422e-05   0.0001339   1.398e-05  INV_X1
mul4_mult_28_U407              4.088e-05   5.512e-05   0.0001338    3.78e-05  XNOR2_X1
mul4_mult_28_U302              3.513e-05   8.447e-05   0.0001336   1.401e-05  INV_X1
mul5_mult_28_U295              3.933e-05   8.161e-05   0.0001336   1.267e-05  INV_X1
mul7_mult_28_U361              3.938e-05   5.649e-05   0.0001336   3.774e-05  XNOR2_X1
mul2_mult_28_U379              3.573e-05    5.53e-05   0.0001332   4.221e-05  OAI22_X1
mul2_mult_28_U473              5.249e-05   3.018e-05   0.0001331   5.047e-05  AOI222_X1
mul4_mult_28_U292              3.508e-05   8.407e-05   0.0001324   1.323e-05  INV_X1
mul2_mult_28_U476              6.561e-05   2.471e-05   0.0001323   4.201e-05  AOI222_X1
mul8_mult_28_U299              3.487e-05   8.252e-05   0.0001318   1.446e-05  INV_X1
mul5_mult_28_U356              3.496e-05   5.318e-05   0.0001315   4.339e-05  OAI22_X1
mul2_mult_28_U46               4.156e-05   2.913e-05   0.0001314   6.076e-05  FA_X1
mul6_mult_28_U430              3.943e-05    5.42e-05   0.0001314   3.778e-05  XNOR2_X1
mul6_mult_28_U407              3.943e-05   5.417e-05   0.0001314   3.778e-05  XNOR2_X1
mul4_mult_28_U356              3.593e-05   5.331e-05   0.0001313   4.208e-05  OAI22_X1
mul10_mult_28_U60              4.268e-05   2.732e-05    0.000131   6.099e-05  FA_X1
mul1_mult_28_U291              3.614e-05   8.015e-05   0.0001307   1.438e-05  INV_X1
mul1_mult_28_U293              3.644e-05   8.001e-05   0.0001306    1.42e-05  INV_X1
mul8_mult_28_U379              3.482e-05    5.44e-05   0.0001306   4.139e-05  OAI22_X1
mul7_mult_28_U430              3.948e-05   5.316e-05   0.0001304   3.774e-05  XNOR2_X1
mul7_mult_28_U308              3.616e-05   8.022e-05   0.0001302   1.384e-05  INV_X1
mul0_mult_28_U291              3.585e-05   7.962e-05   0.0001302   1.472e-05  INV_X1
mul9_mult_28_U294               3.86e-05   7.719e-05   0.0001302   1.437e-05  INV_X1
mul9_mult_28_U291              3.527e-05   8.044e-05   0.0001301   1.442e-05  INV_X1
mul6_mult_28_U356              3.546e-05   5.295e-05   0.0001301   4.167e-05  OAI22_X1
mul7_mult_28_U407               3.95e-05   5.251e-05   0.0001298   3.774e-05  XNOR2_X1
mul2_mult_28_U356              3.537e-05   5.124e-05   0.0001297   4.313e-05  OAI22_X1
mul7_mult_28_U384              3.951e-05   5.223e-05   0.0001295   3.774e-05  XNOR2_X1
mul9_mult_28_U477              6.349e-05   2.244e-05   0.0001292   4.325e-05  AOI222_X1
mul4_mult_28_U46               4.053e-05   2.943e-05   0.0001291   5.909e-05  FA_X1
mul1_mult_28_U477              6.534e-05   2.174e-05   0.0001288   4.168e-05  AOI222_X1
mul0_mult_28_U483              6.277e-05   2.642e-05   0.0001287   3.956e-05  MUX2_X1
mul8_mult_28_U361               3.86e-05   5.225e-05   0.0001286   3.778e-05  XNOR2_X1
mul9_mult_28_U293              3.496e-05   7.996e-05   0.0001285   1.362e-05  INV_X1
mul3_mult_28_U401              4.117e-05   6.927e-05   0.0001285   1.805e-05  NOR2_X1
mul7_mult_28_U401              4.061e-05   6.953e-05   0.0001283   1.811e-05  NOR2_X1
mul8_mult_28_U46                3.95e-05   2.741e-05    0.000128   6.111e-05  FA_X1
mul0_mult_28_U60                4.35e-05   2.346e-05   0.0001278   6.081e-05  FA_X1
mul8_mult_28_U356               3.44e-05   4.912e-05   0.0001274   4.391e-05  OAI22_X1
mul5_mult_28_U290               3.48e-05    7.71e-05   0.0001274   1.552e-05  INV_X1
mul0_mult_28_U59               4.222e-05   3.051e-05   0.0001273   5.456e-05  FA_X1
mul4_mult_28_U311              3.626e-05   7.684e-05   0.0001271   1.401e-05  INV_X1
mul1_mult_28_U305                3.6e-05   7.716e-05    0.000127   1.386e-05  INV_X1
mul6_mult_28_U292              3.479e-05   7.875e-05   0.0001265   1.299e-05  INV_X1
mul6_mult_28_U46               3.956e-05   2.786e-05   0.0001262    5.88e-05  FA_X1
mul1_mult_28_U458              7.268e-05   2.621e-05   0.0001257   2.676e-05  OR3_X1
mul5_mult_28_U305              3.537e-05   7.617e-05   0.0001255   1.395e-05  INV_X1
mul6_mult_28_U305               3.65e-05    7.42e-05   0.0001254   1.475e-05  INV_X1
mul5_mult_28_U483              6.292e-05    2.27e-05   0.0001251   3.946e-05  MUX2_X1
mul7_mult_28_U357              5.185e-05   3.188e-05    0.000125   4.126e-05  XNOR2_X1
mul0_mult_28_U67               4.148e-05    2.28e-05   0.0001249   6.064e-05  FA_X1
mul9_mult_28_U458              7.071e-05   2.739e-05   0.0001249   2.676e-05  OR3_X1
mul8_mult_28_U305              3.481e-05   7.621e-05   0.0001247   1.371e-05  INV_X1
mul10_mult_28_U302             3.441e-05   7.529e-05   0.0001246   1.487e-05  INV_X1
mul6_mult_28_U302              3.514e-05   7.556e-05   0.0001246   1.386e-05  INV_X1
mul1_mult_28_U357              5.311e-05    3.01e-05   0.0001244   4.121e-05  XNOR2_X1
mul6_mult_28_U424              4.073e-05   6.549e-05   0.0001243   1.808e-05  NOR2_X1
mul0_mult_28_U66               4.021e-05   2.923e-05   0.0001239   5.447e-05  FA_X1
mul6_mult_28_U311               3.59e-05    7.41e-05   0.0001239   1.386e-05  INV_X1
mul10_mult_28_U59               4.11e-05   2.808e-05   0.0001238   5.465e-05  FA_X1
mul10_mult_28_U291             3.413e-05    7.48e-05   0.0001238   1.487e-05  INV_X1
mul2_mult_28_U357              5.263e-05   2.946e-05   0.0001235   4.142e-05  XNOR2_X1
mul0_mult_28_U444              5.534e-05   3.177e-05   0.0001233   3.623e-05  XNOR2_X1
mul3_mult_28_U471               3.67e-05   2.983e-05   0.0001231   5.654e-05  OAI222_X1
mul10_mult_28_U292             3.394e-05   7.517e-05   0.0001229   1.383e-05  INV_X1
mul7_mult_28_U35               3.987e-05   2.995e-05   0.0001229   5.308e-05  FA_X1
mul5_mult_28_U357              5.249e-05   2.904e-05   0.0001229   4.134e-05  XNOR2_X1
mul9_mult_28_U357              5.139e-05   3.023e-05   0.0001228   4.121e-05  XNOR2_X1
mul4_mult_28_U403              5.319e-05   2.814e-05   0.0001228   4.145e-05  XNOR2_X1
mul4_mult_28_U426              5.319e-05   2.813e-05   0.0001228   4.145e-05  XNOR2_X1
mul0_mult_28_U332               4.34e-05   3.221e-05   0.0001225   4.686e-05  XOR2_X1
mul10_mult_28_U67              3.942e-05   2.199e-05   0.0001225   6.105e-05  FA_X1
mul7_mult_28_U471              3.669e-05   2.849e-05   0.0001224   5.725e-05  OAI222_X1
mul6_mult_28_U403              5.199e-05   2.921e-05   0.0001224   4.118e-05  XNOR2_X1
mul3_mult_28_U403              5.321e-05     2.8e-05   0.0001223   4.108e-05  XNOR2_X1
mul3_mult_28_U60               4.142e-05   2.304e-05   0.0001222   5.773e-05  FA_X1
mul4_mult_28_U380              5.322e-05   2.732e-05    0.000122   4.145e-05  XNOR2_X1
mul7_mult_28_U60               4.136e-05   2.272e-05    0.000122    5.79e-05  FA_X1
mul3_mult_28_U380              5.323e-05   2.768e-05    0.000122   4.108e-05  XNOR2_X1
mul1_mult_28_U353              5.544e-05   3.024e-05    0.000122   3.629e-05  XNOR2_X1
mul0_mult_28_U353              5.535e-05   3.038e-05    0.000122   3.623e-05  XNOR2_X1
mul3_mult_28_U357              5.323e-05   2.746e-05   0.0001218   4.108e-05  XNOR2_X1
mul3_mult_28_U426              5.324e-05    2.73e-05   0.0001216   4.108e-05  XNOR2_X1
mul7_mult_28_U426              5.197e-05   2.838e-05   0.0001216   4.126e-05  XNOR2_X1
mul5_mult_28_U426              5.254e-05   2.766e-05   0.0001215   4.134e-05  XNOR2_X1
mul5_mult_28_U353              5.392e-05   3.058e-05   0.0001214    3.69e-05  XNOR2_X1
mul3_mult_28_U67               4.043e-05   2.245e-05   0.0001214    5.85e-05  FA_X1
mul7_mult_28_U380              5.198e-05   2.805e-05   0.0001213   4.126e-05  XNOR2_X1
mul3_mult_28_U302              3.604e-05   7.145e-05   0.0001213   1.378e-05  INV_X1
mul1_mult_28_U421              5.545e-05   2.927e-05    0.000121   3.629e-05  XNOR2_X1
mul8_mult_28_U353               5.39e-05   2.992e-05    0.000121   3.715e-05  XNOR2_X1
mul5_mult_28_U380              5.256e-05   2.706e-05    0.000121   4.134e-05  XNOR2_X1
mul9_mult_28_U353              5.401e-05   3.017e-05    0.000121   3.678e-05  XNOR2_X1
mul10_mult_28_U353             5.373e-05   3.081e-05    0.000121   3.641e-05  XNOR2_X1
mul6_mult_28_U375              5.405e-05   2.972e-05   0.0001208   3.709e-05  XNOR2_X1
mul1_mult_28_U398              5.546e-05   2.909e-05   0.0001208   3.629e-05  XNOR2_X1
mul0_mult_28_U398              5.537e-05   2.914e-05   0.0001207   3.623e-05  XNOR2_X1
mul6_mult_28_U380              5.205e-05   2.746e-05   0.0001207   4.118e-05  XNOR2_X1
mul0_mult_28_U375              5.537e-05   2.897e-05   0.0001206   3.623e-05  XNOR2_X1
mul1_mult_28_U444              5.546e-05   2.882e-05   0.0001206   3.629e-05  XNOR2_X1
mul7_mult_28_U403              5.201e-05   2.722e-05   0.0001205   4.126e-05  XNOR2_X1
mul10_mult_28_U483             6.066e-05   2.016e-05   0.0001204   3.959e-05  MUX2_X1
mul3_mult_28_U35                3.98e-05    2.76e-05   0.0001204   5.299e-05  FA_X1
mul2_mult_28_U353              5.401e-05   2.993e-05   0.0001204   3.641e-05  XNOR2_X1
mul5_mult_28_U302              3.647e-05    6.92e-05   0.0001203   1.466e-05  INV_X1
mul8_mult_28_U398              5.392e-05    2.92e-05   0.0001203   3.715e-05  XNOR2_X1
mul6_mult_28_U426              5.207e-05   2.693e-05   0.0001202   4.118e-05  XNOR2_X1
mul0_mult_28_U421              5.537e-05   2.856e-05   0.0001202   3.623e-05  XNOR2_X1
mul1_mult_28_U302              3.664e-05   6.868e-05   0.0001201   1.475e-05  INV_X1
mul2_mult_28_U398              5.402e-05   2.949e-05   0.0001199   3.641e-05  XNOR2_X1
mul4_mult_28_U375              5.389e-05   2.943e-05   0.0001199   3.659e-05  XNOR2_X1
mul8_mult_28_U357              5.155e-05   2.734e-05   0.0001198   4.094e-05  XNOR2_X1
mul2_mult_28_U421              5.402e-05   2.914e-05   0.0001196   3.641e-05  XNOR2_X1
mul8_mult_28_U444              5.392e-05   2.848e-05   0.0001195   3.715e-05  XNOR2_X1
mul2_mult_28_U302              3.712e-05   6.777e-05   0.0001195   1.464e-05  INV_X1
mul1_mult_28_U43               4.161e-05   2.331e-05   0.0001195   5.459e-05  FA_X1
mul9_mult_28_U444              5.403e-05   2.865e-05   0.0001195   3.678e-05  XNOR2_X1
mul9_mult_28_U421              5.404e-05   2.855e-05   0.0001194   3.678e-05  XNOR2_X1
mul9_mult_28_U398              5.403e-05   2.852e-05   0.0001193   3.678e-05  XNOR2_X1
mul2_mult_28_U444              5.402e-05    2.88e-05   0.0001192   3.641e-05  XNOR2_X1
mul5_mult_28_U421              5.394e-05   2.838e-05   0.0001192    3.69e-05  XNOR2_X1
mul9_mult_28_U305              3.545e-05   6.995e-05   0.0001192   1.378e-05  INV_X1
mul0_mult_28_U302              3.662e-05   6.772e-05   0.0001191   1.472e-05  INV_X1
mul8_mult_28_U421              5.394e-05   2.783e-05   0.0001189   3.715e-05  XNOR2_X1
mul10_mult_28_U66              3.812e-05   2.606e-05   0.0001189   5.468e-05  FA_X1
mul8_mult_28_U58                4.06e-05   2.325e-05   0.0001189   5.501e-05  FA_X1
mul10_mult_28_U398             5.375e-05   2.868e-05   0.0001188   3.641e-05  XNOR2_X1
mul1_mult_28_U332              4.345e-05   2.842e-05   0.0001187   4.684e-05  XOR2_X1
mul2_mult_28_U394              5.266e-05   2.975e-05   0.0001186   3.617e-05  XNOR2_X1
mul2_mult_28_U305              3.639e-05   6.818e-05   0.0001185   1.397e-05  INV_X1
mul1_mult_28_U440               5.28e-05   2.954e-05   0.0001184   3.611e-05  XNOR2_X1
mul10_mult_28_U375             5.376e-05   2.825e-05   0.0001184   3.641e-05  XNOR2_X1
mul9_mult_28_U43               4.062e-05   2.296e-05   0.0001184   5.483e-05  FA_X1
mul10_mult_28_U444             5.375e-05   2.814e-05   0.0001183   3.641e-05  XNOR2_X1
mul0_mult_28_U349              5.278e-05   2.933e-05   0.0001182   3.605e-05  XNOR2_X1
mul10_mult_28_U421             5.375e-05   2.788e-05    0.000118   3.641e-05  XNOR2_X1
mul2_mult_28_U58               4.058e-05   2.275e-05    0.000118   5.465e-05  FA_X1
mul5_mult_28_U349              5.278e-05   2.918e-05   0.0001179   3.592e-05  XNOR2_X1
mul0_mult_28_U394               5.28e-05   2.879e-05   0.0001176   3.605e-05  XNOR2_X1
mul9_mult_28_U378              4.016e-05   5.932e-05   0.0001176   1.809e-05  NOR2_X1
mul2_mult_28_U349              5.266e-05   2.854e-05   0.0001174   3.617e-05  XNOR2_X1
mul2_mult_28_U332              4.307e-05   2.768e-05   0.0001173    4.66e-05  XOR2_X1
mul4_mult_28_U305              3.615e-05    6.66e-05   0.0001173   1.459e-05  INV_X1
mul7_mult_28_U67               3.825e-05   2.065e-05   0.0001173   5.844e-05  FA_X1
mul8_mult_28_U302              3.523e-05   6.693e-05   0.0001171    1.49e-05  INV_X1
mul2_mult_28_U293              3.046e-05   7.099e-05    0.000117   1.557e-05  INV_X1
mul0_mult_28_U470              3.557e-05   4.728e-05   0.0001169   3.409e-05  AOI222_X1
mul0_mult_28_U417               5.28e-05   2.802e-05   0.0001169   3.605e-05  XNOR2_X1
mul5_mult_28_U417              5.279e-05   2.795e-05   0.0001167   3.592e-05  XNOR2_X1
mul6_mult_28_U371              5.156e-05   2.903e-05   0.0001166   3.605e-05  XNOR2_X1
mul1_mult_28_U394              5.282e-05   2.763e-05   0.0001166   3.611e-05  XNOR2_X1
mul4_mult_28_U371              5.268e-05   2.814e-05   0.0001166   3.574e-05  XNOR2_X1
mul0_mult_28_U440               5.28e-05   2.765e-05   0.0001165   3.605e-05  XNOR2_X1
mul2_mult_28_U440              5.267e-05   2.751e-05   0.0001163   3.617e-05  XNOR2_X1
mul2_mult_28_U477              6.525e-05   2.223e-05   0.0001163   2.884e-05  AOI222_X1
mul1_mult_28_U349              5.282e-05   2.733e-05   0.0001163   3.611e-05  XNOR2_X1
mul8_mult_28_U417               5.01e-05   2.936e-05    0.000116   3.653e-05  XNOR2_X1
mul7_mult_28_U302              3.511e-05   6.702e-05    0.000116   1.384e-05  INV_X1
mul2_mult_28_U417              5.268e-05   2.706e-05   0.0001159   3.617e-05  XNOR2_X1
mul4_mult_28_U424              4.169e-05   5.593e-05   0.0001158   1.818e-05  NOR2_X1
mul9_mult_28_U302              3.495e-05   6.599e-05   0.0001158   1.483e-05  INV_X1
mul1_mult_28_U484              5.506e-05    2.55e-05   0.0001157   3.514e-05  NAND3_X1
mul5_mult_28_U43               3.967e-05    2.29e-05   0.0001157   5.311e-05  FA_X1
mul0_mult_28_U371              5.281e-05    2.68e-05   0.0001157   3.605e-05  XNOR2_X1
mul5_mult_28_U378               4.05e-05   5.693e-05   0.0001156   1.814e-05  NOR2_X1
mul1_mult_28_U417              5.283e-05   2.663e-05   0.0001156   3.611e-05  XNOR2_X1
mul5_mult_28_U311              3.644e-05   6.494e-05   0.0001153   1.395e-05  INV_X1
mul8_mult_28_U332               4.07e-05   2.789e-05   0.0001152    4.66e-05  XOR2_X1
mul6_mult_28_U29               3.963e-05   2.246e-05   0.0001151   5.302e-05  FA_X1
mul4_mult_28_U29               3.963e-05   2.215e-05    0.000115   5.326e-05  FA_X1
mul10_mult_28_U470             3.474e-05   4.499e-05   0.0001146   3.491e-05  AOI222_X1
mul1_mult_28_U378              4.118e-05   5.514e-05   0.0001144   1.809e-05  NOR2_X1
mul10_mult_28_U349             4.972e-05   2.817e-05   0.0001144   3.647e-05  XNOR2_X1
mul8_mult_28_U440              5.011e-05   2.748e-05   0.0001141   3.653e-05  XNOR2_X1
mul9_mult_28_U349              5.022e-05   2.688e-05   0.0001139   3.684e-05  XNOR2_X1
mul8_mult_28_U394              5.011e-05   2.707e-05   0.0001137   3.653e-05  XNOR2_X1
mul10_mult_28_U417             4.972e-05   2.748e-05   0.0001137   3.647e-05  XNOR2_X1
mul9_mult_28_U394              5.023e-05   2.659e-05   0.0001137   3.684e-05  XNOR2_X1
mul8_mult_28_U349               5.01e-05   2.689e-05   0.0001135   3.653e-05  XNOR2_X1
mul10_mult_28_U332             4.007e-05    2.66e-05   0.0001134   4.675e-05  XOR2_X1
mul8_mult_28_U293              2.987e-05   6.783e-05   0.0001133   1.559e-05  INV_X1
mul9_mult_28_U417              5.024e-05   2.586e-05   0.0001129   3.684e-05  XNOR2_X1
mul9_mult_28_U332              4.057e-05   2.583e-05   0.0001128    4.64e-05  XOR2_X1
mul0_mult_28_U484               5.51e-05   2.245e-05   0.0001126   3.504e-05  NAND3_X1
mul10_mult_28_U371             4.973e-05   2.635e-05   0.0001126   3.647e-05  XNOR2_X1
mul10_mult_28_U440             4.973e-05   2.627e-05   0.0001125   3.647e-05  XNOR2_X1
mul9_mult_28_U440              5.024e-05   2.534e-05   0.0001124   3.684e-05  XNOR2_X1
mul10_mult_28_U394             4.973e-05   2.607e-05   0.0001123   3.647e-05  XNOR2_X1
mul10_mult_28_U484             5.174e-05   2.495e-05   0.0001122   3.553e-05  NAND3_X1
mul8_mult_28_U477              6.247e-05   2.044e-05   0.0001116   2.867e-05  AOI222_X1
mul0_mult_28_U472              3.235e-05   4.451e-05   0.0001108   3.399e-05  AOI222_X1
mul5_mult_28_U484              5.413e-05   2.147e-05   0.0001106   3.498e-05  NAND3_X1
mul5_mult_28_U319               9.93e-07   5.377e-06   0.0001103   0.0001039  XOR2_X2
mul1_mult_28_U319              9.924e-07   5.258e-06   0.0001102   0.0001039  XOR2_X2
mul4_mult_28_U321              9.924e-07    5.17e-06   0.0001101   0.0001039  XOR2_X2
mul9_mult_28_U319              9.918e-07   5.092e-06     0.00011   0.0001039  XOR2_X2
mul3_mult_28_U320              9.917e-07   5.014e-06   0.0001099   0.0001039  XOR2_X2
mul6_mult_28_U321              9.913e-07   4.927e-06   0.0001099   0.0001039  XOR2_X2
mul7_mult_28_U320              9.912e-07   4.923e-06   0.0001099   0.0001039  XOR2_X2
mul2_mult_28_U474              4.258e-05   1.576e-05   0.0001095    5.12e-05  AOI222_X1
mul8_mult_28_U474              4.314e-05   1.568e-05   0.0001095   5.068e-05  AOI222_X1
mul10_mult_28_U472             3.153e-05   4.338e-05   0.0001093   3.438e-05  AOI222_X1
mul9_mult_28_U484              5.268e-05   2.101e-05   0.0001087   3.502e-05  NAND3_X1
mul1_mult_28_U475              3.359e-05   1.644e-05   0.0001073   5.732e-05  AOI222_X1
mul0_mult_28_U455              5.533e-05   1.514e-05   0.0001067   3.623e-05  XNOR2_X1
mul5_mult_28_U471              3.995e-05   2.815e-05   0.0001065   3.844e-05  OAI222_X1
mul1_mult_28_U455              5.546e-05   1.461e-05   0.0001064   3.629e-05  XNOR2_X1
mul9_mult_28_U475              3.409e-05   1.521e-05   0.0001062   5.687e-05  AOI222_X1
mul9_mult_28_U455              5.401e-05   1.473e-05   0.0001055   3.678e-05  XNOR2_X1
mul8_mult_28_U455              5.387e-05   1.339e-05   0.0001044   3.715e-05  XNOR2_X1
mul4_mult_28_U474              3.498e-05    1.57e-05   0.0001042   5.353e-05  AOI222_X1
mul2_mult_28_U455              5.398e-05   1.362e-05    0.000104   3.641e-05  XNOR2_X1
mul10_mult_28_U455             5.371e-05   1.332e-05   0.0001034   3.641e-05  XNOR2_X1
mul6_mult_28_U475              3.717e-05   1.691e-05   0.0001034    4.93e-05  AOI222_X1
mul6_mult_28_U474              3.464e-05   1.415e-05   0.0001028   5.403e-05  AOI222_X1
mul2_mult_28_U453              5.263e-05   1.374e-05   0.0001025   3.617e-05  XNOR2_X1
mul4_mult_28_U475              3.758e-05   1.558e-05    0.000102   4.886e-05  AOI222_X1
mul0_mult_28_U453              5.277e-05   1.307e-05   0.0001019   3.605e-05  XNOR2_X1
mul1_mult_28_U453               5.28e-05   1.285e-05   0.0001018   3.611e-05  XNOR2_X1
mul9_mult_28_U453              5.023e-05   1.244e-05   9.951e-05   3.684e-05  XNOR2_X1
mul8_mult_28_U453              5.009e-05   1.244e-05   9.906e-05   3.653e-05  XNOR2_X1
mul5_mult_28_U420              1.865e-05   3.788e-05   9.861e-05   4.209e-05  OAI22_X1
mul10_mult_28_U453             4.968e-05   1.221e-05   9.836e-05   3.647e-05  XNOR2_X1
mul4_mult_28_U301              2.705e-05   5.497e-05   9.811e-05   1.609e-05  INV_X1
mul6_mult_28_U374              1.877e-05    3.72e-05   9.793e-05   4.195e-05  OAI22_X1
mul6_mult_28_U301              2.619e-05   5.546e-05   9.745e-05   1.581e-05  INV_X1
mul3_mult_28_U472              3.574e-05   3.071e-05   9.725e-05    3.08e-05  AOI222_X1
mul5_mult_28_U416               1.82e-05   3.679e-05   9.694e-05   4.196e-05  OAI22_X1
mul1_mult_28_U299              2.424e-05   5.835e-05   9.672e-05   1.413e-05  INV_X1
mul1_mult_28_U300              2.636e-05   5.662e-05   9.647e-05   1.349e-05  INV_X1
mul4_mult_28_U397              1.822e-05   3.501e-05   9.637e-05   4.314e-05  OAI22_X1
mul4_mult_28_U473              3.805e-05   2.196e-05   9.607e-05   3.606e-05  AOI222_X1
mul1_mult_28_U372              3.815e-05   3.092e-05   9.586e-05    2.68e-05  OAI22_X1
mul7_mult_28_U472              3.596e-05   2.951e-05   9.578e-05   3.031e-05  AOI222_X1
mul4_mult_28_U437              3.652e-05   3.319e-05    9.56e-05   2.589e-05  OAI22_X1
mul6_mult_28_U473              3.758e-05   2.104e-05   9.547e-05   3.686e-05  AOI222_X1
mul6_mult_28_U397              1.827e-05   3.375e-05    9.54e-05   4.337e-05  OAI22_X1
mul2_mult_28_U296              2.673e-05   5.496e-05   9.512e-05   1.342e-05  INV_X1
mul2_mult_28_U294              2.661e-05   5.489e-05   9.492e-05   1.342e-05  INV_X1
mul8_mult_28_U374              1.825e-05   3.304e-05   9.489e-05   4.359e-05  OAI22_X1
mul4_mult_28_U374              1.877e-05   3.369e-05   9.465e-05    4.22e-05  OAI22_X1
mul1_mult_28_U295              2.654e-05    5.44e-05   9.443e-05   1.349e-05  INV_X1
mul5_mult_28_U443              1.824e-05   3.267e-05   9.415e-05   4.324e-05  OAI22_X1
mul3_mult_28_U294              2.624e-05   5.091e-05   9.408e-05   1.693e-05  INV_X1
mul2_mult_28_U352               2.27e-05   2.981e-05   9.408e-05   4.156e-05  OAI22_X1
mul0_mult_28_U473              3.389e-05   2.519e-05   9.392e-05   3.485e-05  AOI222_X1
mul9_mult_28_U372              3.732e-05   2.927e-05   9.387e-05   2.729e-05  OAI22_X1
mul4_mult_28_U350              3.072e-05   3.468e-05   9.373e-05   2.833e-05  OAI22_X1
mul0_mult_28_U476              3.411e-05   2.664e-05   9.354e-05    3.28e-05  AOI222_X1
mul5_mult_28_U374              1.829e-05   3.167e-05   9.321e-05   4.324e-05  OAI22_X1
mul2_mult_28_U374               1.83e-05   3.133e-05   9.283e-05    4.32e-05  OAI22_X1
mul7_mult_28_U418              3.727e-05   2.779e-05   9.262e-05   2.755e-05  OAI22_X1
mul2_mult_28_U291              2.389e-05   5.515e-05   9.261e-05   1.356e-05  INV_X1
mul7_mult_28_U294              2.487e-05   5.085e-05   9.258e-05   1.686e-05  INV_X1
mul8_mult_28_U294              2.644e-05   5.244e-05   9.241e-05   1.353e-05  INV_X1
mul10_mult_28_U350             3.221e-05   3.621e-05    9.24e-05   2.398e-05  OAI22_X1
mul2_mult_28_U397              1.879e-05   3.122e-05   9.215e-05   4.214e-05  OAI22_X1
mul5_mult_28_U293              2.329e-05   5.197e-05   9.212e-05   1.686e-05  INV_X1
mul3_mult_28_U414              3.632e-05   2.885e-05     9.2e-05   2.683e-05  OAI22_X1
mul0_mult_28_U478              3.322e-05   2.313e-05   9.199e-05   3.565e-05  AOI222_X1
mul3_mult_28_U291              2.361e-05   5.158e-05   9.198e-05   1.679e-05  INV_X1
mul8_mult_28_U397              1.878e-05   3.146e-05   9.195e-05   4.172e-05  OAI22_X1
mul6_mult_28_U350              3.056e-05   3.209e-05   9.184e-05   2.919e-05  OAI22_X1
mul3_mult_28_U470              2.392e-05   2.938e-05   9.174e-05   3.845e-05  AOI222_X1
mul6_mult_28_U393              1.738e-05   3.069e-05   9.171e-05   4.364e-05  OAI22_X1
mul7_mult_28_U414              3.453e-05   3.031e-05    9.17e-05   2.686e-05  OAI22_X1
mul0_mult_28_U350              3.288e-05   3.432e-05   9.147e-05   2.428e-05  OAI22_X1
mul8_mult_28_U352              2.295e-05   2.735e-05   9.145e-05   4.115e-05  OAI22_X1
mul1_mult_28_U292               2.41e-05   5.329e-05    9.14e-05     1.4e-05  INV_X1
mul3_mult_28_U418              3.711e-05   2.628e-05   9.136e-05   2.797e-05  OAI22_X1
mul8_mult_28_U296              2.628e-05    5.14e-05   9.121e-05   1.353e-05  INV_X1
mul10_mult_28_U473             3.302e-05   2.268e-05   9.115e-05   3.545e-05  AOI222_X1
mul9_mult_28_U300              2.556e-05   5.206e-05   9.115e-05   1.353e-05  INV_X1
mul9_mult_28_U295              2.565e-05   5.187e-05   9.105e-05   1.353e-05  INV_X1
mul3_mult_28_U293              2.359e-05   5.386e-05   9.101e-05   1.355e-05  INV_X1
mul3_mult_28_U350              3.049e-05   3.119e-05   9.101e-05   2.933e-05  OAI22_X1
mul10_mult_28_U477              3.27e-05   2.411e-05   9.075e-05   3.395e-05  AOI222_X1
mul4_mult_28_U346              3.001e-05   3.355e-05   9.068e-05   2.712e-05  OAI22_X1
mul4_mult_28_U370              1.832e-05   3.026e-05   9.068e-05   4.209e-05  OAI22_X1
mul5_mult_28_U292              2.351e-05   5.183e-05   9.059e-05   1.525e-05  INV_X1
mul6_mult_28_U437              3.545e-05   2.876e-05   9.059e-05   2.638e-05  OAI22_X1
mul7_mult_28_U293              2.328e-05   5.347e-05   9.056e-05   1.381e-05  INV_X1
mul10_mult_28_U478             3.223e-05   2.177e-05   9.051e-05   3.651e-05  AOI222_X1
mul6_mult_28_U441              3.714e-05   2.551e-05   9.049e-05   2.784e-05  OAI22_X1
mul0_mult_28_U477              3.353e-05   2.339e-05   9.047e-05   3.355e-05  AOI222_X1
mul7_mult_28_U353              2.023e-05   3.244e-05    9.04e-05   3.774e-05  XNOR2_X1
mul0_mult_28_U475              3.345e-05   2.284e-05   9.038e-05   3.409e-05  AOI222_X1
mul7_mult_28_U291              2.302e-05   5.065e-05   9.028e-05   1.662e-05  INV_X1
mul1_mult_28_U395              3.981e-05   2.729e-05   9.025e-05   2.314e-05  OAI22_X1
mul5_mult_28_U291              2.359e-05    5.25e-05   9.022e-05   1.412e-05  INV_X1
mul3_mult_28_U346              2.985e-05   3.221e-05   9.017e-05   2.811e-05  OAI22_X1
mul5_mult_28_U391              3.642e-05   2.753e-05   9.012e-05   2.617e-05  OAI22_X1
mul2_mult_28_U370              1.788e-05   2.901e-05   9.002e-05   4.313e-05  OAI22_X1
mul0_mult_28_U346              3.123e-05   3.413e-05   8.996e-05   2.459e-05  OAI22_X1
mul1_mult_28_U350              3.288e-05    3.28e-05   8.987e-05   2.419e-05  OAI22_X1
mul3_mult_28_U290              2.377e-05   5.401e-05   8.981e-05   1.204e-05  INV_X1
mul5_mult_28_U370              1.793e-05   2.837e-05   8.968e-05   4.338e-05  OAI22_X1
mul10_mult_28_U475             3.257e-05   2.212e-05   8.961e-05   3.491e-05  AOI222_X1
mul1_mult_28_U391              3.785e-05   2.816e-05   8.945e-05   2.344e-05  OAI22_X1
mul2_mult_28_U393              1.839e-05    2.88e-05   8.939e-05   4.221e-05  OAI22_X1
mul7_mult_28_U290              2.381e-05   5.336e-05    8.92e-05   1.204e-05  INV_X1
mul7_mult_28_U470              2.376e-05   2.787e-05   8.918e-05   3.755e-05  AOI222_X1
mul9_mult_28_U395              3.876e-05   2.769e-05    8.91e-05   2.265e-05  OAI22_X1
mul7_mult_28_U350              3.068e-05   2.953e-05    8.91e-05   2.889e-05  OAI22_X1
mul9_mult_28_U299              2.277e-05   5.252e-05     8.9e-05    1.37e-05  INV_X1
mul1_mult_28_U346              3.123e-05    3.32e-05   8.893e-05    2.45e-05  OAI22_X1
mul9_mult_28_U292              2.289e-05   5.189e-05   8.891e-05   1.413e-05  INV_X1
mul6_mult_28_U293              2.333e-05   5.128e-05   8.883e-05   1.422e-05  INV_X1
mul0_mult_28_U474              3.211e-05   2.298e-05   8.875e-05   3.366e-05  AOI222_X1
mul10_mult_28_U474             3.123e-05   2.303e-05   8.874e-05   3.448e-05  AOI222_X1
mul4_mult_28_U444              2.004e-05   3.092e-05   8.874e-05   3.778e-05  XNOR2_X1
mul4_mult_28_U441               3.73e-05   2.435e-05   8.868e-05   2.702e-05  OAI22_X1
mul4_mult_28_U393              1.785e-05    2.75e-05   8.861e-05   4.325e-05  OAI22_X1
mul10_mult_28_U476             3.316e-05     2.2e-05   8.856e-05    3.34e-05  AOI222_X1
mul4_mult_28_U293               2.33e-05   5.081e-05   8.818e-05   1.407e-05  INV_X1
mul8_mult_28_U291              2.332e-05   5.125e-05   8.813e-05   1.356e-05  INV_X1
mul2_mult_28_U478              3.454e-05   2.463e-05   8.812e-05   2.895e-05  AOI222_X1
mul5_mult_28_U478              3.369e-05   2.294e-05   8.806e-05   3.143e-05  AOI222_X1
mul5_mult_28_U395              3.724e-05   2.332e-05   8.804e-05   2.747e-05  OAI22_X1
mul5_mult_28_U346              3.117e-05   3.177e-05   8.774e-05   2.479e-05  OAI22_X1
mul1_mult_28_U478              3.545e-05   2.123e-05   8.772e-05   3.105e-05  AOI222_X1
mul6_mult_28_U353              2.033e-05   2.963e-05   8.769e-05   3.772e-05  XNOR2_X1
mul5_mult_28_U350              3.203e-05   3.214e-05   8.764e-05   2.347e-05  OAI22_X1
mul5_mult_28_U398              2.018e-05   2.972e-05   8.764e-05   3.774e-05  XNOR2_X1
mul9_mult_28_U478              3.455e-05   2.103e-05   8.749e-05   3.191e-05  AOI222_X1
mul7_mult_28_U349              1.861e-05    3.09e-05    8.73e-05    3.78e-05  XNOR2_X1
mul9_mult_28_U391              3.602e-05   2.874e-05   8.729e-05   2.252e-05  OAI22_X1
mul4_mult_28_U353              2.009e-05    2.94e-05   8.726e-05   3.778e-05  XNOR2_X1
mul6_mult_28_U370              1.799e-05   2.756e-05   8.725e-05   4.169e-05  OAI22_X1
mul3_mult_28_U375              2.041e-05   2.901e-05   8.714e-05   3.771e-05  XNOR2_X1
mul3_mult_28_U398              2.042e-05   2.897e-05    8.71e-05   3.771e-05  XNOR2_X1
mul2_mult_28_U348              2.212e-05   2.333e-05   8.708e-05   4.163e-05  OAI22_X1
mul8_mult_28_U393              1.742e-05   2.817e-05     8.7e-05   4.141e-05  OAI22_X1
mul1_mult_28_U375              2.097e-05    2.82e-05   8.698e-05   3.781e-05  XNOR2_X1
mul6_mult_28_U398              2.036e-05    2.88e-05   8.688e-05   3.772e-05  XNOR2_X1
mul8_mult_28_U370              1.702e-05   2.587e-05   8.679e-05    4.39e-05  OAI22_X1
mul1_mult_28_U368              3.631e-05   2.397e-05   8.674e-05   2.646e-05  OAI22_X1
mul4_mult_28_U349              1.972e-05   2.907e-05   8.667e-05   3.787e-05  XNOR2_X1
mul3_mult_28_U353              2.044e-05   2.822e-05   8.637e-05   3.771e-05  XNOR2_X1
mul7_mult_28_U444              2.035e-05   2.821e-05    8.63e-05   3.774e-05  XNOR2_X1
mul6_mult_28_U444              2.037e-05   2.815e-05   8.624e-05   3.772e-05  XNOR2_X1
mul9_mult_28_U350              3.199e-05   3.058e-05   8.622e-05   2.365e-05  OAI22_X1
mul3_mult_28_U421              2.044e-05   2.805e-05   8.621e-05   3.771e-05  XNOR2_X1
mul4_mult_28_U398              2.012e-05   2.828e-05   8.618e-05   3.778e-05  XNOR2_X1
mul7_mult_28_U319                      0           0   8.613e-05   8.613e-05  XOR2_X2
mul6_mult_28_U320                      0           0   8.613e-05   8.613e-05  XOR2_X2
mul8_mult_28_U319                      0           0   8.613e-05   8.613e-05  XOR2_X2
mul5_mult_28_U320                      0           0   8.613e-05   8.613e-05  XOR2_X2
mul4_mult_28_U320                      0           0   8.613e-05   8.613e-05  XOR2_X2
mul7_mult_28_U321                      0           0   8.613e-05   8.613e-05  XOR2_X2
mul3_mult_28_U321                      0           0   8.613e-05   8.613e-05  XOR2_X2
mul2_mult_28_U319                      0           0   8.613e-05   8.613e-05  XOR2_X2
mul3_mult_28_U319                      0           0   8.613e-05   8.613e-05  XOR2_X2
mul2_mult_28_U375              2.033e-05   2.797e-05    8.61e-05    3.78e-05  XNOR2_X1
mul5_mult_28_U371              1.991e-05   2.833e-05   8.609e-05   3.785e-05  XNOR2_X1
mul6_mult_28_U440              1.951e-05   2.872e-05   8.607e-05   3.784e-05  XNOR2_X1
mul10_mult_28_U346             2.978e-05   3.221e-05   8.596e-05   2.396e-05  OAI22_X1
mul3_mult_28_U371              1.993e-05   2.817e-05   8.591e-05    3.78e-05  XNOR2_X1
mul8_mult_28_U478              3.356e-05    2.19e-05   8.582e-05   3.035e-05  AOI222_X1
mul3_mult_28_U444              2.046e-05   2.741e-05   8.559e-05   3.771e-05  XNOR2_X1
mul4_mult_28_U421              2.013e-05   2.768e-05   8.559e-05   3.778e-05  XNOR2_X1
mul7_mult_28_U375              2.037e-05   2.747e-05   8.558e-05   3.774e-05  XNOR2_X1
mul5_mult_28_U375              2.024e-05   2.751e-05   8.549e-05   3.774e-05  XNOR2_X1
mul9_mult_28_U375              2.038e-05   2.735e-05   8.548e-05   3.776e-05  XNOR2_X1
mul6_mult_28_U421               2.04e-05   2.726e-05   8.538e-05   3.772e-05  XNOR2_X1
mul7_mult_28_U398              2.038e-05   2.726e-05   8.538e-05   3.774e-05  XNOR2_X1
mul5_mult_28_U394              1.993e-05   2.758e-05   8.536e-05   3.785e-05  XNOR2_X1
mul7_mult_28_U421              2.038e-05   2.721e-05   8.533e-05   3.774e-05  XNOR2_X1
mul4_mult_28_U440              1.977e-05    2.76e-05   8.524e-05   3.787e-05  XNOR2_X1
mul2_mult_28_U371              1.976e-05   2.765e-05   8.524e-05   3.782e-05  XNOR2_X1
mul8_mult_28_U375              2.023e-05   2.727e-05   8.522e-05   3.771e-05  XNOR2_X1
mul4_mult_28_U394              1.977e-05   2.747e-05   8.511e-05   3.787e-05  XNOR2_X1
mul5_mult_28_U444              2.025e-05   2.704e-05   8.504e-05   3.774e-05  XNOR2_X1
mul3_mult_28_U417              1.996e-05   2.727e-05   8.504e-05    3.78e-05  XNOR2_X1
mul1_mult_28_U371              1.998e-05   2.721e-05   8.502e-05   3.783e-05  XNOR2_X1
mul3_mult_28_U349              1.996e-05   2.724e-05     8.5e-05    3.78e-05  XNOR2_X1
mul3_mult_28_U440              1.996e-05   2.718e-05   8.494e-05    3.78e-05  XNOR2_X1
mul6_mult_28_U349              1.955e-05   2.748e-05   8.487e-05   3.784e-05  XNOR2_X1
mul3_mult_28_U394              1.997e-05   2.704e-05   8.481e-05    3.78e-05  XNOR2_X1
mul6_mult_28_U394              1.956e-05   2.726e-05   8.466e-05   3.784e-05  XNOR2_X1
mul5_mult_28_U440              1.996e-05   2.659e-05   8.441e-05   3.785e-05  XNOR2_X1
mul9_mult_28_U371              1.903e-05   2.741e-05   8.419e-05   3.775e-05  XNOR2_X1
mul4_mult_28_U417               1.98e-05    2.64e-05   8.407e-05   3.787e-05  XNOR2_X1
mul7_mult_28_U346               2.84e-05   2.742e-05   8.397e-05   2.815e-05  OAI22_X1
mul5_mult_28_U439              1.791e-05   2.267e-05   8.397e-05   4.338e-05  OAI22_X1
mul8_mult_28_U348              2.143e-05   2.166e-05   8.388e-05   4.079e-05  OAI22_X1
mul8_mult_28_U371              1.887e-05   2.722e-05   8.386e-05   3.778e-05  XNOR2_X1
mul7_mult_28_U371              1.871e-05   2.731e-05   8.381e-05    3.78e-05  XNOR2_X1
mul7_mult_28_U440              1.871e-05   2.717e-05   8.367e-05    3.78e-05  XNOR2_X1
mul9_mult_28_U368               3.44e-05   2.169e-05   8.353e-05   2.744e-05  OAI22_X1
mul0_mult_28_U294              2.042e-05   4.555e-05   8.331e-05   1.734e-05  INV_X1
mul6_mult_28_U346              2.913e-05   2.644e-05    8.32e-05   2.764e-05  OAI22_X1
mul6_mult_28_U417              1.962e-05   2.513e-05   8.259e-05   3.784e-05  XNOR2_X1
mul7_mult_28_U417              1.874e-05   2.597e-05   8.251e-05    3.78e-05  XNOR2_X1
mul7_mult_28_U394              1.875e-05   2.568e-05   8.222e-05    3.78e-05  XNOR2_X1
mul9_mult_28_U346              2.971e-05   2.874e-05   8.196e-05   2.352e-05  OAI22_X1
mul5_mult_28_U298              2.051e-05   4.407e-05   8.185e-05   1.727e-05  INV_X1
mul10_mult_28_U296             1.947e-05   4.412e-05    8.08e-05   1.721e-05  INV_X1
mul1_mult_28_U485              4.106e-05   1.793e-05   8.041e-05   2.143e-05  NAND2_X1
mul10_mult_28_U299             1.773e-05   4.536e-05    8.03e-05   1.721e-05  INV_X1
mul2_mult_28_U298              2.082e-05   4.213e-05   8.024e-05   1.729e-05  INV_X1
mul2_mult_28_U301              2.024e-05   4.244e-05   7.998e-05   1.729e-05  INV_X1
mul0_mult_28_U295              2.035e-05   4.222e-05   7.991e-05   1.734e-05  INV_X1
mul1_mult_28_U298              2.045e-05   4.205e-05   7.981e-05   1.731e-05  INV_X1
mul4_mult_28_U294              2.026e-05   4.166e-05   7.933e-05    1.74e-05  INV_X1
mul0_mult_28_U298               2.07e-05   4.128e-05   7.932e-05   1.734e-05  INV_X1
mul6_mult_28_U294              1.979e-05   4.218e-05   7.912e-05   1.714e-05  INV_X1
mul0_mult_28_U296               2.04e-05   4.136e-05   7.909e-05   1.734e-05  INV_X1
mul0_mult_28_U300              2.091e-05   4.082e-05   7.907e-05   1.734e-05  INV_X1
mul5_mult_28_U299              1.832e-05   4.333e-05   7.892e-05   1.727e-05  INV_X1
mul2_mult_28_U300               2.06e-05   4.185e-05   7.888e-05   1.643e-05  INV_X1
mul8_mult_28_U300              2.088e-05    4.14e-05   7.865e-05   1.637e-05  INV_X1
mul9_mult_28_U485              3.859e-05   1.652e-05    7.82e-05    2.31e-05  NAND2_X1
mul0_mult_28_U301              2.053e-05   4.031e-05   7.818e-05   1.734e-05  INV_X1
mul10_mult_28_U301             1.994e-05   4.071e-05   7.785e-05   1.721e-05  INV_X1
mul1_mult_28_U301              2.027e-05   4.106e-05   7.785e-05   1.652e-05  INV_X1
mul9_mult_28_U298              1.987e-05   4.044e-05   7.742e-05   1.712e-05  INV_X1
mul9_mult_28_U301              1.968e-05   4.131e-05   7.725e-05   1.626e-05  INV_X1
mul10_mult_28_U294             1.982e-05   4.001e-05   7.703e-05   1.721e-05  INV_X1
mul10_mult_28_U300             1.972e-05   4.009e-05   7.702e-05   1.721e-05  INV_X1
mul10_mult_28_U298             1.998e-05   3.973e-05   7.692e-05   1.721e-05  INV_X1
mul8_mult_28_U298              2.001e-05   3.971e-05    7.68e-05   1.708e-05  INV_X1
mul10_mult_28_U295             1.989e-05   3.934e-05   7.645e-05   1.721e-05  INV_X1
mul0_mult_28_U299              1.834e-05   4.075e-05   7.643e-05   1.734e-05  INV_X1
mul8_mult_28_U301              1.957e-05   3.934e-05   7.599e-05   1.708e-05  INV_X1
mul6_mult_28_U455              2.088e-05   1.564e-05   7.424e-05   3.772e-05  XNOR2_X1
mul3_mult_28_U455              2.103e-05   1.408e-05   7.282e-05   3.771e-05  XNOR2_X1
mul6_mult_28_U291              1.822e-05   4.141e-05    7.28e-05   1.318e-05  INV_X1
mul4_mult_28_U455              2.063e-05   1.397e-05   7.238e-05   3.778e-05  XNOR2_X1
mul5_mult_28_U455               2.08e-05   1.346e-05     7.2e-05   3.774e-05  XNOR2_X1
mul7_mult_28_U455              2.098e-05   1.296e-05   7.167e-05   3.774e-05  XNOR2_X1
mul3_mult_28_U28                       0           0   7.165e-05   7.165e-05  FA_X1
mul7_mult_28_U28                       0           0   7.162e-05   7.162e-05  FA_X1
mul2_mult_28_U31                       0           0   7.159e-05   7.159e-05  FA_X1
mul8_mult_28_U26                       0           0   7.159e-05   7.159e-05  FA_X1
mul9_mult_28_U28                       0           0   7.159e-05   7.159e-05  FA_X1
mul1_mult_28_U28                       0           0   7.159e-05   7.159e-05  FA_X1
mul0_mult_28_U31                       0           0   7.159e-05   7.159e-05  FA_X1
mul1_mult_28_U31                       0           0   7.159e-05   7.159e-05  FA_X1
mul0_mult_28_U36                       0           0   7.159e-05   7.159e-05  FA_X1
mul8_mult_28_U31                       0           0   7.159e-05   7.159e-05  FA_X1
mul3_mult_28_U47                       0           0   7.159e-05   7.159e-05  FA_X1
mul3_mult_28_U38                       0           0   7.159e-05   7.159e-05  FA_X1
mul8_mult_28_U28                       0           0   7.159e-05   7.159e-05  FA_X1
mul10_mult_28_U26                      0           0   7.159e-05   7.159e-05  FA_X1
mul2_mult_28_U28                       0           0   7.159e-05   7.159e-05  FA_X1
mul10_mult_28_U28                      0           0   7.159e-05   7.159e-05  FA_X1
mul2_mult_28_U26                       0           0   7.159e-05   7.159e-05  FA_X1
mul10_mult_28_U31                      0           0   7.159e-05   7.159e-05  FA_X1
mul0_mult_28_U38                       0           0   7.159e-05   7.159e-05  FA_X1
mul0_mult_28_U47                       0           0   7.159e-05   7.159e-05  FA_X1
mul7_mult_28_U47                       0           0   7.159e-05   7.159e-05  FA_X1
mul3_mult_28_U26                       0           0   7.159e-05   7.159e-05  FA_X1
mul9_mult_28_U31                       0           0   7.159e-05   7.159e-05  FA_X1
mul0_mult_28_U26                       0           0   7.159e-05   7.159e-05  FA_X1
mul0_mult_28_U28                       0           0   7.159e-05   7.159e-05  FA_X1
mul9_mult_28_U26                       0           0   7.159e-05   7.159e-05  FA_X1
mul7_mult_28_U26                       0           0   7.159e-05   7.159e-05  FA_X1
mul10_mult_28_U40                      0           0   7.159e-05   7.159e-05  FA_X1
mul10_mult_28_U38                      0           0   7.159e-05   7.159e-05  FA_X1
mul10_mult_28_U36                      0           0   7.159e-05   7.159e-05  FA_X1
mul10_mult_28_U47                      0           0   7.159e-05   7.159e-05  FA_X1
mul7_mult_28_U38                       0           0   7.159e-05   7.159e-05  FA_X1
mul0_mult_28_U40                       0           0   7.159e-05   7.159e-05  FA_X1
mul1_mult_28_U26                       0           0   7.159e-05   7.159e-05  FA_X1
mul4_mult_28_U291              1.853e-05   3.993e-05    7.14e-05   1.294e-05  INV_X1
mul6_mult_28_U453              2.017e-05   1.324e-05   7.125e-05   3.784e-05  XNOR2_X1
mul5_mult_28_U453              2.056e-05   1.265e-05   7.107e-05   3.785e-05  XNOR2_X1
mul3_mult_28_U453              2.059e-05   1.253e-05   7.092e-05    3.78e-05  XNOR2_X1
mul7_mult_28_U453              1.922e-05   1.389e-05   7.091e-05    3.78e-05  XNOR2_X1
mul4_mult_28_U453              2.036e-05   1.263e-05   7.087e-05   3.787e-05  XNOR2_X1
mul3_mult_28_U292              1.815e-05   4.013e-05   7.065e-05   1.237e-05  INV_X1
mul7_mult_28_U292              1.754e-05   3.958e-05   6.969e-05   1.256e-05  INV_X1
mul10_mult_28_U30                      0           0   6.752e-05   6.752e-05  FA_X1
mul9_mult_28_U30                       0           0   6.752e-05   6.752e-05  FA_X1
mul0_mult_28_U30                       0           0   6.752e-05   6.752e-05  FA_X1
mul10_mult_28_U34                      0           0   6.752e-05   6.752e-05  FA_X1
mul7_mult_28_U34                       0           0   6.752e-05   6.752e-05  FA_X1
mul3_mult_28_U34                       0           0   6.752e-05   6.752e-05  FA_X1
mul1_mult_28_U30                       0           0   6.752e-05   6.752e-05  FA_X1
mul0_mult_28_U34                       0           0   6.752e-05   6.752e-05  FA_X1
mul2_mult_28_U70               1.099e-06   6.055e-07   6.669e-05   6.499e-05  FA_X1
mul8_mult_28_U70               1.098e-06   6.354e-07   6.662e-05   6.488e-05  FA_X1
mul8_mult_28_U52                       0           0   6.437e-05   6.437e-05  FA_X1
mul1_mult_28_U34                       0           0   6.437e-05   6.437e-05  FA_X1
mul9_mult_28_U34                       0           0   6.429e-05   6.429e-05  FA_X1
mul2_mult_28_U52                       0           0   6.399e-05   6.399e-05  FA_X1
mul2_mult_28_U25                       0           0   6.003e-05   6.003e-05  FA_X1
mul10_mult_28_U44                      0           0   6.003e-05   6.003e-05  FA_X1
mul0_mult_28_U25                       0           0   6.003e-05   6.003e-05  FA_X1
mul10_mult_28_U33                      0           0   6.003e-05   6.003e-05  FA_X1
mul9_mult_28_U33                       0           0   6.003e-05   6.003e-05  FA_X1
mul0_mult_28_U45                       0           0   6.003e-05   6.003e-05  FA_X1
mul10_mult_28_U45                      0           0   6.003e-05   6.003e-05  FA_X1
mul10_mult_28_U51                      0           0   6.003e-05   6.003e-05  FA_X1
mul0_mult_28_U51                       0           0   6.003e-05   6.003e-05  FA_X1
mul0_mult_28_U44                       0           0   6.003e-05   6.003e-05  FA_X1
mul3_mult_28_U25                       0           0   6.003e-05   6.003e-05  FA_X1
mul10_mult_28_U42                      0           0   6.003e-05   6.003e-05  FA_X1
mul0_mult_28_U33                       0           0   6.003e-05   6.003e-05  FA_X1
mul10_mult_28_U25                      0           0   6.003e-05   6.003e-05  FA_X1
mul1_mult_28_U33                       0           0   6.003e-05   6.003e-05  FA_X1
mul8_mult_28_U25                       0           0   6.003e-05   6.003e-05  FA_X1
mul0_mult_28_U42                       0           0   6.003e-05   6.003e-05  FA_X1
mul9_mult_28_U25                       0           0   6.003e-05   6.003e-05  FA_X1
mul7_mult_28_U25                       0           0   6.003e-05   6.003e-05  FA_X1
mul1_mult_28_U25                       0           0   6.003e-05   6.003e-05  FA_X1
mul6_mult_28_U296              1.353e-05   2.996e-05    5.72e-05    1.37e-05  INV_X1
mul4_mult_28_U296              1.338e-05   2.977e-05   5.702e-05   1.387e-05  INV_X1
mul4_mult_28_U295              1.342e-05   2.921e-05   5.651e-05   1.387e-05  INV_X1
mul6_mult_28_U295              1.335e-05   2.768e-05   5.473e-05    1.37e-05  INV_X1
mul9_mult_28_U296              1.343e-05    2.83e-05   5.441e-05   1.267e-05  INV_X1
mul1_mult_28_U296              1.359e-05   2.814e-05    5.44e-05   1.267e-05  INV_X1
mul8_mult_28_U295              1.355e-05   2.732e-05   5.354e-05   1.267e-05  INV_X1
mul2_mult_28_U295              1.357e-05   2.722e-05    5.34e-05   1.261e-05  INV_X1
FE_OFC2_RSTn                   2.007e-06    2.65e-05   5.318e-05   2.467e-05  CLKBUF_X3
FE_OFC1_RSTn                    1.67e-06   2.677e-05   5.311e-05   2.467e-05  CLKBUF_X3
mul10_mult_28_U489                     0           0   5.147e-05   5.147e-05  XOR2_X1
mul8_mult_28_U489                      0           0   5.147e-05   5.147e-05  XOR2_X1
mul5_mult_28_U489                      0           0   5.147e-05   5.147e-05  XOR2_X1
mul0_mult_28_U489                      0           0   5.147e-05   5.147e-05  XOR2_X1
mul2_mult_28_U489                      0           0   5.147e-05   5.147e-05  XOR2_X1
mul1_mult_28_U290               1.19e-05   2.683e-05   4.965e-05   1.092e-05  INV_X1
mul3_mult_28_U372                      0           0   4.924e-05   4.924e-05  OAI22_X1
mul3_mult_28_U395                      0           0   4.924e-05   4.924e-05  OAI22_X1
mul3_mult_28_U441                      0           0   4.924e-05   4.924e-05  OAI22_X1
mul6_mult_28_U418                      0           0   4.911e-05   4.911e-05  OAI22_X1
mul7_mult_28_U431                      0           0   4.909e-05   4.909e-05  OAI22_X1
mul7_mult_28_U433                      0           0   4.909e-05   4.909e-05  OAI22_X1
mul7_mult_28_U429                      0           0   4.909e-05   4.909e-05  OAI22_X1
mul7_mult_28_U360                      0           0   4.909e-05   4.909e-05  OAI22_X1
mul7_mult_28_U362                      0           0   4.909e-05   4.909e-05  OAI22_X1
mul7_mult_28_U387                      0           0   4.909e-05   4.909e-05  OAI22_X1
mul7_mult_28_U385                      0           0   4.909e-05   4.909e-05  OAI22_X1
mul7_mult_28_U383                      0           0   4.909e-05   4.909e-05  OAI22_X1
mul7_mult_28_U364                      0           0   4.909e-05   4.909e-05  OAI22_X1
mul3_mult_28_U356                      0           0   4.908e-05   4.908e-05  OAI22_X1
mul3_mult_28_U425                      0           0   4.908e-05   4.908e-05  OAI22_X1
mul3_mult_28_U379                      0           0   4.908e-05   4.908e-05  OAI22_X1
mul3_mult_28_U443                      0           0   4.902e-05   4.902e-05  OAI22_X1
mul3_mult_28_U397                      0           0   4.902e-05   4.902e-05  OAI22_X1
mul3_mult_28_U374                      0           0   4.902e-05   4.902e-05  OAI22_X1
mul3_mult_28_U381                      0           0   4.902e-05   4.902e-05  OAI22_X1
mul3_mult_28_U427                      0           0   4.902e-05   4.902e-05  OAI22_X1
mul3_mult_28_U358                      0           0   4.902e-05   4.902e-05  OAI22_X1
mul6_mult_28_U420                      0           0   4.888e-05   4.888e-05  OAI22_X1
mul6_mult_28_U404                      0           0   4.886e-05   4.886e-05  OAI22_X1
mul6_mult_28_U402                      0           0   4.886e-05   4.886e-05  OAI22_X1
mul7_mult_28_U366                      0           0   4.884e-05   4.884e-05  OAI22_X1
mul7_mult_28_U443                      0           0   4.884e-05   4.884e-05  OAI22_X1
mul7_mult_28_U374                      0           0   4.884e-05   4.884e-05  OAI22_X1
mul7_mult_28_U397                      0           0   4.884e-05   4.884e-05  OAI22_X1
mul7_mult_28_U389                      0           0   4.884e-05   4.884e-05  OAI22_X1
mul7_mult_28_U435                      0           0   4.884e-05   4.884e-05  OAI22_X1
mul3_mult_28_U370                      0           0   4.881e-05   4.881e-05  OAI22_X1
mul3_mult_28_U439                      0           0   4.881e-05   4.881e-05  OAI22_X1
mul3_mult_28_U393                      0           0   4.881e-05   4.881e-05  OAI22_X1
mul3_mult_28_U364                      0           0   4.881e-05   4.881e-05  OAI22_X1
mul3_mult_28_U387                      0           0   4.881e-05   4.881e-05  OAI22_X1
mul3_mult_28_U433                      0           0   4.881e-05   4.881e-05  OAI22_X1
mul7_mult_28_U427                      0           0   4.879e-05   4.879e-05  OAI22_X1
mul7_mult_28_U372                      0           0   4.879e-05   4.879e-05  OAI22_X1
mul7_mult_28_U358                      0           0   4.879e-05   4.879e-05  OAI22_X1
mul7_mult_28_U395                      0           0   4.879e-05   4.879e-05  OAI22_X1
mul7_mult_28_U381                      0           0   4.879e-05   4.879e-05  OAI22_X1
mul7_mult_28_U441                      0           0   4.879e-05   4.879e-05  OAI22_X1
mul3_mult_28_U431                      0           0   4.876e-05   4.876e-05  OAI22_X1
mul3_mult_28_U362                      0           0   4.876e-05   4.876e-05  OAI22_X1
mul3_mult_28_U385                      0           0   4.876e-05   4.876e-05  OAI22_X1
mul3_mult_28_U360                      0           0   4.867e-05   4.867e-05  OAI22_X1
mul3_mult_28_U383                      0           0   4.867e-05   4.867e-05  OAI22_X1
mul3_mult_28_U429                      0           0   4.867e-05   4.867e-05  OAI22_X1
mul6_mult_28_U410                      0           0   4.866e-05   4.866e-05  OAI22_X1
mul3_mult_28_U366                      0           0   4.862e-05   4.862e-05  OAI22_X1
mul3_mult_28_U389                      0           0   4.862e-05   4.862e-05  OAI22_X1
mul3_mult_28_U435                      0           0   4.862e-05   4.862e-05  OAI22_X1
mul3_mult_28_U368                      0           0   4.861e-05   4.861e-05  OAI22_X1
mul3_mult_28_U437                      0           0   4.861e-05   4.861e-05  OAI22_X1
mul3_mult_28_U391                      0           0   4.861e-05   4.861e-05  OAI22_X1
mul6_mult_28_U408                      0           0    4.86e-05    4.86e-05  OAI22_X1
mul6_mult_28_U416                      0           0   4.856e-05   4.856e-05  OAI22_X1
mul7_mult_28_U379                      0           0   4.854e-05   4.854e-05  OAI22_X1
mul7_mult_28_U370                      0           0   4.854e-05   4.854e-05  OAI22_X1
mul7_mult_28_U368                      0           0   4.854e-05   4.854e-05  OAI22_X1
mul7_mult_28_U391                      0           0   4.854e-05   4.854e-05  OAI22_X1
mul7_mult_28_U393                      0           0   4.854e-05   4.854e-05  OAI22_X1
mul7_mult_28_U356                      0           0   4.854e-05   4.854e-05  OAI22_X1
mul7_mult_28_U425                      0           0   4.854e-05   4.854e-05  OAI22_X1
mul7_mult_28_U437                      0           0   4.854e-05   4.854e-05  OAI22_X1
mul7_mult_28_U439                      0           0   4.854e-05   4.854e-05  OAI22_X1
mul7_mult_28_U445                      0           0   4.854e-05   4.854e-05  OAI22_X1
mul6_mult_28_U406                      0           0   4.852e-05   4.852e-05  OAI22_X1
mul4_mult_28_U418                      0           0   4.849e-05   4.849e-05  OAI22_X1
mul4_mult_28_U410                      0           0   4.843e-05   4.843e-05  OAI22_X1
mul4_mult_28_U420                      0           0   4.842e-05   4.842e-05  OAI22_X1
mul6_mult_28_U412                      0           0   4.841e-05   4.841e-05  OAI22_X1
mul4_mult_28_U408                      0           0    4.84e-05    4.84e-05  OAI22_X1
mul4_mult_28_U406                      0           0   4.839e-05   4.839e-05  OAI22_X1
mul4_mult_28_U404                      0           0   4.838e-05   4.838e-05  OAI22_X1
mul6_mult_28_U414                      0           0   4.834e-05   4.834e-05  OAI22_X1
mul4_mult_28_U402                      0           0   4.819e-05   4.819e-05  OAI22_X1
mul7_mult_28_U457                      0           0   4.818e-05   4.818e-05  OAI21_X1
mul4_mult_28_U465                      0           0   4.818e-05   4.818e-05  OAI21_X1
mul7_mult_28_U461                      0           0   4.818e-05   4.818e-05  OAI21_X1
mul7_mult_28_U465                      0           0   4.818e-05   4.818e-05  OAI21_X1
mul7_mult_28_U479                      0           0   4.818e-05   4.818e-05  OAI21_X1
mul6_mult_28_U461                      0           0   4.818e-05   4.818e-05  OAI21_X1
mul6_mult_28_U465                      0           0   4.818e-05   4.818e-05  OAI21_X1
mul5_mult_28_U457                      0           0   4.818e-05   4.818e-05  OAI21_X1
mul3_mult_28_U457                      0           0   4.818e-05   4.818e-05  OAI21_X1
mul9_mult_28_U479                      0           0   4.818e-05   4.818e-05  OAI21_X1
mul3_mult_28_U461                      0           0   4.818e-05   4.818e-05  OAI21_X1
mul3_mult_28_U465                      0           0   4.818e-05   4.818e-05  OAI21_X1
mul3_mult_28_U479                      0           0   4.818e-05   4.818e-05  OAI21_X1
mul4_mult_28_U461                      0           0   4.818e-05   4.818e-05  OAI21_X1
mul1_mult_28_U479                      0           0   4.818e-05   4.818e-05  OAI21_X1
mul4_mult_28_U412                      0           0   4.818e-05   4.818e-05  OAI22_X1
add3_add_21_U1_1                       0           0   4.811e-05   4.811e-05  FA_X1
mul7_mult_28_U57                       0           0   4.811e-05   4.811e-05  FA_X1
add7_add_21_U1_1                       0           0   4.811e-05   4.811e-05  FA_X1
add7_add_21_U1_2                       0           0   4.811e-05   4.811e-05  FA_X1
add8_add_21_U1_1                       0           0   4.811e-05   4.811e-05  FA_X1
add8_add_21_U1_2                       0           0   4.811e-05   4.811e-05  FA_X1
add4_add_21_U1_2                       0           0   4.811e-05   4.811e-05  FA_X1
add9_add_21_U1_1                       0           0   4.811e-05   4.811e-05  FA_X1
add9_add_21_U1_2                       0           0   4.811e-05   4.811e-05  FA_X1
add4_add_21_U1_1                       0           0   4.811e-05   4.811e-05  FA_X1
mul3_mult_28_U29                       0           0   4.811e-05   4.811e-05  FA_X1
add3_add_21_U1_2                       0           0   4.811e-05   4.811e-05  FA_X1
mul8_mult_28_U35                       0           0   4.811e-05   4.811e-05  FA_X1
add2_add_21_U1_2                       0           0   4.811e-05   4.811e-05  FA_X1
add6_add_21_U1_2                       0           0   4.811e-05   4.811e-05  FA_X1
add1_add_21_U1_1                       0           0   4.811e-05   4.811e-05  FA_X1
add6_add_21_U1_1                       0           0   4.811e-05   4.811e-05  FA_X1
add1_add_21_U1_2                       0           0   4.811e-05   4.811e-05  FA_X1
mul4_mult_28_U35                       0           0   4.811e-05   4.811e-05  FA_X1
add5_add_21_U1_2                       0           0   4.811e-05   4.811e-05  FA_X1
mul3_mult_28_U41                       0           0   4.811e-05   4.811e-05  FA_X1
add5_add_21_U1_1                       0           0   4.811e-05   4.811e-05  FA_X1
mul8_mult_28_U29                       0           0   4.811e-05   4.811e-05  FA_X1
mul3_mult_28_U43                       0           0   4.811e-05   4.811e-05  FA_X1
add2_add_21_U1_1                       0           0   4.811e-05   4.811e-05  FA_X1
mul8_mult_28_U37                       0           0   4.811e-05   4.811e-05  FA_X1
mul3_mult_28_U57                       0           0   4.811e-05   4.811e-05  FA_X1
mul0_mult_28_U64                       0           0   4.811e-05   4.811e-05  FA_X1
mul10_mult_28_U61                      0           0   4.811e-05   4.811e-05  FA_X1
mul10_mult_28_U57                      0           0   4.811e-05   4.811e-05  FA_X1
mul2_mult_28_U29                       0           0   4.811e-05   4.811e-05  FA_X1
mul7_mult_28_U43                       0           0   4.811e-05   4.811e-05  FA_X1
mul2_mult_28_U35                       0           0   4.811e-05   4.811e-05  FA_X1
mul7_mult_28_U41                       0           0   4.811e-05   4.811e-05  FA_X1
mul10_mult_28_U29                      0           0   4.811e-05   4.811e-05  FA_X1
mul7_mult_28_U29                       0           0   4.811e-05   4.811e-05  FA_X1
mul2_mult_28_U37                       0           0   4.811e-05   4.811e-05  FA_X1
mul6_mult_28_U35                       0           0   4.811e-05   4.811e-05  FA_X1
mul10_mult_28_U46                      0           0   4.811e-05   4.811e-05  FA_X1
mul9_mult_28_U37                       0           0   4.811e-05   4.811e-05  FA_X1
mul0_mult_28_U61                       0           0   4.811e-05   4.811e-05  FA_X1
mul0_mult_28_U57                       0           0   4.811e-05   4.811e-05  FA_X1
add0_add_21_U1_1                       0           0   4.811e-05   4.811e-05  FA_X1
mul0_mult_28_U46                       0           0   4.811e-05   4.811e-05  FA_X1
mul0_mult_28_U43                       0           0   4.811e-05   4.811e-05  FA_X1
mul0_mult_28_U41                       0           0   4.811e-05   4.811e-05  FA_X1
mul0_mult_28_U37                       0           0   4.811e-05   4.811e-05  FA_X1
mul0_mult_28_U35                       0           0   4.811e-05   4.811e-05  FA_X1
mul0_mult_28_U29                       0           0   4.811e-05   4.811e-05  FA_X1
add0_add_21_U1_2                       0           0   4.811e-05   4.811e-05  FA_X1
mul10_mult_28_U43                      0           0   4.811e-05   4.811e-05  FA_X1
mul1_mult_28_U35                       0           0   4.811e-05   4.811e-05  FA_X1
mul10_mult_28_U35                      0           0   4.811e-05   4.811e-05  FA_X1
mul1_mult_28_U29                       0           0   4.811e-05   4.811e-05  FA_X1
mul1_mult_28_U37                       0           0   4.811e-05   4.811e-05  FA_X1
mul9_mult_28_U29                       0           0   4.811e-05   4.811e-05  FA_X1
mul10_mult_28_U41                      0           0   4.811e-05   4.811e-05  FA_X1
mul10_mult_28_U64                      0           0   4.811e-05   4.811e-05  FA_X1
mul9_mult_28_U35                       0           0   4.811e-05   4.811e-05  FA_X1
mul10_mult_28_U37                      0           0   4.811e-05   4.811e-05  FA_X1
mul4_mult_28_U416                      0           0   4.806e-05   4.806e-05  OAI22_X1
mul4_mult_28_U414                      0           0   4.797e-05   4.797e-05  OAI22_X1
mul8_mult_28_U320                      0           0   4.777e-05   4.777e-05  XOR2_X2
mul8_mult_28_U321                      0           0   4.777e-05   4.777e-05  XOR2_X2
mul0_mult_28_U321                      0           0   4.777e-05   4.777e-05  XOR2_X2
mul10_mult_28_U320                     0           0   4.777e-05   4.777e-05  XOR2_X2
mul10_mult_28_U321                     0           0   4.777e-05   4.777e-05  XOR2_X2
mul10_mult_28_U319                     0           0   4.777e-05   4.777e-05  XOR2_X2
mul4_mult_28_U319                      0           0   4.777e-05   4.777e-05  XOR2_X2
mul2_mult_28_U321                      0           0   4.777e-05   4.777e-05  XOR2_X2
mul2_mult_28_U320                      0           0   4.777e-05   4.777e-05  XOR2_X2
mul0_mult_28_U320                      0           0   4.777e-05   4.777e-05  XOR2_X2
mul5_mult_28_U321                      0           0   4.777e-05   4.777e-05  XOR2_X2
mul9_mult_28_U320                      0           0   4.777e-05   4.777e-05  XOR2_X2
mul6_mult_28_U319                      0           0   4.777e-05   4.777e-05  XOR2_X2
mul1_mult_28_U320                      0           0   4.777e-05   4.777e-05  XOR2_X2
mul1_mult_28_U321                      0           0   4.777e-05   4.777e-05  XOR2_X2
mul0_mult_28_U319                      0           0   4.777e-05   4.777e-05  XOR2_X2
mul9_mult_28_U321                      0           0   4.777e-05   4.777e-05  XOR2_X2
FE_OFC0_RSTn                   1.651e-06   2.119e-05   4.751e-05   2.467e-05  CLKBUF_X3
mul10_mult_28_U464                     0           0   4.678e-05   4.678e-05  XNOR2_X1
mul10_mult_28_U468                     0           0   4.678e-05   4.678e-05  XNOR2_X1
mul8_mult_28_U468                      0           0   4.678e-05   4.678e-05  XNOR2_X1
mul10_mult_28_U460                     0           0   4.678e-05   4.678e-05  XNOR2_X1
mul10_mult_28_U482                     0           0   4.678e-05   4.678e-05  XNOR2_X1
mul1_mult_28_U460                      0           0   4.678e-05   4.678e-05  XNOR2_X1
mul1_mult_28_U464                      0           0   4.678e-05   4.678e-05  XNOR2_X1
mul1_mult_28_U468                      0           0   4.678e-05   4.678e-05  XNOR2_X1
mul0_mult_28_U468                      0           0   4.678e-05   4.678e-05  XNOR2_X1
mul9_mult_28_U460                      0           0   4.678e-05   4.678e-05  XNOR2_X1
mul8_mult_28_U464                      0           0   4.678e-05   4.678e-05  XNOR2_X1
mul9_mult_28_U464                      0           0   4.678e-05   4.678e-05  XNOR2_X1
mul2_mult_28_U464                      0           0   4.678e-05   4.678e-05  XNOR2_X1
mul2_mult_28_U468                      0           0   4.678e-05   4.678e-05  XNOR2_X1
mul9_mult_28_U468                      0           0   4.678e-05   4.678e-05  XNOR2_X1
mul0_mult_28_U460                      0           0   4.678e-05   4.678e-05  XNOR2_X1
mul0_mult_28_U464                      0           0   4.678e-05   4.678e-05  XNOR2_X1
mul0_mult_28_U482                      0           0   4.678e-05   4.678e-05  XNOR2_X1
mul10_mult_28_U68                      0           0   4.672e-05   4.672e-05  HA_X1
mul0_mult_28_U72                       0           0   4.672e-05   4.672e-05  HA_X1
mul10_mult_28_U72                      0           0   4.672e-05   4.672e-05  HA_X1
mul0_mult_28_U68                       0           0   4.672e-05   4.672e-05  HA_X1
mul9_mult_28_U62                       0           0   4.672e-05   4.672e-05  HA_X1
mul8_mult_28_U68                       0           0   4.672e-05   4.672e-05  HA_X1
mul7_mult_28_U62                       0           0   4.672e-05   4.672e-05  HA_X1
mul1_mult_28_U68                       0           0   4.672e-05   4.672e-05  HA_X1
mul0_mult_28_U62                       0           0   4.672e-05   4.672e-05  HA_X1
mul4_mult_28_U68                       0           0   4.672e-05   4.672e-05  HA_X1
mul2_mult_28_U68                       0           0   4.672e-05   4.672e-05  HA_X1
mul8_mult_28_U62                       0           0   4.672e-05   4.672e-05  HA_X1
mul2_mult_28_U62                       0           0   4.672e-05   4.672e-05  HA_X1
mul7_mult_28_U72                       0           0   4.672e-05   4.672e-05  HA_X1
mul3_mult_28_U72                       0           0   4.672e-05   4.672e-05  HA_X1
mul6_mult_28_U68                       0           0   4.672e-05   4.672e-05  HA_X1
mul9_mult_28_U68                       0           0   4.672e-05   4.672e-05  HA_X1
mul1_mult_28_U62                       0           0   4.672e-05   4.672e-05  HA_X1
mul10_mult_28_U62                      0           0   4.672e-05   4.672e-05  HA_X1
mul3_mult_28_U62                       0           0   4.672e-05   4.672e-05  HA_X1
mul9_mult_28_U290              1.101e-05   2.469e-05   4.665e-05   1.096e-05  INV_X1
mul0_mult_28_U383                      0           0   4.663e-05   4.663e-05  OAI22_X1
mul0_mult_28_U360                      0           0   4.663e-05   4.663e-05  OAI22_X1
mul0_mult_28_U406                      0           0   4.663e-05   4.663e-05  OAI22_X1
mul0_mult_28_U429                      0           0   4.663e-05   4.663e-05  OAI22_X1
mul0_mult_28_U431                      0           0   4.657e-05   4.657e-05  OAI22_X1
mul0_mult_28_U362                      0           0   4.657e-05   4.657e-05  OAI22_X1
mul0_mult_28_U385                      0           0   4.657e-05   4.657e-05  OAI22_X1
mul0_mult_28_U408                      0           0   4.657e-05   4.657e-05  OAI22_X1
mul1_mult_28_U429                      0           0   4.657e-05   4.657e-05  OAI22_X1
mul1_mult_28_U406                      0           0   4.657e-05   4.657e-05  OAI22_X1
mul0_mult_28_U410                      0           0   4.653e-05   4.653e-05  OAI22_X1
mul0_mult_28_U433                      0           0   4.653e-05   4.653e-05  OAI22_X1
mul0_mult_28_U387                      0           0   4.653e-05   4.653e-05  OAI22_X1
mul0_mult_28_U364                      0           0   4.653e-05   4.653e-05  OAI22_X1
mul1_mult_28_U408                      0           0   4.651e-05   4.651e-05  OAI22_X1
mul1_mult_28_U431                      0           0   4.651e-05   4.651e-05  OAI22_X1
mul1_mult_28_U433                      0           0   4.647e-05   4.647e-05  OAI22_X1
mul1_mult_28_U410                      0           0   4.647e-05   4.647e-05  OAI22_X1
mul0_mult_28_U366                      0           0   4.644e-05   4.644e-05  OAI22_X1
mul0_mult_28_U435                      0           0   4.644e-05   4.644e-05  OAI22_X1
mul0_mult_28_U389                      0           0   4.644e-05   4.644e-05  OAI22_X1
mul0_mult_28_U412                      0           0   4.644e-05   4.644e-05  OAI22_X1
mul1_mult_28_U412                      0           0   4.638e-05   4.638e-05  OAI22_X1
mul1_mult_28_U435                      0           0   4.638e-05   4.638e-05  OAI22_X1
mul2_mult_28_U402                      0           0   4.633e-05   4.633e-05  OAI22_X1
mul2_mult_28_U425                      0           0   4.633e-05   4.633e-05  OAI22_X1
mul10_mult_28_U360                     0           0   4.633e-05   4.633e-05  OAI22_X1
mul10_mult_28_U429                     0           0   4.633e-05   4.633e-05  OAI22_X1
mul10_mult_28_U406                     0           0   4.633e-05   4.633e-05  OAI22_X1
mul10_mult_28_U383                     0           0   4.633e-05   4.633e-05  OAI22_X1
mul10_mult_28_U362                     0           0   4.632e-05   4.632e-05  OAI22_X1
mul10_mult_28_U408                     0           0   4.632e-05   4.632e-05  OAI22_X1
mul10_mult_28_U431                     0           0   4.632e-05   4.632e-05  OAI22_X1
mul10_mult_28_U385                     0           0   4.632e-05   4.632e-05  OAI22_X1
mul10_mult_28_U433                     0           0   4.629e-05   4.629e-05  OAI22_X1
mul10_mult_28_U387                     0           0   4.629e-05   4.629e-05  OAI22_X1
mul10_mult_28_U364                     0           0   4.629e-05   4.629e-05  OAI22_X1
mul10_mult_28_U410                     0           0   4.629e-05   4.629e-05  OAI22_X1
mul2_mult_28_U422                      0           0   4.628e-05   4.628e-05  OAI22_X1
mul2_mult_28_U439                      0           0   4.627e-05   4.627e-05  OAI22_X1
mul2_mult_28_U416                      0           0   4.627e-05   4.627e-05  OAI22_X1
mul2_mult_28_U437                      0           0   4.622e-05   4.622e-05  OAI22_X1
mul2_mult_28_U414                      0           0   4.622e-05   4.622e-05  OAI22_X1
mul2_mult_28_U418                      0           0   4.618e-05   4.618e-05  OAI22_X1
mul2_mult_28_U441                      0           0   4.618e-05   4.618e-05  OAI22_X1
mul0_mult_28_U437                      0           0   4.614e-05   4.614e-05  OAI22_X1
mul0_mult_28_U414                      0           0   4.614e-05   4.614e-05  OAI22_X1
mul0_mult_28_U368                      0           0   4.614e-05   4.614e-05  OAI22_X1
mul0_mult_28_U391                      0           0   4.614e-05   4.614e-05  OAI22_X1
mul2_mult_28_U404                      0           0   4.613e-05   4.613e-05  OAI22_X1
mul2_mult_28_U427                      0           0   4.613e-05   4.613e-05  OAI22_X1
mul1_mult_28_U437                      0           0   4.608e-05   4.608e-05  OAI22_X1
mul1_mult_28_U414                      0           0   4.608e-05   4.608e-05  OAI22_X1
mul2_mult_28_U443                      0           0   4.608e-05   4.608e-05  OAI22_X1
mul2_mult_28_U420                      0           0   4.608e-05   4.608e-05  OAI22_X1
mul10_mult_28_U389                     0           0   4.608e-05   4.608e-05  OAI22_X1
mul10_mult_28_U412                     0           0   4.608e-05   4.608e-05  OAI22_X1
mul10_mult_28_U366                     0           0   4.608e-05   4.608e-05  OAI22_X1
mul10_mult_28_U435                     0           0   4.608e-05   4.608e-05  OAI22_X1
mul0_mult_28_U443                      0           0   4.607e-05   4.607e-05  OAI22_X1
mul0_mult_28_U420                      0           0   4.607e-05   4.607e-05  OAI22_X1
mul0_mult_28_U397                      0           0   4.607e-05   4.607e-05  OAI22_X1
mul0_mult_28_U374                      0           0   4.607e-05   4.607e-05  OAI22_X1
mul0_mult_28_U404                      0           0   4.602e-05   4.602e-05  OAI22_X1
mul0_mult_28_U427                      0           0   4.602e-05   4.602e-05  OAI22_X1
mul0_mult_28_U381                      0           0   4.602e-05   4.602e-05  OAI22_X1
mul0_mult_28_U358                      0           0   4.602e-05   4.602e-05  OAI22_X1
mul1_mult_28_U443                      0           0   4.601e-05   4.601e-05  OAI22_X1
mul1_mult_28_U420                      0           0   4.601e-05   4.601e-05  OAI22_X1
mul0_mult_28_U370                      0           0   4.598e-05   4.598e-05  OAI22_X1
mul0_mult_28_U439                      0           0   4.598e-05   4.598e-05  OAI22_X1
mul0_mult_28_U416                      0           0   4.598e-05   4.598e-05  OAI22_X1
mul0_mult_28_U393                      0           0   4.598e-05   4.598e-05  OAI22_X1
mul1_mult_28_U445                      0           0   4.597e-05   4.597e-05  OAI22_X1
mul1_mult_28_U427                      0           0   4.596e-05   4.596e-05  OAI22_X1
mul1_mult_28_U404                      0           0   4.596e-05   4.596e-05  OAI22_X1
mul2_mult_28_U412                      0           0   4.594e-05   4.594e-05  OAI22_X1
mul2_mult_28_U435                      0           0   4.594e-05   4.594e-05  OAI22_X1
mul1_mult_28_U416                      0           0   4.592e-05   4.592e-05  OAI22_X1
mul1_mult_28_U439                      0           0   4.592e-05   4.592e-05  OAI22_X1
mul8_mult_28_U429                      0           0    4.59e-05    4.59e-05  OAI22_X1
mul8_mult_28_U406                      0           0    4.59e-05    4.59e-05  OAI22_X1
mul9_mult_28_U425                      0           0    4.59e-05    4.59e-05  OAI22_X1
mul9_mult_28_U402                      0           0    4.59e-05    4.59e-05  OAI22_X1
mul0_mult_28_U441                      0           0   4.583e-05   4.583e-05  OAI22_X1
mul0_mult_28_U418                      0           0   4.583e-05   4.583e-05  OAI22_X1
mul0_mult_28_U395                      0           0   4.583e-05   4.583e-05  OAI22_X1
mul0_mult_28_U372                      0           0   4.583e-05   4.583e-05  OAI22_X1
mul9_mult_28_U441                      0           0   4.581e-05   4.581e-05  OAI22_X1
mul8_mult_28_U435                      0           0   4.581e-05   4.581e-05  OAI22_X1
mul9_mult_28_U418                      0           0   4.581e-05   4.581e-05  OAI22_X1
mul8_mult_28_U412                      0           0   4.581e-05   4.581e-05  OAI22_X1
mul10_mult_28_U443                     0           0   4.577e-05   4.577e-05  OAI22_X1
mul10_mult_28_U420                     0           0   4.577e-05   4.577e-05  OAI22_X1
mul10_mult_28_U374                     0           0   4.577e-05   4.577e-05  OAI22_X1
mul10_mult_28_U397                     0           0   4.577e-05   4.577e-05  OAI22_X1
mul1_mult_28_U418                      0           0   4.577e-05   4.577e-05  OAI22_X1
mul1_mult_28_U441                      0           0   4.577e-05   4.577e-05  OAI22_X1
mul8_mult_28_U431                      0           0   4.576e-05   4.576e-05  OAI22_X1
mul8_mult_28_U408                      0           0   4.576e-05   4.576e-05  OAI22_X1
mul0_mult_28_U425                      0           0   4.574e-05   4.574e-05  OAI22_X1
mul0_mult_28_U402                      0           0   4.574e-05   4.574e-05  OAI22_X1
mul0_mult_28_U356                      0           0   4.574e-05   4.574e-05  OAI22_X1
mul0_mult_28_U379                      0           0   4.574e-05   4.574e-05  OAI22_X1
mul2_mult_28_U410                      0           0   4.574e-05   4.574e-05  OAI22_X1
mul2_mult_28_U429                      0           0   4.574e-05   4.574e-05  OAI22_X1
mul2_mult_28_U406                      0           0   4.574e-05   4.574e-05  OAI22_X1
mul2_mult_28_U433                      0           0   4.574e-05   4.574e-05  OAI22_X1
mul9_mult_28_U416                      0           0   4.573e-05   4.573e-05  OAI22_X1
mul9_mult_28_U439                      0           0   4.573e-05   4.573e-05  OAI22_X1
mul2_mult_28_U408                      0           0   4.572e-05   4.572e-05  OAI22_X1
mul2_mult_28_U431                      0           0   4.572e-05   4.572e-05  OAI22_X1
mul10_mult_28_U391                     0           0   4.572e-05   4.572e-05  OAI22_X1
mul10_mult_28_U437                     0           0   4.572e-05   4.572e-05  OAI22_X1
mul10_mult_28_U414                     0           0   4.572e-05   4.572e-05  OAI22_X1
mul10_mult_28_U368                     0           0   4.572e-05   4.572e-05  OAI22_X1
mul10_mult_28_U358                     0           0   4.571e-05   4.571e-05  OAI22_X1
mul10_mult_28_U381                     0           0   4.571e-05   4.571e-05  OAI22_X1
mul10_mult_28_U427                     0           0   4.571e-05   4.571e-05  OAI22_X1
mul10_mult_28_U404                     0           0   4.571e-05   4.571e-05  OAI22_X1
mul8_mult_28_U410                      0           0    4.57e-05    4.57e-05  OAI22_X1
mul8_mult_28_U433                      0           0    4.57e-05    4.57e-05  OAI22_X1
mul1_mult_28_U402                      0           0   4.568e-05   4.568e-05  OAI22_X1
mul1_mult_28_U425                      0           0   4.568e-05   4.568e-05  OAI22_X1
mul9_mult_28_U404                      0           0   4.568e-05   4.568e-05  OAI22_X1
mul9_mult_28_U427                      0           0   4.568e-05   4.568e-05  OAI22_X1
mul8_mult_28_U437                      0           0   4.566e-05   4.566e-05  OAI22_X1
mul8_mult_28_U414                      0           0   4.566e-05   4.566e-05  OAI22_X1
mul9_mult_28_U420                      0           0   4.563e-05   4.563e-05  OAI22_X1
mul9_mult_28_U443                      0           0   4.563e-05   4.563e-05  OAI22_X1
mul9_mult_28_U437                      0           0   4.562e-05   4.562e-05  OAI22_X1
mul9_mult_28_U414                      0           0   4.562e-05   4.562e-05  OAI22_X1
mul10_mult_28_U445                     0           0   4.561e-05   4.561e-05  OAI22_X1
mul10_mult_28_U422                     0           0   4.561e-05   4.561e-05  OAI22_X1
mul10_mult_28_U399                     0           0   4.561e-05   4.561e-05  OAI22_X1
mul10_mult_28_U376                     0           0   4.561e-05   4.561e-05  OAI22_X1
mul10_mult_28_U370                     0           0    4.56e-05    4.56e-05  OAI22_X1
mul10_mult_28_U393                     0           0    4.56e-05    4.56e-05  OAI22_X1
mul10_mult_28_U439                     0           0    4.56e-05    4.56e-05  OAI22_X1
mul10_mult_28_U416                     0           0    4.56e-05    4.56e-05  OAI22_X1
mul10_mult_28_U372                     0           0   4.558e-05   4.558e-05  OAI22_X1
mul10_mult_28_U441                     0           0   4.558e-05   4.558e-05  OAI22_X1
mul10_mult_28_U418                     0           0   4.558e-05   4.558e-05  OAI22_X1
mul10_mult_28_U395                     0           0   4.558e-05   4.558e-05  OAI22_X1
mul10_mult_28_U402                     0           0   4.544e-05   4.544e-05  OAI22_X1
mul10_mult_28_U425                     0           0   4.544e-05   4.544e-05  OAI22_X1
mul10_mult_28_U356                     0           0   4.544e-05   4.544e-05  OAI22_X1
mul10_mult_28_U379                     0           0   4.544e-05   4.544e-05  OAI22_X1
mul8_mult_28_U439                      0           0    4.54e-05    4.54e-05  OAI22_X1
mul8_mult_28_U416                      0           0    4.54e-05    4.54e-05  OAI22_X1
mul8_mult_28_U420                      0           0   4.535e-05   4.535e-05  OAI22_X1
mul8_mult_28_U443                      0           0   4.535e-05   4.535e-05  OAI22_X1
mul9_mult_28_U435                      0           0   4.533e-05   4.533e-05  OAI22_X1
mul9_mult_28_U412                      0           0   4.533e-05   4.533e-05  OAI22_X1
mul8_mult_28_U404                      0           0   4.532e-05   4.532e-05  OAI22_X1
mul8_mult_28_U427                      0           0   4.532e-05   4.532e-05  OAI22_X1
mul1_mult_28_U489              1.381e-06   1.054e-06   4.521e-05   4.277e-05  XOR2_X1
mul9_mult_28_U489               1.38e-06   1.046e-06    4.52e-05   4.277e-05  XOR2_X1
mul9_mult_28_U410                      0           0   4.516e-05   4.516e-05  OAI22_X1
mul9_mult_28_U433                      0           0   4.516e-05   4.516e-05  OAI22_X1
mul9_mult_28_U408                      0           0   4.513e-05   4.513e-05  OAI22_X1
mul9_mult_28_U431                      0           0   4.513e-05   4.513e-05  OAI22_X1
mul9_mult_28_U429                      0           0   4.513e-05   4.513e-05  OAI22_X1
mul9_mult_28_U406                      0           0   4.513e-05   4.513e-05  OAI22_X1
mul8_mult_28_U402                      0           0   4.507e-05   4.507e-05  OAI22_X1
mul8_mult_28_U425                      0           0   4.507e-05   4.507e-05  OAI22_X1
mul8_mult_28_U418                      0           0   4.505e-05   4.505e-05  OAI22_X1
mul8_mult_28_U441                      0           0   4.505e-05   4.505e-05  OAI22_X1
mul5_mult_28_U456                      0           0   4.296e-05   4.296e-05  XOR2_X1
mul3_mult_28_U456                      0           0   4.296e-05   4.296e-05  XOR2_X1
mul7_mult_28_U456                      0           0   4.296e-05   4.296e-05  XOR2_X1
mul6_mult_28_U456                      0           0   4.296e-05   4.296e-05  XOR2_X1
mul4_mult_28_U456                      0           0   4.296e-05   4.296e-05  XOR2_X1
mul2_mult_28_U459              4.934e-07   4.511e-06   4.183e-05   3.683e-05  NAND2_X1
mul8_mult_28_U459              4.933e-07   4.454e-06   4.178e-05   3.683e-05  NAND2_X1
mul6_mult_28_U481              4.934e-07   4.449e-06   4.177e-05   3.683e-05  NAND2_X1
mul5_mult_28_U481              4.935e-07   4.414e-06   4.174e-05   3.683e-05  NAND2_X1
mul6_mult_28_U459              4.935e-07   4.404e-06   4.173e-05   3.683e-05  NAND2_X1
mul5_mult_28_U463              4.935e-07   4.394e-06   4.172e-05   3.683e-05  NAND2_X1
mul5_mult_28_U467              4.936e-07   4.341e-06   4.166e-05   3.683e-05  NAND2_X1
mul4_mult_28_U459              4.935e-07   4.335e-06   4.166e-05   3.683e-05  NAND2_X1
mul4_mult_28_U481              4.937e-07   4.296e-06   4.162e-05   3.683e-05  NAND2_X1
mul2_mult_28_U481              4.937e-07   4.293e-06   4.162e-05   3.683e-05  NAND2_X1
mul8_mult_28_U481              4.937e-07   4.277e-06    4.16e-05   3.683e-05  NAND2_X1
FE_RC_23_0                             0           0   4.128e-05   4.128e-05  AOI21_X1
FE_RC_24_0                             0           0   4.128e-05   4.128e-05  AOI21_X1
FE_RC_22_0                             0           0   4.128e-05   4.128e-05  AOI21_X1
FE_RC_36_0                             0           0   4.123e-05   4.123e-05  AOI21_X1
FE_RC_37_0                             0           0   4.123e-05   4.123e-05  AOI21_X1
FE_RC_34_0                             0           0   4.121e-05   4.121e-05  AOI21_X1
mul2_mult_28_U488              4.239e-07   3.617e-06   4.111e-05   3.706e-05  NAND2_X1
FE_RC_26_0                             0           0   4.109e-05   4.109e-05  AOI21_X1
mul8_mult_28_U488              4.269e-07    3.44e-06   4.093e-05   3.706e-05  NAND2_X1
FE_RC_20_0                             0           0   4.057e-05   4.057e-05  AOI21_X1
FE_RC_16_0                             0           0    4.05e-05    4.05e-05  AOI21_X1
FE_RC_15_0                             0           0    4.05e-05    4.05e-05  AOI21_X1
FE_RC_14_0                             0           0    4.05e-05    4.05e-05  AOI21_X1
FE_RC_13_0                             0           0    4.05e-05    4.05e-05  AOI21_X1
FE_RC_17_0                             0           0   4.048e-05   4.048e-05  AOI21_X1
FE_RC_43_0                             0           0   4.041e-05   4.041e-05  AOI21_X1
FE_RC_42_0                             0           0   4.041e-05   4.041e-05  AOI21_X1
FE_RC_38_0                             0           0   4.036e-05   4.036e-05  AOI21_X1
FE_RC_39_0                             0           0   4.036e-05   4.036e-05  AOI21_X1
mul3_mult_28_U483                      0           0   4.019e-05   4.019e-05  MUX2_X1
mul6_mult_28_U483                      0           0   4.014e-05   4.014e-05  MUX2_X1
mul7_mult_28_U483                      0           0   4.011e-05   4.011e-05  MUX2_X1
mul4_mult_28_U483                      0           0   4.004e-05   4.004e-05  MUX2_X1
mul7_mult_28_U460                      0           0    3.93e-05    3.93e-05  XNOR2_X1
mul4_mult_28_U464                      0           0    3.93e-05    3.93e-05  XNOR2_X1
mul7_mult_28_U468                      0           0    3.93e-05    3.93e-05  XNOR2_X1
mul3_mult_28_U482                      0           0    3.93e-05    3.93e-05  XNOR2_X1
mul3_mult_28_U468                      0           0    3.93e-05    3.93e-05  XNOR2_X1
mul9_mult_28_U482                      0           0    3.93e-05    3.93e-05  XNOR2_X1
mul1_mult_28_U482                      0           0    3.93e-05    3.93e-05  XNOR2_X1
mul7_mult_28_U482                      0           0    3.93e-05    3.93e-05  XNOR2_X1
mul3_mult_28_U460                      0           0    3.93e-05    3.93e-05  XNOR2_X1
mul6_mult_28_U464                      0           0    3.93e-05    3.93e-05  XNOR2_X1
mul8_mult_28_U460              4.936e-07   4.012e-07   3.754e-05   3.664e-05  XNOR2_X1
mul6_mult_28_U482              4.931e-07   3.691e-07   3.751e-05   3.664e-05  XNOR2_X1
mul2_mult_28_U460              4.946e-07   3.606e-07    3.75e-05   3.664e-05  XNOR2_X1
mul4_mult_28_U482              4.912e-07   3.519e-07   3.749e-05   3.664e-05  XNOR2_X1
mul5_mult_28_U464              4.922e-07   3.504e-07   3.749e-05   3.664e-05  XNOR2_X1
mul6_mult_28_U457                      0           0   3.741e-05   3.741e-05  OAI21_X1
mul5_mult_28_U465                      0           0   3.741e-05   3.741e-05  OAI21_X1
mul2_mult_28_U479                      0           0   3.741e-05   3.741e-05  OAI21_X1
mul8_mult_28_U479                      0           0   3.741e-05   3.741e-05  OAI21_X1
mul5_mult_28_U479                      0           0   3.741e-05   3.741e-05  OAI21_X1
mul4_mult_28_U457                      0           0   3.741e-05   3.741e-05  OAI21_X1
mul7_mult_28_U474                      0           0   3.729e-05   3.729e-05  AOI222_X1
mul9_mult_28_U327                      0           0   3.721e-05   3.721e-05  NAND2_X1
mul0_mult_28_U327                      0           0   3.721e-05   3.721e-05  NAND2_X1
mul2_mult_28_U327                      0           0   3.721e-05   3.721e-05  NAND2_X1
mul4_mult_28_U327                      0           0   3.721e-05   3.721e-05  NAND2_X1
mul6_mult_28_U327                      0           0   3.721e-05   3.721e-05  NAND2_X1
mul7_mult_28_U327                      0           0   3.721e-05   3.721e-05  NAND2_X1
mul5_mult_28_U327                      0           0   3.721e-05   3.721e-05  NAND2_X1
mul8_mult_28_U327                      0           0   3.721e-05   3.721e-05  NAND2_X1
mul3_mult_28_U327                      0           0   3.721e-05   3.721e-05  NAND2_X1
mul10_mult_28_U327                     0           0   3.721e-05   3.721e-05  NAND2_X1
mul1_mult_28_U327                      0           0   3.721e-05   3.721e-05  NAND2_X1
mul3_mult_28_U474                      0           0   3.707e-05   3.707e-05  AOI222_X1
mul5_mult_28_U461              5.626e-07   7.594e-07   3.625e-05   3.492e-05  OAI21_X1
mul4_mult_28_U479              5.608e-07   6.716e-07   3.616e-05   3.492e-05  OAI21_X1
mul8_mult_28_U457              5.663e-07   6.556e-07   3.615e-05   3.492e-05  OAI21_X1
mul2_mult_28_U457              5.671e-07   6.531e-07   3.614e-05   3.492e-05  OAI21_X1
mul6_mult_28_U479              5.642e-07   6.557e-07   3.614e-05   3.492e-05  OAI21_X1
mul10_mult_28_U465                     0           0   3.509e-05   3.509e-05  OAI21_X1
mul1_mult_28_U465                      0           0   3.509e-05   3.509e-05  OAI21_X1
mul1_mult_28_U461                      0           0   3.509e-05   3.509e-05  OAI21_X1
mul10_mult_28_U461                     0           0   3.509e-05   3.509e-05  OAI21_X1
mul10_mult_28_U479                     0           0   3.509e-05   3.509e-05  OAI21_X1
mul10_mult_28_U457                     0           0   3.509e-05   3.509e-05  OAI21_X1
mul8_mult_28_U465                      0           0   3.509e-05   3.509e-05  OAI21_X1
mul2_mult_28_U465                      0           0   3.509e-05   3.509e-05  OAI21_X1
mul2_mult_28_U461                      0           0   3.509e-05   3.509e-05  OAI21_X1
mul8_mult_28_U461                      0           0   3.509e-05   3.509e-05  OAI21_X1
mul9_mult_28_U461                      0           0   3.509e-05   3.509e-05  OAI21_X1
mul9_mult_28_U465                      0           0   3.509e-05   3.509e-05  OAI21_X1
mul0_mult_28_U457                      0           0   3.509e-05   3.509e-05  OAI21_X1
mul0_mult_28_U461                      0           0   3.509e-05   3.509e-05  OAI21_X1
mul0_mult_28_U465                      0           0   3.509e-05   3.509e-05  OAI21_X1
mul0_mult_28_U479                      0           0   3.509e-05   3.509e-05  OAI21_X1
mul8_mult_28_U330                      0           0   3.046e-05   3.046e-05  NAND3_X1
mul10_mult_28_U330                     0           0   3.014e-05   3.014e-05  NAND3_X1
mul10_mult_28_U480                     0           0   3.014e-05   3.014e-05  NAND3_X1
mul6_mult_28_U480                      0           0   2.998e-05   2.998e-05  NAND3_X1
mul9_mult_28_U330                      0           0   2.992e-05   2.992e-05  NAND3_X1
mul1_mult_28_U330                      0           0   2.992e-05   2.992e-05  NAND3_X1
mul0_mult_28_U480                      0           0   2.987e-05   2.987e-05  NAND3_X1
mul0_mult_28_U330                      0           0   2.987e-05   2.987e-05  NAND3_X1
mul2_mult_28_U330                      0           0    2.95e-05    2.95e-05  NAND3_X1
mul4_mult_28_U480                      0           0   2.945e-05   2.945e-05  NAND3_X1
mul3_mult_28_U476                      0           0    2.92e-05    2.92e-05  AOI222_X1
mul3_mult_28_U478                      0           0    2.92e-05    2.92e-05  AOI222_X1
mul3_mult_28_U477                      0           0   2.834e-05   2.834e-05  AOI222_X1
mul7_mult_28_U478                      0           0   2.823e-05   2.823e-05  AOI222_X1
mul7_mult_28_U477                      0           0   2.823e-05   2.823e-05  AOI222_X1
mul7_mult_28_U476                      0           0   2.823e-05   2.823e-05  AOI222_X1
mul4_mult_28_U458                      0           0   2.802e-05   2.802e-05  OR3_X1
mul4_mult_28_U462                      0           0   2.802e-05   2.802e-05  OR3_X1
mul6_mult_28_U290              5.355e-06   1.211e-05   2.799e-05   1.053e-05  INV_X1
mul5_mult_28_U466                      0           0   2.795e-05   2.795e-05  OR3_X1
mul7_mult_28_U466                      0           0   2.789e-05   2.789e-05  OR3_X1
mul7_mult_28_U458                      0           0   2.789e-05   2.789e-05  OR3_X1
mul4_mult_28_U290              5.354e-06   1.194e-05   2.785e-05   1.055e-05  INV_X1
mul6_mult_28_U462                      0           0   2.784e-05   2.784e-05  OR3_X1
mul6_mult_28_U458                      0           0   2.784e-05   2.784e-05  OR3_X1
mul3_mult_28_U466                      0           0   2.776e-05   2.776e-05  OR3_X1
mul3_mult_28_U458                      0           0   2.776e-05   2.776e-05  OR3_X1
mul3_mult_28_U475                      0           0   2.726e-05   2.726e-05  AOI222_X1
mul7_mult_28_U475                      0           0   2.662e-05   2.662e-05  AOI222_X1
mul4_mult_28_U489                      0           0   2.639e-05   2.639e-05  XOR2_X1
mul3_mult_28_U489                      0           0   2.639e-05   2.639e-05  XOR2_X1
mul7_mult_28_U489                      0           0   2.639e-05   2.639e-05  XOR2_X1
mul6_mult_28_U489                      0           0   2.639e-05   2.639e-05  XOR2_X1
mul3_mult_28_U454                      0           0   2.512e-05   2.512e-05  NOR2_X1
mul8_mult_28_U447                      0           0   2.512e-05   2.512e-05  NOR2_X1
mul8_mult_28_U401                      0           0   2.512e-05   2.512e-05  NOR2_X1
mul8_mult_28_U424                      0           0   2.512e-05   2.512e-05  NOR2_X1
mul8_mult_28_U378                      0           0   2.512e-05   2.512e-05  NOR2_X1
mul6_mult_28_U454                      0           0   2.509e-05   2.509e-05  NOR2_X1
mul7_mult_28_U454                      0           0   2.504e-05   2.504e-05  NOR2_X1
mul7_mult_28_U450                      0           0   2.504e-05   2.504e-05  NOR2_X1
mul7_mult_28_U448                      0           0   2.504e-05   2.504e-05  NOR2_X1
mul5_mult_28_U454                      0           0   2.501e-05   2.501e-05  NOR2_X1
mul3_mult_28_U447                      0           0   2.498e-05   2.498e-05  NOR2_X1
mul3_mult_28_U424                      0           0   2.498e-05   2.498e-05  NOR2_X1
mul3_mult_28_U378                      0           0   2.498e-05   2.498e-05  NOR2_X1
mul10_mult_28_U401                     0           0   2.495e-05   2.495e-05  NOR2_X1
mul10_mult_28_U378                     0           0   2.495e-05   2.495e-05  NOR2_X1
mul10_mult_28_U424                     0           0   2.495e-05   2.495e-05  NOR2_X1
mul10_mult_28_U447                     0           0   2.495e-05   2.495e-05  NOR2_X1
mul6_mult_28_U447                      0           0   2.487e-05   2.487e-05  NOR2_X1
mul6_mult_28_U401                      0           0   2.487e-05   2.487e-05  NOR2_X1
mul4_mult_28_U454                      0           0   2.487e-05   2.487e-05  NOR2_X1
mul6_mult_28_U378                      0           0   2.487e-05   2.487e-05  NOR2_X1
mul9_mult_28_U401                      0           0   2.484e-05   2.484e-05  NOR2_X1
mul9_mult_28_U447                      0           0   2.484e-05   2.484e-05  NOR2_X1
mul9_mult_28_U424                      0           0   2.484e-05   2.484e-05  NOR2_X1
mul1_mult_28_U447                      0           0   2.484e-05   2.484e-05  NOR2_X1
mul1_mult_28_U424                      0           0   2.484e-05   2.484e-05  NOR2_X1
mul1_mult_28_U401                      0           0   2.484e-05   2.484e-05  NOR2_X1
mul0_mult_28_U447                      0           0   2.482e-05   2.482e-05  NOR2_X1
mul0_mult_28_U424                      0           0   2.482e-05   2.482e-05  NOR2_X1
mul0_mult_28_U401                      0           0   2.482e-05   2.482e-05  NOR2_X1
mul0_mult_28_U378                      0           0   2.482e-05   2.482e-05  NOR2_X1
mul7_mult_28_U452                      0           0   2.479e-05   2.479e-05  NOR2_X1
mul3_mult_28_U448                      0           0   2.479e-05   2.479e-05  NOR2_X1
mul3_mult_28_U450                      0           0   2.479e-05   2.479e-05  NOR2_X1
mul5_mult_28_U450                      0           0   2.479e-05   2.479e-05  NOR2_X1
mul5_mult_28_U448                      0           0   2.479e-05   2.479e-05  NOR2_X1
mul7_mult_28_U378                      0           0   2.479e-05   2.479e-05  NOR2_X1
mul7_mult_28_U447                      0           0   2.479e-05   2.479e-05  NOR2_X1
mul7_mult_28_U424                      0           0   2.479e-05   2.479e-05  NOR2_X1
mul3_mult_28_U452                      0           0   2.476e-05   2.476e-05  NOR2_X1
mul5_mult_28_U447                      0           0    2.47e-05    2.47e-05  NOR2_X1
mul5_mult_28_U401                      0           0    2.47e-05    2.47e-05  NOR2_X1
mul6_mult_28_U450                      0           0    2.47e-05    2.47e-05  NOR2_X1
mul6_mult_28_U448                      0           0    2.47e-05    2.47e-05  NOR2_X1
mul5_mult_28_U424                      0           0    2.47e-05    2.47e-05  NOR2_X1
mul4_mult_28_U467                      0           0    2.47e-05    2.47e-05  NAND2_X1
mul5_mult_28_U459                      0           0    2.47e-05    2.47e-05  NAND2_X1
mul7_mult_28_U463                      0           0    2.47e-05    2.47e-05  NAND2_X1
mul3_mult_28_U463                      0           0    2.47e-05    2.47e-05  NAND2_X1
mul6_mult_28_U467                      0           0    2.47e-05    2.47e-05  NAND2_X1
mul4_mult_28_U448                      0           0   2.468e-05   2.468e-05  NOR2_X1
mul4_mult_28_U450                      0           0   2.468e-05   2.468e-05  NOR2_X1
mul2_mult_28_U378                      0           0   2.462e-05   2.462e-05  NOR2_X1
mul2_mult_28_U401                      0           0   2.462e-05   2.462e-05  NOR2_X1
mul6_mult_28_U452                      0           0   2.462e-05   2.462e-05  NOR2_X1
mul2_mult_28_U447                      0           0   2.462e-05   2.462e-05  NOR2_X1
mul2_mult_28_U424                      0           0   2.462e-05   2.462e-05  NOR2_X1
mul4_mult_28_U378                      0           0   2.459e-05   2.459e-05  NOR2_X1
mul4_mult_28_U401                      0           0   2.459e-05   2.459e-05  NOR2_X1
mul4_mult_28_U447                      0           0   2.459e-05   2.459e-05  NOR2_X1
mul5_mult_28_U452                      0           0   2.457e-05   2.457e-05  NOR2_X1
mul5_mult_28_U482              1.256e-06   3.774e-07   2.449e-05   2.286e-05  XNOR2_X1
mul4_mult_28_U452                      0           0   2.448e-05   2.448e-05  NOR2_X1
mul5_mult_28_U468              1.252e-06   3.672e-07   2.448e-05   2.286e-05  XNOR2_X1
mul4_mult_28_U460              1.252e-06    3.55e-07   2.446e-05   2.286e-05  XNOR2_X1
mul5_mult_28_U460              1.252e-06    3.52e-07   2.446e-05   2.286e-05  XNOR2_X1
mul2_mult_28_U482              1.254e-06   3.478e-07   2.446e-05   2.286e-05  XNOR2_X1
mul8_mult_28_U482              1.254e-06   3.462e-07   2.446e-05   2.286e-05  XNOR2_X1
mul3_mult_28_U464              1.252e-06   3.458e-07   2.445e-05   2.286e-05  XNOR2_X1
mul7_mult_28_U464               1.25e-06   3.327e-07   2.444e-05   2.286e-05  XNOR2_X1
mul4_mult_28_U468              1.251e-06   3.304e-07   2.444e-05   2.286e-05  XNOR2_X1
mul6_mult_28_U460               1.25e-06   3.316e-07   2.444e-05   2.286e-05  XNOR2_X1
mul6_mult_28_U468               1.25e-06   3.237e-07   2.443e-05   2.286e-05  XNOR2_X1
mul0_mult_28_U450                      0           0   2.399e-05   2.399e-05  NOR2_X1
mul0_mult_28_U448                      0           0   2.399e-05   2.399e-05  NOR2_X1
mul1_mult_28_U448                      0           0   2.396e-05   2.396e-05  NOR2_X1
mul1_mult_28_U450                      0           0   2.396e-05   2.396e-05  NOR2_X1
mul10_mult_28_U450                     0           0   2.385e-05   2.385e-05  NOR2_X1
mul10_mult_28_U448                     0           0   2.385e-05   2.385e-05  NOR2_X1
mul0_mult_28_U452                      0           0   2.377e-05   2.377e-05  NOR2_X1
mul1_mult_28_U456                      0           0   2.376e-05   2.376e-05  XOR2_X1
mul8_mult_28_U456                      0           0   2.376e-05   2.376e-05  XOR2_X1
mul10_mult_28_U456                     0           0   2.376e-05   2.376e-05  XOR2_X1
mul2_mult_28_U456                      0           0   2.376e-05   2.376e-05  XOR2_X1
mul9_mult_28_U456                      0           0   2.376e-05   2.376e-05  XOR2_X1
mul0_mult_28_U456                      0           0   2.376e-05   2.376e-05  XOR2_X1
mul1_mult_28_U452                      0           0   2.374e-05   2.374e-05  NOR2_X1
mul2_mult_28_U452                      0           0   2.371e-05   2.371e-05  NOR2_X1
mul0_mult_28_U454                      0           0   2.368e-05   2.368e-05  NOR2_X1
mul8_mult_28_U450                      0           0   2.366e-05   2.366e-05  NOR2_X1
mul1_mult_28_U454                      0           0   2.366e-05   2.366e-05  NOR2_X1
mul8_mult_28_U448                      0           0   2.366e-05   2.366e-05  NOR2_X1
mul2_mult_28_U454                      0           0    2.36e-05    2.36e-05  NOR2_X1
mul10_mult_28_U454                     0           0    2.36e-05    2.36e-05  NOR2_X1
mul10_mult_28_U452                     0           0   2.357e-05   2.357e-05  NOR2_X1
mul8_mult_28_U452                      0           0   2.355e-05   2.355e-05  NOR2_X1
mul2_mult_28_U450                      0           0   2.349e-05   2.349e-05  NOR2_X1
mul2_mult_28_U448                      0           0   2.349e-05   2.349e-05  NOR2_X1
mul9_mult_28_U454                      0           0   2.344e-05   2.344e-05  NOR2_X1
mul9_mult_28_U452                      0           0   2.341e-05   2.341e-05  NOR2_X1
mul8_mult_28_U454                      0           0   2.327e-05   2.327e-05  NOR2_X1
mul1_mult_28_U297               3.02e-07   4.446e-06   2.326e-05   1.851e-05  INV_X1
mul9_mult_28_U297              3.019e-07   4.446e-06   2.325e-05   1.851e-05  INV_X1
mul9_mult_28_U448                      0           0   2.319e-05   2.319e-05  NOR2_X1
mul9_mult_28_U450                      0           0   2.319e-05   2.319e-05  NOR2_X1
mul5_mult_28_U313              2.984e-07   4.071e-06   2.288e-05   1.851e-05  INV_X1
mul0_mult_28_U313              2.983e-07   4.042e-06   2.285e-05   1.851e-05  INV_X1
mul1_mult_28_U313              2.984e-07   4.002e-06   2.281e-05   1.851e-05  INV_X1
mul9_mult_28_U313              2.983e-07   3.989e-06   2.279e-05   1.851e-05  INV_X1
mul3_mult_28_U313              2.982e-07   3.977e-06   2.278e-05   1.851e-05  INV_X1
mul7_mult_28_U313              2.981e-07   3.952e-06   2.276e-05   1.851e-05  INV_X1
mul10_mult_28_U313             2.981e-07   3.947e-06   2.275e-05   1.851e-05  INV_X1
mul4_mult_28_U313              2.981e-07    3.94e-06   2.275e-05   1.851e-05  INV_X1
mul6_mult_28_U313              2.981e-07   3.915e-06   2.272e-05   1.851e-05  INV_X1
mul4_mult_28_U326                      0           0   2.267e-05   2.267e-05  XNOR2_X1
mul5_mult_28_U326                      0           0   2.267e-05   2.267e-05  XNOR2_X1
mul10_mult_28_U326                     0           0   2.267e-05   2.267e-05  XNOR2_X1
mul8_mult_28_U326                      0           0   2.267e-05   2.267e-05  XNOR2_X1
mul0_mult_28_U326                      0           0   2.267e-05   2.267e-05  XNOR2_X1
mul3_mult_28_U326                      0           0   2.267e-05   2.267e-05  XNOR2_X1
mul6_mult_28_U326                      0           0   2.267e-05   2.267e-05  XNOR2_X1
mul1_mult_28_U326                      0           0   2.267e-05   2.267e-05  XNOR2_X1
mul9_mult_28_U326                      0           0   2.267e-05   2.267e-05  XNOR2_X1
mul2_mult_28_U326                      0           0   2.267e-05   2.267e-05  XNOR2_X1
mul7_mult_28_U326                      0           0   2.267e-05   2.267e-05  XNOR2_X1
mul2_mult_28_U466                      0           0   2.188e-05   2.188e-05  OR3_X1
mul2_mult_28_U458                      0           0   2.188e-05   2.188e-05  OR3_X1
mul2_mult_28_U462                      0           0   2.188e-05   2.188e-05  OR3_X1
mul5_mult_28_U462                      0           0   2.184e-05   2.184e-05  OR3_X1
mul0_mult_28_U466                      0           0   2.179e-05   2.179e-05  OR3_X1
mul0_mult_28_U462                      0           0   2.179e-05   2.179e-05  OR3_X1
mul0_mult_28_U458                      0           0   2.179e-05   2.179e-05  OR3_X1
mul1_mult_28_U466                      0           0   2.178e-05   2.178e-05  OR3_X1
mul1_mult_28_U462                      0           0   2.178e-05   2.178e-05  OR3_X1
mul9_mult_28_U466                      0           0   2.178e-05   2.178e-05  OR3_X1
mul9_mult_28_U462                      0           0   2.178e-05   2.178e-05  OR3_X1
mul10_mult_28_U462                     0           0   2.172e-05   2.172e-05  OR3_X1
mul10_mult_28_U458                     0           0   2.172e-05   2.172e-05  OR3_X1
mul10_mult_28_U466                     0           0   2.172e-05   2.172e-05  OR3_X1
mul8_mult_28_U462                      0           0   2.164e-05   2.164e-05  OR3_X1
mul8_mult_28_U466                      0           0   2.164e-05   2.164e-05  OR3_X1
mul8_mult_28_U458                      0           0   2.164e-05   2.164e-05  OR3_X1
mul4_mult_28_U466                      0           0   2.119e-05   2.119e-05  OR3_X1
mul2_mult_28_U317              3.716e-07   2.282e-06   2.116e-05   1.851e-05  INV_X1
mul10_mult_28_U314             3.692e-07   2.263e-06   2.114e-05   1.851e-05  INV_X1
mul5_mult_28_U458                      0           0   2.113e-05   2.113e-05  OR3_X1
mul8_mult_28_U317               3.85e-07    2.23e-06   2.112e-05   1.851e-05  INV_X1
mul7_mult_28_U462                      0           0   2.108e-05   2.108e-05  OR3_X1
mul6_mult_28_U466                      0           0   2.103e-05   2.103e-05  OR3_X1
mul0_mult_28_U314               3.88e-07    2.13e-06   2.103e-05   1.851e-05  INV_X1
mul3_mult_28_U462                      0           0   2.096e-05   2.096e-05  OR3_X1
mul0_mult_28_U317                3.8e-07   1.967e-06   2.085e-05   1.851e-05  INV_X1
mul8_mult_28_U314              3.845e-07   1.955e-06   2.085e-05   1.851e-05  INV_X1
mul2_mult_28_U314              3.878e-07   1.932e-06   2.083e-05   1.851e-05  INV_X1
mul9_mult_28_U314               3.81e-07   1.937e-06   2.083e-05   1.851e-05  INV_X1
mul1_mult_28_U317              3.811e-07   1.937e-06   2.082e-05   1.851e-05  INV_X1
mul10_mult_28_U317             3.787e-07   1.926e-06   2.081e-05   1.851e-05  INV_X1
mul1_mult_28_U314              3.862e-07   1.917e-06   2.081e-05   1.851e-05  INV_X1
mul9_mult_28_U317              3.868e-07   1.896e-06   2.079e-05   1.851e-05  INV_X1
mul5_mult_28_U317              3.785e-07   1.895e-06   2.078e-05   1.851e-05  INV_X1
mul6_mult_28_U312              4.166e-07   1.741e-06   2.067e-05   1.851e-05  INV_X1
mul0_mult_28_U312              3.998e-07    1.75e-06   2.066e-05   1.851e-05  INV_X1
mul10_mult_28_U312             3.958e-07   1.749e-06   2.065e-05   1.851e-05  INV_X1
mul4_mult_28_U312              4.007e-07    1.73e-06   2.064e-05   1.851e-05  INV_X1
mul2_mult_28_U318              3.909e-07   1.624e-06   2.052e-05   1.851e-05  INV_X1
mul1_mult_28_U318              3.948e-07   1.559e-06   2.046e-05   1.851e-05  INV_X1
mul0_mult_28_U318              3.956e-07   1.554e-06   2.046e-05   1.851e-05  INV_X1
mul9_mult_28_U318              3.958e-07   1.533e-06   2.044e-05   1.851e-05  INV_X1
mul10_mult_28_U318             3.946e-07   1.524e-06   2.043e-05   1.851e-05  INV_X1
mul8_mult_28_U318              3.984e-07    1.52e-06   2.043e-05   1.851e-05  INV_X1
mul8_mult_28_U307                      0           0    1.86e-05    1.86e-05  INV_X1
mul7_mult_28_U301                      0           0    1.86e-05    1.86e-05  INV_X1
mul10_mult_28_U293                     0           0    1.86e-05    1.86e-05  INV_X1
mul7_mult_28_U295                      0           0    1.86e-05    1.86e-05  INV_X1
mul10_mult_28_U303                     0           0    1.86e-05    1.86e-05  INV_X1
mul7_mult_28_U296                      0           0    1.86e-05    1.86e-05  INV_X1
mul7_mult_28_U298                      0           0    1.86e-05    1.86e-05  INV_X1
mul7_mult_28_U299                      0           0    1.86e-05    1.86e-05  INV_X1
mul6_mult_28_U303                      0           0    1.86e-05    1.86e-05  INV_X1
mul7_mult_28_U300                      0           0    1.86e-05    1.86e-05  INV_X1
mul6_mult_28_U299                      0           0    1.86e-05    1.86e-05  INV_X1
mul6_mult_28_U304                      0           0    1.86e-05    1.86e-05  INV_X1
mul7_mult_28_U310                      0           0    1.86e-05    1.86e-05  INV_X1
mul7_mult_28_U309                      0           0    1.86e-05    1.86e-05  INV_X1
mul7_mult_28_U307                      0           0    1.86e-05    1.86e-05  INV_X1
mul10_mult_28_U304                     0           0    1.86e-05    1.86e-05  INV_X1
mul7_mult_28_U304                      0           0    1.86e-05    1.86e-05  INV_X1
mul7_mult_28_U303                      0           0    1.86e-05    1.86e-05  INV_X1
mul1_mult_28_U309                      0           0    1.86e-05    1.86e-05  INV_X1
mul0_mult_28_U293                      0           0    1.86e-05    1.86e-05  INV_X1
mul0_mult_28_U303                      0           0    1.86e-05    1.86e-05  INV_X1
mul9_mult_28_U309                      0           0    1.86e-05    1.86e-05  INV_X1
mul0_mult_28_U304                      0           0    1.86e-05    1.86e-05  INV_X1
mul9_mult_28_U307                      0           0    1.86e-05    1.86e-05  INV_X1
mul9_mult_28_U304                      0           0    1.86e-05    1.86e-05  INV_X1
mul9_mult_28_U303                      0           0    1.86e-05    1.86e-05  INV_X1
mul8_mult_28_U304                      0           0    1.86e-05    1.86e-05  INV_X1
mul8_mult_28_U303                      0           0    1.86e-05    1.86e-05  INV_X1
mul1_mult_28_U303                      0           0    1.86e-05    1.86e-05  INV_X1
mul1_mult_28_U304                      0           0    1.86e-05    1.86e-05  INV_X1
mul1_mult_28_U307                      0           0    1.86e-05    1.86e-05  INV_X1
mul0_mult_28_U307                      0           0    1.86e-05    1.86e-05  INV_X1
mul9_mult_28_U310                      0           0    1.86e-05    1.86e-05  INV_X1
mul1_mult_28_U310                      0           0    1.86e-05    1.86e-05  INV_X1
mul0_mult_28_U309                      0           0    1.86e-05    1.86e-05  INV_X1
mul10_mult_28_U307                     0           0    1.86e-05    1.86e-05  INV_X1
mul0_mult_28_U310                      0           0    1.86e-05    1.86e-05  INV_X1
mul4_mult_28_U299                      0           0    1.86e-05    1.86e-05  INV_X1
mul4_mult_28_U303                      0           0    1.86e-05    1.86e-05  INV_X1
mul4_mult_28_U304                      0           0    1.86e-05    1.86e-05  INV_X1
mul4_mult_28_U307                      0           0    1.86e-05    1.86e-05  INV_X1
mul10_mult_28_U309                     0           0    1.86e-05    1.86e-05  INV_X1
mul4_mult_28_U309                      0           0    1.86e-05    1.86e-05  INV_X1
mul4_mult_28_U310                      0           0    1.86e-05    1.86e-05  INV_X1
mul10_mult_28_U310                     0           0    1.86e-05    1.86e-05  INV_X1
mul6_mult_28_U307                      0           0    1.86e-05    1.86e-05  INV_X1
mul2_mult_28_U303                      0           0    1.86e-05    1.86e-05  INV_X1
mul8_mult_28_U310                      0           0    1.86e-05    1.86e-05  INV_X1
mul3_mult_28_U310                      0           0    1.86e-05    1.86e-05  INV_X1
mul6_mult_28_U309                      0           0    1.86e-05    1.86e-05  INV_X1
mul6_mult_28_U310                      0           0    1.86e-05    1.86e-05  INV_X1
mul3_mult_28_U309                      0           0    1.86e-05    1.86e-05  INV_X1
mul5_mult_28_U303                      0           0    1.86e-05    1.86e-05  INV_X1
mul5_mult_28_U304                      0           0    1.86e-05    1.86e-05  INV_X1
mul5_mult_28_U307                      0           0    1.86e-05    1.86e-05  INV_X1
mul5_mult_28_U309                      0           0    1.86e-05    1.86e-05  INV_X1
mul5_mult_28_U310                      0           0    1.86e-05    1.86e-05  INV_X1
mul3_mult_28_U307                      0           0    1.86e-05    1.86e-05  INV_X1
mul3_mult_28_U304                      0           0    1.86e-05    1.86e-05  INV_X1
mul3_mult_28_U303                      0           0    1.86e-05    1.86e-05  INV_X1
mul3_mult_28_U301                      0           0    1.86e-05    1.86e-05  INV_X1
mul3_mult_28_U300                      0           0    1.86e-05    1.86e-05  INV_X1
mul8_mult_28_U309                      0           0    1.86e-05    1.86e-05  INV_X1
mul2_mult_28_U304                      0           0    1.86e-05    1.86e-05  INV_X1
mul2_mult_28_U307                      0           0    1.86e-05    1.86e-05  INV_X1
mul3_mult_28_U299                      0           0    1.86e-05    1.86e-05  INV_X1
mul2_mult_28_U309                      0           0    1.86e-05    1.86e-05  INV_X1
mul3_mult_28_U295                      0           0    1.86e-05    1.86e-05  INV_X1
mul3_mult_28_U296                      0           0    1.86e-05    1.86e-05  INV_X1
mul2_mult_28_U310                      0           0    1.86e-05    1.86e-05  INV_X1
mul3_mult_28_U298                      0           0    1.86e-05    1.86e-05  INV_X1
mul8_mult_28_U485                      0           0   1.604e-05   1.604e-05  NAND2_X1
mul5_mult_28_U485                      0           0   1.534e-05   1.534e-05  NAND2_X1
mul10_mult_28_U485                     0           0   1.491e-05   1.491e-05  NAND2_X1
mul2_mult_28_U485                      0           0   1.475e-05   1.475e-05  NAND2_X1
mul0_mult_28_U485                      0           0   1.464e-05   1.464e-05  NAND2_X1
mul4_mult_28_U485                      0           0   1.292e-05   1.292e-05  NAND2_X1
mul6_mult_28_U485                      0           0   1.275e-05   1.275e-05  NAND2_X1
mul3_mult_28_U485                      0           0   1.264e-05   1.264e-05  NAND2_X1
mul7_mult_28_U485                      0           0   1.238e-05   1.238e-05  NAND2_X1
mul7_mult_28_U311                      0           0    1.01e-05    1.01e-05  INV_X1
mul2_mult_28_U311                      0           0    1.01e-05    1.01e-05  INV_X1
mul2_mult_28_U308                      0           0    1.01e-05    1.01e-05  INV_X1
mul2_mult_28_U297                      0           0    1.01e-05    1.01e-05  INV_X1
mul2_mult_28_U290                      0           0    1.01e-05    1.01e-05  INV_X1
mul10_mult_28_U297                     0           0    1.01e-05    1.01e-05  INV_X1
mul5_mult_28_U318                      0           0    1.01e-05    1.01e-05  INV_X1
mul5_mult_28_U314                      0           0    1.01e-05    1.01e-05  INV_X1
mul3_mult_28_U305                      0           0    1.01e-05    1.01e-05  INV_X1
mul3_mult_28_U306                      0           0    1.01e-05    1.01e-05  INV_X1
mul5_mult_28_U312                      0           0    1.01e-05    1.01e-05  INV_X1
mul7_mult_28_U318                      0           0    1.01e-05    1.01e-05  INV_X1
mul7_mult_28_U317                      0           0    1.01e-05    1.01e-05  INV_X1
mul7_mult_28_U314                      0           0    1.01e-05    1.01e-05  INV_X1
mul5_mult_28_U297                      0           0    1.01e-05    1.01e-05  INV_X1
mul7_mult_28_U312                      0           0    1.01e-05    1.01e-05  INV_X1
mul10_mult_28_U311                     0           0    1.01e-05    1.01e-05  INV_X1
mul6_mult_28_U308                      0           0    1.01e-05    1.01e-05  INV_X1
mul3_mult_28_U311                      0           0    1.01e-05    1.01e-05  INV_X1
mul3_mult_28_U312                      0           0    1.01e-05    1.01e-05  INV_X1
mul7_mult_28_U306                      0           0    1.01e-05    1.01e-05  INV_X1
mul3_mult_28_U314                      0           0    1.01e-05    1.01e-05  INV_X1
mul7_mult_28_U305                      0           0    1.01e-05    1.01e-05  INV_X1
mul8_mult_28_U297                      0           0    1.01e-05    1.01e-05  INV_X1
mul3_mult_28_U317                      0           0    1.01e-05    1.01e-05  INV_X1
mul3_mult_28_U318                      0           0    1.01e-05    1.01e-05  INV_X1
mul8_mult_28_U313                      0           0    1.01e-05    1.01e-05  INV_X1
mul8_mult_28_U312                      0           0    1.01e-05    1.01e-05  INV_X1
mul8_mult_28_U311                      0           0    1.01e-05    1.01e-05  INV_X1
mul7_mult_28_U297                      0           0    1.01e-05    1.01e-05  INV_X1
mul2_mult_28_U312                      0           0    1.01e-05    1.01e-05  INV_X1
mul4_mult_28_U318                      0           0    1.01e-05    1.01e-05  INV_X1
mul4_mult_28_U317                      0           0    1.01e-05    1.01e-05  INV_X1
mul4_mult_28_U314                      0           0    1.01e-05    1.01e-05  INV_X1
mul4_mult_28_U308                      0           0    1.01e-05    1.01e-05  INV_X1
mul10_mult_28_U308                     0           0    1.01e-05    1.01e-05  INV_X1
mul10_mult_28_U290                     0           0    1.01e-05    1.01e-05  INV_X1
mul0_mult_28_U311                      0           0    1.01e-05    1.01e-05  INV_X1
mul4_mult_28_U297                      0           0    1.01e-05    1.01e-05  INV_X1
mul6_mult_28_U297                      0           0    1.01e-05    1.01e-05  INV_X1
mul1_mult_28_U312                      0           0    1.01e-05    1.01e-05  INV_X1
mul1_mult_28_U311                      0           0    1.01e-05    1.01e-05  INV_X1
mul0_mult_28_U308                      0           0    1.01e-05    1.01e-05  INV_X1
mul1_mult_28_U308                      0           0    1.01e-05    1.01e-05  INV_X1
mul0_mult_28_U306                      0           0    1.01e-05    1.01e-05  INV_X1
mul0_mult_28_U305                      0           0    1.01e-05    1.01e-05  INV_X1
mul9_mult_28_U308                      0           0    1.01e-05    1.01e-05  INV_X1
mul9_mult_28_U311                      0           0    1.01e-05    1.01e-05  INV_X1
mul0_mult_28_U297                      0           0    1.01e-05    1.01e-05  INV_X1
mul9_mult_28_U312                      0           0    1.01e-05    1.01e-05  INV_X1
mul0_mult_28_U290                      0           0    1.01e-05    1.01e-05  INV_X1
mul6_mult_28_U318                      0           0    1.01e-05    1.01e-05  INV_X1
mul10_mult_28_U306                     0           0    1.01e-05    1.01e-05  INV_X1
mul8_mult_28_U308                      0           0    1.01e-05    1.01e-05  INV_X1
mul6_mult_28_U317                      0           0    1.01e-05    1.01e-05  INV_X1
mul10_mult_28_U305                     0           0    1.01e-05    1.01e-05  INV_X1
mul6_mult_28_U314                      0           0    1.01e-05    1.01e-05  INV_X1
mul8_mult_28_U290                      0           0    1.01e-05    1.01e-05  INV_X1
mul2_mult_28_U313                      0           0    1.01e-05    1.01e-05  INV_X1
mul3_mult_28_U297                      0           0    1.01e-05    1.01e-05  INV_X1
mul0_mult_28_U488                      0           0   4.454e-06   4.454e-06  NAND2_X1
mul1_mult_28_U488                      0           0   4.454e-06   4.454e-06  NAND2_X1
mul10_mult_28_U488                     0           0   4.454e-06   4.454e-06  NAND2_X1
mul9_mult_28_U488                      0           0   4.454e-06   4.454e-06  NAND2_X1
mul5_mult_28_U488                      0           0   4.454e-06   4.454e-06  NAND2_X1
mul0_mult_28_U481                      0           0   4.085e-06   4.085e-06  NAND2_X1
mul0_mult_28_U463                      0           0   4.085e-06   4.085e-06  NAND2_X1
mul10_mult_28_U467                     0           0   4.085e-06   4.085e-06  NAND2_X1
mul10_mult_28_U481                     0           0   4.085e-06   4.085e-06  NAND2_X1
mul8_mult_28_U463                      0           0   4.085e-06   4.085e-06  NAND2_X1
mul1_mult_28_U463                      0           0   4.085e-06   4.085e-06  NAND2_X1
mul1_mult_28_U467                      0           0   4.085e-06   4.085e-06  NAND2_X1
mul10_mult_28_U463                     0           0   4.085e-06   4.085e-06  NAND2_X1
mul10_mult_28_U459                     0           0   4.085e-06   4.085e-06  NAND2_X1
mul9_mult_28_U467                      0           0   4.085e-06   4.085e-06  NAND2_X1
mul4_mult_28_U463                      0           0   4.085e-06   4.085e-06  NAND2_X1
mul0_mult_28_U467                      0           0   4.085e-06   4.085e-06  NAND2_X1
mul6_mult_28_U463                      0           0   4.085e-06   4.085e-06  NAND2_X1
mul2_mult_28_U467                      0           0   4.085e-06   4.085e-06  NAND2_X1
mul7_mult_28_U459                      0           0   4.085e-06   4.085e-06  NAND2_X1
mul9_mult_28_U463                      0           0   4.085e-06   4.085e-06  NAND2_X1
mul0_mult_28_U459                      0           0   4.085e-06   4.085e-06  NAND2_X1
mul8_mult_28_U467                      0           0   4.085e-06   4.085e-06  NAND2_X1
mul3_mult_28_U481                      0           0   4.085e-06   4.085e-06  NAND2_X1
mul2_mult_28_U463                      0           0   4.085e-06   4.085e-06  NAND2_X1
mul3_mult_28_U467                      0           0   4.085e-06   4.085e-06  NAND2_X1
mul3_mult_28_U459                      0           0   4.085e-06   4.085e-06  NAND2_X1
mul7_mult_28_U481                      0           0   4.085e-06   4.085e-06  NAND2_X1
mul7_mult_28_U467                      0           0   4.085e-06   4.085e-06  NAND2_X1
mul8_mult_28_U480                      0           0   3.844e-06   3.844e-06  NAND3_X1
mul8_mult_28_U337                      0           0   3.837e-06   3.837e-06  NAND2_X1
mul8_mult_28_U328                      0           0   3.837e-06   3.837e-06  NAND2_X1
mul3_mult_28_U480                      0           0   3.833e-06   3.833e-06  NAND3_X1
mul3_mult_28_U330                      0           0   3.833e-06   3.833e-06  NAND3_X1
mul9_mult_28_U331                      0           0    3.83e-06    3.83e-06  NAND2_X1
mul10_mult_28_U328                     0           0   3.828e-06   3.828e-06  NAND2_X1
mul10_mult_28_U337                     0           0   3.828e-06   3.828e-06  NAND2_X1
mul9_mult_28_U333                      0           0   3.828e-06   3.828e-06  NAND2_X1
mul8_mult_28_U333                      0           0   3.825e-06   3.825e-06  NAND2_X1
mul6_mult_28_U330                      0           0   3.824e-06   3.824e-06  NAND3_X1
mul8_mult_28_U324                      0           0   3.822e-06   3.822e-06  NAND2_X1
mul8_mult_28_U335                      0           0   3.822e-06   3.822e-06  NAND2_X1
mul1_mult_28_U337                      0           0   3.822e-06   3.822e-06  NAND2_X1
mul1_mult_28_U328                      0           0   3.822e-06   3.822e-06  NAND2_X1
mul10_mult_28_U324                     0           0   3.821e-06   3.821e-06  NAND2_X1
mul0_mult_28_U337                      0           0   3.821e-06   3.821e-06  NAND2_X1
mul10_mult_28_U335                     0           0   3.821e-06   3.821e-06  NAND2_X1
mul0_mult_28_U328                      0           0   3.821e-06   3.821e-06  NAND2_X1
mul9_mult_28_U335                      0           0   3.818e-06   3.818e-06  NAND2_X1
mul9_mult_28_U324                      0           0   3.818e-06   3.818e-06  NAND2_X1
mul7_mult_28_U330                      0           0   3.817e-06   3.817e-06  NAND3_X1
mul7_mult_28_U480                      0           0   3.817e-06   3.817e-06  NAND3_X1
mul8_mult_28_U331                      0           0   3.816e-06   3.816e-06  NAND2_X1
mul2_mult_28_U331                      0           0   3.816e-06   3.816e-06  NAND2_X1
mul2_mult_28_U333                      0           0   3.816e-06   3.816e-06  NAND2_X1
mul1_mult_28_U324                      0           0   3.812e-06   3.812e-06  NAND2_X1
mul1_mult_28_U335                      0           0   3.812e-06   3.812e-06  NAND2_X1
mul5_mult_28_U330                      0           0   3.811e-06   3.811e-06  NAND3_X1
mul5_mult_28_U480                      0           0   3.811e-06   3.811e-06  NAND3_X1
mul0_mult_28_U324                      0           0    3.81e-06    3.81e-06  NAND2_X1
mul9_mult_28_U337                      0           0    3.81e-06    3.81e-06  NAND2_X1
mul9_mult_28_U328                      0           0    3.81e-06    3.81e-06  NAND2_X1
mul0_mult_28_U335                      0           0    3.81e-06    3.81e-06  NAND2_X1
mul10_mult_28_U333                     0           0   3.807e-06   3.807e-06  NAND2_X1
mul10_mult_28_U331                     0           0   3.805e-06   3.805e-06  NAND2_X1
mul1_mult_28_U333                      0           0   3.804e-06   3.804e-06  NAND2_X1
mul2_mult_28_U324                      0           0   3.804e-06   3.804e-06  NAND2_X1
mul2_mult_28_U335                      0           0   3.804e-06   3.804e-06  NAND2_X1
mul2_mult_28_U480                      0           0   3.804e-06   3.804e-06  NAND3_X1
mul0_mult_28_U333                      0           0   3.802e-06   3.802e-06  NAND2_X1
mul4_mult_28_U330                      0           0   3.802e-06   3.802e-06  NAND3_X1
mul2_mult_28_U337                      0           0   3.801e-06   3.801e-06  NAND2_X1
mul2_mult_28_U328                      0           0   3.801e-06   3.801e-06  NAND2_X1
mul1_mult_28_U331                      0           0   3.799e-06   3.799e-06  NAND2_X1
mul0_mult_28_U331                      0           0   3.798e-06   3.798e-06  NAND2_X1
mul4_mult_28_U324                      0           0    3.76e-06    3.76e-06  NAND2_X1
mul4_mult_28_U335                      0           0    3.76e-06    3.76e-06  NAND2_X1
mul5_mult_28_U335                      0           0   3.755e-06   3.755e-06  NAND2_X1
mul5_mult_28_U324                      0           0   3.755e-06   3.755e-06  NAND2_X1
mul4_mult_28_U328                      0           0   3.754e-06   3.754e-06  NAND2_X1
mul4_mult_28_U337                      0           0   3.754e-06   3.754e-06  NAND2_X1
mul6_mult_28_U335                      0           0   3.749e-06   3.749e-06  NAND2_X1
mul4_mult_28_U331                      0           0   3.749e-06   3.749e-06  NAND2_X1
mul6_mult_28_U324                      0           0   3.749e-06   3.749e-06  NAND2_X1
mul5_mult_28_U337                      0           0   3.748e-06   3.748e-06  NAND2_X1
mul7_mult_28_U335                      0           0   3.748e-06   3.748e-06  NAND2_X1
mul7_mult_28_U337                      0           0   3.748e-06   3.748e-06  NAND2_X1
mul4_mult_28_U333                      0           0   3.748e-06   3.748e-06  NAND2_X1
mul5_mult_28_U328                      0           0   3.748e-06   3.748e-06  NAND2_X1
mul7_mult_28_U324                      0           0   3.748e-06   3.748e-06  NAND2_X1
mul7_mult_28_U328                      0           0   3.748e-06   3.748e-06  NAND2_X1
mul6_mult_28_U331                      0           0   3.745e-06   3.745e-06  NAND2_X1
mul3_mult_28_U335                      0           0   3.743e-06   3.743e-06  NAND2_X1
mul3_mult_28_U324                      0           0   3.743e-06   3.743e-06  NAND2_X1
mul5_mult_28_U331                      0           0   3.743e-06   3.743e-06  NAND2_X1
mul3_mult_28_U331                      0           0   3.742e-06   3.742e-06  NAND2_X1
mul5_mult_28_U333                      0           0    3.74e-06    3.74e-06  NAND2_X1
mul6_mult_28_U333                      0           0   3.738e-06   3.738e-06  NAND2_X1
mul6_mult_28_U328                      0           0   3.735e-06   3.735e-06  NAND2_X1
mul3_mult_28_U333                      0           0   3.735e-06   3.735e-06  NAND2_X1
mul6_mult_28_U337                      0           0   3.735e-06   3.735e-06  NAND2_X1
mul7_mult_28_U333                      0           0   3.734e-06   3.734e-06  NAND2_X1
mul7_mult_28_U331                      0           0   3.734e-06   3.734e-06  NAND2_X1
mul3_mult_28_U337                      0           0   3.731e-06   3.731e-06  NAND2_X1
mul3_mult_28_U328                      0           0   3.731e-06   3.731e-06  NAND2_X1
mul3_mult_28_U488                      0           0   3.726e-06   3.726e-06  NAND2_X1
mul7_mult_28_U488                      0           0   3.726e-06   3.726e-06  NAND2_X1
mul4_mult_28_U488                      0           0   3.726e-06   3.726e-06  NAND2_X1
mul6_mult_28_U488                      0           0   3.726e-06   3.726e-06  NAND2_X1
mul1_mult_28_U481                      0           0   3.489e-06   3.489e-06  NAND2_X1
mul1_mult_28_U459                      0           0   3.489e-06   3.489e-06  NAND2_X1
mul9_mult_28_U481                      0           0   3.489e-06   3.489e-06  NAND2_X1
mul9_mult_28_U459                      0           0   3.489e-06   3.489e-06  NAND2_X1
mul3_mult_28_U484                      0           0   3.369e-06   3.369e-06  NAND3_X1
mul6_mult_28_U484                      0           0   3.351e-06   3.351e-06  NAND3_X1
mul7_mult_28_U484                      0           0    3.34e-06    3.34e-06  NAND3_X1
mul4_mult_28_U484                      0           0   3.295e-06   3.295e-06  NAND3_X1
mul1_mult_28_U480                      0           0   2.698e-06   2.698e-06  NAND3_X1
mul9_mult_28_U480                      0           0   2.698e-06   2.698e-06  NAND3_X1

---------------------------------------------------------------------------------------

Total (   3142 of   3142  )       0.3837      0.2102     0.7323      0.1385
Total Capacitance                2.069e-11 F
Power Density                   *** No Die Area ***
