*----------------------------------------------------------------------------------------
*	Innovus 20.11-s130_1 (64bit) 08/05/2020 15:53 (Linux 2.6.32-431.11.2.el6.x86_64)
*	
*
* 	Date & Time:	2025-Nov-01 22:55:17 (2025-Nov-01 21:55:17 GMT)
*
*----------------------------------------------------------------------------------------
*
*	Design: FIR_UNF
*
*	Liberty Libraries used: 
*	        MyAnView: /eda/dk/nangate45/liberty/NangateOpenCellLibrary_typical_ecsm.lib
*
*	Power Domain used: 
*              Rail:        VDD      Voltage:        1.1 
*
*       Power View : MyAnView
*
*       User-Defined Activity : N.A.
*
*	Switching Activity File used: 
*	        ../vcd/design.vcd
*                    Vcd Window used(Start Time, Stop Time):   
*                     Vcd Scale Factor: 1 
* *                    Design annotation coverage: 0/10800 = 0% 
*
*       Hierarchical Global Activity: N.A.
*
*       Global Activity: N.A.
*
*       Sequential Element Activity: N.A.
*
*       Primary Input Activity: 0.200000
*
*       Default icg ratio: N.A.
*
*       Global Comb ClockGate Ratio: N.A.
*
*	Power Units = 1mW
*
*	Time Units = 1e-09 secs 
*
*       Temperature = 25 
*
*       report_power -outfile .//FIR_UNF.rpt -rail_analysis_format VS
*
-----------------------------------------------------------------------------------------
Cell                            Internal   Switching       Total     Leakage   Cell
                                   Power       Power       Power       Power   Name
--------------------------------------------------------------------------------------
FE_OFC67_i2_R2_out_1           0.0002388    0.003118    0.003389   3.137e-05  CLKBUF_X3
FE_OFC60_i2_R1_out_3           0.0002272    0.003082     0.00334   3.095e-05  CLKBUF_X3
FE_OFC66_i2_R2_out_3           0.0002206    0.002886    0.003138   3.147e-05  CLKBUF_X3
FE_OFC55_i2_R0_out_1           0.0002361    0.002801    0.003081   4.352e-05  BUF_X2
FE_OFC41_i1_R1_out_5           0.0002328    0.002731    0.003008   4.377e-05  BUF_X2
FE_OFC42_i1_R1_out_3           0.0002387    0.002648     0.00293   4.377e-05  BUF_X2
FE_OFC11_i0_R0_out_5           0.0002298    0.002651    0.002925   4.431e-05  BUF_X2
FE_DBTC44_i1_R0_out_0          0.0001153    0.002724    0.002866   2.657e-05  INV_X2
FE_OFC17_i0_R1_out_5           0.0002281    0.002583    0.002854    4.37e-05  BUF_X2
FE_OFC18_i0_R1_out_3           0.0002384    0.002534    0.002816    4.37e-05  BUF_X2
FE_OFC54_i2_R0_out_3           0.0002245     0.00254    0.002808   4.395e-05  BUF_X2
FE_OFC19_i0_R1_out_1           0.0002261    0.002534    0.002804   4.359e-05  BUF_X2
FE_OFC53_i2_R0_out_5           0.0002192    0.002499    0.002762   4.395e-05  BUF_X2
FE_OFC59_i2_R1_out_5            0.000224    0.002459    0.002726   4.334e-05  BUF_X2
FE_DBTC14_i1_R2_out_0          0.0001084     0.00257    0.002705   2.657e-05  INV_X2
FE_DBTC24_i0_R1_out_0          0.0001122    0.002555    0.002696   2.851e-05  INV_X2
FE_OFC65_i2_R2_out_5           0.0002091    0.002434    0.002686   4.371e-05  BUF_X2
FE_DBTC29_i1_R1_out_0           0.000112    0.002544    0.002685   2.887e-05  INV_X2
FE_DBTC39_i0_R0_out_0          0.0001143    0.002517    0.002657   2.597e-05  INV_X2
FE_DBTC54_DIN3k_out_0          0.0001175    0.002495     0.00264   2.767e-05  INV_X2
FE_DBTC49_i2_R0_out_0          0.0001133     0.00241    0.002551   2.731e-05  INV_X2
FE_DBTC19_i2_R2_out_0          0.0001092    0.002384    0.002522   2.779e-05  INV_X2
FE_DBTC34_i2_R1_out_0          0.0001115     0.00236      0.0025   2.765e-05  INV_X2
FE_OFC12_i0_R0_out_3           0.0002686    0.002149    0.002462   4.431e-05  BUF_X2
FE_OFC6_DIN3k_out_3             0.000273    0.002142    0.002459   4.364e-05  BUF_X2
FE_OFC48_i1_R2_out_3           0.0002703    0.002112    0.002426   4.377e-05  BUF_X2
FE_OFC36_i1_R0_out_3           0.0002857    0.002078    0.002407   4.304e-05  BUF_X2
FE_OFC5_DIN3k_out_5            0.0002689    0.002057     0.00237   4.364e-05  BUF_X2
FE_OFC47_i1_R2_out_5           0.0002619    0.002055     0.00236   4.377e-05  BUF_X2
FE_OFC61_i2_R1_out_1           0.0002815    0.002004    0.002329   4.377e-05  BUF_X2
FE_OFC37_i1_R0_out_1           0.0002779    0.001963    0.002285   4.407e-05  BUF_X2
FE_OFC35_i1_R0_out_5           0.0002844    0.001952     0.00228   4.304e-05  BUF_X2
FE_OFC49_i1_R2_out_1           0.0002556    0.001916    0.002216   4.389e-05  BUF_X2
FE_OFC7_DIN3k_out_1            0.0002505    0.001916     0.00221   4.395e-05  BUF_X2
i1_R0_Dout_reg_3_              0.0008229     0.00129      0.0022   8.797e-05  DFFR_X1
i2_R1_Dout_reg_1_              0.0008152    0.001277    0.002181   8.806e-05  DFFR_X1
i1_R0_Dout_reg_5_              0.0008225    0.001258    0.002168   8.797e-05  DFFR_X1
FE_OFC43_i1_R1_out_1           0.0002704    0.001851    0.002165    4.34e-05  BUF_X2
i2_R1_Dout_reg_2_              0.0009863    0.001089    0.002163   8.795e-05  DFFR_X1
FE_OFC63_i2_R2_out_9           0.0001614    0.001941    0.002146   4.383e-05  BUF_X2
i1_R0_Dout_reg_1_              0.0008124    0.001242    0.002143    8.82e-05  DFFR_X1
FE_OFC13_i0_R0_out_1           0.0002607    0.001803    0.002108   4.413e-05  BUF_X2
FE_OFC34_i1_R0_out_7           0.0001526    0.001917    0.002101   3.129e-05  CLKBUF_X3
FE_OFC57_i2_R1_out_9           0.0001675    0.001882    0.002093   4.389e-05  BUF_X2
FE_OFC9_i0_R0_out_9            0.0001584    0.001897    0.002087   3.223e-05  CLKBUF_X3
i1_R1_Dout_reg_1_              0.0008067    0.001183    0.002078   8.775e-05  DFFR_X1
i1_R0_Dout_reg_2_               0.000977    0.001011    0.002076   8.773e-05  DFFR_X1
i0_R2_Dout_reg_3_              0.0007929    0.001187    0.002067   8.795e-05  DFFR_X1
FE_OFC52_i2_R0_out_7           0.0001522    0.001883    0.002067   3.137e-05  CLKBUF_X3
i1_R2_Dout_reg_3_              0.0008122    0.001122    0.002023   8.793e-05  DFFR_X1
i2_R2_Dout_reg_2_              0.0009748   0.0009587    0.002022   8.806e-05  DFFR_X1
DIN3k2_REG_Dout_reg_3_         0.0007949    0.001138    0.002021   8.813e-05  DFFR_X1
DIN3k2_REG_Dout_reg_1_          0.000819    0.001107    0.002014   8.825e-05  DFFR_X1
i0_R0_Dout_reg_3_              0.0008261    0.001097    0.002011   8.802e-05  DFFR_X1
i0_R0_Dout_reg_1_              0.0007968    0.001124    0.002009   8.785e-05  DFFR_X1
FE_OFC39_i1_R1_out_9            0.000148    0.001806    0.001998   4.401e-05  BUF_X2
DIN3k_REG_Dout_reg_3_          0.0008257    0.001082    0.001996   8.802e-05  DFFR_X1
i2_R0_Dout_reg_2_              0.0009972   0.0009002    0.001985   8.806e-05  DFFR_X1
i0_R2_Dout_reg_5_              0.0007924    0.001095    0.001975   8.795e-05  DFFR_X1
i2_R1_Dout_reg_8_              0.0008173    0.001062    0.001968   8.806e-05  DFFR_X1
i0_R1_Dout_reg_2_              0.0009803   0.0008929    0.001961   8.782e-05  DFFR_X1
FE_OFC15_i0_R1_out_9           0.0001498     0.00176    0.001954   4.413e-05  BUF_X2
i1_R0_Dout_reg_8_              0.0008124    0.001052    0.001953    8.82e-05  DFFR_X1
DIN3k_REG_Dout_reg_5_          0.0008259    0.001031    0.001945   8.802e-05  DFFR_X1
FF_VOUT_Q_reg                   0.001325   0.0005297    0.001942   8.713e-05  DFFS_X1
DIN3k2_REG_Dout_reg_5_         0.0007951    0.001053    0.001937   8.813e-05  DFFR_X1
FE_OFC51_i2_R0_out_9           0.0001658    0.001726    0.001936   4.383e-05  BUF_X2
i1_R2_Dout_reg_1_              0.0007919    0.001051    0.001931   8.812e-05  DFFR_X1
i1_R1_Dout_reg_2_              0.0009646   0.0008515    0.001904    8.83e-05  DFFR_X1
FE_OFC45_i1_R2_out_9           0.0001502     0.00171    0.001904   4.359e-05  BUF_X2
FE_OFC64_i2_R2_out_7           0.0001445    0.001715    0.001903   4.352e-05  BUF_X2
DIN3k_REG_clk_gate_Dout_reg/latch   0.001823           0    0.001898   7.508e-05  CLKGATETST_X2
DOUT3k1_REG_clk_gate_Dout_reg/latch   0.001821           0    0.001896   7.508e-05  CLKGATETST_X2
DIN3k2_REG_clk_gate_Dout_reg/latch    0.00182           0    0.001895   7.508e-05  CLKGATETST_X2
i1_R2_Dout_reg_5_              0.0008122   0.0009937    0.001894   8.793e-05  DFFR_X1
i1_R0_clk_gate_Dout_reg/latch   0.001818           0    0.001893   7.508e-05  CLKGATETST_X2
i2_R0_clk_gate_Dout_reg/latch   0.001818           0    0.001893   7.508e-05  CLKGATETST_X2
DIN3k1_REG_clk_gate_Dout_reg/latch   0.001818           0    0.001893   7.508e-05  CLKGATETST_X2
i2_R1_clk_gate_Dout_reg/latch   0.001818           0    0.001893   7.508e-05  CLKGATETST_X2
DOUT3k_REG_clk_gate_Dout_reg/latch   0.001814           0    0.001889   7.508e-05  CLKGATETST_X2
DOUT3k2_REG_clk_gate_Dout_reg/latch   0.001813           0    0.001889   7.508e-05  CLKGATETST_X2
i2_R3_clk_gate_Dout_reg/latch   0.001813           0    0.001889   7.508e-05  CLKGATETST_X2
i1_R1_clk_gate_Dout_reg/latch   0.001813           0    0.001889   7.508e-05  CLKGATETST_X2
i1_R2_clk_gate_Dout_reg/latch   0.001813           0    0.001889   7.508e-05  CLKGATETST_X2
i2_R2_clk_gate_Dout_reg/latch   0.001813           0    0.001889   7.508e-05  CLKGATETST_X2
i0_R2_clk_gate_Dout_reg/latch   0.001813           0    0.001889   7.508e-05  CLKGATETST_X2
i0_R1_clk_gate_Dout_reg/latch   0.001813           0    0.001889   7.508e-05  CLKGATETST_X2
i0_R0_clk_gate_Dout_reg/latch   0.001813           0    0.001889   7.508e-05  CLKGATETST_X2
FE_OFC3_DIN3k_out_9            0.0001535    0.001689    0.001886   4.413e-05  BUF_X2
FE_OFC40_i1_R1_out_7           0.0001446    0.001685    0.001872   4.316e-05  BUF_X2
i2_R2_Dout_reg_8_              0.0008074   0.0009583    0.001854   8.793e-05  DFFR_X1
DIN3k_REG_Dout_reg_1_          0.0007963   0.0009633    0.001847   8.785e-05  DFFR_X1
FE_OFC16_i0_R1_out_7           0.0001446    0.001656    0.001844   4.316e-05  BUF_X2
i0_R2_Dout_reg_1_              0.0007843   0.0009697    0.001842   8.803e-05  DFFR_X1
DIN3k_REG_Dout_reg_2_          0.0009817   0.0007721    0.001842   8.782e-05  DFFR_X1
FE_OFC58_i2_R1_out_7            0.000149    0.001647    0.001839   4.322e-05  BUF_X2
i0_R0_Dout_reg_2_              0.0009776   0.0007635    0.001829   8.782e-05  DFFR_X1
DIN3k1_REG_Dout_reg_3_         0.0008399   0.0008941    0.001822   8.799e-05  DFFR_X1
i2_R3_Dout_reg_1_               0.000801    0.000925    0.001814   8.799e-05  DFFR_X1
i0_R1_Dout_reg_8_               0.000789   0.0009165    0.001793   8.773e-05  DFFR_X1
i2_R0_Dout_reg_8_              0.0008159   0.0008799    0.001784   8.822e-05  DFFR_X1
i1_R2_Dout_reg_2_              0.0009699   0.0007112    0.001769   8.769e-05  DFFR_X1
i2_R3_Dout_reg_3_              0.0007654   0.0009091    0.001762   8.797e-05  DFFR_X1
FE_OFC46_i1_R2_out_7            0.000139    0.001568    0.001751   4.407e-05  BUF_X2
i1_R1_Dout_reg_8_              0.0008063   0.0008439    0.001738   8.775e-05  DFFR_X1
DIN3k_REG_Dout_reg_8_          0.0007966   0.0008478    0.001732   8.785e-05  DFFR_X1
i2_R3_Dout_reg_5_              0.0007606   0.0008797    0.001728   8.797e-05  DFFR_X1
FE_DBTC4_DIN3k1_out_0          5.873e-05    0.001648    0.001722   1.461e-05  INV_X1
DIN3k1_REG_Dout_reg_5_         0.0008395   0.0007625     0.00169   8.799e-05  DFFR_X1
i0_R0_Dout_reg_8_              0.0007967   0.0007863    0.001671   8.785e-05  DFFR_X1
i2_R1_Dout_reg_0_              0.0009464   0.0006157     0.00165   8.793e-05  DFFR_X1
i1_R2_Dout_reg_8_              0.0007903   0.0007522    0.001631   8.812e-05  DFFR_X1
DIN3k1_REG_Dout_reg_2_          0.001009   0.0005255    0.001622   8.779e-05  DFFR_X1
REGC0_clk_gate_Dout_reg/latch   0.001558           0    0.001617   5.855e-05  CLKGATETST_X1
REGC10_clk_gate_Dout_reg/latch   0.001558           0    0.001616   5.855e-05  CLKGATETST_X1
REGC9_clk_gate_Dout_reg/latch   0.001557           0    0.001615   5.855e-05  CLKGATETST_X1
REGC4_clk_gate_Dout_reg/latch   0.001557           0    0.001615   5.855e-05  CLKGATETST_X1
REGC1_clk_gate_Dout_reg/latch   0.001557           0    0.001615   5.855e-05  CLKGATETST_X1
REGC3_clk_gate_Dout_reg/latch   0.001557           0    0.001615   5.855e-05  CLKGATETST_X1
REGC6_clk_gate_Dout_reg/latch   0.001556           0    0.001615   5.855e-05  CLKGATETST_X1
REGC5_clk_gate_Dout_reg/latch   0.001556           0    0.001615   5.855e-05  CLKGATETST_X1
REGC8_clk_gate_Dout_reg/latch   0.001556           0    0.001615   5.855e-05  CLKGATETST_X1
REGC7_clk_gate_Dout_reg/latch   0.001556           0    0.001615   5.855e-05  CLKGATETST_X1
REGC2_clk_gate_Dout_reg/latch   0.001556           0    0.001615   5.855e-05  CLKGATETST_X1
FE_DBTC9_i0_R2_out_0           5.543e-05    0.001544    0.001612   1.316e-05  INV_X1
j0_addMult1_MULT_mult_18_U291  0.0004343    0.001098    0.001604   7.216e-05  XOR2_X2
DIN3k_REG_Dout_reg_7_          0.0006394   0.0008512    0.001579    8.81e-05  DFFR_X1
j2_addMult2_MULT_mult_18_U292  0.0003958    0.001098    0.001569   7.525e-05  XOR2_X2
j1_addMult5_MULT_mult_18_U292  0.0004148    0.001076    0.001567   7.587e-05  XOR2_X2
DIN3k1_REG_Dout_reg_1_         0.0008192    0.000655    0.001562   8.822e-05  DFFR_X1
i0_R1_Dout_reg_3_              0.0008151   0.0006585    0.001561   8.763e-05  DFFR_X1
j2_addMult1_MULT_mult_18_U290  0.0004225     0.00106    0.001557   7.498e-05  XOR2_X2
j0_addMult2_MULT_mult_18_U291  0.0004124    0.001061    0.001552   7.829e-05  XOR2_X2
j2_addMult2_MULT_mult_18_U290  0.0004044     0.00107    0.001551   7.697e-05  XOR2_X2
j0_addMult7_MULT_mult_18_U291  0.0004162    0.001055    0.001547   7.563e-05  XOR2_X2
j1_addMult2_MULT_mult_18_U292  0.0004345    0.001033    0.001539   7.216e-05  XOR2_X2
j2_addMult1_MULT_mult_18_U292  0.0004017    0.001063    0.001539   7.397e-05  XOR2_X2
j0_addMult4_MULT_mult_18_U291  0.0004149    0.001046    0.001537   7.587e-05  XOR2_X2
j2_addMult0_MULT_mult_18_U292  0.0004212    0.001038    0.001534   7.525e-05  XOR2_X2
j2_mult0_mult_18_U320          0.0003997    0.001059    0.001533   7.427e-05  XOR2_X2
j1_mult0_mult_18_U291          0.0004212    0.001036    0.001532   7.525e-05  XOR2_X2
DIN3k2_REG_Dout_reg_9_         0.0006656   0.0007746    0.001528    8.81e-05  DFFR_X1
j1_addMult0_MULT_mult_18_U290  0.0004017    0.001051    0.001527   7.397e-05  XOR2_X2
j2_addMult6_MULT_mult_18_U290  0.0004149    0.001036    0.001526   7.587e-05  XOR2_X2
j0_mult0_mult_18_U291          0.0004225    0.001027    0.001525   7.498e-05  XOR2_X2
j2_addMult9_MULT_mult_18_U290  0.0004162    0.001029    0.001521   7.563e-05  XOR2_X2
j2_addMult3_MULT_mult_18_U290  0.0004345    0.001012    0.001518   7.216e-05  XOR2_X2
i1_R0_Dout_reg_9_               0.000626   0.0008008    0.001515   8.795e-05  DFFR_X1
j1_addMult1_MULT_mult_18_U290  0.0003959    0.001044    0.001515   7.525e-05  XOR2_X2
i0_R0_Dout_reg_7_              0.0006378   0.0007856    0.001512    8.81e-05  DFFR_X1
j2_mult0_mult_18_U321          0.0003905    0.001044    0.001508   7.273e-05  XOR2_X2
j0_addMult6_MULT_mult_18_U290  0.0003906    0.001041    0.001506   7.453e-05  XOR2_X2
j1_addMult3_MULT_mult_18_U292  0.0004124    0.001015    0.001506   7.829e-05  XOR2_X2
i0_R2_Dout_reg_2_              0.0009488    0.000468    0.001504    8.77e-05  DFFR_X1
j1_addMult0_MULT_mult_18_U292  0.0004226    0.001006    0.001503   7.498e-05  XOR2_X2
j0_addMult3_MULT_mult_18_U290  0.0004094    0.001021    0.001503    7.29e-05  XOR2_X2
j1_addMult1_MULT_mult_18_U292  0.0004044    0.001021    0.001503   7.697e-05  XOR2_X2
j2_addMult4_MULT_mult_18_U290  0.0004124    0.001011    0.001501   7.829e-05  XOR2_X2
j1_addMult4_MULT_mult_18_U292   0.000406    0.001022    0.001501    7.38e-05  XOR2_X2
j2_addMult5_MULT_mult_18_U290  0.0004059    0.001021      0.0015    7.38e-05  XOR2_X2
j1_addMult9_MULT_mult_18_U292  0.0003907    0.001034    0.001499    7.37e-05  XOR2_X2
i1_R0_Dout_reg_0_              0.0009567   0.0004535    0.001499   8.837e-05  DFFR_X1
FE_OFC31_DIN3k1_out_1          0.0001033    0.001382    0.001497   1.127e-05  CLKBUF_X1
j2_addMult5_MULT_mult_18_U292  0.0004094    0.001009    0.001491    7.29e-05  XOR2_X2
j2_addMult7_MULT_mult_18_U292   0.000391    0.001023    0.001486   7.273e-05  XOR2_X2
j0_addMult0_MULT_mult_18_U290  0.0003959    0.001013    0.001484   7.525e-05  XOR2_X2
j2_addMult4_MULT_mult_18_U292  0.0003763     0.00103    0.001484   7.743e-05  XOR2_X2
j0_mult0_mult_18_U290          0.0004017    0.001006    0.001482   7.397e-05  XOR2_X2
j0_addMult0_MULT_mult_18_U291  0.0004044   0.0009981    0.001479   7.697e-05  XOR2_X2
j1_addMult8_MULT_mult_18_U292  0.0004162   0.0009865    0.001478   7.563e-05  XOR2_X2
j0_addMult6_MULT_mult_18_U291  0.0004013       0.001    0.001477   7.551e-05  XOR2_X2
j2_addMult7_MULT_mult_18_U290   0.000402   0.0009974    0.001475    7.55e-05  XOR2_X2
j2_addMult8_MULT_mult_18_U292  0.0003906    0.001009    0.001474   7.453e-05  XOR2_X2
j1_addMult3_MULT_mult_18_U290  0.0003763    0.001018    0.001472   7.743e-05  XOR2_X2
j1_addMult7_MULT_mult_18_U290  0.0003906    0.001007    0.001472   7.453e-05  XOR2_X2
DIN3k2_REG_Dout_reg_2_          0.001002   0.0003813    0.001472   8.808e-05  DFFR_X1
j0_addMult3_MULT_mult_18_U291   0.000406   0.0009917    0.001472    7.38e-05  XOR2_X2
DOUT3k2_REG_Dout_reg_7_        0.0009806   0.0003988    0.001468   8.879e-05  DFFR_X1
i2_R2_Dout_reg_0_              0.0009297   0.0004477    0.001465   8.802e-05  DFFR_X1
j1_addMult6_MULT_mult_18_U290   0.000391    0.001001    0.001465   7.273e-05  XOR2_X2
i1_R1_Dout_reg_3_               0.000812   0.0005605    0.001461   8.828e-05  DFFR_X1
j0_addMult2_MULT_mult_18_U290  0.0003763    0.001004    0.001458   7.743e-05  XOR2_X2
j0_addMult8_MULT_mult_18_U291  0.0003908   0.0009909    0.001455    7.37e-05  XOR2_X2
FE_OFC4_DIN3k_out_7            0.0001888    0.001221    0.001454   4.346e-05  BUF_X2
j0_addMult5_MULT_mult_18_U291  0.0004021   0.0009734    0.001451    7.55e-05  XOR2_X2
j2_addMult9_MULT_mult_18_U292  0.0003614    0.001011     0.00145   7.708e-05  XOR2_X2
j1_addMult4_MULT_mult_18_U290  0.0004095   0.0009672     0.00145    7.29e-05  XOR2_X2
j0_addMult4_MULT_mult_18_U290  0.0003778   0.0009968    0.001447   7.287e-05  XOR2_X2
FE_OFC33_i1_R0_out_9           0.0001805     0.00122    0.001444   4.353e-05  BUF_X2
j2_addMult3_MULT_mult_18_U292  0.0003904   0.0009778    0.001443   7.446e-05  XOR2_X2
j2_addMult8_MULT_mult_18_U290  0.0004014   0.0009646    0.001441   7.551e-05  XOR2_X2
j0_addMult9_MULT_mult_18_U320  0.0003858   0.0009788    0.001441   7.625e-05  XOR2_X2
j1_mult0_mult_18_U290          0.0003786   0.0009863    0.001438   7.301e-05  XOR2_X2
j1_addMult5_MULT_mult_18_U290  0.0003778    0.000987    0.001438   7.287e-05  XOR2_X2
j0_addMult7_MULT_mult_18_U290  0.0003614   0.0009978    0.001436   7.708e-05  XOR2_X2
i2_R1_Dout_reg_5_              0.0007751    0.000572    0.001435   8.782e-05  DFFR_X1
j0_addMult8_MULT_mult_18_U290  0.0003533    0.001005    0.001435   7.654e-05  XOR2_X2
DIN3k_REG_Dout_reg_0_          0.0009778   0.0003682    0.001434   8.805e-05  DFFR_X1
j2_addMult6_MULT_mult_18_U292  0.0003778   0.0009824    0.001433   7.287e-05  XOR2_X2
j0_addMult5_MULT_mult_18_U290  0.0003911   0.0009687    0.001432   7.273e-05  XOR2_X2
FE_OFC30_DIN3k1_out_3          0.0001074     0.00131    0.001428   1.143e-05  CLKBUF_X1
DIN3k1_REG_Dout_reg_8_         0.0008188   0.0005208    0.001428   8.822e-05  DFFR_X1
j1_addMult8_MULT_mult_18_U290  0.0003614   0.0009893    0.001428   7.708e-05  XOR2_X2
FE_OFC29_DIN3k1_out_5          0.0001064     0.00131    0.001428   1.143e-05  CLKBUF_X1
i2_R0_Dout_reg_0_              0.0009415    0.000394    0.001424   8.828e-05  DFFR_X1
j1_addMult7_MULT_mult_18_U292  0.0004014    0.000942    0.001419   7.551e-05  XOR2_X2
j2_addMult0_MULT_mult_18_U290  0.0003786   0.0009657    0.001417   7.301e-05  XOR2_X2
FE_OFC10_i0_R0_out_7           0.0001795    0.001193    0.001417   4.419e-05  BUF_X2
j1_addMult6_MULT_mult_18_U292  0.0004021   0.0009376    0.001415    7.55e-05  XOR2_X2
j0_addMult1_MULT_mult_18_U290  0.0003904   0.0009463    0.001411   7.446e-05  XOR2_X2
i0_R1_Dout_reg_1_              0.0007902   0.0005185    0.001396   8.773e-05  DFFR_X1
DIN3k2_REG_Dout_reg_7_         0.0006105   0.0006819    0.001381   8.828e-05  DFFR_X1
j1_addMult2_MULT_mult_18_U290  0.0003905   0.0009131    0.001378   7.446e-05  XOR2_X2
i2_R0_Dout_reg_3_              0.0007915   0.0004937    0.001373   8.812e-05  DFFR_X1
i2_R3_Dout_reg_9_              0.0006444   0.0006408    0.001373   8.788e-05  DFFR_X1
j0_addMult9_MULT_mult_18_U321  0.0003482   0.0009433    0.001369   7.796e-05  XOR2_X2
i0_R2_Dout_reg_8_              0.0007853   0.0004942    0.001368   8.803e-05  DFFR_X1
i0_R1_Dout_reg_5_              0.0008118   0.0004577    0.001357   8.763e-05  DFFR_X1
i0_R1_Dout_reg_0_              0.0009523   0.0003166    0.001356   8.753e-05  DFFR_X1
j1_addMult9_MULT_mult_18_U290  0.0003533   0.0009154    0.001345   7.654e-05  XOR2_X2
DOUT3k_REG_Dout_reg_7_         0.0009503   0.0003061    0.001345   8.837e-05  DFFR_X1
i0_R2_Dout_reg_7_              0.0006025   0.0006534    0.001344   8.823e-05  DFFR_X1
i0_R0_Dout_reg_0_              0.0009758   0.0002676    0.001331   8.805e-05  DFFR_X1
i1_R1_Dout_reg_5_              0.0008115   0.0004308    0.001331   8.828e-05  DFFR_X1
DIN3k1_REG_Dout_reg_0_         0.0009714    0.000265    0.001325   8.842e-05  DFFR_X1
i1_R1_Dout_reg_0_              0.0009471   0.0002792    0.001314    8.77e-05  DFFR_X1
DIN3k2_REG_Dout_reg_8_         0.0008178   0.0004014    0.001307   8.825e-05  DFFR_X1
i2_R3_Dout_reg_7_              0.0006106   0.0005871    0.001286   8.807e-05  DFFR_X1
i2_R0_Dout_reg_1_              0.0008165   0.0003747    0.001279   8.822e-05  DFFR_X1
DIN3k2_REG_Dout_reg_0_         0.0009436   0.0002375    0.001269    8.83e-05  DFFR_X1
i0_R2_Dout_reg_0_              0.0009366   0.0002436    0.001268   8.823e-05  DFFR_X1
DOUT3k2_REG_Dout_reg_5_         0.000858   0.0003067    0.001253   8.879e-05  DFFR_X1
i0_R0_Dout_reg_5_              0.0008241   0.0003398    0.001252   8.802e-05  DFFR_X1
FE_DBTC41_i1_R0_out_5           4.71e-05    0.001173    0.001235   1.437e-05  INV_X1
DOUT3k_REG_Dout_reg_5_         0.0008714   0.0002713    0.001231   8.831e-05  DFFR_X1
i2_R0_Dout_reg_5_                0.00079   0.0003528    0.001231   8.812e-05  DFFR_X1
i2_R3_Dout_reg_2_              0.0009538   0.0001821    0.001224   8.789e-05  DFFR_X1
i2_R2_Dout_reg_5_              0.0007603   0.0003719     0.00122   8.814e-05  DFFR_X1
DIN3k1_REG_Dout_reg_9_          0.000632   0.0004983    0.001218   8.796e-05  DFFR_X1
DOUT3k1_REG_Dout_reg_7_         0.000959   0.0001433    0.001191   8.874e-05  DFFR_X1
i0_R2_Dout_reg_9_              0.0006177   0.0004781    0.001184   8.771e-05  DFFR_X1
DOUT3k2_REG_Dout_reg_8_         0.000807   0.0002843     0.00118   8.859e-05  DFFR_X1
DOUT3k2_REG_Dout_reg_4_        0.0008005   0.0002904    0.001179   8.843e-05  DFFR_X1
CTS_ccl_a_buf_00006             0.001149           0    0.001172   2.292e-05  CLKBUF_X2
DOUT3k2_REG_Dout_reg_9_        0.0008004   0.0002839    0.001172   8.754e-05  DFFR_X1
i1_R2_Dout_reg_0_              0.0009289   0.0001531     0.00117    8.83e-05  DFFR_X1
DOUT3k2_REG_Dout_reg_3_        0.0008066   0.0002723    0.001166   8.718e-05  DFFR_X1
FE_OFC62_i2_R2_out_10          8.757e-05    0.001031    0.001162   4.364e-05  BUF_X2
DOUT3k1_REG_Dout_reg_5_        0.0009357   0.0001366    0.001161   8.859e-05  DFFR_X1
DOUT3k1_REG_Dout_reg_3_        0.0009329   0.0001323    0.001153   8.767e-05  DFFR_X1
DIN3k1_REG_Dout_reg_7_         0.0006107   0.0004509     0.00115   8.825e-05  DFFR_X1
i2_R1_Dout_reg_9_              0.0006602   0.0003947    0.001143   8.791e-05  DFFR_X1
DOUT3k_REG_Dout_reg_8_         0.0008027   0.0002435    0.001135   8.863e-05  DFFR_X1
FE_DBTC40_i1_R0_out_3          4.857e-05     0.00106    0.001123   1.437e-05  INV_X1
DOUT3k_REG_Dout_reg_9_          0.000789   0.0002413    0.001118   8.817e-05  DFFR_X1
i2_R0_Dout_reg_9_              0.0006602   0.0003701    0.001118   8.809e-05  DFFR_X1
FE_DBTC11_i1_R2_out_5          4.746e-05    0.001049     0.00111   1.364e-05  INV_X1
FE_OFC56_i2_R1_out_10          9.159e-05   0.0009656    0.001101    4.34e-05  BUF_X2
i2_R3_Dout_reg_8_              0.0007942   0.0002024    0.001085   8.799e-05  DFFR_X1
i2_R3_Dout_reg_0_              0.0009129   8.164e-05    0.001083   8.807e-05  DFFR_X1
FE_OFC25_i0_R2_out_1           9.842e-05   0.0009712    0.001081   1.149e-05  CLKBUF_X1
FE_OFC24_i0_R2_out_3           0.0001053   0.0009609    0.001078   1.132e-05  CLKBUF_X1
DOUT3k1_REG_Dout_reg_4_        0.0008618   0.0001192     0.00107   8.871e-05  DFFR_X1
DIN3k_REG_Dout_reg_9_          0.0006451   0.0003362    0.001069   8.776e-05  DFFR_X1
DOUT3k_REG_Dout_reg_3_          0.000764   0.0002088     0.00106   8.757e-05  DFFR_X1
FE_DBTC36_i0_R0_out_5          5.383e-05   0.0009882    0.001055    1.31e-05  INV_X1
i2_R1_Dout_reg_7_              0.0006111   0.0003428    0.001042   8.798e-05  DFFR_X1
FE_OFC23_i0_R2_out_5           0.0001033    0.000911    0.001026   1.132e-05  CLKBUF_X1
DOUT3k1_REG_Dout_reg_8_        0.0008111   0.0001253    0.001025   8.871e-05  DFFR_X1
FE_DBTC26_i1_R1_out_5          5.447e-05   0.0009527    0.001021   1.364e-05  INV_X1
FE_DBTC21_i0_R1_out_5          5.262e-05   0.0009529    0.001019   1.371e-05  INV_X1
FE_DBTC51_DIN3k_out_5           4.82e-05   0.0009571    0.001019   1.377e-05  INV_X1
DOUT3k_REG_Dout_reg_4_         0.0007205    0.000206    0.001015   8.824e-05  DFFR_X1
j2_addMult4_MULT_mult_18_U467  9.036e-05   0.0009035    0.001007   1.365e-05  NAND2_X1
i2_R2_Dout_reg_9_              0.0006573    0.000261    0.001006   8.787e-05  DFFR_X1
DOUT3k1_REG_Dout_reg_9_        0.0008076   0.0001102    0.001005   8.767e-05  DFFR_X1
FE_OFC38_i1_R1_out_10          7.509e-05    0.000883    0.001002   4.358e-05  BUF_X2
FE_OFC32_i1_R0_out_10          7.669e-05   0.0008786   0.0009988   4.352e-05  BUF_X2
j0_addMult7_MULT_mult_18_U467  9.041e-05   0.0008913   0.0009961    1.44e-05  NAND2_X1
FE_DBTC16_i2_R2_out_5           4.81e-05   0.0009307   0.0009925    1.37e-05  INV_X1
j0_addMult4_MULT_mult_18_U467   9.19e-05   0.0008795   0.0009881   1.674e-05  NAND2_X1
j2_addMult3_MULT_mult_18_U467    9.4e-05   0.0008762   0.0009846   1.434e-05  NAND2_X1
j1_addMult3_MULT_mult_18_U467  9.043e-05   0.0008782   0.0009823   1.365e-05  NAND2_X1
j1_mult0_mult_18_U467          9.418e-05   0.0008702   0.0009814   1.703e-05  NAND2_X1
j1_addMult5_MULT_mult_18_U467  9.193e-05   0.0008696   0.0009782   1.674e-05  NAND2_X1
i2_R1_Dout_reg_6_              0.0004793   0.0004089   0.0009763   8.811e-05  DFFR_X1
j2_addMult0_MULT_mult_18_U467  9.411e-05   0.0008649    0.000976   1.703e-05  NAND2_X1
j2_addMult2_MULT_mult_18_U467  8.817e-05   0.0008711   0.0009744   1.507e-05  NAND2_X1
j2_addMult7_MULT_mult_18_U467  9.062e-05   0.0008689   0.0009736   1.412e-05  NAND2_X1
j2_addMult6_MULT_mult_18_U467  9.191e-05   0.0008645   0.0009731   1.674e-05  NAND2_X1
i0_R1_Dout_reg_9_              0.0006455   0.0002389   0.0009721   8.769e-05  DFFR_X1
j1_addMult0_MULT_mult_18_U467  9.031e-05   0.0008665   0.0009699   1.309e-05  NAND2_X1
j2_addMult1_MULT_mult_18_U467  9.037e-05   0.0008647   0.0009682   1.309e-05  NAND2_X1
j1_addMult8_MULT_mult_18_U467  9.051e-05   0.0008618   0.0009667    1.44e-05  NAND2_X1
i1_R2_Dout_reg_9_              0.0006285   0.0002493   0.0009656    8.78e-05  DFFR_X1
j2_addMult9_MULT_mult_18_U467  9.063e-05   0.0008588   0.0009638    1.44e-05  NAND2_X1
j1_addMult6_MULT_mult_18_U467   9.06e-05   0.0008555   0.0009602   1.412e-05  NAND2_X1
DIN3k2_REG_Dout_reg_10_        0.0004808   0.0003909   0.0009599   8.822e-05  DFFR_X1
FE_DBTC46_i2_R0_out_5          5.112e-05   0.0008943   0.0009589   1.346e-05  INV_X1
j0_addMult8_MULT_mult_18_U467  8.746e-05   0.0008531   0.0009573   1.666e-05  NAND2_X1
i0_R1_Dout_reg_7_              0.0006182   0.0002486   0.0009545   8.767e-05  DFFR_X1
j1_addMult2_MULT_mult_18_U467  9.395e-05   0.0008431   0.0009514   1.434e-05  NAND2_X1
j0_addMult1_MULT_mult_18_U11   0.0004449   0.0004238   0.0009488   8.009e-05  FA_X1
i1_R0_Dout_reg_4_              0.0004658   0.0003946   0.0009485   8.816e-05  DFFR_X1
i1_R1_Dout_reg_7_              0.0006102   0.0002479   0.0009461   8.801e-05  DFFR_X1
i2_R2_Dout_reg_6_              0.0004813   0.0003757   0.0009451   8.811e-05  DFFR_X1
j0_addMult0_MULT_mult_18_U467  8.796e-05   0.0008412   0.0009443   1.507e-05  NAND2_X1
i2_R2_Dout_reg_7_              0.0006075    0.000244   0.0009397    8.82e-05  DFFR_X1
j0_addMult2_MULT_mult_18_U467  9.056e-05   0.0008353   0.0009395   1.365e-05  NAND2_X1
j0_addMult1_MULT_mult_18_U467  9.415e-05    0.000831   0.0009395   1.434e-05  NAND2_X1
j2_mult0_mult_18_U467          8.954e-05   0.0008342    0.000938   1.433e-05  NAND2_X1
i2_R2_Dout_reg_1_              0.0008006   4.897e-05   0.0009375   8.793e-05  DFFR_X1
j1_addMult1_MULT_mult_18_U467  8.809e-05   0.0008337   0.0009369   1.507e-05  NAND2_X1
j0_addMult5_MULT_mult_18_U467  9.063e-05    0.000832   0.0009368   1.412e-05  NAND2_X1
FE_OFC14_i0_R1_out_10              7e-05   0.0008219   0.0009355   4.359e-05  BUF_X2
i1_R2_Dout_reg_7_              0.0006021   0.0002416   0.0009319   8.823e-05  DFFR_X1
j0_mult0_mult_18_U467          9.021e-05   0.0008269   0.0009302   1.309e-05  NAND2_X1
j0_addMult3_MULT_mult_18_U467  8.688e-05   0.0008269    0.000927   1.325e-05  NAND2_X1
i2_R3_Dout_reg_10_             0.0004846   0.0003531   0.0009256     8.8e-05  DFFR_X1
i2_R0_Dout_reg_10_             0.0004785   0.0003581   0.0009248    8.82e-05  DFFR_X1
FE_OFC50_i2_R0_out_10          9.758e-05   0.0007793   0.0009203    4.34e-05  BUF_X2
j1_addMult9_MULT_mult_18_U467  8.734e-05   0.0008161   0.0009201   1.666e-05  NAND2_X1
DIN3k_REG_Dout_reg_4_          0.0004889   0.0003395   0.0009164   8.796e-05  DFFR_X1
j2_addMult5_MULT_mult_18_U467  8.691e-05   0.0008111   0.0009112   1.325e-05  NAND2_X1
i0_R0_Dout_reg_4_              0.0004899   0.0003316   0.0009094   8.797e-05  DFFR_X1
j0_addMult6_MULT_mult_18_U467  8.482e-05   0.0008077   0.0009084   1.589e-05  NAND2_X1
FE_DBTC35_i0_R0_out_3          4.934e-05   0.0008448   0.0009073    1.31e-05  INV_X1
FE_DBTC31_i2_R1_out_5          4.953e-05    0.000838   0.0009016   1.407e-05  INV_X1
i2_R1_Dout_reg_3_              0.0007681   4.569e-05   0.0009016   8.782e-05  DFFR_X1
j2_addMult8_MULT_mult_18_U467  8.481e-05   0.0007957   0.0008964   1.589e-05  NAND2_X1
j1_addMult4_ADD_add_16_U1_8    0.0004362   0.0003876   0.0008963   7.254e-05  FA_X1
i2_R0_Dout_reg_6_              0.0004777   0.0003296   0.0008955    8.82e-05  DFFR_X1
i1_R1_Dout_reg_9_              0.0006289   0.0001774   0.0008943   8.806e-05  DFFR_X1
FE_DBTC10_i1_R2_out_3          4.959e-05   0.0008305   0.0008937   1.364e-05  INV_X1
j0_addMult4_ADD_add_16_U1_8    0.0004522   0.0003668   0.0008918   7.288e-05  FA_X1
i1_R1_Dout_reg_4_              0.0004699   0.0003319   0.0008898   8.802e-05  DFFR_X1
j1_addMult7_MULT_mult_18_U467  8.488e-05   0.0007885   0.0008893   1.589e-05  NAND2_X1
i1_R0_Dout_reg_6_               0.000455   0.0003446   0.0008876   8.802e-05  DFFR_X1
i2_R2_Dout_reg_3_              0.0007596   3.952e-05   0.0008872   8.814e-05  DFFR_X1
FE_OFC27_DIN3k1_out_9          6.611e-05   0.0008071   0.0008847   1.145e-05  CLKBUF_X1
FE_OFC2_DIN3k_out_10           7.154e-05   0.0007641   0.0008795   4.383e-05  BUF_X2
i0_R1_Dout_reg_4_              0.0004757   0.0003138   0.0008769   8.749e-05  DFFR_X1
j0_addMult9_MULT_mult_18_U467  8.231e-05   0.0007726   0.0008676   1.273e-05  NAND2_X1
j1_addMult4_MULT_mult_18_U467  8.691e-05    0.000767   0.0008672   1.325e-05  NAND2_X1
FE_DBTC50_DIN3k_out_3          5.056e-05   0.0008008   0.0008651   1.377e-05  INV_X1
i1_R2_Dout_reg_4_              0.0004717   0.0003041   0.0008638   8.803e-05  DFFR_X1
i2_R1_Dout_reg_4_              0.0004498   0.0003236   0.0008612   8.777e-05  DFFR_X1
i1_R2_Dout_reg_10_             0.0004519   0.0003153   0.0008552   8.803e-05  DFFR_X1
j1_addMult5_ADD_add_16_U1_6    0.0003703   0.0004118   0.0008551   7.296e-05  FA_X1
FE_OFC21_i0_R2_out_9           6.362e-05   0.0007792   0.0008541   1.127e-05  CLKBUF_X1
j2_addMult1_MULT_mult_18_U11   0.0004492   0.0003242   0.0008509   7.748e-05  FA_X1
i2_R2_Dout_reg_4_               0.000446   0.0003143   0.0008483   8.796e-05  DFFR_X1
j2_mult0_mult_18_U315          5.681e-05   0.0007767   0.0008479   1.437e-05  INV_X1
FE_OFC8_i0_R0_out_10           7.349e-05    0.000725   0.0008424   4.389e-05  BUF_X2
DIN3k1_REG_Dout_reg_10_         0.000459   0.0002934   0.0008404   8.805e-05  DFFR_X1
DOUT3k2_REG_Dout_reg_6_        0.0006348   0.0001144   0.0008403   9.106e-05  DFFR_X1
FE_OFC28_DIN3k1_out_7          6.329e-05   0.0007649   0.0008394   1.125e-05  CLKBUF_X1
j0_addMult1_MULT_mult_18_U292  0.0002171   0.0005501   0.0008393   7.211e-05  XOR2_X2
FE_DBTC20_i0_R1_out_3          5.454e-05   0.0007697    0.000838   1.371e-05  INV_X1
j2_addMult7_MULT_mult_18_U11   0.0004326   0.0003285   0.0008379   7.688e-05  FA_X1
i1_R1_Dout_reg_6_              0.0004559   0.0002869   0.0008308   8.805e-05  DFFR_X1
j1_addMult4_MULT_mult_18_U28   0.0004484   0.0003073   0.0008301   7.438e-05  FA_X1
j1_addMult4_MULT_mult_18_U30   0.0004459   0.0003064   0.0008283   7.598e-05  FA_X1
j2_addMult0_MULT_mult_18_U291  0.0002094   0.0005406   0.0008256   7.551e-05  XOR2_X2
j2_addMult3_ADD_add_16_U1_6    0.0003704   0.0003848   0.0008255   7.032e-05  FA_X1
j1_addMult7_MULT_mult_18_U11   0.0004165   0.0003286   0.0008228   7.759e-05  FA_X1
j2_addMult4_MULT_mult_18_U291  0.0002118    0.000532   0.0008213   7.755e-05  XOR2_X2
i0_R1_Dout_reg_6_              0.0004461   0.0002868   0.0008207   8.786e-05  DFFR_X1
i2_R1_Dout_reg_10_             0.0004796   0.0002489   0.0008166   8.811e-05  DFFR_X1
i2_R0_Dout_reg_4_              0.0004498   0.0002762   0.0008142   8.815e-05  DFFR_X1
j0_addMult0_MULT_mult_18_U11   0.0003172   0.0004271   0.0008128   6.847e-05  FA_X1
FE_DBTC25_i1_R1_out_3          5.668e-05    0.000742   0.0008123   1.364e-05  INV_X1
j2_addMult4_MULT_mult_18_U28   0.0004397   0.0002968   0.0008106   7.412e-05  FA_X1
j0_addMult8_MULT_mult_18_U292     0.0002   0.0005367   0.0008104   7.361e-05  XOR2_X2
j0_addMult4_MULT_mult_18_U30   0.0004375   0.0002959   0.0008083   7.487e-05  FA_X1
DOUT3k_REG_Dout_reg_6_         0.0006201   9.517e-05    0.000806   9.076e-05  DFFR_X1
j1_mult0_mult_18_U292          0.0002095   0.0005207   0.0008056   7.551e-05  XOR2_X2
j0_addMult7_MULT_mult_18_U11    0.000423   0.0003027    0.000805   7.927e-05  FA_X1
DIN3k_REG_Dout_reg_6_          0.0004521    0.000263    0.000803    8.79e-05  DFFR_X1
i0_R0_Dout_reg_6_              0.0004494   0.0002646   0.0008019   8.791e-05  DFFR_X1
j2_addMult3_ADD_add_16_U1_7    0.0003517   0.0003774   0.0008018   7.271e-05  FA_X1
j1_addMult1_MULT_mult_18_U11   0.0004319   0.0002905   0.0008013   7.883e-05  FA_X1
j0_addMult3_MULT_mult_18_U11   0.0003477   0.0003703   0.0008004   8.243e-05  FA_X1
j0_mult0_mult_18_U292          0.0002033   0.0005208   0.0007992   7.504e-05  XOR2_X2
j0_addMult4_MULT_mult_18_U28   0.0004388   0.0002856   0.0007984   7.399e-05  FA_X1
FE_DBTC45_i2_R0_out_3          5.362e-05   0.0007309    0.000798   1.346e-05  INV_X1
DOUT3k2_REG_Dout_reg_10_       0.0005567   0.0001526   0.0007978   8.847e-05  DFFR_X1
j0_addMult4_MULT_mult_18_U7    0.0004382   0.0002792    0.000796   7.861e-05  FA_X1
j1_addMult2_MULT_mult_18_U291  0.0002171   0.0005053   0.0007946   7.211e-05  XOR2_X2
j2_addMult4_MULT_mult_18_U30   0.0004375   0.0002818   0.0007945   7.523e-05  FA_X1
j1_addMult4_MULT_mult_18_U7     0.000447   0.0002677   0.0007927   7.797e-05  FA_X1
j2_addMult5_MULT_mult_18_U11   0.0003471    0.000363   0.0007925   8.243e-05  FA_X1
j1_addMult1_MULT_mult_18_U291  0.0002077   0.0005078   0.0007918    7.63e-05  XOR2_X2
j1_addMult6_MULT_mult_18_U291   0.000204   0.0005119   0.0007912    7.54e-05  XOR2_X2
j0_addMult2_MULT_mult_18_U292  0.0002118   0.0004999   0.0007893   7.755e-05  XOR2_X2
j2_addMult2_MULT_mult_18_U291  0.0002077   0.0005051   0.0007891    7.63e-05  XOR2_X2
FE_DBTC15_i2_R2_out_3          5.485e-05   0.0007204   0.0007889    1.37e-05  INV_X1
j0_addMult5_MULT_mult_18_U292   0.000204   0.0005089   0.0007883    7.54e-05  XOR2_X2
j2_addMult1_MULT_mult_18_U291  0.0002033   0.0005099   0.0007882   7.504e-05  XOR2_X2
j0_addMult4_MULT_mult_18_U292  0.0002011   0.0005112   0.0007882   7.586e-05  XOR2_X2
j2_addMult7_MULT_mult_18_U291   0.000204   0.0005088   0.0007882    7.54e-05  XOR2_X2
i1_R2_Dout_reg_6_              0.0004525   0.0002476   0.0007881   8.803e-05  DFFR_X1
j0_addMult4_MULT_mult_18_U34   0.0004468   0.0002619   0.0007871   7.836e-05  FA_X1
j1_addMult5_MULT_mult_18_U291  0.0002011   0.0005098   0.0007868   7.586e-05  XOR2_X2
j0_addMult9_MULT_mult_18_U315  5.331e-05   0.0007194   0.0007861    1.34e-05  INV_X1
j0_addMult7_MULT_mult_18_U292  0.0002043   0.0005061    0.000786   7.563e-05  XOR2_X2
j2_addMult4_MULT_mult_18_U7    0.0004379    0.000266    0.000782   7.805e-05  FA_X1
j1_addMult3_MULT_mult_18_U291  0.0002118   0.0004921   0.0007814   7.755e-05  XOR2_X2
j2_addMult6_MULT_mult_18_U291  0.0002012   0.0005044   0.0007814   7.586e-05  XOR2_X2
j2_addMult4_MULT_mult_18_U44   0.0004384   0.0002689   0.0007812   7.388e-05  FA_X1
j2_addMult4_ADD_add_16_U1_8    0.0003946   0.0003135   0.0007774   6.925e-05  FA_X1
j0_addMult0_MULT_mult_18_U292  0.0002077   0.0004922   0.0007762    7.63e-05  XOR2_X2
DOUT3k_REG_Dout_reg_10_        0.0005576   0.0001293   0.0007756   8.864e-05  DFFR_X1
j2_addMult3_MULT_mult_18_U291  0.0002172   0.0004849   0.0007742   7.211e-05  XOR2_X2
j1_addMult9_MULT_mult_18_U291  0.0002002   0.0004982   0.0007719   7.361e-05  XOR2_X2
j1_addMult0_MULT_mult_18_U291  0.0002033   0.0004934   0.0007718   7.504e-05  XOR2_X2
j1_addMult8_MULT_mult_18_U291  0.0002043   0.0004894   0.0007693   7.563e-05  XOR2_X2
j2_addMult3_MULT_mult_18_U11   0.0003475   0.0003392   0.0007688    8.21e-05  FA_X1
j1_addMult4_MULT_mult_18_U34   0.0004511   0.0002349   0.0007656   7.967e-05  FA_X1
j2_addMult8_MULT_mult_18_U11   0.0003085   0.0003884   0.0007646    6.77e-05  FA_X1
j2_mult0_mult_18_U319          0.0001947   0.0004952    0.000764   7.417e-05  XOR2_X2
FE_DBTC30_i2_R1_out_3          6.587e-05   0.0006792   0.0007592   1.407e-05  INV_X1
j2_addMult4_MULT_mult_18_U70   0.0004215   0.0002621   0.0007555    7.19e-05  FA_X1
j2_addMult5_MULT_mult_18_U291  0.0001989   0.0004827   0.0007552   7.356e-05  XOR2_X2
i0_R0_Dout_reg_9_              0.0006381   2.836e-05   0.0007542   8.776e-05  DFFR_X1
j2_addMult9_MULT_mult_18_U291  0.0002043    0.000474   0.0007539   7.563e-05  XOR2_X2
j2_addMult5_MULT_mult_18_U8    0.0003399   0.0003361   0.0007526    7.66e-05  FA_X1
j2_addMult4_MULT_mult_18_U34   0.0004446   0.0002294   0.0007522   7.825e-05  FA_X1
j0_addMult3_ADD_add_16_U1_6    0.0003483   0.0003303   0.0007507   7.217e-05  FA_X1
j0_addMult5_MULT_mult_18_U11   0.0003467     0.00032   0.0007484   8.169e-05  FA_X1
j1_addMult4_MULT_mult_18_U291  0.0001989   0.0004741   0.0007466   7.356e-05  XOR2_X2
j0_addMult3_MULT_mult_18_U292  0.0001989   0.0004733   0.0007458   7.356e-05  XOR2_X2
j0_addMult0_MULT_mult_18_U33   0.0004053   0.0002703   0.0007456   7.005e-05  FA_X1
j2_addMult0_MULT_mult_18_U33   0.0003963   0.0002785   0.0007439   6.908e-05  FA_X1
i0_R0_Dout_reg_10_             0.0004501   0.0002038   0.0007418   8.791e-05  DFFR_X1
i2_R0_Dout_reg_7_              0.0006038   4.814e-05   0.0007402   8.825e-05  DFFR_X1
j1_addMult7_MULT_mult_18_U291  0.0001889   0.0004757     0.00074   7.544e-05  XOR2_X2
i0_R2_Dout_reg_10_             0.0004421    0.000208   0.0007381   8.802e-05  DFFR_X1
i2_R2_Dout_reg_10_             0.0004802   0.0001688   0.0007371   8.811e-05  DFFR_X1
j1_addMult4_ADD_add_16_U1_7    0.0003744   0.0002882   0.0007358   7.312e-05  FA_X1
DIN3k1_REG_Dout_reg_4_         0.0004683   0.0001781   0.0007345   8.816e-05  DFFR_X1
j0_addMult4_MULT_mult_18_U44   0.0004457   0.0002114   0.0007339   7.681e-05  FA_X1
FE_DBTC42_i1_R0_out_7          3.483e-05   0.0006834    0.000732   1.383e-05  INV_X1
j2_addMult2_MULT_mult_18_U66   0.0004148   0.0002465   0.0007302   6.889e-05  FA_X1
j2_addMult8_MULT_mult_18_U33   0.0003889   0.0002709   0.0007301   7.035e-05  FA_X1
j0_addMult8_MULT_mult_18_U33   0.0003761   0.0002802     0.00073    7.36e-05  FA_X1
j0_addMult6_ADD_add_16_U1_4    0.0003286    0.000326   0.0007298   7.512e-05  FA_X1
i1_R0_Dout_reg_7_              0.0006032   3.807e-05   0.0007295   8.822e-05  DFFR_X1
j0_addMult4_MULT_mult_18_U70   0.0004133   0.0002372   0.0007268   7.633e-05  FA_X1
j2_addMult4_MULT_mult_18_U11   0.0003888   0.0002661   0.0007255   7.069e-05  FA_X1
j1_addMult2_MULT_mult_18_U66   0.0004101   0.0002482   0.0007255   6.726e-05  FA_X1
j2_addMult4_MULT_mult_18_U50   0.0003901   0.0002598    0.000724   7.406e-05  FA_X1
j0_addMult3_MULT_mult_18_U8    0.0003394   0.0003076   0.0007235    7.66e-05  FA_X1
DIN3k2_REG_Dout_reg_6_         0.0004804   0.0001543   0.0007229   8.822e-05  DFFR_X1
j1_addMult1_ADD_add_16_U1_4    0.0003434   0.0003053   0.0007225   7.382e-05  FA_X1
j1_addMult5_ADD_add_16_U1_7    0.0003354   0.0003143   0.0007204   7.066e-05  FA_X1
j1_addMult4_MULT_mult_18_U11    0.000376   0.0002758   0.0007199   6.812e-05  FA_X1
j2_mult0_mult_18_U59           0.0004391   0.0002149   0.0007191    6.51e-05  FA_X1
j2_addMult6_MULT_mult_18_U66   0.0004067   0.0002414   0.0007186   7.047e-05  FA_X1
j1_mult0_mult_18_U59            0.000442   0.0002082   0.0007183   6.807e-05  FA_X1
j0_addMult4_MULT_mult_18_U11   0.0003805   0.0002658   0.0007177   7.138e-05  FA_X1
FE_OFC44_i1_R2_out_10          7.984e-05   0.0005939   0.0007176   4.383e-05  BUF_X2
j0_addMult6_MULT_mult_18_U66   0.0004065   0.0002372   0.0007152   7.142e-05  FA_X1
j2_addMult8_MULT_mult_18_U291  0.0001889   0.0004502   0.0007146   7.544e-05  XOR2_X2
DOUT3k1_REG_Dout_reg_6_        0.0005882   3.521e-05   0.0007141   9.076e-05  DFFR_X1
i0_R2_Dout_reg_4_              0.0004577   0.0001678   0.0007135   8.796e-05  DFFR_X1
j2_addMult5_ADD_add_16_U1_6    0.0003587   0.0002805    0.000713   7.384e-05  FA_X1
DIN3k1_REG_Dout_reg_6_         0.0004587   0.0001655   0.0007123   8.805e-05  DFFR_X1
j1_addMult4_MULT_mult_18_U55   0.0004148   0.0002283   0.0007117   6.864e-05  FA_X1
j0_addMult6_MULT_mult_18_U292  0.0001889   0.0004472   0.0007116   7.544e-05  XOR2_X2
j2_addMult1_ADD_add_16_U1_4    0.0003351   0.0003017   0.0007108   7.395e-05  FA_X1
j0_addMult6_ADD_add_16_U1_6    0.0003162    0.000319   0.0007102   7.503e-05  FA_X1
j1_addMult7_ADD_add_16_U1_7    0.0002929   0.0003416   0.0007094   7.487e-05  FA_X1
j0_addMult2_MULT_mult_18_U66   0.0004021   0.0002402   0.0007094   6.699e-05  FA_X1
j1_addMult4_MULT_mult_18_U70   0.0003969   0.0002381   0.0007088   7.377e-05  FA_X1
j1_addMult0_MULT_mult_18_U33   0.0003798   0.0002596   0.0007086   6.918e-05  FA_X1
i1_R0_Dout_reg_10_             0.0004553   0.0001639   0.0007072   8.802e-05  DFFR_X1
j0_addMult9_MULT_mult_18_U319   0.000182   0.0004488   0.0007072   7.635e-05  XOR2_X2
DIN3k_REG_Dout_reg_10_         0.0004518   0.0001664   0.0007061    8.79e-05  DFFR_X1
j1_addMult4_MULT_mult_18_U60   0.0003705   0.0002635    0.000705   7.097e-05  FA_X1
j1_addMult8_MULT_mult_18_U33   0.0003799   0.0002543   0.0007047   7.054e-05  FA_X1
DOUT3k1_REG_Dout_reg_10_       0.0005526   6.325e-05   0.0007044   8.852e-05  DFFR_X1
j0_mult0_mult_18_U59           0.0004338   0.0002043   0.0007034   6.537e-05  FA_X1
j0_addMult4_ADD_add_16_U1_3    0.0003632   0.0002624    0.000702    7.63e-05  FA_X1
j0_addMult4_ADD_add_16_U1_7    0.0003641    0.000268   0.0007011   6.903e-05  FA_X1
j0_addMult3_ADD_add_16_U1_7    0.0003131   0.0003153   0.0007011    7.27e-05  FA_X1
j2_addMult3_MULT_mult_18_U41   0.0003917   0.0002427   0.0007008   6.647e-05  FA_X1
j1_addMult4_MULT_mult_18_U44   0.0004205   0.0002043   0.0006995    7.47e-05  FA_X1
j1_addMult4_MULT_mult_18_U50   0.0003881   0.0002359   0.0006987   7.478e-05  FA_X1
j1_addMult6_ADD_add_16_U1_6    0.0003365   0.0002874   0.0006986   7.468e-05  FA_X1
j2_addMult9_MULT_mult_18_U59   0.0004224   0.0002108   0.0006982   6.504e-05  FA_X1
j2_addMult4_MULT_mult_18_U60   0.0003901   0.0002408   0.0006978    6.69e-05  FA_X1
j0_addMult4_MULT_mult_18_U60   0.0003869   0.0002371   0.0006975   7.353e-05  FA_X1
j1_addMult5_MULT_mult_18_U55   0.0004089   0.0002117   0.0006958   7.518e-05  FA_X1
j1_addMult6_MULT_mult_18_U66   0.0003943   0.0002292   0.0006946   7.113e-05  FA_X1
j1_addMult3_MULT_mult_18_U41   0.0003858    0.000244   0.0006936   6.379e-05  FA_X1
j2_addMult3_MULT_mult_18_U8     0.000338   0.0002785   0.0006935   7.697e-05  FA_X1
j0_addMult4_MULT_mult_18_U50   0.0003926   0.0002246   0.0006933    7.61e-05  FA_X1
j2_addMult0_MULT_mult_18_U50   0.0003907    0.000233   0.0006929   6.917e-05  FA_X1
j2_addMult4_ADD_add_16_U1_7    0.0003688   0.0002499   0.0006903   7.157e-05  FA_X1
j2_addMult2_MULT_mult_18_U36   0.0003538   0.0002701   0.0006893   6.537e-05  FA_X1
j0_addMult5_MULT_mult_18_U41   0.0003823   0.0002408   0.0006886   6.549e-05  FA_X1
j2_addMult4_MULT_mult_18_U8    0.0003819   0.0002332   0.0006865   7.134e-05  FA_X1
j2_addMult3_MULT_mult_18_U55   0.0004169   0.0001949    0.000686   7.421e-05  FA_X1
i0_R2_Dout_reg_6_              0.0004425   0.0001531   0.0006837   8.802e-05  DFFR_X1
j1_addMult5_MULT_mult_18_U11   0.0003442   0.0002564   0.0006821   8.148e-05  FA_X1
j1_addMult5_MULT_mult_18_U41   0.0003826   0.0002313   0.0006812   6.728e-05  FA_X1
j2_addMult5_MULT_mult_18_U51    0.000339   0.0002712   0.0006804   7.015e-05  FA_X1
j2_addMult5_MULT_mult_18_U55   0.0004086    0.000196   0.0006793   7.459e-05  FA_X1
j1_addMult4_ADD_add_16_U1_5    0.0003135   0.0002932    0.000679   7.221e-05  FA_X1
FE_DBTC17_i2_R2_out_7          3.393e-05   0.0006291   0.0006769   1.389e-05  INV_X1
j0_addMult4_MULT_mult_18_U8    0.0003822   0.0002213   0.0006763   7.276e-05  FA_X1
j1_addMult9_MULT_mult_18_U59   0.0004179   0.0001903   0.0006761   6.782e-05  FA_X1
j2_addMult5_ADD_add_16_U1_7    0.0003584    0.000246   0.0006757   7.123e-05  FA_X1
j2_addMult0_MULT_mult_18_U11   0.0003478   0.0002598   0.0006746   6.702e-05  FA_X1
j1_addMult0_MULT_mult_18_U50   0.0003774   0.0002303    0.000674   6.625e-05  FA_X1
j0_addMult0_MULT_mult_18_U50   0.0003735   0.0002319   0.0006736    6.81e-05  FA_X1
j2_addMult3_MULT_mult_18_U30    0.000339   0.0002601   0.0006721   7.312e-05  FA_X1
FE_DBTC43_i1_R0_out_9          3.009e-05   0.0006275   0.0006715   1.388e-05  INV_X1
j2_addMult3_MULT_mult_18_U51   0.0003392   0.0002626   0.0006714   6.964e-05  FA_X1
j1_addMult4_ADD_add_16_U1_4    0.0003313   0.0002681   0.0006711   7.178e-05  FA_X1
FE_DBTC22_i0_R1_out_7          3.359e-05   0.0006226   0.0006704   1.425e-05  INV_X1
j1_addMult3_MULT_mult_18_U55    0.000404   0.0001935   0.0006702   7.278e-05  FA_X1
j2_mult0_mult_18_U57           0.0003479   0.0002564     0.00067   6.576e-05  FA_X1
j1_addMult7_ADD_add_16_U1_5    0.0002933   0.0003041   0.0006697   7.231e-05  FA_X1
j1_addMult8_MULT_mult_18_U11   0.0003357   0.0002637   0.0006695   7.016e-05  FA_X1
i1_R1_Dout_reg_10_              0.000456   0.0001247   0.0006688   8.805e-05  DFFR_X1
j0_addMult5_MULT_mult_18_U55   0.0004003   0.0001938   0.0006686   7.456e-05  FA_X1
j1_addMult8_MULT_mult_18_U50   0.0003658    0.000235   0.0006676    6.68e-05  FA_X1
j0_addMult3_MULT_mult_18_U41   0.0003659   0.0002358   0.0006674   6.569e-05  FA_X1
j2_addMult2_MULT_mult_18_U31   0.0003477   0.0002442   0.0006668   7.485e-05  FA_X1
j1_addMult5_ADD_add_16_U1_3    0.0002764   0.0003227   0.0006658   6.678e-05  FA_X1
i0_R1_Dout_reg_10_             0.0004455   0.0001324   0.0006658   8.786e-05  DFFR_X1
j0_addMult3_MULT_mult_18_U55   0.0004082    0.000182   0.0006648   7.459e-05  FA_X1
j1_addMult4_MULT_mult_18_U8    0.0003736   0.0002212   0.0006648   7.002e-05  FA_X1
j0_addMult9_MULT_mult_18_U59   0.0004102   0.0001882   0.0006635   6.514e-05  FA_X1
FE_DBTC47_i2_R0_out_7          3.375e-05   0.0006155    0.000663   1.377e-05  INV_X1
j1_addMult3_MULT_mult_18_U70   0.0003618   0.0002285   0.0006625   7.219e-05  FA_X1
j1_addMult3_MULT_mult_18_U51   0.0003387   0.0002545   0.0006625   6.928e-05  FA_X1
FE_DBTC12_i1_R2_out_7          3.137e-05   0.0006162   0.0006609   1.334e-05  INV_X1
FE_DBTC52_DIN3k_out_7          3.517e-05   0.0006112   0.0006603   1.395e-05  INV_X1
j1_addMult5_MULT_mult_18_U70   0.0003625   0.0002206    0.000659   7.594e-05  FA_X1
j0_addMult8_MULT_mult_18_U11   0.0003263   0.0002649   0.0006589   6.774e-05  FA_X1
j1_addMult6_ADD_add_16_U1_7    0.0003015   0.0002799   0.0006568   7.539e-05  FA_X1
FE_OFC22_i0_R2_out_7           6.306e-05   0.0005819   0.0006565   1.154e-05  CLKBUF_X1
j0_addMult3_MULT_mult_18_U9    0.0003155   0.0002614   0.0006559     7.9e-05  FA_X1
j0_addMult5_MULT_mult_18_U8    0.0003209   0.0002588   0.0006555   7.581e-05  FA_X1
j1_addMult4_MULT_mult_18_U10   0.0003385   0.0002365   0.0006554    8.04e-05  FA_X1
j0_addMult5_MULT_mult_18_U70   0.0003582   0.0002216   0.0006551   7.538e-05  FA_X1
FE_DBTC27_i1_R1_out_7          3.365e-05    0.000607   0.0006549   1.425e-05  INV_X1
j2_addMult5_MULT_mult_18_U9    0.0003155   0.0002591   0.0006535     7.9e-05  FA_X1
j1_mult0_mult_18_U61           0.0003339   0.0002576   0.0006524   6.092e-05  FA_X1
j0_addMult2_MULT_mult_18_U38   0.0003392   0.0002426   0.0006513    6.95e-05  FA_X1
i2_R3_Dout_reg_6_              0.0004841   7.921e-05   0.0006513     8.8e-05  DFFR_X1
DIN3k2_REG_Dout_reg_4_          0.000455   0.0001078    0.000651   8.816e-05  DFFR_X1
j1_addMult1_MULT_mult_18_U57   0.0003435   0.0002403    0.000651    6.71e-05  FA_X1
DOUT3k1_REG_Dout_reg_1_         0.000565           0   0.0006497   8.477e-05  DFFR_X1
DOUT3k1_REG_Dout_reg_0_         0.000565           0   0.0006497   8.477e-05  DFFR_X1
DOUT3k1_REG_Dout_reg_2_         0.000565           0   0.0006497   8.477e-05  DFFR_X1
DOUT3k_REG_Dout_reg_2_          0.000565           0   0.0006497   8.477e-05  DFFR_X1
DOUT3k_REG_Dout_reg_1_          0.000565           0   0.0006497   8.477e-05  DFFR_X1
DOUT3k_REG_Dout_reg_0_          0.000565           0   0.0006497   8.477e-05  DFFR_X1
DOUT3k2_REG_Dout_reg_0_         0.000565           0   0.0006497   8.477e-05  DFFR_X1
DOUT3k2_REG_Dout_reg_1_         0.000565           0   0.0006497   8.477e-05  DFFR_X1
DOUT3k2_REG_Dout_reg_2_         0.000565           0   0.0006497   8.477e-05  DFFR_X1
j0_addMult4_MULT_mult_18_U26     0.00033   0.0002443   0.0006496   7.535e-05  FA_X1
j0_addMult8_MULT_mult_18_U50   0.0003658   0.0002155   0.0006495    6.82e-05  FA_X1
j1_addMult4_MULT_mult_18_U26   0.0003384   0.0002346   0.0006489   7.589e-05  FA_X1
j0_addMult3_MULT_mult_18_U70   0.0003541   0.0002211   0.0006487    7.36e-05  FA_X1
j2_addMult3_MULT_mult_18_U70   0.0003695   0.0002057    0.000647    7.17e-05  FA_X1
j2_addMult5_MULT_mult_18_U33   0.0003475   0.0002309   0.0006464   6.796e-05  FA_X1
j1_addMult3_MULT_mult_18_U44   0.0003825   0.0002005   0.0006456   6.263e-05  FA_X1
j2_addMult5_MULT_mult_18_U70   0.0003541   0.0002173    0.000645    7.36e-05  FA_X1
j1_addMult7_ADD_add_16_U1_3    0.0002786   0.0002985   0.0006447   6.768e-05  FA_X1
j0_addMult3_MULT_mult_18_U30   0.0003389   0.0002314   0.0006445   7.424e-05  FA_X1
j2_addMult5_MULT_mult_18_U41   0.0003653    0.000213    0.000644   6.569e-05  FA_X1
j0_addMult3_MULT_mult_18_U33   0.0003475   0.0002277   0.0006431   6.796e-05  FA_X1
j2_addMult8_MULT_mult_18_U50   0.0003572   0.0002178   0.0006428    6.78e-05  FA_X1
j1_addMult3_MULT_mult_18_U11   0.0003434   0.0002171   0.0006416   8.111e-05  FA_X1
j0_addMult6_MULT_mult_18_U31    0.000331   0.0002344    0.000641   7.566e-05  FA_X1
j1_mult0_mult_18_U57           0.0003358   0.0002357   0.0006404   6.894e-05  FA_X1
j0_addMult4_MULT_mult_18_U29   0.0003769   0.0001968   0.0006398   6.605e-05  FA_X1
j0_addMult3_MULT_mult_18_U51   0.0003382   0.0002314   0.0006398   7.015e-05  FA_X1
j2_mult0_mult_18_U61           0.0003293   0.0002507   0.0006395   5.947e-05  FA_X1
j2_addMult2_MULT_mult_18_U65   0.0003399   0.0002366   0.0006394   6.291e-05  FA_X1
j0_addMult5_MULT_mult_18_U51   0.0003296   0.0002389   0.0006389   7.048e-05  FA_X1
j1_addMult4_ADD_add_16_U1_3    0.0003036   0.0002636   0.0006389   7.172e-05  FA_X1
j0_addMult2_MULT_mult_18_U34   0.0003238   0.0002346   0.0006386   8.027e-05  FA_X1
j1_addMult4_MULT_mult_18_U29    0.000376   0.0001977   0.0006386    6.49e-05  FA_X1
j2_addMult9_MULT_mult_18_U61   0.0003223   0.0002554   0.0006377   6.001e-05  FA_X1
j2_addMult3_MULT_mult_18_U44   0.0003829   0.0001894   0.0006377   6.538e-05  FA_X1
FE_DBTC18_i2_R2_out_9          3.932e-05    0.000584   0.0006369   1.358e-05  INV_X1
j0_addMult5_ADD_add_16_U1_6    0.0003479   0.0002168   0.0006365   7.176e-05  FA_X1
j1_addMult0_MULT_mult_18_U11    0.000344    0.000223   0.0006362   6.929e-05  FA_X1
j0_addMult4_MULT_mult_18_U55    0.000389   0.0001779   0.0006359   6.897e-05  FA_X1
j2_addMult5_MULT_mult_18_U42   0.0003398   0.0002267   0.0006354   6.891e-05  FA_X1
j0_addMult6_MULT_mult_18_U36    0.000336   0.0002353   0.0006354   6.413e-05  FA_X1
j2_addMult4_MULT_mult_18_U29   0.0003715   0.0002005   0.0006353   6.324e-05  FA_X1
j0_addMult3_MULT_mult_18_U42   0.0003398   0.0002262   0.0006349   6.891e-05  FA_X1
j2_addMult5_MULT_mult_18_U30   0.0003388   0.0002216   0.0006347   7.424e-05  FA_X1
j2_addMult4_MULT_mult_18_U55    0.000393   0.0001762   0.0006343   6.507e-05  FA_X1
j1_addMult1_MULT_mult_18_U52   0.0003407   0.0002235   0.0006341   6.981e-05  FA_X1
j0_addMult5_MULT_mult_18_U44    0.000375   0.0001948   0.0006338   6.401e-05  FA_X1
j0_addMult3_MULT_mult_18_U45   0.0003361   0.0002247   0.0006334   7.257e-05  FA_X1
j0_mult0_mult_18_U57           0.0003271   0.0002383   0.0006324   6.696e-05  FA_X1
j1_addMult5_MULT_mult_18_U51   0.0003376   0.0002243   0.0006319   6.991e-05  FA_X1
j0_addMult4_ADD_add_16_U1_9    0.0003146   0.0002436   0.0006318   7.356e-05  FA_X1
j1_addMult5_MULT_mult_18_U8     0.000327   0.0002303   0.0006318   7.447e-05  FA_X1
j2_addMult2_MULT_mult_18_U60   0.0003501    0.000207   0.0006316   7.449e-05  FA_X1
j2_addMult4_MULT_mult_18_U26   0.0003219   0.0002332   0.0006313   7.621e-05  FA_X1
j1_addMult5_MULT_mult_18_U30   0.0003305   0.0002253   0.0006313   7.554e-05  FA_X1
j0_addMult1_MULT_mult_18_U57    0.000327   0.0002381    0.000631   6.589e-05  FA_X1
j0_addMult6_ADD_add_16_U1_3    0.0002785   0.0002819   0.0006298   6.943e-05  FA_X1
j1_addMult7_MULT_mult_18_U57   0.0003268   0.0002347   0.0006288   6.733e-05  FA_X1
j2_addMult0_MULT_mult_18_U37    0.000339   0.0002243   0.0006284   6.501e-05  FA_X1
j1_addMult2_MULT_mult_18_U36   0.0003281   0.0002335   0.0006279   6.632e-05  FA_X1
j1_addMult2_MULT_mult_18_U31    0.000322   0.0002341   0.0006278   7.172e-05  FA_X1
j1_addMult3_MULT_mult_18_U45   0.0003353   0.0002211   0.0006276   7.114e-05  FA_X1
j2_addMult2_MULT_mult_18_U34   0.0003478   0.0001981   0.0006274   8.157e-05  FA_X1
j0_mult0_mult_18_U61           0.0003218   0.0002451   0.0006266   5.977e-05  FA_X1
j0_addMult3_MULT_mult_18_U44   0.0003747   0.0001863   0.0006263   6.536e-05  FA_X1
j2_addMult1_MULT_mult_18_U42   0.0003436   0.0002125   0.0006258   6.972e-05  FA_X1
j2_addMult1_ADD_add_16_U1_3    0.0003035   0.0002481   0.0006245   7.293e-05  FA_X1
j0_addMult2_MULT_mult_18_U31   0.0003226   0.0002272   0.0006243   7.442e-05  FA_X1
j1_addMult3_ADD_add_16_U1_6     0.000332   0.0002224   0.0006236   6.915e-05  FA_X1
j1_addMult4_MULT_mult_18_U6    0.0003367   0.0002091    0.000623   7.718e-05  FA_X1
j2_addMult5_MULT_mult_18_U45   0.0003356   0.0002146   0.0006228   7.257e-05  FA_X1
FE_DBTC37_i0_R0_out_7          2.997e-05   0.0005794   0.0006226   1.322e-05  INV_X1
j2_addMult5_MULT_mult_18_U44   0.0003746   0.0001826   0.0006226   6.536e-05  FA_X1
j1_addMult3_MULT_mult_18_U30   0.0003222   0.0002261   0.0006225   7.415e-05  FA_X1
j1_addMult6_MULT_mult_18_U31   0.0003144   0.0002307   0.0006221   7.699e-05  FA_X1
j2_addMult7_MULT_mult_18_U57   0.0003191   0.0002351   0.0006216   6.741e-05  FA_X1
FE_DBTC1_DIN3k1_out_5          8.154e-05   0.0005263   0.0006216   1.376e-05  INV_X1
j1_addMult1_MULT_mult_18_U47   0.0003385   0.0002052   0.0006215   7.774e-05  FA_X1
j2_addMult1_MULT_mult_18_U57   0.0003268   0.0002256   0.0006194   6.696e-05  FA_X1
j1_addMult5_MULT_mult_18_U47   0.0003379   0.0002043   0.0006176   7.545e-05  FA_X1
j1_addMult3_MULT_mult_18_U47   0.0003383   0.0002032   0.0006172   7.568e-05  FA_X1
j1_addMult1_ADD_add_16_U1_3    0.0003108   0.0002327    0.000617   7.359e-05  FA_X1
j1_addMult8_MULT_mult_18_U37   0.0003188   0.0002336   0.0006163   6.394e-05  FA_X1
j2_addMult9_MULT_mult_18_U57   0.0003133    0.000239    0.000616   6.372e-05  FA_X1
j2_addMult3_MULT_mult_18_U45   0.0003359   0.0002073   0.0006154   7.224e-05  FA_X1
FE_DBTC32_i2_R1_out_7           3.35e-05   0.0005676   0.0006153   1.419e-05  INV_X1
j2_addMult2_MULT_mult_18_U10   0.0002866   0.0002568   0.0006153   7.188e-05  FA_X1
j1_addMult1_MULT_mult_18_U66   0.0003398    0.000209    0.000615   6.618e-05  FA_X1
j1_addMult1_MULT_mult_18_U62   0.0002914    0.000267   0.0006149   5.649e-05  HA_X1
j0_addMult4_ADD_add_16_U1_5     0.000308   0.0002333   0.0006148    7.35e-05  FA_X1
j2_addMult6_MULT_mult_18_U38   0.0003414   0.0002052   0.0006146   6.788e-05  FA_X1
j2_addMult6_MULT_mult_18_U31    0.000314   0.0002244   0.0006142   7.578e-05  FA_X1
j0_addMult5_MULT_mult_18_U30   0.0003223   0.0002166   0.0006139   7.501e-05  FA_X1
j2_addMult3_MULT_mult_18_U47   0.0003458   0.0001904   0.0006139   7.772e-05  FA_X1
j1_addMult8_ADD_add_16_U1_7    0.0002735   0.0002686   0.0006133   7.124e-05  FA_X1
j0_addMult1_ADD_add_16_U1_4    0.0003245   0.0002126   0.0006132   7.609e-05  FA_X1
j0_addMult5_MULT_mult_18_U45    0.000331    0.000209   0.0006128   7.275e-05  FA_X1
j1_addMult5_MULT_mult_18_U44   0.0003738   0.0001744   0.0006125    6.42e-05  FA_X1
j0_addMult4_ADD_add_16_U1_4    0.0003165   0.0002233   0.0006124   7.257e-05  FA_X1
j0_addMult1_MULT_mult_18_U47   0.0003376   0.0001991   0.0006114   7.474e-05  FA_X1
j2_addMult7_MULT_mult_18_U42   0.0003271    0.000216   0.0006114   6.832e-05  FA_X1
j2_mult0_mult_18_U66           0.0003434   0.0002008    0.000611    6.68e-05  FA_X1
j1_addMult2_MULT_mult_18_U38   0.0003455   0.0001941   0.0006106   7.103e-05  FA_X1
j2_addMult4_MULT_mult_18_U10   0.0003204   0.0002093   0.0006093    7.96e-05  FA_X1
j1_addMult2_MULT_mult_18_U60   0.0003329   0.0002032   0.0006092    7.31e-05  FA_X1
j0_addMult4_MULT_mult_18_U10   0.0003288   0.0002015   0.0006091   7.879e-05  FA_X1
j1_addMult3_MULT_mult_18_U33   0.0003218   0.0002205   0.0006091   6.685e-05  FA_X1
j2_addMult6_MULT_mult_18_U36   0.0003192   0.0002256   0.0006087   6.393e-05  FA_X1
j0_addMult1_MULT_mult_18_U62   0.0002811    0.000267   0.0006079   5.981e-05  HA_X1
j2_addMult2_MULT_mult_18_U47   0.0003401   0.0001924   0.0006078   7.531e-05  FA_X1
FE_DBTC33_i2_R1_out_9          3.902e-05   0.0005551   0.0006076   1.352e-05  INV_X1
j1_addMult4_ADD_add_16_U1_9    0.0003062   0.0002262   0.0006073   7.497e-05  FA_X1
j2_mult0_mult_18_U47           0.0003451   0.0001846    0.000607   7.733e-05  FA_X1
j0_addMult0_MULT_mult_18_U56   0.0003314   0.0002129   0.0006058   6.145e-05  FA_X1
j2_addMult3_MULT_mult_18_U42   0.0003306   0.0002076   0.0006046   6.635e-05  FA_X1
j0_addMult6_MULT_mult_18_U60   0.0003332   0.0001972   0.0006045   7.413e-05  FA_X1
j2_addMult7_MULT_mult_18_U62   0.0002917   0.0002557   0.0006043   5.692e-05  HA_X1
FE_DBTC13_i1_R2_out_9          3.513e-05   0.0005551   0.0006041   1.382e-05  INV_X1
j0_addMult5_MULT_mult_18_U47   0.0003336   0.0001936   0.0006038   7.661e-05  FA_X1
j0_addMult4_MULT_mult_18_U66   0.0003329   0.0002029   0.0006032   6.743e-05  FA_X1
j1_addMult3_MULT_mult_18_U8    0.0003185   0.0002071   0.0006022   7.656e-05  FA_X1
j0_mult0_mult_18_U66           0.0003309   0.0002015   0.0006006   6.818e-05  FA_X1
j1_addMult0_MULT_mult_18_U37   0.0003301   0.0002061   0.0006006   6.434e-05  FA_X1
j0_addMult6_MULT_mult_18_U34   0.0003304   0.0001875   0.0006002   8.227e-05  FA_X1
j1_addMult5_MULT_mult_18_U45   0.0003348   0.0001938   0.0005997   7.103e-05  FA_X1
j0_addMult2_MULT_mult_18_U47   0.0003286   0.0001944   0.0005987   7.564e-05  FA_X1
j0_addMult1_MULT_mult_18_U37   0.0003264   0.0002105   0.0005987    6.18e-05  FA_X1
j0_addMult9_MULT_mult_18_U57    0.000317    0.000216   0.0005985   6.542e-05  FA_X1
j2_addMult0_MULT_mult_18_U56   0.0003247   0.0002103   0.0005984   6.342e-05  FA_X1
j0_addMult9_MULT_mult_18_U47   0.0003284   0.0001931   0.0005982   7.679e-05  FA_X1
j2_addMult6_MULT_mult_18_U52   0.0003112   0.0002237   0.0005982   6.327e-05  FA_X1
j2_addMult9_MULT_mult_18_U47     0.00032   0.0002021   0.0005977   7.563e-05  FA_X1
j1_addMult1_MULT_mult_18_U42   0.0003148   0.0002141   0.0005975   6.858e-05  FA_X1
i2_R3_Dout_reg_4_              0.0004449   6.452e-05   0.0005974   8.796e-05  DFFR_X1
j0_addMult6_MULT_mult_18_U47   0.0003319   0.0001889   0.0005973   7.656e-05  FA_X1
CTS_ccl_a_buf_00003             0.000586           0   0.0005972   1.122e-05  CLKBUF_X1
j1_addMult6_MULT_mult_18_U36   0.0003193   0.0002127   0.0005968   6.477e-05  FA_X1
j2_addMult1_MULT_mult_18_U62   0.0002959   0.0002425   0.0005964   5.801e-05  HA_X1
j1_addMult6_MULT_mult_18_U38   0.0003295   0.0001978   0.0005962   6.884e-05  FA_X1
j0_addMult1_MULT_mult_18_U42   0.0003351   0.0001888   0.0005959   7.192e-05  FA_X1
j0_mult0_mult_18_U47           0.0003361    0.000182   0.0005958   7.762e-05  FA_X1
j0_addMult9_MULT_mult_18_U61   0.0003099   0.0002238   0.0005954   6.174e-05  FA_X1
j2_addMult6_ADD_add_16_U1_3    0.0003184   0.0002035    0.000595   7.308e-05  FA_X1
j2_addMult6_ADD_add_16_U1_6    0.0003254   0.0001954    0.000595   7.421e-05  FA_X1
j2_addMult3_MULT_mult_18_U9      0.00029   0.0002244    0.000595   8.056e-05  FA_X1
j1_addMult9_MULT_mult_18_U61   0.0003179   0.0002151   0.0005944   6.151e-05  FA_X1
j1_addMult2_MULT_mult_18_U59   0.0003639   0.0001592   0.0005943   7.116e-05  FA_X1
j0_addMult4_MULT_mult_18_U6    0.0003272   0.0001918   0.0005942   7.527e-05  FA_X1
j2_addMult2_MULT_mult_18_U59   0.0003649   0.0001562    0.000594   7.291e-05  FA_X1
j0_addMult7_MULT_mult_18_U57   0.0003132   0.0002171    0.000594   6.372e-05  FA_X1
j1_addMult9_MULT_mult_18_U57   0.0003134   0.0002155   0.0005938   6.495e-05  FA_X1
FE_DBTC48_i2_R0_out_9          3.747e-05   0.0005425   0.0005935   1.358e-05  INV_X1
j2_addMult1_MULT_mult_18_U10   0.0002817   0.0002462   0.0005935    6.55e-05  FA_X1
j2_addMult3_MULT_mult_18_U33   0.0003137   0.0002118   0.0005935   6.791e-05  FA_X1
j2_addMult4_MULT_mult_18_U6    0.0003194   0.0001966   0.0005934   7.744e-05  FA_X1
j1_mult0_mult_18_U47           0.0003315   0.0001845   0.0005934   7.742e-05  FA_X1
j0_addMult2_MULT_mult_18_U36   0.0003193   0.0002081   0.0005934   6.599e-05  FA_X1
j2_addMult4_MULT_mult_18_U66   0.0003284   0.0001976   0.0005926   6.655e-05  FA_X1
j0_addMult0_MULT_mult_18_U37   0.0003298   0.0001976   0.0005925    6.51e-05  FA_X1
j0_addMult4_MULT_mult_18_U42   0.0003264   0.0001965   0.0005922   6.923e-05  FA_X1
j2_addMult1_MULT_mult_18_U47   0.0003216   0.0001934   0.0005921   7.716e-05  FA_X1
j2_addMult6_MULT_mult_18_U34   0.0003304   0.0001787   0.0005912   8.214e-05  FA_X1
j1_addMult2_MULT_mult_18_U47   0.0003275    0.000186   0.0005912   7.776e-05  FA_X1
j1_mult0_mult_18_U66           0.0003306   0.0001937   0.0005912   6.692e-05  FA_X1
j0_addMult7_MULT_mult_18_U42    0.000327   0.0001944   0.0005911   6.968e-05  FA_X1
j2_addMult1_MULT_mult_18_U66   0.0003238   0.0001989   0.0005907   6.798e-05  FA_X1
j1_addMult4_MULT_mult_18_U66   0.0003287   0.0001944   0.0005905   6.737e-05  FA_X1
j0_addMult5_MULT_mult_18_U33   0.0003135   0.0002099   0.0005904   6.702e-05  FA_X1
j0_addMult7_MULT_mult_18_U37   0.0003214   0.0002088   0.0005903    6.01e-05  FA_X1
j0_addMult1_MULT_mult_18_U52    0.000324   0.0001973   0.0005903   6.895e-05  FA_X1
j1_addMult5_ADD_add_16_U1_4    0.0002381   0.0002836   0.0005897   6.803e-05  FA_X1
j0_addMult1_MULT_mult_18_U10   0.0002802   0.0002457   0.0005892   6.323e-05  FA_X1
j0_addMult2_MULT_mult_18_U65   0.0003177    0.000209   0.0005888   6.211e-05  FA_X1
j1_addMult2_MULT_mult_18_U34   0.0003371   0.0001723   0.0005887   7.928e-05  FA_X1
j1_addMult2_MULT_mult_18_U65    0.000323   0.0002001   0.0005885   6.538e-05  FA_X1
j1_addMult5_MULT_mult_18_U42    0.000323   0.0001928   0.0005874   7.167e-05  FA_X1
j2_addMult7_MULT_mult_18_U37   0.0003248   0.0002032   0.0005872   5.909e-05  FA_X1
j0_addMult9_MULT_mult_18_U66   0.0003269   0.0001912   0.0005866   6.845e-05  FA_X1
j2_addMult6_MULT_mult_18_U60   0.0003251    0.000187   0.0005865   7.442e-05  FA_X1
j2_addMult9_MULT_mult_18_U66   0.0003184   0.0002014    0.000586   6.628e-05  FA_X1
j2_addMult7_MULT_mult_18_U47   0.0003214   0.0001869   0.0005859   7.768e-05  FA_X1
j0_addMult6_MULT_mult_18_U10   0.0002782   0.0002343   0.0005859   7.328e-05  FA_X1
j2_addMult1_MULT_mult_18_U37   0.0003328   0.0001927   0.0005856   6.003e-05  FA_X1
j1_addMult7_MULT_mult_18_U47   0.0003211   0.0001868   0.0005852   7.728e-05  FA_X1
j2_mult0_mult_18_U31           0.0002886   0.0002218   0.0005848   7.442e-05  FA_X1
j1_addMult7_MULT_mult_18_U52   0.0003234   0.0001915    0.000584   6.908e-05  FA_X1
FE_DBTC0_DIN3k1_out_3          8.284e-05   0.0004874    0.000584   1.376e-05  INV_X1
j1_addMult4_MULT_mult_18_U42   0.0003228   0.0001928   0.0005838   6.819e-05  FA_X1
j2_addMult6_MULT_mult_18_U65   0.0003138   0.0002079   0.0005834   6.169e-05  FA_X1
j2_addMult6_MULT_mult_18_U59   0.0003571    0.000151   0.0005823   7.423e-05  FA_X1
j0_addMult1_ADD_add_16_U1_3    0.0003177   0.0001927   0.0005823   7.197e-05  FA_X1
j0_addMult1_MULT_mult_18_U66   0.0003231   0.0001941   0.0005821   6.489e-05  FA_X1
j1_addMult6_MULT_mult_18_U47   0.0003194   0.0001867    0.000582   7.589e-05  FA_X1
j1_addMult2_MULT_mult_18_U58   0.0003168   0.0001932   0.0005815   7.151e-05  FA_X1
j2_addMult4_MULT_mult_18_U42   0.0003263   0.0001846   0.0005802   6.929e-05  FA_X1
j2_addMult2_MULT_mult_18_U55   0.0003459   0.0001642   0.0005801   6.996e-05  FA_X1
j2_addMult8_MULT_mult_18_U56    0.000315   0.0002034   0.0005799   6.155e-05  FA_X1
j0_addMult6_MULT_mult_18_U59   0.0003487   0.0001555   0.0005791   7.495e-05  FA_X1
j0_addMult2_MULT_mult_18_U60   0.0003199   0.0001878    0.000579   7.132e-05  FA_X1
j1_addMult7_MULT_mult_18_U66   0.0003231   0.0001877   0.0005789   6.808e-05  FA_X1
j1_addMult0_MULT_mult_18_U56   0.0003143    0.000203   0.0005783   6.112e-05  FA_X1
j0_addMult7_MULT_mult_18_U47   0.0003211   0.0001812   0.0005783   7.597e-05  FA_X1
j2_addMult1_MULT_mult_18_U52   0.0003194   0.0001902   0.0005776   6.807e-05  FA_X1
j2_addMult2_MULT_mult_18_U58   0.0002958   0.0002089   0.0005765   7.178e-05  FA_X1
j0_addMult8_MULT_mult_18_U37   0.0003143   0.0001951   0.0005764   6.698e-05  FA_X1
j2_addMult8_MULT_mult_18_U37   0.0003135   0.0001972   0.0005762   6.545e-05  FA_X1
j0_addMult5_MULT_mult_18_U42   0.0003189   0.0001856   0.0005756   7.106e-05  FA_X1
j1_addMult5_MULT_mult_18_U33   0.0003048    0.000204   0.0005746   6.574e-05  FA_X1
j1_addMult6_MULT_mult_18_U60   0.0003201   0.0001817   0.0005745    7.27e-05  FA_X1
j0_addMult2_MULT_mult_18_U58   0.0003111   0.0001941   0.0005741   6.894e-05  FA_X1
j0_addMult3_MULT_mult_18_U47   0.0003123   0.0001844    0.000574   7.721e-05  FA_X1
j2_addMult8_ADD_add_16_U1_3    0.0003045   0.0001964   0.0005738   7.295e-05  FA_X1
j1_addMult6_MULT_mult_18_U52   0.0003146   0.0001959   0.0005738   6.324e-05  FA_X1
j0_addMult6_MULT_mult_18_U65   0.0003223   0.0001886   0.0005731   6.228e-05  FA_X1
j2_addMult6_MULT_mult_18_U47   0.0003233    0.000175   0.0005731   7.477e-05  FA_X1
j1_addMult3_MULT_mult_18_U42   0.0003179   0.0001857   0.0005725   6.887e-05  FA_X1
j1_addMult0_MULT_mult_18_U31   0.0002882   0.0002091   0.0005722   7.489e-05  FA_X1
j0_addMult5_MULT_mult_18_U9    0.0002805   0.0002114    0.000572   8.013e-05  FA_X1
j2_addMult3_MULT_mult_18_U52   0.0003122   0.0001901   0.0005714   6.916e-05  FA_X1
j1_addMult2_MULT_mult_18_U52   0.0003159   0.0001875   0.0005713   6.785e-05  FA_X1
FE_DBTC6_i0_R2_out_5           5.862e-05   0.0004984   0.0005711   1.407e-05  INV_X1
j1_addMult9_MULT_mult_18_U66   0.0003142   0.0001896   0.0005708   6.696e-05  FA_X1
j1_addMult5_MULT_mult_18_U52   0.0003032   0.0002036   0.0005707   6.389e-05  FA_X1
j1_addMult3_MULT_mult_18_U52   0.0003067   0.0001986   0.0005703   6.491e-05  FA_X1
j2_addMult7_MULT_mult_18_U66    0.000315   0.0001867   0.0005697   6.801e-05  FA_X1
j1_addMult9_MULT_mult_18_U47   0.0003149   0.0001795   0.0005693   7.487e-05  FA_X1
j1_addMult5_ADD_add_16_U1_5    0.0002444   0.0002505   0.0005689   7.406e-05  FA_X1
j0_addMult2_MULT_mult_18_U52   0.0003147    0.000189   0.0005687   6.507e-05  FA_X1
FE_DBTC28_i1_R1_out_9          3.737e-05   0.0005177   0.0005685    1.34e-05  INV_X1
j2_addMult7_MULT_mult_18_U52   0.0003115   0.0001884   0.0005682   6.836e-05  FA_X1
j1_addMult7_ADD_add_16_U1_4    0.0002435   0.0002473   0.0005681   7.726e-05  FA_X1
j1_mult0_mult_18_U42           0.0002951   0.0002031   0.0005677   6.946e-05  FA_X1
j0_addMult5_ADD_add_16_U1_7    0.0003108   0.0001871   0.0005675   6.963e-05  FA_X1
j2_addMult8_MULT_mult_18_U31   0.0002796   0.0002128   0.0005674   7.496e-05  FA_X1
j2_addMult5_MULT_mult_18_U47   0.0003123   0.0001769   0.0005665   7.721e-05  FA_X1
j1_addMult1_MULT_mult_18_U37   0.0003197   0.0001866   0.0005663   5.998e-05  FA_X1
j1_addMult5_ADD_add_16_U1_8    0.0002501   0.0002456   0.0005661   7.031e-05  FA_X1
j1_addMult7_MULT_mult_18_U62     0.00028   0.0002283   0.0005659   5.757e-05  HA_X1
j2_addMult4_MULT_mult_18_U51   0.0002789    0.000217   0.0005656   6.968e-05  FA_X1
j0_addMult0_MULT_mult_18_U36   0.0002924   0.0002051   0.0005651   6.769e-05  FA_X1
j1_addMult2_MULT_mult_18_U73   0.0003118   0.0001849   0.0005647   6.798e-05  FA_X1
j2_addMult6_MULT_mult_18_U58   0.0003119   0.0001782   0.0005645   7.437e-05  FA_X1
j0_addMult7_MULT_mult_18_U62   0.0002845   0.0002235   0.0005645   5.649e-05  HA_X1
j0_mult0_mult_18_U31           0.0002879   0.0002016   0.0005643   7.489e-05  FA_X1
j1_addMult6_MULT_mult_18_U65   0.0003139   0.0001875   0.0005642   6.278e-05  FA_X1
j0_addMult6_ADD_add_16_U1_7    0.0002593   0.0002312   0.0005638   7.333e-05  FA_X1
j1_addMult7_MULT_mult_18_U37   0.0003124   0.0001905   0.0005633   6.045e-05  FA_X1
j1_addMult0_MULT_mult_18_U49   0.0003292   0.0001566   0.0005629   7.708e-05  FA_X1
FE_DBTC23_i0_R1_out_9          3.709e-05   0.0005126   0.0005629   1.328e-05  INV_X1
j2_addMult7_MULT_mult_18_U10   0.0002651   0.0002325   0.0005629   6.526e-05  FA_X1
j0_addMult2_MULT_mult_18_U59   0.0003442   0.0001471   0.0005619   7.054e-05  FA_X1
j2_addMult1_MULT_mult_18_U31   0.0002879   0.0001991   0.0005619   7.489e-05  FA_X1
j1_addMult2_MULT_mult_18_U10   0.0002812   0.0002108   0.0005618   6.977e-05  FA_X1
j0_addMult0_MULT_mult_18_U59    0.000337   0.0001604   0.0005613   6.387e-05  FA_X1
j1_mult0_mult_18_U31           0.0002711   0.0002168   0.0005608   7.292e-05  FA_X1
j0_addMult7_MULT_mult_18_U66   0.0003095    0.000186   0.0005605   6.495e-05  FA_X1
j1_addMult7_MULT_mult_18_U31   0.0002797   0.0002052   0.0005599   7.496e-05  FA_X1
j2_addMult0_MULT_mult_18_U49    0.000328   0.0001536   0.0005597    7.81e-05  FA_X1
j0_addMult6_MULT_mult_18_U55    0.000329   0.0001593   0.0005587   7.046e-05  FA_X1
j0_addMult3_ADD_add_16_U1_4    0.0002458   0.0002435   0.0005587    6.93e-05  FA_X1
j2_addMult2_MULT_mult_18_U38   0.0003163   0.0001735   0.0005586   6.881e-05  FA_X1
j1_addMult6_MULT_mult_18_U59   0.0003405   0.0001426   0.0005574   7.424e-05  FA_X1
j0_addMult2_MULT_mult_18_U61   0.0002617   0.0002353    0.000557   6.001e-05  FA_X1
j1_addMult3_ADD_add_16_U1_7     0.000288   0.0001993    0.000557   6.967e-05  FA_X1
j0_addMult2_MULT_mult_18_U73   0.0003069    0.000186   0.0005567   6.377e-05  FA_X1
FE_DBTC5_i0_R2_out_3           5.741e-05   0.0004847   0.0005562   1.407e-05  INV_X1
j2_addMult6_MULT_mult_18_U73   0.0003038   0.0001863   0.0005562   6.606e-05  FA_X1
j0_addMult7_MULT_mult_18_U52    0.000307   0.0001801   0.0005552   6.807e-05  FA_X1
j2_addMult9_MULT_mult_18_U30    0.000285   0.0002007   0.0005545   6.875e-05  FA_X1
j1_addMult6_MULT_mult_18_U34    0.000313   0.0001597   0.0005544   8.165e-05  FA_X1
j2_addMult2_MULT_mult_18_U45   0.0002735   0.0002154   0.0005542   6.535e-05  FA_X1
j2_addMult0_MULT_mult_18_U59   0.0003296   0.0001595    0.000554   6.485e-05  FA_X1
j2_addMult4_MULT_mult_18_U40   0.0002785   0.0001995   0.0005535   7.545e-05  FA_X1
j1_addMult4_MULT_mult_18_U36   0.0002808   0.0001963   0.0005531   7.589e-05  FA_X1
FE_DBTC53_DIN3k_out_9          2.922e-05   0.0005105    0.000553   1.328e-05  INV_X1
j2_addMult0_MULT_mult_18_U40   0.0002847   0.0001991    0.000553   6.924e-05  FA_X1
j0_addMult8_MULT_mult_18_U56   0.0003026     0.00019   0.0005526   5.992e-05  FA_X1
j0_addMult0_MULT_mult_18_U49   0.0003286   0.0001463   0.0005525    7.75e-05  FA_X1
j1_addMult7_MULT_mult_18_U42   0.0003058   0.0001762   0.0005518   6.977e-05  FA_X1
j1_addMult6_MULT_mult_18_U73   0.0003034   0.0001824   0.0005509   6.518e-05  FA_X1
j1_addMult6_MULT_mult_18_U58   0.0003069   0.0001717   0.0005506   7.202e-05  FA_X1
j2_addMult3_MULT_mult_18_U61   0.0002722   0.0002145   0.0005501   6.348e-05  FA_X1
j2_addMult2_MULT_mult_18_U61   0.0002741   0.0002144   0.0005494   6.088e-05  FA_X1
j2_addMult0_MULT_mult_18_U36   0.0002761   0.0002054   0.0005492   6.769e-05  FA_X1
j0_addMult3_MULT_mult_18_U36   0.0002804   0.0001908   0.0005491   7.791e-05  FA_X1
j2_addMult0_MULT_mult_18_U30   0.0002843   0.0001959    0.000549   6.868e-05  FA_X1
j0_addMult6_MULT_mult_18_U38   0.0003079   0.0001719   0.0005485   6.878e-05  FA_X1
j1_addMult8_MULT_mult_18_U30    0.000285   0.0001947   0.0005484   6.875e-05  FA_X1
FE_DBTC38_i0_R0_out_9           3.74e-05   0.0004975   0.0005481   1.316e-05  INV_X1
j1_addMult4_MULT_mult_18_U40   0.0002782   0.0001947    0.000548   7.503e-05  FA_X1
j0_addMult0_MULT_mult_18_U31   0.0002794   0.0001939    0.000548   7.478e-05  FA_X1
j0_addMult5_MULT_mult_18_U52   0.0002988   0.0001848   0.0005479   6.435e-05  FA_X1
j2_addMult5_MULT_mult_18_U36   0.0002805   0.0001895   0.0005479   7.791e-05  FA_X1
j0_mult0_mult_18_U30           0.0002837   0.0001968   0.0005471   6.657e-05  FA_X1
j1_addMult1_MULT_mult_18_U41   0.0002907    0.000188   0.0005465   6.785e-05  FA_X1
j2_mult0_mult_18_U33           0.0002886   0.0001909   0.0005464   6.692e-05  FA_X1
j1_addMult3_MULT_mult_18_U61   0.0002755   0.0002108   0.0005463   6.004e-05  FA_X1
j1_mult0_mult_18_U30           0.0002842   0.0001929   0.0005457   6.868e-05  FA_X1
j0_addMult3_MULT_mult_18_U7    0.0002383   0.0002301   0.0005456   7.716e-05  FA_X1
j2_addMult3_ADD_add_16_U1_4    0.0002259   0.0002463   0.0005451   7.298e-05  FA_X1
j2_addMult5_MULT_mult_18_U7    0.0002383   0.0002295    0.000545   7.716e-05  FA_X1
j1_addMult5_MULT_mult_18_U9    0.0002839   0.0001766   0.0005449   8.433e-05  FA_X1
j2_addMult3_MULT_mult_18_U36   0.0002801   0.0001847   0.0005439   7.904e-05  FA_X1
j1_addMult0_MULT_mult_18_U61   0.0002715   0.0002112   0.0005438   6.115e-05  FA_X1
j1_addMult5_MULT_mult_18_U36   0.0002766   0.0001839   0.0005435   8.292e-05  FA_X1
j2_addMult5_MULT_mult_18_U71   0.0003006   0.0001771   0.0005434   6.565e-05  FA_X1
j1_addMult1_MULT_mult_18_U31   0.0002793   0.0001892   0.0005434   7.478e-05  FA_X1
j2_addMult8_MULT_mult_18_U36    0.000284   0.0001917   0.0005431   6.743e-05  FA_X1
j1_addMult2_MULT_mult_18_U61   0.0002738    0.000207   0.0005428   6.199e-05  FA_X1
j1_addMult2_MULT_mult_18_U40   0.0002777   0.0001924   0.0005427    7.26e-05  FA_X1
j1_addMult1_MULT_mult_18_U61   0.0002788    0.000203   0.0005427   6.085e-05  FA_X1
j2_addMult2_MULT_mult_18_U33   0.0002827   0.0001968   0.0005425   6.294e-05  FA_X1
j1_addMult8_MULT_mult_18_U56   0.0003021   0.0001812   0.0005422   5.896e-05  FA_X1
j0_addMult1_MULT_mult_18_U41   0.0002747   0.0001987   0.0005422   6.879e-05  FA_X1
j1_addMult0_MULT_mult_18_U30   0.0002835    0.000192   0.0005421   6.657e-05  FA_X1
j1_addMult1_MULT_mult_18_U40   0.0002762   0.0002007   0.0005414   6.446e-05  FA_X1
j1_addMult8_ADD_add_16_U1_5    0.0002474    0.000225   0.0005413   6.884e-05  FA_X1
j0_addMult9_MULT_mult_18_U31   0.0002791   0.0001868   0.0005411   7.518e-05  FA_X1
j0_addMult2_MULT_mult_18_U46   0.0002666   0.0002142   0.0005401   5.928e-05  FA_X1
j0_addMult4_MULT_mult_18_U46   0.0002787   0.0001999   0.0005397   6.103e-05  FA_X1
j0_addMult3_MULT_mult_18_U71   0.0003006   0.0001734   0.0005396   6.565e-05  FA_X1
j2_addMult2_MULT_mult_18_U73   0.0002955   0.0001783   0.0005396   6.583e-05  FA_X1
j2_addMult6_MULT_mult_18_U40   0.0002735   0.0001962   0.0005395   6.979e-05  FA_X1
j2_addMult9_MULT_mult_18_U33     0.00028   0.0001904   0.0005391   6.864e-05  FA_X1
j1_addMult4_ADD_add_16_U1_6    0.0002514   0.0002129   0.0005387   7.436e-05  FA_X1
j2_addMult9_MULT_mult_18_U31   0.0002627   0.0002011   0.0005385   7.473e-05  FA_X1
j1_addMult9_MULT_mult_18_U30   0.0002766   0.0001918   0.0005384   6.995e-05  FA_X1
j0_addMult8_MULT_mult_18_U30   0.0002765   0.0001919   0.0005384   6.995e-05  FA_X1
j0_addMult8_MULT_mult_18_U49   0.0003045   0.0001557   0.0005376   7.745e-05  FA_X1
j0_addMult0_MULT_mult_18_U45   0.0002923   0.0001759   0.0005373   6.909e-05  FA_X1
j2_addMult6_MULT_mult_18_U10   0.0002772   0.0001869   0.0005372   7.317e-05  FA_X1
j0_addMult8_ADD_add_16_U1_5    0.0002884   0.0001772   0.0005371   7.151e-05  FA_X1
j1_addMult0_MULT_mult_18_U59   0.0003202   0.0001515   0.0005366   6.499e-05  FA_X1
j1_addMult6_ADD_add_16_U1_9    0.0002196    0.000246   0.0005366   7.101e-05  FA_X1
j1_addMult8_ADD_add_16_U1_9    0.0002279    0.000241   0.0005365   6.756e-05  FA_X1
j1_addMult6_MULT_mult_18_U45   0.0002772   0.0001944   0.0005363   6.471e-05  FA_X1
j0_addMult0_MULT_mult_18_U40    0.000277   0.0001883   0.0005362   7.089e-05  FA_X1
j1_addMult7_MULT_mult_18_U61   0.0002709   0.0002038   0.0005362   6.151e-05  FA_X1
j0_addMult3_ADD_add_16_U1_3    0.0002339   0.0002344   0.0005361   6.783e-05  FA_X1
j2_addMult0_MULT_mult_18_U31   0.0002705   0.0001926    0.000536   7.292e-05  FA_X1
j2_addMult3_MULT_mult_18_U46   0.0002713   0.0002055   0.0005359   5.908e-05  FA_X1
j1_addMult2_MULT_mult_18_U55   0.0003202   0.0001471   0.0005357   6.838e-05  FA_X1
j2_addMult1_MULT_mult_18_U61   0.0002713   0.0002032   0.0005356   6.115e-05  FA_X1
j0_mult0_mult_18_U33           0.0002799   0.0001889   0.0005356   6.679e-05  FA_X1
j2_addMult8_MULT_mult_18_U481   4.92e-05    0.000477   0.0005355   9.323e-06  NAND2_X1
j2_addMult3_MULT_mult_18_U71   0.0003001   0.0001709   0.0005354   6.441e-05  FA_X1
j1_addMult2_MULT_mult_18_U45   0.0002863   0.0001798   0.0005353   6.922e-05  FA_X1
j0_addMult4_MULT_mult_18_U36   0.0002729   0.0001836   0.0005352   7.874e-05  FA_X1
j0_addMult2_MULT_mult_18_U40   0.0002775   0.0001875   0.0005352   7.021e-05  FA_X1
j0_addMult6_MULT_mult_18_U61   0.0002581   0.0002155   0.0005349   6.123e-05  FA_X1
j2_addMult7_MULT_mult_18_U31    0.000271   0.0001892   0.0005348   7.468e-05  FA_X1
j0_addMult0_MULT_mult_18_U61   0.0002786   0.0001953   0.0005347   6.085e-05  FA_X1
j2_addMult3_ADD_add_16_U1_3    0.0002138   0.0002552   0.0005347   6.572e-05  FA_X1
j2_addMult2_MULT_mult_18_U52   0.0002788   0.0001911   0.0005345   6.466e-05  FA_X1
j0_addMult2_MULT_mult_18_U70   0.0002792   0.0001877   0.0005344   6.759e-05  FA_X1
j0_mult0_mult_18_U38            0.000287   0.0001769   0.0005343   7.034e-05  FA_X1
j2_addMult3_ADD_add_16_U1_8    0.0002328   0.0002278   0.0005342   7.363e-05  FA_X1
j0_addMult1_MULT_mult_18_U31   0.0002702   0.0001903    0.000534   7.346e-05  FA_X1
j0_addMult7_MULT_mult_18_U41   0.0002622   0.0002052   0.0005336   6.618e-05  FA_X1
j0_addMult9_MULT_mult_18_U33   0.0002802   0.0001848   0.0005333   6.822e-05  FA_X1
j1_addMult8_ADD_add_16_U1_3     0.000242   0.0002236   0.0005324   6.678e-05  FA_X1
j1_addMult3_MULT_mult_18_U36   0.0002719   0.0001825   0.0005323   7.797e-05  FA_X1
j1_addMult6_ADD_add_16_U1_3    0.0002438   0.0002162   0.0005323   7.234e-05  FA_X1
j2_addMult5_MULT_mult_18_U61    0.000271   0.0001997   0.0005321   6.147e-05  FA_X1
j1_addMult0_MULT_mult_18_U58   0.0002898   0.0001747    0.000532   6.747e-05  FA_X1
j2_addMult5_MULT_mult_18_U52   0.0002867    0.000178   0.0005318   6.705e-05  FA_X1
j0_addMult3_MULT_mult_18_U61   0.0002709   0.0001991   0.0005315   6.147e-05  FA_X1
j1_addMult6_ADD_add_16_U1_5    0.0002421   0.0002154   0.0005311   7.359e-05  FA_X1
j1_addMult4_MULT_mult_18_U51   0.0002781   0.0001823   0.0005311   7.068e-05  FA_X1
j0_addMult4_ADD_add_16_U1_6    0.0002591   0.0001989    0.000531   7.306e-05  FA_X1
j2_addMult6_MULT_mult_18_U45   0.0002811   0.0001842   0.0005308   6.548e-05  FA_X1
j2_addMult5_ADD_add_16_U1_5    0.0002681   0.0001874   0.0005308   7.528e-05  FA_X1
j2_addMult6_MULT_mult_18_U61   0.0002663   0.0002036   0.0005307   6.089e-05  FA_X1
j1_addMult2_MULT_mult_18_U70   0.0002752   0.0001888   0.0005307   6.671e-05  FA_X1
j1_addMult8_MULT_mult_18_U36   0.0002679   0.0001942   0.0005306   6.853e-05  FA_X1
j0_addMult7_MULT_mult_18_U10   0.0002721   0.0001913   0.0005303   6.689e-05  FA_X1
j1_addMult5_MULT_mult_18_U71   0.0002935   0.0001679   0.0005301   6.865e-05  FA_X1
j1_addMult7_MULT_mult_18_U10   0.0002527   0.0002128   0.0005298   6.423e-05  FA_X1
j2_addMult4_MULT_mult_18_U31   0.0002642   0.0001921   0.0005297   7.353e-05  FA_X1
j0_addMult6_ADD_add_16_U1_8    0.0002412   0.0002159   0.0005296   7.244e-05  FA_X1
j2_addMult8_MULT_mult_18_U59   0.0003202   0.0001443   0.0005295   6.504e-05  FA_X1
j1_addMult2_MULT_mult_18_U46   0.0002787   0.0001888   0.0005295   6.204e-05  FA_X1
j0_addMult2_MULT_mult_18_U55   0.0003162   0.0001448   0.0005293   6.834e-05  FA_X1
j1_addMult4_MULT_mult_18_U31   0.0002718   0.0001835   0.0005293   7.397e-05  FA_X1
j2_addMult4_ADD_add_16_U1_5    0.0002815   0.0001737   0.0005292   7.396e-05  FA_X1
j0_addMult7_ADD_add_16_U1_7    0.0002588   0.0001995   0.0005291   7.083e-05  FA_X1
j2_addMult6_MULT_mult_18_U70   0.0002753   0.0001857    0.000529   6.795e-05  FA_X1
j1_mult0_mult_18_U33           0.0002794   0.0001822   0.0005288   6.722e-05  FA_X1
j2_addMult7_ADD_add_16_U1_7    0.0002438   0.0002106   0.0005285   7.407e-05  FA_X1
j0_addMult0_MULT_mult_18_U481  4.944e-05   0.0004704   0.0005284   8.577e-06  NAND2_X1
j0_addMult0_MULT_mult_18_U66   0.0002816   0.0001787   0.0005273   6.696e-05  FA_X1
j1_addMult8_MULT_mult_18_U40   0.0002679   0.0001892    0.000527   6.988e-05  FA_X1
j0_addMult5_MULT_mult_18_U36   0.0002719   0.0001753   0.0005266   7.945e-05  FA_X1
j0_addMult4_MULT_mult_18_U40   0.0002694   0.0001831   0.0005265   7.402e-05  FA_X1
j1_addMult4_MULT_mult_18_U63     0.00029   0.0001743   0.0005265   6.223e-05  FA_X1
j1_addMult9_MULT_mult_18_U33   0.0002755   0.0001797    0.000526   7.082e-05  FA_X1
j1_addMult2_ADD_add_16_U1_4    0.0002223   0.0002359    0.000526   6.774e-05  FA_X1
j2_addMult8_MULT_mult_18_U49   0.0003116   0.0001372    0.000526   7.717e-05  FA_X1
j0_addMult5_MULT_mult_18_U61   0.0002706   0.0001961   0.0005259   5.918e-05  FA_X1
j0_addMult2_MULT_mult_18_U10    0.000268    0.000185   0.0005258   7.281e-05  FA_X1
j2_addMult8_MULT_mult_18_U61   0.0002706   0.0001937   0.0005258   6.151e-05  FA_X1
j2_addMult0_MULT_mult_18_U42   0.0002943   0.0001616   0.0005253   6.946e-05  FA_X1
j1_addMult0_MULT_mult_18_U38   0.0002868   0.0001678   0.0005249   7.034e-05  FA_X1
j2_addMult8_MULT_mult_18_U52   0.0002818   0.0001745   0.0005249   6.856e-05  FA_X1
j2_addMult6_MULT_mult_18_U33    0.000267   0.0001926   0.0005246   6.504e-05  FA_X1
j2_addMult2_MULT_mult_18_U46   0.0002781   0.0001865   0.0005245   5.987e-05  FA_X1
j0_addMult0_MULT_mult_18_U52   0.0002819   0.0001736   0.0005245   6.897e-05  FA_X1
j0_addMult6_MULT_mult_18_U58   0.0002865    0.000165   0.0005242   7.271e-05  FA_X1
j1_addMult1_MULT_mult_18_U481  4.943e-05   0.0004655   0.0005235   8.577e-06  NAND2_X1
j2_addMult2_MULT_mult_18_U40   0.0002644   0.0001893   0.0005234   6.979e-05  FA_X1
j2_addMult5_MULT_mult_18_U58   0.0002592   0.0001931   0.0005232   7.081e-05  FA_X1
j2_addMult0_MULT_mult_18_U66    0.000281   0.0001742   0.0005231   6.795e-05  FA_X1
j1_addMult3_MULT_mult_18_U9    0.0002866    0.000156   0.0005227    8.02e-05  FA_X1
j2_addMult4_ADD_add_16_U1_3    0.0002873   0.0001668   0.0005227   6.863e-05  FA_X1
j1_addMult7_MULT_mult_18_U41   0.0002739   0.0001807   0.0005227   6.811e-05  FA_X1
j0_addMult4_MULT_mult_18_U51   0.0002691   0.0001824   0.0005219   7.042e-05  FA_X1
j0_addMult0_MULT_mult_18_U70   0.0002825   0.0001729   0.0005214   6.603e-05  FA_X1
j2_addMult6_MULT_mult_18_U55   0.0003115   0.0001406   0.0005212   6.913e-05  FA_X1
j2_addMult4_MULT_mult_18_U61   0.0002663   0.0001953    0.000521   5.942e-05  FA_X1
j2_addMult0_MULT_mult_18_U45   0.0002758   0.0001767    0.000521   6.856e-05  FA_X1
j2_addMult9_MULT_mult_18_U50   0.0002827   0.0001732    0.000521   6.515e-05  FA_X1
j1_addMult9_MULT_mult_18_U31   0.0002617   0.0001845    0.000521   7.472e-05  FA_X1
j2_addMult0_MULT_mult_18_U70   0.0002752   0.0001778   0.0005208   6.781e-05  FA_X1
j1_addMult7_MULT_mult_18_U40   0.0002676   0.0001894   0.0005207   6.377e-05  FA_X1
j2_addMult4_MULT_mult_18_U36   0.0002638   0.0001817   0.0005207   7.521e-05  FA_X1
j0_addMult8_MULT_mult_18_U31   0.0002619    0.000184   0.0005206   7.472e-05  FA_X1
j0_addMult5_MULT_mult_18_U71   0.0002849   0.0001689   0.0005203    6.65e-05  FA_X1
j2_addMult2_MULT_mult_18_U37   0.0002746   0.0001797   0.0005201   6.581e-05  FA_X1
j0_addMult3_MULT_mult_18_U52   0.0002866   0.0001664   0.0005201   6.705e-05  FA_X1
j2_addMult6_MULT_mult_18_U46   0.0002693   0.0001918   0.0005198    5.86e-05  FA_X1
j1_mult0_mult_18_U50            0.000291   0.0001619   0.0005197   6.682e-05  FA_X1
j1_addMult2_MULT_mult_18_U33   0.0002733   0.0001856   0.0005194   6.048e-05  FA_X1
j1_addMult0_MULT_mult_18_U70   0.0002789   0.0001719   0.0005192   6.834e-05  FA_X1
j1_addMult8_MULT_mult_18_U31   0.0002622   0.0001822   0.0005192   7.473e-05  FA_X1
j2_addMult2_MULT_mult_18_U42   0.0002859   0.0001635    0.000519   6.961e-05  FA_X1
j2_addMult1_MULT_mult_18_U40   0.0002662   0.0001891    0.000519   6.367e-05  FA_X1
j1_addMult0_MULT_mult_18_U40   0.0002673   0.0001821   0.0005188   6.942e-05  FA_X1
j1_mult0_mult_18_U38           0.0002774   0.0001716   0.0005187   6.971e-05  FA_X1
j0_mult0_mult_18_U42           0.0002861   0.0001623   0.0005186   7.022e-05  FA_X1
j2_addMult8_MULT_mult_18_U40   0.0002682     0.00018   0.0005186    7.04e-05  FA_X1
j0_addMult6_MULT_mult_18_U33   0.0002663   0.0001887   0.0005186   6.355e-05  FA_X1
j2_addMult2_MULT_mult_18_U481  4.946e-05   0.0004604   0.0005185   8.577e-06  NAND2_X1
j1_addMult4_MULT_mult_18_U61   0.0002629   0.0001937   0.0005185    6.19e-05  FA_X1
j1_addMult8_MULT_mult_18_U59    0.000307   0.0001492   0.0005184   6.221e-05  FA_X1
j2_mult0_mult_18_U42           0.0002694   0.0001801   0.0005184    6.89e-05  FA_X1
j0_addMult3_MULT_mult_18_U46   0.0002633   0.0001949   0.0005183    6.01e-05  FA_X1
j0_addMult8_MULT_mult_18_U36   0.0002674   0.0001828   0.0005182     6.8e-05  FA_X1
j1_addMult9_MULT_mult_18_U50    0.000275   0.0001768    0.000518   6.622e-05  FA_X1
j0_addMult4_MULT_mult_18_U61   0.0002622    0.000193   0.0005178   6.267e-05  FA_X1
j0_addMult8_MULT_mult_18_U38    0.000265   0.0001848   0.0005176    6.78e-05  FA_X1
j1_addMult6_ADD_add_16_U1_8    0.0002328   0.0002117   0.0005175    7.29e-05  FA_X1
j2_addMult5_MULT_mult_18_U46   0.0002631    0.000194   0.0005172    6.01e-05  FA_X1
j1_addMult6_MULT_mult_18_U55   0.0003117   0.0001349   0.0005171    7.04e-05  FA_X1
j0_addMult2_MULT_mult_18_U42   0.0002692   0.0001789   0.0005166   6.855e-05  FA_X1
j1_addMult7_ADD_add_16_U1_9    0.0002195   0.0002285   0.0005164   6.849e-05  FA_X1
j1_addMult0_MULT_mult_18_U42   0.0002861   0.0001599   0.0005162   7.022e-05  FA_X1
j1_addMult8_MULT_mult_18_U61   0.0002586   0.0001989   0.0005161   5.867e-05  FA_X1
j0_addMult6_MULT_mult_18_U481  4.928e-05   0.0004574    0.000516   9.323e-06  NAND2_X1
j1_addMult3_MULT_mult_18_U46   0.0002667   0.0001909   0.0005158   5.819e-05  FA_X1
j0_addMult8_MULT_mult_18_U59   0.0003036    0.000149   0.0005154   6.282e-05  FA_X1
j0_mult0_mult_18_U58           0.0002897   0.0001582   0.0005153   6.747e-05  FA_X1
j1_addMult8_MULT_mult_18_U49   0.0003042   0.0001341   0.0005153   7.709e-05  FA_X1
j2_addMult5_ADD_add_16_U1_8    0.0002652   0.0001803   0.0005152   6.976e-05  FA_X1
j1_addMult6_MULT_mult_18_U10   0.0002685    0.000173   0.0005152   7.369e-05  FA_X1
j1_addMult6_MULT_mult_18_U40   0.0002687   0.0001766    0.000515   6.963e-05  FA_X1
j0_addMult7_MULT_mult_18_U61   0.0002584   0.0001979    0.000515   5.867e-05  FA_X1
j0_addMult7_MULT_mult_18_U31   0.0002621    0.000178   0.0005149   7.473e-05  FA_X1
j1_addMult8_MULT_mult_18_U58   0.0002781   0.0001689   0.0005148   6.771e-05  FA_X1
j1_addMult0_MULT_mult_18_U36   0.0002673   0.0001802   0.0005147   6.719e-05  FA_X1
j2_mult0_mult_18_U481          4.858e-05    0.000457   0.0005147   9.138e-06  NAND2_X1
j0_addMult1_MULT_mult_18_U310  3.053e-05   0.0004683   0.0005146   1.575e-05  INV_X1
j1_mult0_mult_18_U37           0.0002824   0.0001672   0.0005143   6.467e-05  FA_X1
j2_addMult8_MULT_mult_18_U30   0.0002669   0.0001796   0.0005143   6.784e-05  FA_X1
j1_addMult3_MULT_mult_18_U71   0.0002877   0.0001643   0.0005141   6.222e-05  FA_X1
j0_addMult0_MULT_mult_18_U30   0.0002669   0.0001795   0.0005139   6.745e-05  FA_X1
j0_addMult4_MULT_mult_18_U31   0.0002628   0.0001753   0.0005134    7.53e-05  FA_X1
j0_addMult8_MULT_mult_18_U61   0.0002584   0.0001957    0.000513   5.893e-05  FA_X1
j0_addMult6_MULT_mult_18_U45   0.0002643   0.0001824    0.000513   6.635e-05  FA_X1
j2_addMult2_MULT_mult_18_U70    0.000275   0.0001695    0.000513   6.846e-05  FA_X1
j0_addMult4_MULT_mult_18_U45    0.000274   0.0001696   0.0005129   6.927e-05  FA_X1
j2_addMult7_MULT_mult_18_U61   0.0002631    0.000188   0.0005129   6.177e-05  FA_X1
j2_addMult0_MULT_mult_18_U61   0.0002715    0.000178   0.0005128   6.325e-05  FA_X1
j0_addMult1_MULT_mult_18_U40   0.0002623   0.0001873   0.0005127   6.318e-05  FA_X1
j2_mult0_mult_18_U30           0.0002669   0.0001777   0.0005122   6.762e-05  FA_X1
j2_addMult4_ADD_add_16_U1_9    0.0002586   0.0001805   0.0005116   7.251e-05  FA_X1
j2_addMult9_MULT_mult_18_U37   0.0002746   0.0001722   0.0005113   6.458e-05  FA_X1
j0_addMult9_MULT_mult_18_U30   0.0002633   0.0001806   0.0005111   6.724e-05  FA_X1
j1_addMult4_MULT_mult_18_U45   0.0002741   0.0001665   0.0005111    7.05e-05  FA_X1
j1_addMult6_MULT_mult_18_U61    0.000258   0.0001919   0.0005108   6.098e-05  FA_X1
j1_addMult5_MULT_mult_18_U61   0.0002663   0.0001855   0.0005107   5.893e-05  FA_X1
j0_addMult8_MULT_mult_18_U58   0.0002742   0.0001647   0.0005107   7.176e-05  FA_X1
j2_addMult0_MULT_mult_18_U58   0.0002817   0.0001588   0.0005105   7.003e-05  FA_X1
j1_addMult4_MULT_mult_18_U481  4.929e-05   0.0004521   0.0005105   9.114e-06  NAND2_X1
j1_addMult4_MULT_mult_18_U9      0.00027   0.0001556   0.0005105   8.486e-05  FA_X1
j0_addMult6_MULT_mult_18_U70   0.0002753   0.0001645   0.0005104   7.062e-05  FA_X1
j1_addMult2_MULT_mult_18_U42   0.0002815    0.000161   0.0005103    6.78e-05  FA_X1
j2_addMult4_MULT_mult_18_U46   0.0002734    0.000179     0.00051   5.767e-05  FA_X1
j2_addMult4_MULT_mult_18_U45   0.0002736   0.0001673   0.0005099   6.901e-05  FA_X1
j1_mult0_mult_18_U58            0.000282   0.0001578   0.0005099   7.003e-05  FA_X1
j2_addMult8_MULT_mult_18_U70   0.0002744   0.0001671   0.0005099   6.831e-05  FA_X1
j1_addMult6_MULT_mult_18_U42   0.0002697   0.0001705   0.0005098   6.954e-05  FA_X1
j1_addMult9_MULT_mult_18_U38   0.0002647   0.0001771   0.0005096    6.78e-05  FA_X1
j0_addMult1_MULT_mult_18_U61   0.0002668   0.0001836   0.0005095   5.915e-05  FA_X1
j0_addMult5_MULT_mult_18_U46   0.0002633   0.0001855   0.0005095   6.063e-05  FA_X1
j1_addMult6_MULT_mult_18_U46    0.000266   0.0001847   0.0005089   5.823e-05  FA_X1
j1_addMult9_MULT_mult_18_U58   0.0002742   0.0001627   0.0005087   7.176e-05  FA_X1
j1_addMult8_ADD_add_16_U1_4    0.0002311   0.0002061   0.0005086   7.143e-05  FA_X1
j2_addMult0_MULT_mult_18_U38   0.0002773   0.0001615   0.0005085   6.971e-05  FA_X1
j1_addMult4_MULT_mult_18_U58   0.0002588   0.0001789   0.0005085   7.081e-05  FA_X1
j2_mult0_mult_18_U38             0.00027   0.0001683   0.0005082   6.989e-05  FA_X1
j0_mult0_mult_18_U37           0.0002779   0.0001666    0.000508   6.354e-05  FA_X1
j0_addMult6_MULT_mult_18_U73   0.0002784   0.0001644    0.000508   6.529e-05  FA_X1
j0_mult0_mult_18_U50           0.0002822   0.0001613    0.000508   6.444e-05  FA_X1
j0_addMult8_ADD_add_16_U1_7    0.0002713   0.0001645   0.0005079   7.214e-05  FA_X1
j2_addMult5_MULT_mult_18_U49   0.0002907   0.0001458   0.0005078   7.129e-05  FA_X1
j2_addMult8_MULT_mult_18_U45   0.0002755   0.0001634   0.0005077   6.883e-05  FA_X1
j0_addMult0_MULT_mult_18_U64   0.0002822   0.0001614   0.0005077   6.409e-05  FA_X1
j2_addMult9_MULT_mult_18_U42   0.0002778   0.0001608   0.0005074   6.884e-05  FA_X1
j2_addMult3_ADD_add_16_U1_5    0.0002162    0.000226   0.0005071   6.493e-05  FA_X1
j1_addMult0_MULT_mult_18_U45   0.0002627    0.000177   0.0005071   6.731e-05  FA_X1
j0_addMult2_MULT_mult_18_U33   0.0002574   0.0001877    0.000507   6.192e-05  FA_X1
j0_addMult6_ADD_add_16_U1_5    0.0002258   0.0002057   0.0005065   7.502e-05  FA_X1
j1_addMult1_MULT_mult_18_U59   0.0002843   0.0001642   0.0005061   5.767e-05  FA_X1
j2_addMult7_MULT_mult_18_U41   0.0002615   0.0001783    0.000506    6.61e-05  FA_X1
j0_addMult8_MULT_mult_18_U40    0.000263   0.0001741   0.0005054   6.833e-05  FA_X1
j2_addMult6_MULT_mult_18_U42   0.0002778   0.0001574   0.0005051   6.996e-05  FA_X1
j1_addMult6_MULT_mult_18_U70   0.0002709    0.000164   0.0005051   7.027e-05  FA_X1
j2_addMult6_ADD_add_16_U1_4     0.000258   0.0001709   0.0005051   7.618e-05  FA_X1
j1_addMult0_MULT_mult_18_U52   0.0002773   0.0001596   0.0005045   6.758e-05  FA_X1
j0_addMult2_MULT_mult_18_U45   0.0002765   0.0001621   0.0005038   6.519e-05  FA_X1
j1_addMult1_MULT_mult_18_U49   0.0002935   0.0001317   0.0005034   7.825e-05  FA_X1
j2_addMult0_MULT_mult_18_U52   0.0002739   0.0001599   0.0005031   6.931e-05  FA_X1
j0_addMult3_MULT_mult_18_U49   0.0002907   0.0001409   0.0005028   7.129e-05  FA_X1
j2_addMult9_MULT_mult_18_U58   0.0002776   0.0001575   0.0005028   6.771e-05  FA_X1
j0_addMult7_MULT_mult_18_U40   0.0002549   0.0001816   0.0005028   6.625e-05  FA_X1
j2_addMult7_MULT_mult_18_U40   0.0002575   0.0001815    0.000502   6.307e-05  FA_X1
j1_addMult8_MULT_mult_18_U38    0.000269   0.0001642    0.000502   6.882e-05  FA_X1
j2_addMult6_ADD_add_16_U1_7    0.0002639   0.0001647   0.0005013    7.28e-05  FA_X1
j1_addMult5_MULT_mult_18_U46   0.0002632   0.0001761    0.000501   6.165e-05  FA_X1
j2_addMult8_MULT_mult_18_U64   0.0002743   0.0001616   0.0005008   6.486e-05  FA_X1
j2_addMult0_MULT_mult_18_U64    0.000275   0.0001597   0.0005008   6.607e-05  FA_X1
j0_addMult2_MULT_mult_18_U51   0.0002369   0.0001952   0.0005007   6.863e-05  FA_X1
j0_addMult5_ADD_add_16_U1_8    0.0002694   0.0001591   0.0005005   7.204e-05  FA_X1
j1_addMult0_MULT_mult_18_U66   0.0002726   0.0001595   0.0004998   6.773e-05  FA_X1
j0_addMult6_MULT_mult_18_U52   0.0002697   0.0001655   0.0004997   6.455e-05  FA_X1
j0_addMult6_MULT_mult_18_U42   0.0002776   0.0001518   0.0004997   7.026e-05  FA_X1
j0_addMult6_ADD_add_16_U1_9    0.0002272   0.0001995   0.0004991   7.244e-05  FA_X1
j0_addMult0_MULT_mult_18_U42   0.0002694   0.0001603   0.0004991   6.944e-05  FA_X1
j0_addMult6_MULT_mult_18_U37   0.0002661   0.0001664   0.0004989   6.633e-05  FA_X1
j2_addMult9_MULT_mult_18_U38   0.0002689    0.000161   0.0004988   6.882e-05  FA_X1
j0_mult0_mult_18_U481          4.698e-05   0.0004405   0.0004981   1.068e-05  NAND2_X1
j1_addMult0_MULT_mult_18_U28   0.0002344   0.0001822    0.000498   8.135e-05  FA_X1
j2_addMult2_MULT_mult_18_U9    0.0002572   0.0001718   0.0004977   6.879e-05  FA_X1
j1_addMult6_MULT_mult_18_U33    0.000258   0.0001755   0.0004977   6.417e-05  FA_X1
j1_addMult2_MULT_mult_18_U37   0.0002698   0.0001639   0.0004977   6.399e-05  FA_X1
j2_mult0_mult_18_U37           0.0002726   0.0001619   0.0004973   6.271e-05  FA_X1
j1_addMult8_MULT_mult_18_U42   0.0002776   0.0001508   0.0004972   6.884e-05  FA_X1
j1_addMult9_MULT_mult_18_U37   0.0002668   0.0001625   0.0004971   6.782e-05  FA_X1
j2_addMult6_MULT_mult_18_U310  3.046e-05   0.0004513   0.0004971   1.533e-05  INV_X1
j0_addMult9_MULT_mult_18_U37   0.0002619   0.0001699    0.000497   6.531e-05  FA_X1
j2_addMult4_ADD_add_16_U1_4    0.0002732   0.0001533   0.0004968   7.028e-05  FA_X1
j1_addMult1_MULT_mult_18_U10   0.0002594   0.0001727   0.0004968   6.465e-05  FA_X1
j2_addMult7_MULT_mult_18_U310  2.957e-05   0.0004524   0.0004965   1.448e-05  INV_X1
j0_addMult9_MULT_mult_18_U481  4.646e-05   0.0004393   0.0004965   1.075e-05  NAND2_X1
j0_addMult6_MULT_mult_18_U40   0.0002559   0.0001695   0.0004961   7.073e-05  FA_X1
j2_addMult3_MULT_mult_18_U49   0.0002744   0.0001485   0.0004956   7.272e-05  FA_X1
j0_addMult2_MULT_mult_18_U37   0.0002653    0.000166    0.000495   6.373e-05  FA_X1
j0_addMult7_ADD_add_16_U1_5    0.0002432    0.000184   0.0004943   6.711e-05  FA_X1
j0_addMult3_ADD_add_16_U1_5    0.0002247   0.0002017    0.000494   6.766e-05  FA_X1
j1_addMult5_ADD_add_16_U1_9    0.0002248   0.0001959    0.000494   7.332e-05  FA_X1
j2_addMult1_MULT_mult_18_U41   0.0002611   0.0001667   0.0004939   6.606e-05  FA_X1
j1_addMult8_MULT_mult_18_U52   0.0002734   0.0001514   0.0004936   6.889e-05  FA_X1
j1_addMult4_MULT_mult_18_U64    0.000273   0.0001565   0.0004932   6.363e-05  FA_X1
j1_addMult2_ADD_add_16_U1_5    0.0002051   0.0002139    0.000493   7.405e-05  FA_X1
j1_mult0_mult_18_U28           0.0002259   0.0001862   0.0004925   8.044e-05  FA_X1
j0_addMult3_MULT_mult_18_U28   0.0002373    0.000181   0.0004921   7.384e-05  FA_X1
j1_addMult7_MULT_mult_18_U481  4.933e-05   0.0004331   0.0004918   9.323e-06  NAND2_X1
j0_addMult8_MULT_mult_18_U42   0.0002697   0.0001516   0.0004915    7.03e-05  FA_X1
j1_addMult3_ADD_add_16_U1_4    0.0002595   0.0001628    0.000491   6.861e-05  FA_X1
j0_addMult4_MULT_mult_18_U310  3.054e-05   0.0004451    0.000491   1.533e-05  INV_X1
j0_addMult5_ADD_add_16_U1_5    0.0002581   0.0001597   0.0004909   7.311e-05  FA_X1
j2_addMult6_MULT_mult_18_U51   0.0002367   0.0001831   0.0004908   7.087e-05  FA_X1
j0_addMult6_MULT_mult_18_U46   0.0002614   0.0001698   0.0004907   5.952e-05  FA_X1
j1_addMult7_MULT_mult_18_U49   0.0002849   0.0001268   0.0004906   7.887e-05  FA_X1
j2_addMult5_MULT_mult_18_U481  4.932e-05    0.000432   0.0004905   9.114e-06  NAND2_X1
j0_addMult3_MULT_mult_18_U481  4.933e-05    0.000432   0.0004905   9.114e-06  NAND2_X1
j0_addMult8_ADD_add_16_U1_3    0.0002588   0.0001566   0.0004903     7.5e-05  FA_X1
j2_addMult4_MULT_mult_18_U64   0.0002782   0.0001497     0.00049    6.21e-05  FA_X1
j2_addMult8_MULT_mult_18_U38   0.0002613   0.0001593   0.0004899   6.937e-05  FA_X1
j1_addMult7_ADD_add_16_U1_6    0.0002093   0.0002034   0.0004895   7.683e-05  FA_X1
j1_addMult8_MULT_mult_18_U70   0.0002609   0.0001634   0.0004893   6.495e-05  FA_X1
j0_addMult4_MULT_mult_18_U64   0.0002695    0.000158   0.0004892    6.17e-05  FA_X1
j1_addMult2_MULT_mult_18_U44   0.0002874   0.0001366   0.0004891   6.512e-05  FA_X1
j2_addMult0_MULT_mult_18_U310  3.016e-05   0.0004431   0.0004889   1.563e-05  INV_X1
j1_addMult6_MULT_mult_18_U44    0.000284     0.00014   0.0004889   6.488e-05  FA_X1
j2_mult0_mult_18_U58           0.0002683   0.0001536   0.0004887   6.678e-05  FA_X1
j0_addMult5_MULT_mult_18_U31   0.0002332   0.0001792   0.0004883   7.585e-05  FA_X1
j0_addMult2_MULT_mult_18_U44   0.0002839   0.0001396   0.0004882   6.471e-05  FA_X1
j1_mult0_mult_18_U49            0.000288   0.0001262   0.0004881    7.39e-05  FA_X1
j1_addMult0_MULT_mult_18_U64   0.0002739     0.00015   0.0004878   6.394e-05  FA_X1
j1_addMult2_MULT_mult_18_U310  3.058e-05   0.0004412   0.0004875   1.575e-05  INV_X1
j2_addMult6_MULT_mult_18_U37   0.0002662   0.0001534   0.0004873   6.768e-05  FA_X1
j2_addMult8_MULT_mult_18_U66   0.0002647   0.0001541    0.000487   6.831e-05  FA_X1
j2_mult0_mult_18_U51            0.000245   0.0001721   0.0004867   6.948e-05  FA_X1
j0_addMult5_MULT_mult_18_U49   0.0002659   0.0001511   0.0004862   6.926e-05  FA_X1
j1_addMult5_MULT_mult_18_U31    0.000237   0.0001741    0.000486   7.481e-05  FA_X1
j0_addMult2_MULT_mult_18_U30   0.0002185   0.0001922   0.0004857   7.499e-05  FA_X1
j1_addMult3_MULT_mult_18_U49   0.0002709   0.0001437   0.0004856   7.105e-05  FA_X1
j1_addMult4_MULT_mult_18_U46   0.0002574   0.0001687   0.0004855   5.941e-05  FA_X1
j0_addMult4_MULT_mult_18_U9    0.0002455   0.0001531   0.0004854   8.682e-05  FA_X1
j1_addMult5_MULT_mult_18_U310  3.052e-05   0.0004394   0.0004853   1.533e-05  INV_X1
j2_addMult1_ADD_add_16_U1_6    0.0002259   0.0001833   0.0004852   7.605e-05  FA_X1
j0_addMult8_MULT_mult_18_U52   0.0002648   0.0001489   0.0004845   7.071e-05  FA_X1
j2_mult0_mult_18_U301          2.931e-05   0.0004407   0.0004844   1.442e-05  INV_X1
j2_addMult8_ADD_add_16_U1_4     0.000244   0.0001669   0.0004841   7.328e-05  FA_X1
j1_addMult8_MULT_mult_18_U66   0.0002601   0.0001587   0.0004841   6.535e-05  FA_X1
j1_addMult9_MULT_mult_18_U42   0.0002695   0.0001437   0.0004836    7.03e-05  FA_X1
j0_addMult9_MULT_mult_18_U58   0.0002647   0.0001506   0.0004834   6.811e-05  FA_X1
j1_addMult7_MULT_mult_18_U59   0.0002763   0.0001494   0.0004834   5.769e-05  FA_X1
j0_addMult3_MULT_mult_18_U58   0.0002582   0.0001542   0.0004832   7.081e-05  FA_X1
j2_addMult6_MULT_mult_18_U44   0.0002837   0.0001334    0.000483   6.592e-05  FA_X1
j2_addMult1_ADD_add_16_U1_7    0.0002258   0.0001809   0.0004827   7.605e-05  FA_X1
j2_addMult7_MULT_mult_18_U49   0.0002726    0.000131   0.0004823   7.867e-05  FA_X1
j2_addMult1_ADD_add_16_U1_8    0.0002258   0.0001804   0.0004822   7.605e-05  FA_X1
j1_addMult6_MULT_mult_18_U37   0.0002617    0.000154   0.0004821   6.646e-05  FA_X1
j0_addMult0_MULT_mult_18_U58   0.0002647   0.0001485    0.000482   6.882e-05  FA_X1
j1_mult0_mult_18_U310          3.094e-05   0.0004351   0.0004817   1.563e-05  INV_X1
j0_addMult1_MULT_mult_18_U49     0.00028    0.000125   0.0004804   7.537e-05  FA_X1
j0_addMult7_ADD_add_16_U1_9    0.0002223   0.0001894   0.0004801   6.834e-05  FA_X1
j2_addMult3_MULT_mult_18_U7    0.0002201   0.0001841     0.00048   7.575e-05  FA_X1
j0_addMult9_MULT_mult_18_U38   0.0002525   0.0001577   0.0004796   6.942e-05  FA_X1
j0_addMult1_MULT_mult_18_U36   0.0002288   0.0001684   0.0004794   8.216e-05  FA_X1
j0_addMult0_MULT_mult_18_U310  2.836e-05   0.0004359   0.0004792   1.497e-05  INV_X1
j0_addMult0_MULT_mult_18_U38    0.000261   0.0001482   0.0004789   6.972e-05  FA_X1
j2_addMult4_MULT_mult_18_U63   0.0002561   0.0001619   0.0004787   6.063e-05  FA_X1
j2_addMult9_MULT_mult_18_U49   0.0002803   0.0001225   0.0004786   7.576e-05  FA_X1
j2_addMult1_MULT_mult_18_U59   0.0002642   0.0001551   0.0004785   5.919e-05  FA_X1
j1_addMult2_MULT_mult_18_U9    0.0002532   0.0001541   0.0004781   7.076e-05  FA_X1
j0_addMult3_ADD_add_16_U1_8    0.0002073   0.0001956    0.000478   7.503e-05  FA_X1
j2_addMult9_MULT_mult_18_U310  2.933e-05   0.0004342   0.0004779   1.442e-05  INV_X1
j2_addMult3_MULT_mult_18_U310  3.056e-05   0.0004311   0.0004774   1.575e-05  INV_X1
j2_addMult6_ADD_add_16_U1_5    0.0002403   0.0001635   0.0004772    7.34e-05  FA_X1
j0_mult0_mult_18_U310           2.93e-05   0.0004333   0.0004771   1.448e-05  INV_X1
j1_addMult8_MULT_mult_18_U310  2.931e-05   0.0004333    0.000477   1.442e-05  INV_X1
j1_addMult8_MULT_mult_18_U64   0.0002606   0.0001545   0.0004764   6.132e-05  FA_X1
j2_mult0_mult_18_U55           0.0002804   0.0001355   0.0004763   6.037e-05  FA_X1
j2_addMult1_ADD_add_16_U1_5    0.0002256   0.0001744    0.000476   7.605e-05  FA_X1
j2_addMult1_ADD_add_16_U1_9    0.0002256   0.0001743    0.000476   7.605e-05  FA_X1
j2_addMult4_ADD_add_16_U1_6    0.0002493   0.0001545   0.0004757   7.181e-05  FA_X1
j2_addMult8_MULT_mult_18_U58   0.0002647   0.0001413   0.0004754   6.942e-05  FA_X1
j2_addMult1_MULT_mult_18_U26   0.0002294    0.000167   0.0004745   7.801e-05  FA_X1
j0_addMult4_MULT_mult_18_U47   0.0002304   0.0001676   0.0004742    7.61e-05  FA_X1
j2_mult0_mult_18_U49           0.0002798   0.0001183   0.0004733   7.515e-05  FA_X1
j0_addMult8_MULT_mult_18_U45   0.0002507   0.0001533   0.0004732   6.922e-05  FA_X1
j0_addMult8_MULT_mult_18_U70   0.0002568    0.000151    0.000473   6.519e-05  FA_X1
j1_addMult3_MULT_mult_18_U31   0.0002372   0.0001622   0.0004728   7.344e-05  FA_X1
j2_addMult1_MULT_mult_18_U481  4.704e-05    0.000415   0.0004727   1.068e-05  NAND2_X1
j0_addMult2_MULT_mult_18_U9    0.0002526   0.0001491   0.0004725   7.074e-05  FA_X1
j2_addMult4_MULT_mult_18_U481   4.62e-05   0.0004173   0.0004724   8.948e-06  NAND2_X1
j1_addMult9_MULT_mult_18_U310  2.824e-05   0.0004286   0.0004723   1.545e-05  INV_X1
j2_addMult6_MULT_mult_18_U9    0.0002482   0.0001567   0.0004723   6.731e-05  FA_X1
j2_addMult7_ADD_add_16_U1_5    0.0002354   0.0001652   0.0004721   7.142e-05  FA_X1
j0_addMult5_MULT_mult_18_U7    0.0002204   0.0001735    0.000472    7.81e-05  FA_X1
j0_addMult6_MULT_mult_18_U9     0.000248   0.0001556   0.0004717   6.808e-05  FA_X1
j2_addMult3_MULT_mult_18_U58   0.0002504   0.0001475   0.0004712   7.328e-05  FA_X1
j2_addMult5_ADD_add_16_U1_3    0.0002267   0.0001796   0.0004712    6.49e-05  FA_X1
j2_addMult5_ADD_add_16_U1_4    0.0002235   0.0001796   0.0004712   6.817e-05  FA_X1
j0_addMult7_MULT_mult_18_U310  2.935e-05   0.0004273   0.0004711   1.442e-05  INV_X1
j2_addMult3_MULT_mult_18_U31   0.0002368   0.0001622   0.0004711   7.207e-05  FA_X1
j1_addMult0_MULT_mult_18_U481  4.706e-05   0.0004133    0.000471   1.068e-05  NAND2_X1
j2_mult0_mult_18_U50           0.0002569   0.0001487   0.0004706   6.506e-05  FA_X1
j2_addMult8_MULT_mult_18_U310  2.845e-05   0.0004272   0.0004706   1.497e-05  INV_X1
j0_addMult8_MULT_mult_18_U66   0.0002562   0.0001479   0.0004706   6.649e-05  FA_X1
j0_mult0_mult_18_U49           0.0002798   0.0001144   0.0004702   7.598e-05  FA_X1
j1_addMult8_MULT_mult_18_U45   0.0002504   0.0001515   0.0004698   6.797e-05  FA_X1
j2_mult0_mult_18_U36           0.0002431   0.0001617   0.0004697   6.484e-05  FA_X1
j0_mult0_mult_18_U28           0.0002333   0.0001547   0.0004693   8.135e-05  FA_X1
j2_addMult4_MULT_mult_18_U310  2.937e-05   0.0004252    0.000469   1.442e-05  INV_X1
j2_addMult3_MULT_mult_18_U28   0.0002209   0.0001727    0.000469   7.542e-05  FA_X1
j1_addMult8_ADD_add_16_U1_8     0.000199   0.0001951   0.0004689   7.483e-05  FA_X1
j0_addMult4_MULT_mult_18_U58    0.000242   0.0001556   0.0004689   7.134e-05  FA_X1
j2_addMult9_ADD_add_16_U1_5    0.0002863   0.0001114   0.0004687   7.102e-05  FA_X1
j1_addMult5_MULT_mult_18_U49   0.0002701   0.0001282   0.0004687   7.028e-05  FA_X1
j1_addMult7_MULT_mult_18_U36   0.0002283   0.0001584   0.0004684   8.173e-05  FA_X1
j0_mult0_mult_18_U26           0.0002292   0.0001611   0.0004684   7.801e-05  FA_X1
j2_addMult7_MULT_mult_18_U59   0.0002557   0.0001546   0.0004682   5.792e-05  FA_X1
j0_addMult9_ADD_add_16_U1_5    0.0002741   0.0001243   0.0004678   6.937e-05  FA_X1
j0_addMult9_MULT_mult_18_U42   0.0002527   0.0001461   0.0004677   6.894e-05  FA_X1
j2_addMult0_MULT_mult_18_U28   0.0002252    0.000162   0.0004677   8.044e-05  FA_X1
j1_addMult6_MULT_mult_18_U9    0.0002525   0.0001458   0.0004676   6.934e-05  FA_X1
j2_addMult1_MULT_mult_18_U28   0.0002333   0.0001528   0.0004675   8.135e-05  FA_X1
j1_addMult5_MULT_mult_18_U67   0.0002534   0.0001499   0.0004671   6.368e-05  FA_X1
j2_addMult7_MULT_mult_18_U36   0.0002204   0.0001668   0.0004669   7.968e-05  FA_X1
j1_addMult1_MULT_mult_18_U310  2.836e-05   0.0004235   0.0004669   1.497e-05  INV_X1
j0_addMult8_MULT_mult_18_U64   0.0002601   0.0001451   0.0004668    6.17e-05  FA_X1
j1_addMult2_MULT_mult_18_U51   0.0002366   0.0001601   0.0004663   6.951e-05  FA_X1
j2_addMult4_MULT_mult_18_U9     0.000236   0.0001447   0.0004661   8.533e-05  FA_X1
j2_addMult5_MULT_mult_18_U28   0.0002367   0.0001555    0.000466   7.384e-05  FA_X1
j2_addMult1_MULT_mult_18_U49    0.000272   0.0001166   0.0004658   7.726e-05  FA_X1
j1_addMult0_MULT_mult_18_U26   0.0002293   0.0001583   0.0004656   7.801e-05  FA_X1
j2_addMult8_MULT_mult_18_U42   0.0002526   0.0001426   0.0004655   7.029e-05  FA_X1
j2_addMult8_ADD_add_16_U1_7    0.0002462   0.0001448   0.0004653   7.422e-05  FA_X1
j0_addMult1_MULT_mult_18_U481   4.31e-05   0.0004143   0.0004645   7.074e-06  NAND2_X1
j2_addMult2_MULT_mult_18_U310  2.852e-05   0.0004208   0.0004643   1.497e-05  INV_X1
j1_addMult1_ADD_add_16_U1_5    0.0002254   0.0001631   0.0004642   7.561e-05  FA_X1
j1_addMult3_MULT_mult_18_U67   0.0002564    0.000146   0.0004642   6.175e-05  FA_X1
j1_addMult5_MULT_mult_18_U57   0.0002299   0.0001673   0.0004641   6.698e-05  FA_X1
j0_addMult5_MULT_mult_18_U67    0.000257   0.0001442    0.000464   6.276e-05  FA_X1
j1_addMult7_MULT_mult_18_U33   0.0002366   0.0001574   0.0004635   6.954e-05  FA_X1
j1_addMult1_ADD_add_16_U1_9    0.0002254    0.000162   0.0004631   7.561e-05  FA_X1
j1_addMult6_MULT_mult_18_U51    0.000232   0.0001593   0.0004628   7.145e-05  FA_X1
j2_addMult7_MULT_mult_18_U481  4.406e-05   0.0004085   0.0004627    1.01e-05  NAND2_X1
j2_addMult2_MULT_mult_18_U11   0.0002113   0.0001754   0.0004623   7.562e-05  FA_X1
j0_addMult0_MULT_mult_18_U57    0.000228   0.0001668   0.0004623   6.742e-05  FA_X1
j0_addMult9_MULT_mult_18_U50    0.000249   0.0001484   0.0004622   6.484e-05  FA_X1
j0_addMult8_MULT_mult_18_U310  2.866e-05   0.0004178   0.0004619   1.545e-05  INV_X1
j2_addMult0_MULT_mult_18_U57   0.0002358   0.0001573   0.0004619   6.877e-05  FA_X1
j0_addMult9_ADD_add_16_U1_7    0.0002652   0.0001243   0.0004618   7.236e-05  FA_X1
j2_addMult5_MULT_mult_18_U38   0.0002451   0.0001457   0.0004618   7.099e-05  FA_X1
j1_addMult4_MULT_mult_18_U38   0.0002452   0.0001455   0.0004617   7.099e-05  FA_X1
j0_addMult2_MULT_mult_18_U310  2.929e-05   0.0004178   0.0004615   1.442e-05  INV_X1
j2_addMult1_MULT_mult_18_U38   0.0002452   0.0001466   0.0004615   6.963e-05  FA_X1
j1_addMult2_MULT_mult_18_U30    0.000226    0.000157   0.0004614   7.832e-05  FA_X1
j0_addMult2_MULT_mult_18_U481  4.627e-05   0.0004061   0.0004613   8.948e-06  NAND2_X1
j0_addMult7_MULT_mult_18_U49   0.0002722   0.0001116   0.0004611   7.729e-05  FA_X1
j0_addMult4_MULT_mult_18_U63   0.0002465   0.0001583    0.000461   5.622e-05  FA_X1
j1_addMult1_MULT_mult_18_U36   0.0002283   0.0001509    0.000461   8.184e-05  FA_X1
j0_addMult5_MULT_mult_18_U310  2.997e-05   0.0004163   0.0004607   1.448e-05  INV_X1
j1_addMult1_ADD_add_16_U1_7    0.0002253   0.0001597   0.0004606   7.561e-05  FA_X1
j1_addMult1_ADD_add_16_U1_6    0.0002252   0.0001594   0.0004602   7.561e-05  FA_X1
j1_addMult1_MULT_mult_18_U33   0.0002367    0.000154   0.0004601   6.943e-05  FA_X1
j1_addMult6_ADD_add_16_U1_4    0.0002086   0.0001774     0.00046   7.405e-05  FA_X1
j1_addMult2_MULT_mult_18_U11   0.0002122   0.0001711     0.00046   7.668e-05  FA_X1
j2_addMult1_MULT_mult_18_U310  2.931e-05   0.0004161   0.0004598   1.448e-05  INV_X1
j2_addMult3_MULT_mult_18_U67   0.0002531   0.0001429   0.0004597   6.371e-05  FA_X1
j2_addMult6_MULT_mult_18_U49   0.0002395   0.0001467   0.0004596   7.343e-05  FA_X1
j0_addMult0_MULT_mult_18_U51   0.0002363   0.0001525   0.0004595   7.064e-05  FA_X1
j1_addMult1_ADD_add_16_U1_8    0.0002252   0.0001586   0.0004594   7.561e-05  FA_X1
j2_addMult3_ADD_add_16_U1_9    0.0002034   0.0001813   0.0004593   7.453e-05  FA_X1
j2_addMult9_MULT_mult_18_U28   0.0002206   0.0001616   0.0004591   7.695e-05  FA_X1
j0_addMult9_MULT_mult_18_U49   0.0002671   0.0001136   0.0004589   7.816e-05  FA_X1
j0_mult0_mult_18_U70           0.0002263   0.0001643   0.0004586   6.803e-05  FA_X1
j0_addMult6_MULT_mult_18_U11   0.0002114    0.000172   0.0004585   7.518e-05  FA_X1
j1_addMult4_MULT_mult_18_U310  2.834e-05   0.0004146    0.000458   1.503e-05  INV_X1
j0_addMult5_MULT_mult_18_U28   0.0002202   0.0001647   0.0004578    7.29e-05  FA_X1
j2_addMult6_MULT_mult_18_U64   0.0002199   0.0001711   0.0004578    6.68e-05  FA_X1
j2_mult0_mult_18_U28           0.0002131   0.0001651   0.0004578   7.954e-05  FA_X1
j1_addMult9_MULT_mult_18_U49   0.0002711   0.0001116   0.0004576   7.492e-05  FA_X1
j2_addMult5_ADD_add_16_U1_9    0.0002276   0.0001565   0.0004576    7.35e-05  FA_X1
j0_addMult6_MULT_mult_18_U310  2.861e-05   0.0004139   0.0004575   1.497e-05  INV_X1
j2_addMult6_MULT_mult_18_U30   0.0002256   0.0001553   0.0004572   7.631e-05  FA_X1
j1_addMult6_MULT_mult_18_U310  2.952e-05   0.0004132   0.0004572   1.448e-05  INV_X1
j2_addMult4_MULT_mult_18_U47   0.0002303     0.00015   0.0004569   7.656e-05  FA_X1
j0_addMult3_MULT_mult_18_U38    0.000245   0.0001408   0.0004568   7.099e-05  FA_X1
j2_mult0_mult_18_U26           0.0002208   0.0001591   0.0004567   7.672e-05  FA_X1
j1_addMult5_MULT_mult_18_U58   0.0002417   0.0001429   0.0004559   7.134e-05  FA_X1
j1_addMult3_MULT_mult_18_U481  4.631e-05   0.0004007   0.0004559   8.948e-06  NAND2_X1
j0_addMult1_MULT_mult_18_U59   0.0002537   0.0001454   0.0004558   5.669e-05  FA_X1
j2_addMult1_MULT_mult_18_U35   0.0002253    0.000168   0.0004558   6.239e-05  FA_X1
j1_mult0_mult_18_U45           0.0002328    0.000152   0.0004555   7.069e-05  FA_X1
j1_mult0_mult_18_U51            0.000228   0.0001571   0.0004548   6.967e-05  FA_X1
j0_addMult7_MULT_mult_18_U59   0.0002509   0.0001465   0.0004546   5.725e-05  FA_X1
j1_addMult3_MULT_mult_18_U57   0.0002259   0.0001643   0.0004545   6.427e-05  FA_X1
j0_addMult7_MULT_mult_18_U36   0.0002201   0.0001534   0.0004544   8.085e-05  FA_X1
j0_addMult1_MULT_mult_18_U30    0.000227   0.0001603   0.0004539   6.657e-05  FA_X1
j2_addMult7_ADD_add_16_U1_9    0.0002216   0.0001638   0.0004529   6.758e-05  FA_X1
j2_addMult8_MULT_mult_18_U47   0.0002362   0.0001395   0.0004526   7.687e-05  FA_X1
j1_addMult0_MULT_mult_18_U310   2.94e-05   0.0004087   0.0004526   1.448e-05  INV_X1
j1_addMult0_MULT_mult_18_U47   0.0002283   0.0001474   0.0004525   7.671e-05  FA_X1
j0_addMult7_MULT_mult_18_U30   0.0002276   0.0001573    0.000452   6.706e-05  FA_X1
j0_addMult5_MULT_mult_18_U57   0.0002215   0.0001641   0.0004517   6.612e-05  FA_X1
j2_addMult6_MULT_mult_18_U11   0.0002109   0.0001664   0.0004516   7.431e-05  FA_X1
j2_addMult7_MULT_mult_18_U28   0.0002247   0.0001449   0.0004513    8.17e-05  FA_X1
j0_addMult2_MULT_mult_18_U11   0.0002189   0.0001556   0.0004512   7.671e-05  FA_X1
j1_addMult3_MULT_mult_18_U310  2.976e-05   0.0004069   0.0004511   1.442e-05  INV_X1
j0_addMult4_ADD_add_16_U1_10    0.000271   0.0001062   0.0004508   7.356e-05  FA_X1
j2_mult0_mult_18_U70           0.0002307   0.0001531   0.0004501   6.635e-05  FA_X1
j1_mult0_mult_18_U55           0.0002682   0.0001217   0.0004498   5.992e-05  FA_X1
j0_addMult7_MULT_mult_18_U33   0.0002198    0.000161   0.0004497   6.899e-05  FA_X1
j0_mult0_mult_18_U45            0.000224   0.0001582   0.0004497   6.747e-05  FA_X1
j1_addMult6_MULT_mult_18_U481  4.396e-05   0.0003955   0.0004496    1.01e-05  NAND2_X1
j0_mult0_mult_18_U55           0.0002732   0.0001128   0.0004496   6.363e-05  FA_X1
j2_addMult7_MULT_mult_18_U33   0.0002201   0.0001612   0.0004493   6.812e-05  FA_X1
j0_addMult8_MULT_mult_18_U57   0.0002228   0.0001613   0.0004493   6.527e-05  FA_X1
j0_addMult5_MULT_mult_18_U481  4.403e-05   0.0003952   0.0004493    1.01e-05  NAND2_X1
j1_addMult6_MULT_mult_18_U64   0.0002198   0.0001628   0.0004489   6.625e-05  FA_X1
j0_addMult1_MULT_mult_18_U28   0.0002245   0.0001454   0.0004488    7.89e-05  FA_X1
j1_addMult5_MULT_mult_18_U60   0.0002261   0.0001491   0.0004486   7.337e-05  FA_X1
j2_addMult3_MULT_mult_18_U57   0.0002304   0.0001517   0.0004486    6.65e-05  FA_X1
j2_addMult2_MULT_mult_18_U44   0.0002583   0.0001242    0.000448   6.555e-05  FA_X1
j2_addMult7_ADD_add_16_U1_4    0.0002237   0.0001499   0.0004471   7.355e-05  FA_X1
j1_addMult4_ADD_add_16_U1_10   0.0002722   9.995e-05   0.0004471   7.497e-05  FA_X1
j1_addMult3_MULT_mult_18_U58    0.000229   0.0001482   0.0004467   6.945e-05  FA_X1
j2_addMult9_ADD_add_16_U1_7    0.0002763   9.719e-05   0.0004465   7.295e-05  FA_X1
j0_addMult7_MULT_mult_18_U28   0.0002202   0.0001484   0.0004456   7.695e-05  FA_X1
j0_addMult0_MULT_mult_18_U47    0.000236   0.0001329   0.0004454   7.649e-05  FA_X1
j0_addMult1_MULT_mult_18_U35   0.0002298   0.0001495   0.0004453   6.606e-05  FA_X1
j1_addMult2_MULT_mult_18_U56   0.0002414   0.0001429   0.0004451   6.073e-05  FA_X1
j2_addMult7_MULT_mult_18_U30   0.0002263   0.0001538   0.0004451   6.493e-05  FA_X1
j2_addMult2_ADD_add_16_U1_4    0.0002287   0.0001453   0.0004445   7.059e-05  FA_X1
j2_addMult0_MULT_mult_18_U51   0.0002277    0.000147   0.0004444   6.967e-05  FA_X1
j0_addMult1_ADD_add_16_U1_5    0.0002247    0.000143   0.0004443   7.662e-05  FA_X1
j1_addMult9_MULT_mult_18_U52   0.0002166   0.0001589   0.0004442    6.87e-05  FA_X1
j0_addMult8_ADD_add_16_U1_4    0.0002307   0.0001398   0.0004441   7.358e-05  FA_X1
j2_addMult6_ADD_add_16_U1_9    0.0002213   0.0001509    0.000444   7.177e-05  FA_X1
j2_addMult1_MULT_mult_18_U36   0.0002197   0.0001451   0.0004439   7.911e-05  FA_X1
j0_addMult1_MULT_mult_18_U68   0.0002421   0.0001472   0.0004439   5.456e-05  HA_X1
j2_mult0_mult_18_U74           0.0002553   0.0001392   0.0004435   4.896e-05  HA_X1
j0_addMult6_MULT_mult_18_U57   0.0002178   0.0001593   0.0004435    6.63e-05  FA_X1
j1_addMult7_MULT_mult_18_U310   2.85e-05   0.0003997   0.0004431   1.497e-05  INV_X1
j1_addMult8_MULT_mult_18_U28   0.0002201   0.0001456   0.0004426   7.695e-05  FA_X1
j1_addMult5_MULT_mult_18_U28   0.0002197     0.00015   0.0004425   7.284e-05  FA_X1
j2_addMult2_MULT_mult_18_U57   0.0002257   0.0001514   0.0004424   6.531e-05  FA_X1
j2_addMult4_MULT_mult_18_U57   0.0002173   0.0001598   0.0004424   6.531e-05  FA_X1
j2_addMult5_MULT_mult_18_U67   0.0002376   0.0001411   0.0004422   6.348e-05  FA_X1
j0_addMult9_MULT_mult_18_U36   0.0002273   0.0001478   0.0004419   6.682e-05  FA_X1
j2_addMult5_MULT_mult_18_U310  2.841e-05   0.0003985   0.0004419   1.503e-05  INV_X1
j1_addMult7_MULT_mult_18_U68   0.0002215   0.0001656   0.0004418   5.477e-05  HA_X1
j2_addMult9_MULT_mult_18_U481  4.266e-05   0.0003904   0.0004418   8.756e-06  NAND2_X1
j0_addMult9_MULT_mult_18_U301  2.697e-05      0.0004   0.0004413    1.43e-05  INV_X1
j1_addMult9_MULT_mult_18_U481   4.15e-05   0.0003923   0.0004413   7.513e-06  NAND2_X1
j1_addMult0_MULT_mult_18_U57   0.0002228   0.0001528   0.0004413   6.567e-05  FA_X1
j0_addMult8_MULT_mult_18_U28   0.0002161   0.0001485   0.0004411   7.649e-05  FA_X1
j1_addMult1_MULT_mult_18_U44   0.0002305   0.0001419   0.0004407   6.827e-05  FA_X1
j2_addMult1_MULT_mult_18_U30   0.0002261   0.0001497   0.0004405   6.469e-05  FA_X1
j0_addMult3_MULT_mult_18_U310  2.838e-05    0.000397   0.0004404   1.503e-05  INV_X1
j2_addMult8_MULT_mult_18_U26   0.0002122   0.0001509   0.0004402   7.702e-05  FA_X1
j1_addMult3_MULT_mult_18_U28   0.0002199   0.0001461   0.0004397   7.368e-05  FA_X1
j1_addMult6_MULT_mult_18_U30    0.000217   0.0001482   0.0004395   7.425e-05  FA_X1
j0_addMult6_MULT_mult_18_U44   0.0002506   0.0001228   0.0004395     6.6e-05  FA_X1
j0_addMult7_MULT_mult_18_U35   0.0002248   0.0001518   0.0004392   6.266e-05  FA_X1
j2_addMult3_MULT_mult_18_U60   0.0002297    0.000139   0.0004389   7.018e-05  FA_X1
j1_addMult6_MULT_mult_18_U56   0.0002316   0.0001488   0.0004389   5.851e-05  FA_X1
j1_addMult1_MULT_mult_18_U68   0.0002336   0.0001507   0.0004386   5.435e-05  HA_X1
j0_addMult3_MULT_mult_18_U67   0.0002375   0.0001376   0.0004386   6.348e-05  FA_X1
FE_OFC20_i0_R2_out_10          3.045e-05   0.0003966   0.0004384   1.139e-05  CLKBUF_X1
j0_addMult2_MULT_mult_18_U35   0.0002057   0.0001694   0.0004382    6.31e-05  FA_X1
j2_addMult6_MULT_mult_18_U481  4.203e-05   0.0003885   0.0004381   7.546e-06  NAND2_X1
j0_addMult5_MULT_mult_18_U58   0.0002287     0.00014   0.0004379   6.926e-05  FA_X1
j1_addMult0_MULT_mult_18_U65   0.0002221   0.0001541   0.0004377   6.157e-05  FA_X1
j1_addMult8_MULT_mult_18_U481  4.267e-05   0.0003861   0.0004375   8.756e-06  NAND2_X1
j1_mult0_mult_18_U70            0.000226    0.000144   0.0004374   6.748e-05  FA_X1
j1_addMult3_MULT_mult_18_U60    0.000221   0.0001479   0.0004373   6.832e-05  FA_X1
j1_addMult7_MULT_mult_18_U30   0.0002178   0.0001532   0.0004371    6.61e-05  FA_X1
j2_addMult1_MULT_mult_18_U33   0.0002197   0.0001488   0.0004371   6.853e-05  FA_X1
j2_addMult2_ADD_add_16_U1_5     0.000216   0.0001461   0.0004369   7.473e-05  FA_X1
j2_addMult0_MULT_mult_18_U26    0.000212   0.0001479   0.0004368   7.683e-05  FA_X1
j0_addMult8_MULT_mult_18_U481  4.152e-05   0.0003877   0.0004367   7.513e-06  NAND2_X1
j1_mult0_mult_18_U36           0.0002221   0.0001501   0.0004365   6.435e-05  FA_X1
j0_addMult7_MULT_mult_18_U481  4.268e-05   0.0003848   0.0004363   8.756e-06  NAND2_X1
j1_addMult8_MULT_mult_18_U35   0.0002216   0.0001513   0.0004362   6.329e-05  FA_X1
j2_addMult7_MULT_mult_18_U35   0.0002249   0.0001489    0.000436   6.218e-05  FA_X1
j2_addMult7_MULT_mult_18_U26   0.0002122   0.0001453    0.000436   7.845e-05  FA_X1
j0_addMult1_MULT_mult_18_U33   0.0002197   0.0001454   0.0004357   7.057e-05  FA_X1
j0_addMult7_ADD_add_16_U1_8    0.0002016   0.0001624   0.0004353   7.127e-05  FA_X1
j1_addMult4_MULT_mult_18_U57   0.0002221   0.0001455   0.0004352   6.769e-05  FA_X1
j0_addMult7_ADD_add_16_U1_4    0.0002108   0.0001557   0.0004349   6.839e-05  FA_X1
j0_addMult1_MULT_mult_18_U26   0.0002118   0.0001474   0.0004349   7.571e-05  FA_X1
j1_addMult3_MULT_mult_18_U7    0.0002186   0.0001384   0.0004347   7.762e-05  FA_X1
j0_mult0_mult_18_U74           0.0002441   0.0001402   0.0004346   5.029e-05  HA_X1
j1_addMult9_ADD_add_16_U1_3    0.0002779   8.921e-05   0.0004346   6.745e-05  FA_X1
j2_addMult0_MULT_mult_18_U35   0.0002223    0.000147   0.0004342   6.496e-05  FA_X1
j0_addMult0_MULT_mult_18_U28   0.0002083   0.0001461   0.0004342   7.973e-05  FA_X1
j1_addMult6_MULT_mult_18_U11   0.0002105   0.0001496   0.0004341   7.402e-05  FA_X1
j0_addMult0_MULT_mult_18_U26   0.0002122   0.0001452   0.0004341   7.673e-05  FA_X1
j1_mult0_mult_18_U35           0.0002223   0.0001464   0.0004336   6.496e-05  FA_X1
j1_addMult5_MULT_mult_18_U7    0.0002191   0.0001364   0.0004335   7.803e-05  FA_X1
j1_addMult1_MULT_mult_18_U26   0.0002121   0.0001444   0.0004332   7.673e-05  FA_X1
j2_addMult3_MULT_mult_18_U35   0.0002215   0.0001464   0.0004332   6.536e-05  FA_X1
j2_addMult8_MULT_mult_18_U57   0.0002189   0.0001473   0.0004332   6.702e-05  FA_X1
j1_addMult7_MULT_mult_18_U26   0.0002121    0.000144   0.0004331   7.702e-05  FA_X1
j1_mult0_mult_18_U26           0.0002118   0.0001445   0.0004331   7.683e-05  FA_X1
j2_addMult6_ADD_add_16_U1_8    0.0002217   0.0001412   0.0004331   7.025e-05  FA_X1
j2_addMult9_MULT_mult_18_U52   0.0002165    0.000149   0.0004331   6.757e-05  FA_X1
j1_addMult9_ADD_add_16_U1_7    0.0002722   8.743e-05    0.000433   7.333e-05  FA_X1
j2_addMult8_MULT_mult_18_U51   0.0002193   0.0001429   0.0004329   7.072e-05  FA_X1
j2_addMult9_MULT_mult_18_U35   0.0002214   0.0001482   0.0004329   6.329e-05  FA_X1
j1_addMult2_MULT_mult_18_U57   0.0002142   0.0001494   0.0004326   6.909e-05  FA_X1
j1_addMult0_MULT_mult_18_U35    0.000221     0.00015   0.0004325   6.158e-05  FA_X1
j2_addMult5_MULT_mult_18_U60   0.0002212   0.0001407   0.0004324   7.049e-05  FA_X1
j1_addMult1_MULT_mult_18_U30   0.0002177   0.0001489   0.0004322   6.553e-05  FA_X1
j2_addMult2_MULT_mult_18_U56    0.000233   0.0001402    0.000432   5.881e-05  FA_X1
j1_addMult7_MULT_mult_18_U64   0.0002227   0.0001451   0.0004318   6.404e-05  FA_X1
j2_addMult2_MULT_mult_18_U30    0.000209    0.000147   0.0004317   7.573e-05  FA_X1
j2_addMult9_ADD_add_16_U1_4    0.0002653   9.679e-05   0.0004314    6.93e-05  FA_X1
j0_addMult4_MULT_mult_18_U481  4.207e-05   0.0003818   0.0004314   7.546e-06  NAND2_X1
j0_addMult2_MULT_mult_18_U57   0.0002175   0.0001495   0.0004314   6.435e-05  FA_X1
j2_addMult7_ADD_add_16_U1_8    0.0002018    0.000155   0.0004312   7.432e-05  FA_X1
j2_addMult2_MULT_mult_18_U51   0.0002028   0.0001584   0.0004306   6.942e-05  FA_X1
j1_addMult9_MULT_mult_18_U28   0.0002157   0.0001379   0.0004301   7.649e-05  FA_X1
j0_addMult8_MULT_mult_18_U51   0.0002027   0.0001565   0.0004301   7.087e-05  FA_X1
j2_addMult7_MULT_mult_18_U38   0.0002282   0.0001327   0.0004301    6.92e-05  FA_X1
j2_addMult4_MULT_mult_18_U58   0.0002286    0.000132   0.0004301   6.945e-05  FA_X1
j2_addMult9_MULT_mult_18_U36   0.0002108    0.000154     0.00043   6.525e-05  FA_X1
j1_mult0_mult_18_U74           0.0002495   0.0001318     0.00043   4.864e-05  HA_X1
j0_addMult9_MULT_mult_18_U70   0.0002177   0.0001451   0.0004296   6.683e-05  FA_X1
j0_addMult4_MULT_mult_18_U57   0.0002142   0.0001474   0.0004296   6.799e-05  FA_X1
j0_addMult5_ADD_add_16_U1_9    0.0002227   0.0001327   0.0004293   7.393e-05  FA_X1
j1_addMult5_MULT_mult_18_U481  4.207e-05   0.0003796   0.0004292   7.546e-06  NAND2_X1
j0_addMult8_MULT_mult_18_U35   0.0002143   0.0001481   0.0004292   6.673e-05  FA_X1
j2_addMult8_MULT_mult_18_U35    0.000213   0.0001526   0.0004292   6.354e-05  FA_X1
j1_addMult6_MULT_mult_18_U49   0.0002393   0.0001158   0.0004292     7.4e-05  FA_X1
j0_addMult3_MULT_mult_18_U57    0.000213   0.0001496   0.0004291   6.643e-05  FA_X1
j0_addMult1_MULT_mult_18_U43    0.000228   0.0001365   0.0004289    6.43e-05  FA_X1
j1_addMult4_MULT_mult_18_U47   0.0002089   0.0001415   0.0004287   7.841e-05  FA_X1
j0_addMult7_MULT_mult_18_U68    0.000231   0.0001428   0.0004287   5.497e-05  HA_X1
j1_mult0_mult_18_U52           0.0002245   0.0001333   0.0004286   7.083e-05  FA_X1
j0_addMult2_ADD_add_16_U1_5      0.00022   0.0001365   0.0004285     7.2e-05  FA_X1
j1_addMult6_MULT_mult_18_U57    0.000213    0.000151   0.0004285   6.453e-05  FA_X1
j0_addMult2_MULT_mult_18_U56   0.0002352   0.0001354   0.0004285   5.793e-05  FA_X1
j2_addMult1_MULT_mult_18_U68   0.0002326    0.000142   0.0004284   5.371e-05  HA_X1
j0_addMult2_MULT_mult_18_U49   0.0002392   0.0001146   0.0004283   7.444e-05  FA_X1
j1_mult0_mult_18_U481          4.125e-05   0.0003795   0.0004282   7.463e-06  NAND2_X1
j0_mult0_mult_18_U35           0.0002208   0.0001457   0.0004281   6.158e-05  FA_X1
j1_addMult0_MULT_mult_18_U469  0.0001969   0.0001979   0.0004281   3.325e-05  OAI222_X1
j2_addMult9_MULT_mult_18_U45   0.0002193   0.0001421    0.000428   6.662e-05  FA_X1
j2_addMult0_MULT_mult_18_U481  4.123e-05   0.0003791   0.0004278   7.463e-06  NAND2_X1
j0_addMult6_MULT_mult_18_U30   0.0002087   0.0001439   0.0004277   7.514e-05  FA_X1
j1_addMult8_MULT_mult_18_U57   0.0002224   0.0001412   0.0004277   6.419e-05  FA_X1
j0_addMult9_MULT_mult_18_U55   0.0002594    0.000107   0.0004277   6.126e-05  FA_X1
j1_addMult0_ADD_add_16_U1_3    0.0001832    0.000177   0.0004272   6.696e-05  FA_X1
j1_addMult9_MULT_mult_18_U45   0.0002156   0.0001438   0.0004271    6.77e-05  FA_X1
j1_addMult2_MULT_mult_18_U481  4.334e-05   0.0003766    0.000427   7.074e-06  NAND2_X1
j1_addMult7_MULT_mult_18_U28    0.000208   0.0001391    0.000427    7.99e-05  FA_X1
j0_addMult1_ADD_add_16_U1_6    0.0002241   0.0001262    0.000427   7.662e-05  FA_X1
j0_addMult9_MULT_mult_18_U51   0.0002151   0.0001404   0.0004268   7.131e-05  FA_X1
j2_mult0_mult_18_U56           0.0002196    0.000149   0.0004268   5.823e-05  FA_X1
j0_addMult3_MULT_mult_18_U60    0.000221    0.000135   0.0004265   7.049e-05  FA_X1
j0_addMult1_ADD_add_16_U1_7    0.0002242   0.0001255   0.0004263   7.662e-05  FA_X1
j1_addMult0_MULT_mult_18_U41   0.0002271   0.0001332   0.0004262   6.597e-05  FA_X1
j2_addMult3_MULT_mult_18_U481  4.328e-05   0.0003759   0.0004262   7.074e-06  NAND2_X1
j2_addMult7_MULT_mult_18_U68   0.0002236   0.0001495   0.0004262   5.305e-05  HA_X1
j1_addMult9_ADD_add_16_U1_5    0.0002719   8.387e-05    0.000426   7.024e-05  FA_X1
j0_addMult4_MULT_mult_18_U43   0.0002119   0.0001511   0.0004257   6.271e-05  FA_X1
j1_mult0_mult_18_U41            0.000228   0.0001299   0.0004256   6.772e-05  FA_X1
j2_addMult6_MULT_mult_18_U56   0.0002311    0.000136   0.0004255   5.843e-05  FA_X1
j0_addMult6_MULT_mult_18_U64   0.0002112   0.0001489   0.0004253   6.522e-05  FA_X1
j0_addMult1_ADD_add_16_U1_8    0.0002241   0.0001243    0.000425   7.662e-05  FA_X1
j1_addMult7_ADD_add_16_U1_8    0.0001659   0.0001837    0.000425   7.537e-05  FA_X1
j0_addMult4_MULT_mult_18_U456  0.0001017   0.0002849    0.000425   3.842e-05  XOR2_X1
j2_mult0_mult_18_U45           0.0002196   0.0001372   0.0004249    6.81e-05  FA_X1
j1_addMult7_MULT_mult_18_U44   0.0002302   0.0001264   0.0004244   6.778e-05  FA_X1
j0_addMult1_ADD_add_16_U1_9    0.0002241   0.0001232    0.000424   7.662e-05  FA_X1
j1_addMult8_MULT_mult_18_U47   0.0002195   0.0001278   0.0004238   7.648e-05  FA_X1
j2_addMult9_MULT_mult_18_U41   0.0002232   0.0001353   0.0004232   6.473e-05  FA_X1
j1_addMult1_MULT_mult_18_U28    0.000208   0.0001353   0.0004231   7.973e-05  FA_X1
j1_addMult4_MULT_mult_18_U65   0.0002202    0.000141   0.0004229   6.175e-05  FA_X1
j2_addMult1_ADD_add_16_U1_10    0.000236   0.0001108   0.0004229   7.605e-05  FA_X1
j2_addMult8_MULT_mult_18_U28   0.0002079   0.0001351   0.0004229    7.99e-05  FA_X1
j2_addMult2_MULT_mult_18_U35   0.0002139   0.0001438   0.0004228   6.513e-05  FA_X1
j0_addMult9_MULT_mult_18_U74   0.0002401   0.0001337   0.0004227   4.892e-05  HA_X1
j1_mult0_mult_18_U63           0.0002234   0.0001391   0.0004225   5.998e-05  FA_X1
j1_addMult9_MULT_mult_18_U26   0.0002033   0.0001445   0.0004223   7.443e-05  FA_X1
j2_addMult5_MULT_mult_18_U65   0.0002252   0.0001345   0.0004223   6.251e-05  FA_X1
j2_addMult9_MULT_mult_18_U26   0.0002034   0.0001438    0.000422   7.479e-05  FA_X1
j0_addMult3_MULT_mult_18_U31   0.0002033   0.0001449    0.000422   7.388e-05  FA_X1
j1_addMult9_MULT_mult_18_U35   0.0002141   0.0001411    0.000422   6.673e-05  FA_X1
j2_addMult8_ADD_add_16_U1_5    0.0002049   0.0001451   0.0004219   7.186e-05  FA_X1
j1_addMult1_MULT_mult_18_U64   0.0002302   0.0001276   0.0004217   6.391e-05  FA_X1
j1_addMult7_MULT_mult_18_U35   0.0002122   0.0001452   0.0004214   6.404e-05  FA_X1
j0_addMult4_MULT_mult_18_U59   0.0002507   0.0001109   0.0004211   5.954e-05  FA_X1
j0_mult0_mult_18_U36           0.0002105   0.0001456    0.000421   6.489e-05  FA_X1
j0_addMult5_MULT_mult_18_U64   0.0002229   0.0001334   0.0004208   6.459e-05  FA_X1
j0_addMult5_MULT_mult_18_U60   0.0002167   0.0001328   0.0004207    7.11e-05  FA_X1
j0_addMult7_MULT_mult_18_U26   0.0002035   0.0001423   0.0004206   7.479e-05  FA_X1
j0_addMult0_MULT_mult_18_U65   0.0002235   0.0001375   0.0004203   5.929e-05  FA_X1
j1_addMult4_MULT_mult_18_U73    0.000221   0.0001374   0.0004203   6.194e-05  FA_X1
j0_addMult0_MULT_mult_18_U35   0.0002125   0.0001449   0.0004202   6.276e-05  FA_X1
j1_addMult1_MULT_mult_18_U35   0.0002122   0.0001438     0.00042   6.391e-05  FA_X1
j2_mult0_mult_18_U71           0.0002255   0.0001354   0.0004199   5.896e-05  FA_X1
j0_addMult3_MULT_mult_18_U35   0.0002126   0.0001432   0.0004199   6.411e-05  FA_X1
j2_mult0_mult_18_U64           0.0002338   0.0001238   0.0004199   6.235e-05  FA_X1
j1_addMult2_MULT_mult_18_U49   0.0002376   0.0001072   0.0004199   7.506e-05  FA_X1
j0_addMult8_MULT_mult_18_U26   0.0002033   0.0001421   0.0004198   7.443e-05  FA_X1
j1_addMult8_MULT_mult_18_U51   0.0002024   0.0001473   0.0004197   6.988e-05  FA_X1
j0_addMult9_MULT_mult_18_U28   0.0002037   0.0001382   0.0004196   7.774e-05  FA_X1
j0_addMult9_MULT_mult_18_U26   0.0002035   0.0001411   0.0004195   7.485e-05  FA_X1
j2_addMult7_MULT_mult_18_U43   0.0002229   0.0001361   0.0004193   6.035e-05  FA_X1
j0_addMult2_MULT_mult_18_U64   0.0002229   0.0001347   0.0004189   6.128e-05  FA_X1
j2_addMult0_MULT_mult_18_U47    0.000219   0.0001232   0.0004189   7.668e-05  FA_X1
j2_mult0_mult_18_U65           0.0002235   0.0001364   0.0004187    5.89e-05  FA_X1
j1_addMult3_MULT_mult_18_U64   0.0002256   0.0001315   0.0004187   6.163e-05  FA_X1
j2_mult0_mult_18_U52           0.0002158    0.000134   0.0004185   6.865e-05  FA_X1
j0_addMult8_ADD_add_16_U1_8     0.000213    0.000131    0.000418   7.406e-05  FA_X1
j1_addMult8_MULT_mult_18_U26   0.0002034   0.0001397   0.0004179   7.479e-05  FA_X1
j0_addMult8_ADD_add_16_U1_9    0.0002169   0.0001291   0.0004174   7.133e-05  FA_X1
j0_addMult0_MULT_mult_18_U63   0.0002186   0.0001433   0.0004174   5.549e-05  FA_X1
j2_addMult6_MULT_mult_18_U57   0.0002089   0.0001436   0.0004173   6.484e-05  FA_X1
j0_addMult7_MULT_mult_18_U38   0.0002199    0.000128   0.0004173   6.941e-05  FA_X1
j1_addMult3_ADD_add_16_U1_5    0.0002174   0.0001377   0.0004173   6.222e-05  FA_X1
j2_addMult5_MULT_mult_18_U31   0.0002031   0.0001401   0.0004171   7.388e-05  FA_X1
j1_mult0_mult_18_U64           0.0002209   0.0001325    0.000417   6.365e-05  FA_X1
j0_mult0_mult_18_U41            0.000227   0.0001231    0.000417   6.683e-05  FA_X1
j1_addMult0_MULT_mult_18_U51   0.0002025   0.0001447   0.0004169   6.965e-05  FA_X1
j2_addMult5_MULT_mult_18_U57   0.0002129    0.000137   0.0004163   6.643e-05  FA_X1
j2_addMult9_MULT_mult_18_U70   0.0002125   0.0001385   0.0004162   6.516e-05  FA_X1
j2_addMult4_ADD_add_16_U1_10   0.0002407   0.0001026   0.0004157   7.251e-05  FA_X1
j0_addMult3_ADD_add_16_U1_9    0.0001821   0.0001578   0.0004152   7.532e-05  FA_X1
j2_addMult3_MULT_mult_18_U29   0.0002178   0.0001307   0.0004151   6.657e-05  FA_X1
j2_addMult9_MULT_mult_18_U55   0.0002467   0.0001093    0.000415   5.903e-05  FA_X1
j1_addMult7_MULT_mult_18_U60   0.0002201   0.0001366   0.0004149   5.819e-05  FA_X1
j1_addMult9_MULT_mult_18_U74   0.0002417   0.0001259   0.0004148   4.725e-05  HA_X1
j0_addMult2_ADD_add_16_U1_4    0.0002112   0.0001363   0.0004148   6.732e-05  FA_X1
j1_mult0_mult_18_U71           0.0002214   0.0001328   0.0004147   6.049e-05  FA_X1
j2_addMult4_MULT_mult_18_U73    0.000216   0.0001387   0.0004147   6.001e-05  FA_X1
j1_addMult9_MULT_mult_18_U36   0.0002102   0.0001401   0.0004146   6.432e-05  FA_X1
j1_addMult9_MULT_mult_18_U51   0.0002024   0.0001413   0.0004145   7.087e-05  FA_X1
j2_addMult1_MULT_mult_18_U60   0.0002249    0.000129   0.0004145   6.062e-05  FA_X1
j0_mult0_mult_18_U52           0.0002161    0.000129   0.0004144    6.94e-05  FA_X1
j0_mult0_mult_18_U71           0.0002213   0.0001329   0.0004144   6.015e-05  FA_X1
j0_mult0_mult_18_U63           0.0002196   0.0001355   0.0004142   5.916e-05  FA_X1
j0_addMult1_MULT_mult_18_U38   0.0002193   0.0001258   0.0004141     6.9e-05  FA_X1
j1_addMult2_MULT_mult_18_U35   0.0002101   0.0001384   0.0004139   6.538e-05  FA_X1
j2_addMult9_MULT_mult_18_U63   0.0002193   0.0001358   0.0004137   5.857e-05  FA_X1
j1_addMult2_MULT_mult_18_U64   0.0002226   0.0001303   0.0004136   6.068e-05  FA_X1
j2_addMult9_ADD_add_16_U1_8    0.0002288   0.0001116   0.0004135   7.309e-05  FA_X1
j1_addMult5_MULT_mult_18_U64   0.0002223   0.0001267   0.0004133   6.438e-05  FA_X1
j1_addMult4_MULT_mult_18_U35   0.0002125   0.0001368   0.0004133   6.411e-05  FA_X1
j0_addMult1_MULT_mult_18_U44    0.000229   0.0001155   0.0004133   6.877e-05  FA_X1
j2_addMult8_ADD_add_16_U1_9    0.0002165   0.0001283   0.0004132   6.847e-05  FA_X1
j2_addMult1_MULT_mult_18_U70   0.0002185   0.0001384   0.0004129   5.605e-05  FA_X1
j0_addMult3_MULT_mult_18_U65    0.000225   0.0001253   0.0004128   6.251e-05  FA_X1
j0_addMult9_MULT_mult_18_U45   0.0002028   0.0001431   0.0004127   6.678e-05  FA_X1
j0_mult0_mult_18_U51           0.0002024   0.0001405   0.0004126   6.965e-05  FA_X1
j0_addMult3_MULT_mult_18_U63   0.0002163   0.0001342   0.0004113    6.07e-05  FA_X1
j0_addMult7_MULT_mult_18_U43   0.0002223   0.0001285    0.000411   6.027e-05  FA_X1
j2_addMult9_MULT_mult_18_U74   0.0002394   0.0001235    0.000411   4.815e-05  HA_X1
j1_addMult9_MULT_mult_18_U41   0.0002196   0.0001245    0.000411   6.679e-05  FA_X1
j0_addMult6_MULT_mult_18_U51   0.0002024   0.0001371   0.0004108   7.124e-05  FA_X1
j2_addMult2_MULT_mult_18_U69   0.0002123   0.0001432   0.0004103   5.473e-05  FA_X1
j1_addMult9_MULT_mult_18_U55   0.0002466   0.0001049   0.0004102   5.867e-05  FA_X1
j1_addMult4_MULT_mult_18_U74   0.0002012   0.0001533   0.0004101   5.563e-05  HA_X1
j2_addMult3_MULT_mult_18_U63   0.0002164   0.0001314   0.0004099   6.211e-05  FA_X1
j2_addMult4_MULT_mult_18_U49   0.0002327   0.0001134   0.0004099   6.378e-05  FA_X1
j1_addMult4_MULT_mult_18_U67   0.0002199   0.0001299   0.0004099   6.009e-05  FA_X1
j0_mult0_mult_18_U65           0.0002215   0.0001266   0.0004097   6.157e-05  FA_X1
j0_addMult0_MULT_mult_18_U41   0.0002145   0.0001298   0.0004095   6.521e-05  FA_X1
j1_mult0_mult_18_U68           0.0002043   0.0001514   0.0004092   5.341e-05  HA_X1
j2_addMult5_MULT_mult_18_U63   0.0002163   0.0001321   0.0004091    6.07e-05  FA_X1
j1_addMult5_MULT_mult_18_U35   0.0002125   0.0001309   0.0004089   6.559e-05  FA_X1
j2_addMult6_MULT_mult_18_U35   0.0002061   0.0001359   0.0004087   6.673e-05  FA_X1
j0_addMult4_MULT_mult_18_U35   0.0002125   0.0001306   0.0004087   6.559e-05  FA_X1
j2_addMult7_ADD_add_16_U1_6    0.0001862   0.0001461   0.0004086    7.64e-05  FA_X1
j2_addMult5_MULT_mult_18_U35   0.0002124   0.0001319   0.0004084   6.411e-05  FA_X1
j1_addMult1_MULT_mult_18_U60   0.0002283   0.0001229   0.0004084   5.727e-05  FA_X1
j1_addMult9_MULT_mult_18_U63   0.0002157    0.000132   0.0004081   6.036e-05  FA_X1
j0_addMult6_MULT_mult_18_U56   0.0002162    0.000133   0.0004078   5.869e-05  FA_X1
j1_addMult8_MULT_mult_18_U41   0.0002151   0.0001272   0.0004077   6.543e-05  FA_X1
j2_addMult4_MULT_mult_18_U35   0.0002079   0.0001374   0.0004074   6.212e-05  FA_X1
j2_addMult1_MULT_mult_18_U43   0.0002225   0.0001244   0.0004073   6.048e-05  FA_X1
j0_mult0_mult_18_U64            0.000209   0.0001358   0.0004073   6.251e-05  FA_X1
j2_addMult0_MULT_mult_18_U41   0.0002157   0.0001241   0.0004072   6.734e-05  FA_X1
j1_addMult0_MULT_mult_18_U63   0.0002128   0.0001378   0.0004069    5.64e-05  FA_X1
j2_addMult3_MULT_mult_18_U65   0.0002165   0.0001284   0.0004066   6.176e-05  FA_X1
j2_addMult2_MULT_mult_18_U64    0.000219   0.0001243   0.0004066   6.337e-05  FA_X1
j0_addMult8_MULT_mult_18_U47   0.0002109   0.0001193   0.0004064   7.615e-05  FA_X1
j2_addMult0_MULT_mult_18_U456  0.0001019   0.0002667   0.0004063   3.765e-05  XOR2_X1
j0_addMult9_MULT_mult_18_U35   0.0002086   0.0001339   0.0004063   6.384e-05  FA_X1
j2_mult0_mult_18_U35           0.0002117    0.000133   0.0004062   6.151e-05  FA_X1
j1_mult0_mult_18_U65           0.0002168   0.0001296   0.0004062   5.978e-05  FA_X1
j1_addMult9_MULT_mult_18_U70   0.0002085   0.0001321   0.0004061   6.553e-05  FA_X1
j0_addMult4_MULT_mult_18_U49   0.0002243   0.0001181   0.0004056   6.316e-05  FA_X1
j1_addMult4_MULT_mult_18_U59   0.0002379   0.0001065   0.0004054   6.089e-05  FA_X1
j2_addMult8_MULT_mult_18_U65   0.0002156   0.0001303   0.0004053   5.945e-05  FA_X1
j2_addMult9_MULT_mult_18_U51    0.000202   0.0001334   0.0004053   6.988e-05  FA_X1
j2_addMult1_MULT_mult_18_U456  9.832e-05   0.0002678   0.0004047   3.859e-05  XOR2_X1
j0_mult0_mult_18_U56           0.0002148   0.0001301   0.0004046   5.959e-05  FA_X1
j0_addMult7_MULT_mult_18_U44   0.0002206   0.0001168   0.0004043   6.684e-05  FA_X1
j0_addMult6_MULT_mult_18_U35   0.0002056   0.0001335    0.000404   6.492e-05  FA_X1
j1_addMult1_ADD_add_16_U1_10   0.0002327   9.561e-05   0.0004039   7.561e-05  FA_X1
j2_addMult3_MULT_mult_18_U43   0.0002195   0.0001192   0.0004037   6.495e-05  FA_X1
j2_addMult3_MULT_mult_18_U38   0.0002108   0.0001218   0.0004033   7.068e-05  FA_X1
j1_addMult5_MULT_mult_18_U74   0.0002166   0.0001363   0.0004032   5.032e-05  HA_X1
j0_addMult9_ADD_add_16_U1_8    0.0002166   0.0001128   0.0004032   7.375e-05  FA_X1
j1_addMult4_MULT_mult_18_U43   0.0002111   0.0001293    0.000403   6.255e-05  FA_X1
j2_addMult3_MULT_mult_18_U74   0.0002179   0.0001351   0.0004027   4.967e-05  HA_X1
j0_addMult4_MULT_mult_18_U67    0.000213    0.000133   0.0004026   5.656e-05  FA_X1
j0_addMult9_MULT_mult_18_U65    0.000212   0.0001292   0.0004025   6.137e-05  FA_X1
j2_addMult0_MULT_mult_18_U65   0.0002167   0.0001259   0.0004023   5.978e-05  FA_X1
j1_addMult3_MULT_mult_18_U35   0.0002076   0.0001325   0.0004023   6.212e-05  FA_X1
j1_mult0_mult_18_U56            0.000207   0.0001362   0.0004022   5.895e-05  FA_X1
j1_addMult3_MULT_mult_18_U74   0.0002114   0.0001391    0.000402   5.154e-05  HA_X1
j2_addMult1_MULT_mult_18_U377  0.0002022   0.0001675   0.0004019   3.212e-05  XNOR2_X1
j2_addMult3_MULT_mult_18_U64     0.00022   0.0001179   0.0004018    6.39e-05  FA_X1
j2_addMult7_MULT_mult_18_U44   0.0002205   0.0001135   0.0004015   6.755e-05  FA_X1
j2_addMult8_MULT_mult_18_U68   0.0002041   0.0001422   0.0004011   5.475e-05  HA_X1
j0_addMult1_MULT_mult_18_U64   0.0002171   0.0001212   0.0004007   6.241e-05  FA_X1
j2_addMult8_ADD_add_16_U1_8    0.0002046   0.0001211   0.0004007   7.502e-05  FA_X1
j1_addMult3_MULT_mult_18_U65   0.0002205   0.0001203   0.0004006   5.982e-05  FA_X1
j0_addMult4_MULT_mult_18_U73   0.0002116   0.0001292   0.0004005    5.97e-05  FA_X1
j0_addMult3_MULT_mult_18_U64   0.0002053   0.0001306   0.0004003   6.443e-05  FA_X1
j1_addMult9_MULT_mult_18_U65   0.0002081    0.000134   0.0004003   5.822e-05  FA_X1
j0_addMult7_MULT_mult_18_U64   0.0002096   0.0001279   0.0004002   6.272e-05  FA_X1
j0_addMult8_MULT_mult_18_U41   0.0002114    0.000121   0.0004001   6.771e-05  FA_X1
j2_mult0_mult_18_U63           0.0002109   0.0001306   0.0003999   5.835e-05  FA_X1
j0_addMult1_MULT_mult_18_U456  0.0001033   0.0002591   0.0003996   3.721e-05  XOR2_X1
j0_addMult5_ADD_add_16_U1_4    0.0002067    0.000123   0.0003994   6.981e-05  FA_X1
j2_addMult4_MULT_mult_18_U38   0.0002031   0.0001258   0.0003993   7.043e-05  FA_X1
j0_addMult7_MULT_mult_18_U456  9.937e-05   0.0002626   0.0003992   3.723e-05  XOR2_X1
j2_addMult4_MULT_mult_18_U65   0.0002165   0.0001236   0.0003989   5.881e-05  FA_X1
j1_addMult3_ADD_add_16_U1_3    0.0001977    0.000135   0.0003989   6.624e-05  FA_X1
j2_addMult4_MULT_mult_18_U71   0.0002096   0.0001263   0.0003988   6.299e-05  FA_X1
j2_addMult8_MULT_mult_18_U41   0.0002144   0.0001179   0.0003988   6.653e-05  FA_X1
j2_mult0_mult_18_U41            0.000214   0.0001192   0.0003985   6.519e-05  FA_X1
j0_addMult9_MULT_mult_18_U71   0.0002129   0.0001257   0.0003983   5.968e-05  FA_X1
j2_addMult4_MULT_mult_18_U59   0.0002424   9.739e-05   0.0003982   5.846e-05  FA_X1
j1_addMult3_MULT_mult_18_U43   0.0002064   0.0001312   0.0003982   6.057e-05  FA_X1
j0_addMult0_MULT_mult_18_U10   0.0001623   0.0001594   0.0003976   7.592e-05  FA_X1
j2_addMult7_MULT_mult_18_U456  9.793e-05   0.0002606   0.0003973   3.872e-05  XOR2_X1
j0_addMult5_MULT_mult_18_U456  9.794e-05   0.0002605   0.0003972   3.872e-05  XOR2_X1
j0_addMult5_MULT_mult_18_U65   0.0002165   0.0001195    0.000397   6.102e-05  FA_X1
j0_addMult4_MULT_mult_18_U65   0.0002085   0.0001296   0.0003969   5.881e-05  FA_X1
j2_addMult5_MULT_mult_18_U74   0.0002064   0.0001382   0.0003966   5.195e-05  HA_X1
j0_addMult5_MULT_mult_18_U38   0.0002031   0.0001232   0.0003962   6.989e-05  FA_X1
j1_addMult8_MULT_mult_18_U456  9.939e-05   0.0002595   0.0003961   3.723e-05  XOR2_X1
j1_addMult2_MULT_mult_18_U456  0.0001033   0.0002555   0.0003961   3.721e-05  XOR2_X1
j2_addMult5_MULT_mult_18_U29   0.0002171   0.0001127    0.000396   6.622e-05  FA_X1
j0_addMult4_MULT_mult_18_U71   0.0002052    0.000125   0.0003958   6.562e-05  FA_X1
j0_addMult1_MULT_mult_18_U70   0.0002073   0.0001335   0.0003958   5.494e-05  FA_X1
j0_addMult9_MULT_mult_18_U63   0.0002078    0.000128   0.0003957   5.994e-05  FA_X1
j1_addMult5_MULT_mult_18_U43    0.000211   0.0001218   0.0003956   6.286e-05  FA_X1
j0_addMult0_MULT_mult_18_U355   0.000211   0.0001527   0.0003955   3.189e-05  XNOR2_X1
j0_addMult9_MULT_mult_18_U56   0.0002079   0.0001272   0.0003955    6.03e-05  FA_X1
j2_addMult6_MULT_mult_18_U69   0.0001957   0.0001449   0.0003954   5.478e-05  FA_X1
j1_addMult5_MULT_mult_18_U65   0.0002122   0.0001239   0.0003953   5.927e-05  FA_X1
j0_addMult3_MULT_mult_18_U43   0.0002106    0.000122   0.0003953   6.269e-05  FA_X1
j1_addMult9_MULT_mult_18_U71   0.0002086   0.0001293   0.0003953   5.738e-05  FA_X1
j0_addMult9_MULT_mult_18_U64   0.0002142   0.0001163    0.000395   6.452e-05  FA_X1
j0_addMult5_MULT_mult_18_U74   0.0002053   0.0001367   0.0003949   5.289e-05  HA_X1
j1_addMult8_MULT_mult_18_U68   0.0002039    0.000136   0.0003949   5.494e-05  HA_X1
j2_mult0_mult_18_U40           0.0001947   0.0001271   0.0003947   7.297e-05  FA_X1
j2_addMult4_MULT_mult_18_U67   0.0002137   0.0001224   0.0003947   5.859e-05  FA_X1
j2_addMult7_MULT_mult_18_U60   0.0002157   0.0001195   0.0003946   5.942e-05  FA_X1
j2_addMult4_MULT_mult_18_U68    0.000204   0.0001363   0.0003945   5.418e-05  HA_X1
j1_addMult6_MULT_mult_18_U35   0.0002009   0.0001287   0.0003944   6.476e-05  FA_X1
j1_addMult5_MULT_mult_18_U38   0.0002027   0.0001228   0.0003943   6.877e-05  FA_X1
j1_addMult8_MULT_mult_18_U65    0.000208    0.000128   0.0003942   5.816e-05  FA_X1
j2_addMult3_MULT_mult_18_U456  0.0001034   0.0002533   0.0003939   3.721e-05  XOR2_X1
j2_addMult9_ADD_add_16_U1_3    0.0002421    8.81e-05   0.0003938   6.365e-05  FA_X1
j0_addMult9_ADD_add_16_U1_3     0.000235   9.198e-05   0.0003938   6.683e-05  FA_X1
j0_addMult4_MULT_mult_18_U38   0.0002027   0.0001223   0.0003937   6.877e-05  FA_X1
j2_addMult8_MULT_mult_18_U63   0.0002097   0.0001288   0.0003937   5.518e-05  FA_X1
j2_addMult5_MULT_mult_18_U43   0.0002105   0.0001202   0.0003934   6.269e-05  FA_X1
j2_mult0_mult_18_U67           0.0002154   0.0001216   0.0003934   5.629e-05  FA_X1
j1_addMult3_MULT_mult_18_U456  9.804e-05   0.0002563   0.0003932   3.886e-05  XOR2_X1
j2_addMult9_MULT_mult_18_U71   0.0002085   0.0001271   0.0003932   5.758e-05  FA_X1
j1_addMult0_MULT_mult_18_U456  9.837e-05    0.000256   0.0003929   3.859e-05  XOR2_X1
j0_addMult5_MULT_mult_18_U35   0.0002035    0.000126   0.0003929   6.335e-05  FA_X1
j0_addMult6_MULT_mult_18_U456  9.507e-05   0.0002598   0.0003928   3.793e-05  XOR2_X1
j1_mult0_mult_18_U67           0.0002131   0.0001218   0.0003926   5.772e-05  FA_X1
j2_addMult9_ADD_add_16_U1_9    0.0002239   0.0001016   0.0003925   6.708e-05  FA_X1
j1_addMult2_ADD_add_16_U1_3    0.0001499   0.0001732   0.0003924   6.927e-05  FA_X1
j1_addMult5_MULT_mult_18_U29   0.0002134   0.0001117   0.0003923   6.722e-05  FA_X1
j1_addMult1_MULT_mult_18_U38   0.0002026   0.0001209   0.0003922   6.868e-05  FA_X1
j0_addMult3_MULT_mult_18_U29    0.000217   0.0001088   0.0003921   6.622e-05  FA_X1
j2_addMult7_MULT_mult_18_U64   0.0002085    0.000121   0.0003918    6.24e-05  FA_X1
j2_addMult4_MULT_mult_18_U43   0.0002062    0.000125   0.0003917   6.046e-05  FA_X1
j1_addMult2_MULT_mult_18_U69   0.0002047   0.0001305   0.0003916   5.638e-05  FA_X1
j0_addMult9_MULT_mult_18_U41   0.0002103   0.0001149   0.0003916   6.638e-05  FA_X1
j0_addMult1_MULT_mult_18_U60    0.000216   0.0001174   0.0003914   5.804e-05  FA_X1
j0_addMult6_MULT_mult_18_U26   0.0001833   0.0001324   0.0003913   7.557e-05  FA_X1
j1_addMult5_MULT_mult_18_U63   0.0002067   0.0001257   0.0003913    5.88e-05  FA_X1
j2_addMult1_MULT_mult_18_U44   0.0002202   0.0001033   0.0003912   6.772e-05  FA_X1
j2_addMult9_MULT_mult_18_U456  9.955e-05   0.0002543   0.0003911   3.723e-05  XOR2_X1
j0_addMult4_MULT_mult_18_U470  0.0002011   0.0001412   0.0003909   4.868e-05  AOI222_X1
j2_addMult3_ADD_add_16_U1_10   0.0001879   0.0001285   0.0003909   7.453e-05  FA_X1
j2_addMult9_MULT_mult_18_U65    0.000208   0.0001245   0.0003907   5.816e-05  FA_X1
j0_addMult8_MULT_mult_18_U65   0.0002079   0.0001246   0.0003907   5.822e-05  FA_X1
j2_addMult1_MULT_mult_18_U64   0.0002089   0.0001192   0.0003906   6.251e-05  FA_X1
j2_addMult9_MULT_mult_18_U68   0.0002038   0.0001318   0.0003906   5.494e-05  HA_X1
j0_mult0_mult_18_U67           0.0002137   0.0001196   0.0003906   5.735e-05  FA_X1
j1_addMult5_ADD_add_16_U1_10   0.0002132   0.0001031   0.0003905   7.422e-05  FA_X1
j2_addMult6_MULT_mult_18_U456  0.0001019     0.00025   0.0003903   3.842e-05  XOR2_X1
j1_addMult1_MULT_mult_18_U74   0.0001858   0.0001483   0.0003902    5.61e-05  HA_X1
j2_addMult4_MULT_mult_18_U456  9.805e-05   0.0002533   0.0003902   3.886e-05  XOR2_X1
j0_mult0_mult_18_U68           0.0002039   0.0001325   0.0003902    5.38e-05  HA_X1
j1_addMult9_ADD_add_16_U1_4     0.000247   7.156e-05     0.00039   7.145e-05  FA_X1
j0_addMult3_MULT_mult_18_U74   0.0002062   0.0001318     0.00039   5.195e-05  HA_X1
j2_addMult7_MULT_mult_18_U70   0.0002096   0.0001247   0.0003897   5.546e-05  FA_X1
j2_addMult0_MULT_mult_18_U63   0.0002082   0.0001276   0.0003897    5.39e-05  FA_X1
j1_addMult5_MULT_mult_18_U372  0.0001605   0.0001949   0.0003893   3.387e-05  OAI22_X1
j0_addMult7_ADD_add_16_U1_3    0.0001895   0.0001299   0.0003892   6.982e-05  FA_X1
j1_addMult3_MULT_mult_18_U63   0.0002031   0.0001267   0.0003889   5.912e-05  FA_X1
j2_addMult9_MULT_mult_18_U64   0.0002092   0.0001164   0.0003883   6.272e-05  FA_X1
j0_addMult5_MULT_mult_18_U63   0.0002028   0.0001267   0.0003879   5.836e-05  FA_X1
j1_addMult1_MULT_mult_18_U73   0.0002043   0.0001211   0.0003876   6.226e-05  FA_X1
j1_addMult7_MULT_mult_18_U38   0.0002026   0.0001155    0.000387   6.891e-05  FA_X1
j1_addMult3_MULT_mult_18_U38   0.0002029   0.0001135   0.0003868   7.043e-05  FA_X1
j0_mult0_mult_18_U400          0.0002008   0.0001534   0.0003863   3.212e-05  XNOR2_X1
j0_addMult7_MULT_mult_18_U60   0.0002114   0.0001182   0.0003862   5.656e-05  FA_X1
j2_addMult9_MULT_mult_18_U56   0.0002032   0.0001252   0.0003861   5.776e-05  FA_X1
FE_OFC26_DIN3k1_out_10         3.307e-05   0.0003408   0.0003853    1.14e-05  CLKBUF_X1
j0_addMult9_MULT_mult_18_U67   0.0002044   0.0001235   0.0003849     5.7e-05  FA_X1
j0_addMult3_MULT_mult_18_U68    0.000194   0.0001363   0.0003848   5.456e-05  HA_X1
j1_addMult9_MULT_mult_18_U56   0.0002031   0.0001233   0.0003845   5.811e-05  FA_X1
j0_addMult0_MULT_mult_18_U9    0.0001615   0.0001483   0.0003842   7.444e-05  FA_X1
FE_DBTC2_DIN3k1_out_7          4.689e-05   0.0003228   0.0003839   1.425e-05  INV_X1
j2_mult0_mult_18_U44           0.0002302   9.254e-05   0.0003839   6.117e-05  FA_X1
j2_addMult0_MULT_mult_18_U68   0.0002037   0.0001266   0.0003838   5.341e-05  HA_X1
j1_addMult2_MULT_mult_18_U71   0.0001975   0.0001173   0.0003838   6.903e-05  FA_X1
j1_addMult8_MULT_mult_18_U63    0.000201   0.0001279   0.0003837   5.488e-05  FA_X1
j1_addMult6_ADD_add_16_U1_10   0.0001844   0.0001249   0.0003836   7.428e-05  FA_X1
j1_addMult9_MULT_mult_18_U64   0.0002054   0.0001133   0.0003831   6.438e-05  FA_X1
j2_addMult8_MULT_mult_18_U355  0.0002006   0.0001504   0.0003831   3.212e-05  XNOR2_X1
j0_addMult7_MULT_mult_18_U70   0.0002039    0.000125   0.0003829   5.393e-05  FA_X1
j2_addMult2_MULT_mult_18_U26    0.000183   0.0001249   0.0003829   7.497e-05  FA_X1
j2_mult0_mult_18_U355          0.0002027    0.000149   0.0003829   3.118e-05  XNOR2_X1
j0_addMult5_MULT_mult_18_U29   0.0002044   0.0001133   0.0003827   6.504e-05  FA_X1
j0_addMult2_MULT_mult_18_U69   0.0001989   0.0001294   0.0003826   5.433e-05  FA_X1
j2_addMult2_MULT_mult_18_U49   0.0002046    0.000104   0.0003826   7.407e-05  FA_X1
j0_addMult0_MULT_mult_18_U68   0.0002037   0.0001245   0.0003825   5.437e-05  HA_X1
j1_addMult5_MULT_mult_18_U66   0.0001931    0.000118   0.0003822     7.1e-05  FA_X1
j0_addMult9_MULT_mult_18_U52   0.0001993   0.0001145   0.0003817   6.787e-05  FA_X1
j0_addMult9_ADD_add_16_U1_4    0.0002244    8.73e-05   0.0003815   6.987e-05  FA_X1
j2_addMult0_MULT_mult_18_U10   0.0001782   0.0001272   0.0003812   7.582e-05  FA_X1
j1_addMult7_MULT_mult_18_U43   0.0002025   0.0001168   0.0003811   6.176e-05  FA_X1
j0_addMult9_MULT_mult_18_U44   0.0002224   9.658e-05   0.0003811   6.217e-05  FA_X1
j2_mult0_mult_18_U456          9.459e-05   0.0002488   0.0003806   3.716e-05  XOR2_X1
j2_addMult6_MULT_mult_18_U68   0.0001889   0.0001353   0.0003805   5.631e-05  HA_X1
j0_addMult8_MULT_mult_18_U63   0.0002013   0.0001235   0.0003799   5.509e-05  FA_X1
j2_addMult5_MULT_mult_18_U68   0.0001938   0.0001314   0.0003798   5.456e-05  HA_X1
j0_addMult8_MULT_mult_18_U456  9.749e-05   0.0002459   0.0003798   3.641e-05  XOR2_X1
j2_addMult2_MULT_mult_18_U71   0.0001968   0.0001155   0.0003797   6.747e-05  FA_X1
j1_mult0_mult_18_U456          0.0001021   0.0002399   0.0003797   3.765e-05  XOR2_X1
j0_addMult5_MULT_mult_18_U43    0.000206   0.0001131   0.0003796   6.055e-05  FA_X1
j2_addMult8_MULT_mult_18_U9    0.0001533   0.0001517   0.0003795   7.456e-05  FA_X1
j2_addMult3_MULT_mult_18_U10   0.0001685   0.0001356   0.0003795    7.54e-05  FA_X1
j2_addMult2_MULT_mult_18_U62   0.0001829   0.0001387   0.0003794   5.783e-05  HA_X1
j0_addMult1_MULT_mult_18_U74   0.0001817   0.0001422   0.0003791   5.519e-05  HA_X1
j2_addMult5_MULT_mult_18_U64   0.0002048   0.0001098    0.000379   6.443e-05  FA_X1
j1_addMult3_MULT_mult_18_U29   0.0002041   0.0001107    0.000379   6.419e-05  FA_X1
j0_addMult3_MULT_mult_18_U10   0.0001685   0.0001337   0.0003789   7.672e-05  FA_X1
j0_addMult9_MULT_mult_18_U40   0.0001778   0.0001297   0.0003789   7.144e-05  FA_X1
j1_addMult7_MULT_mult_18_U73    0.000196   0.0001207   0.0003785   6.187e-05  FA_X1
j2_addMult5_MULT_mult_18_U456  9.289e-05   0.0002471   0.0003782    3.82e-05  XOR2_X1
j2_addMult3_MULT_mult_18_U66   0.0001967   0.0001145   0.0003782   6.695e-05  FA_X1
j1_addMult5_MULT_mult_18_U50   0.0001905   0.0001215    0.000378   6.603e-05  FA_X1
j1_addMult6_MULT_mult_18_U456  9.805e-05   0.0002412   0.0003779   3.872e-05  XOR2_X1
j2_addMult5_MULT_mult_18_U10   0.0001684   0.0001326   0.0003777   7.672e-05  FA_X1
j1_addMult8_ADD_add_16_U1_10   0.0001907   0.0001148   0.0003776   7.206e-05  FA_X1
j2_addMult8_MULT_mult_18_U10   0.0001538   0.0001475   0.0003775   7.625e-05  FA_X1
j2_addMult1_MULT_mult_18_U74   0.0001803   0.0001426   0.0003774   5.455e-05  HA_X1
j1_addMult5_MULT_mult_18_U456   0.000102   0.0002366    0.000377   3.842e-05  XOR2_X1
j1_addMult3_ADD_add_16_U1_8    0.0001798   0.0001257   0.0003768   7.128e-05  FA_X1
j0_addMult2_MULT_mult_18_U456  9.811e-05   0.0002397   0.0003767   3.886e-05  XOR2_X1
j0_mult0_mult_18_U62           0.0001796   0.0001382   0.0003762   5.842e-05  HA_X1
j1_addMult7_MULT_mult_18_U74   0.0001804   0.0001397   0.0003761    5.59e-05  HA_X1
j1_addMult3_MULT_mult_18_U50   0.0001906   0.0001205   0.0003761    6.49e-05  FA_X1
j0_addMult2_MULT_mult_18_U71   0.0001924   0.0001181   0.0003759   6.535e-05  FA_X1
j1_addMult1_MULT_mult_18_U43   0.0002025   0.0001111   0.0003754   6.179e-05  FA_X1
j2_mult0_mult_18_U68           0.0002035    0.000118   0.0003752    5.36e-05  HA_X1
j1_addMult9_MULT_mult_18_U400   0.000195   0.0001486   0.0003751   3.153e-05  XNOR2_X1
j0_addMult4_MULT_mult_18_U68   0.0002035   0.0001185    0.000375   5.303e-05  HA_X1
j0_addMult4_MULT_mult_18_U74   0.0001755   0.0001411   0.0003749   5.829e-05  HA_X1
j1_addMult8_MULT_mult_18_U62   0.0001787   0.0001402   0.0003743   5.537e-05  HA_X1
j0_addMult6_MULT_mult_18_U68   0.0001888   0.0001296   0.0003741   5.574e-05  HA_X1
j1_addMult4_MULT_mult_18_U68   0.0002035   0.0001168   0.0003739    5.36e-05  HA_X1
j1_addMult0_MULT_mult_18_U68   0.0002035   0.0001166   0.0003738    5.38e-05  HA_X1
j0_addMult6_MULT_mult_18_U69   0.0001951   0.0001242   0.0003738   5.454e-05  FA_X1
j0_addMult8_MULT_mult_18_U68   0.0001985    0.000119   0.0003738   5.631e-05  HA_X1
j2_addMult4_MULT_mult_18_U470  0.0002014   0.0001326   0.0003736   3.963e-05  AOI222_X1
j0_mult0_mult_18_U456          9.844e-05   0.0002366   0.0003736   3.859e-05  XOR2_X1
j1_mult0_mult_18_U468          0.0001988    0.000139   0.0003735    3.57e-05  XNOR2_X1
j0_addMult8_MULT_mult_18_U400  0.0001945   0.0001474   0.0003735   3.153e-05  XNOR2_X1
j1_addMult8_MULT_mult_18_U469  0.0001866   0.0001596   0.0003734   2.715e-05  OAI222_X1
j1_addMult3_MULT_mult_18_U66   0.0001926    0.000114   0.0003733   6.661e-05  FA_X1
j0_addMult5_MULT_mult_18_U68   0.0001887    0.000128   0.0003731   5.631e-05  HA_X1
j1_addMult2_MULT_mult_18_U68   0.0001937   0.0001264   0.0003728   5.265e-05  HA_X1
j1_addMult9_MULT_mult_18_U67   0.0002002   0.0001174   0.0003727   5.504e-05  FA_X1
j2_addMult5_MULT_mult_18_U62   0.0001806   0.0001352   0.0003726   5.678e-05  HA_X1
j0_addMult6_MULT_mult_18_U49   0.0002046   9.461e-05   0.0003725    7.33e-05  FA_X1
j0_addMult9_MULT_mult_18_U456  9.025e-05   0.0002452   0.0003721    3.66e-05  XOR2_X1
j0_addMult1_ADD_add_16_U1_10   0.0002323   6.311e-05    0.000372   7.662e-05  FA_X1
j0_addMult5_MULT_mult_18_U10   0.0001643   0.0001298    0.000372   7.794e-05  FA_X1
j1_addMult1_MULT_mult_18_U70   0.0001963   0.0001217   0.0003719   5.393e-05  FA_X1
j2_addMult2_MULT_mult_18_U68   0.0001985   0.0001187   0.0003718   5.459e-05  HA_X1
j0_addMult7_MULT_mult_18_U74   0.0001772   0.0001394   0.0003714   5.477e-05  HA_X1
j1_addMult3_MULT_mult_18_U68   0.0001936   0.0001234   0.0003706    5.36e-05  HA_X1
j1_addMult6_MULT_mult_18_U69   0.0001951   0.0001206   0.0003705   5.478e-05  FA_X1
j0_addMult3_MULT_mult_18_U66    0.000189    0.000113   0.0003704   6.837e-05  FA_X1
j0_addMult5_MULT_mult_18_U66   0.0001888   0.0001117   0.0003702    6.97e-05  FA_X1
j0_addMult1_MULT_mult_18_U482  8.726e-05   0.0002465   0.0003702   3.644e-05  XNOR2_X1
j0_addMult4_MULT_mult_18_U62    0.000177   0.0001345   0.0003702   5.866e-05  HA_X1
j2_addMult0_MULT_mult_18_U469  0.0001957   0.0001395   0.0003701   3.489e-05  OAI222_X1
j2_addMult5_MULT_mult_18_U66    0.000189   0.0001127   0.0003701   6.837e-05  FA_X1
j1_addMult6_MULT_mult_18_U68   0.0001887   0.0001251   0.0003701   5.631e-05  HA_X1
j2_addMult1_MULT_mult_18_U55   0.0002176   9.044e-05     0.00037   6.193e-05  FA_X1
j1_mult0_mult_18_U62           0.0001764   0.0001347   0.0003698   5.867e-05  HA_X1
j2_addMult3_MULT_mult_18_U62   0.0001781   0.0001355   0.0003696   5.599e-05  HA_X1
j2_addMult7_ADD_add_16_U1_3    0.0001826   0.0001145   0.0003695   7.234e-05  FA_X1
j1_addMult2_MULT_mult_18_U62   0.0001781   0.0001354   0.0003694   5.599e-05  HA_X1
j0_addMult1_MULT_mult_18_U73    0.000192   0.0001174   0.0003694   6.004e-05  FA_X1
j0_addMult9_ADD_add_16_U1_9    0.0002116   8.652e-05   0.0003694   7.129e-05  FA_X1
j0_addMult5_ADD_add_16_U1_3    0.0001922   0.0001149   0.0003694   6.238e-05  FA_X1
j0_addMult7_ADD_add_16_U1_6    0.0001725   0.0001241   0.0003693   7.269e-05  FA_X1
j0_addMult0_MULT_mult_18_U400  0.0001946   0.0001417    0.000369   3.273e-05  XNOR2_X1
j0_addMult1_MULT_mult_18_U390  0.0002066   0.0001315    0.000369   3.095e-05  XNOR2_X1
j1_addMult6_MULT_mult_18_U71   0.0001886   0.0001128   0.0003688   6.742e-05  FA_X1
j2_addMult9_MULT_mult_18_U67   0.0002005   0.0001126   0.0003683   5.523e-05  FA_X1
j1_addMult9_ADD_add_16_U1_9    0.0002191   7.953e-05   0.0003674   6.876e-05  FA_X1
j0_addMult1_MULT_mult_18_U373  0.0002071   0.0001293   0.0003673   3.095e-05  XNOR2_X1
j1_addMult7_ADD_add_16_U1_10    0.000183   0.0001113   0.0003673   7.299e-05  FA_X1
j1_addMult4_MULT_mult_18_U470  0.0001896   0.0001326   0.0003672   4.508e-05  AOI222_X1
j1_addMult4_MULT_mult_18_U49   0.0002025   0.0001028    0.000367   6.173e-05  FA_X1
j2_addMult6_MULT_mult_18_U71   0.0001884   0.0001106   0.0003668    6.78e-05  FA_X1
j1_addMult1_MULT_mult_18_U55   0.0002196   8.807e-05   0.0003666   5.893e-05  FA_X1
j1_addMult2_MULT_mult_18_U67   0.0001933   0.0001095   0.0003666   6.372e-05  FA_X1
j2_addMult1_MULT_mult_18_U384  0.0002008   0.0001333   0.0003662   3.212e-05  XNOR2_X1
j0_mult0_mult_18_U44           0.0002167   8.867e-05   0.0003661   6.077e-05  FA_X1
j1_addMult7_MULT_mult_18_U456  9.521e-05   0.0002327   0.0003659   3.793e-05  XOR2_X1
j2_addMult6_MULT_mult_18_U67    0.000185   0.0001183   0.0003659   6.255e-05  FA_X1
j2_addMult3_MULT_mult_18_U50   0.0001905   0.0001088   0.0003656    6.63e-05  FA_X1
j2_addMult0_MULT_mult_18_U62   0.0001761   0.0001307   0.0003655   5.867e-05  HA_X1
j1_addMult0_ADD_add_16_U1_4    0.0001556   0.0001424   0.0003653   6.724e-05  FA_X1
j2_addMult0_MULT_mult_18_U9    0.0001773   0.0001138   0.0003652   7.419e-05  FA_X1
j1_addMult1_MULT_mult_18_U456  9.134e-05   0.0002354   0.0003648   3.804e-05  XOR2_X1
j2_addMult0_ADD_add_16_U1_3    0.0001772   0.0001228   0.0003645   6.445e-05  FA_X1
j1_addMult5_MULT_mult_18_U34    0.000172   0.0001147   0.0003643   7.755e-05  FA_X1
FE_DBTC7_i0_R2_out_7           3.689e-05   0.0003137   0.0003641   1.346e-05  INV_X1
j2_addMult7_MULT_mult_18_U367  0.0001991   0.0001324   0.0003637   3.224e-05  XNOR2_X1
j1_mult0_mult_18_U367          0.0002176   0.0001139   0.0003636   3.214e-05  XNOR2_X1
j1_addMult5_MULT_mult_18_U68   0.0001885   0.0001185   0.0003633   5.631e-05  HA_X1
j2_addMult2_MULT_mult_18_U456  9.174e-05    0.000233   0.0003628   3.804e-05  XOR2_X1
j1_mult0_mult_18_U373          0.0002175   0.0001127   0.0003624   3.214e-05  XNOR2_X1
j2_addMult7_MULT_mult_18_U74   0.0001699   0.0001361   0.0003623   5.631e-05  HA_X1
j2_addMult9_MULT_mult_18_U62   0.0001784    0.000128   0.0003618   5.537e-05  HA_X1
j1_addMult2_MULT_mult_18_U366  0.0001615   0.0001686   0.0003617   3.166e-05  OAI22_X1
j0_addMult0_MULT_mult_18_U353  0.0002106   0.0001192   0.0003617   3.189e-05  XNOR2_X1
j0_addMult1_MULT_mult_18_U302  3.472e-05   0.0003131   0.0003608   1.295e-05  INV_X1
j1_addMult9_ADD_add_16_U1_8    0.0002229    6.28e-05   0.0003607   7.501e-05  FA_X1
j0_mult0_mult_18_U34           0.0001743    0.000103   0.0003606   8.322e-05  FA_X1
j0_addMult9_MULT_mult_18_U68   0.0001984   0.0001065   0.0003604   5.555e-05  HA_X1
j1_mult0_mult_18_U343          0.0002153   0.0001138   0.0003604    3.13e-05  XNOR2_X1
j0_addMult5_MULT_mult_18_U50   0.0001858   0.0001102   0.0003604   6.437e-05  FA_X1
j2_addMult6_MULT_mult_18_U26   0.0001661   0.0001204   0.0003602   7.374e-05  FA_X1
j1_mult0_mult_18_U396          0.0002175   0.0001105   0.0003601   3.214e-05  XNOR2_X1
j0_addMult5_MULT_mult_18_U62   0.0001708   0.0001321   0.0003601   5.717e-05  HA_X1
j1_addMult0_MULT_mult_18_U55   0.0002131   8.972e-05     0.00036   5.724e-05  FA_X1
j1_addMult8_MULT_mult_18_U10   0.0001689    0.000115     0.00036    7.61e-05  FA_X1
j1_mult0_mult_18_U349          0.0002153   0.0001134     0.00036    3.13e-05  XNOR2_X1
j0_addMult0_MULT_mult_18_U55   0.0002142   9.069e-05   0.0003597   5.488e-05  FA_X1
j0_addMult4_MULT_mult_18_U372  0.0001601   0.0001656   0.0003596   3.387e-05  OAI22_X1
j1_mult0_mult_18_U388          0.0002175   0.0001096   0.0003593   3.214e-05  XNOR2_X1
j2_mult0_mult_18_U62           0.0001691   0.0001331   0.0003591   5.698e-05  HA_X1
j1_mult0_mult_18_U392          0.0002175   0.0001095   0.0003591   3.214e-05  XNOR2_X1
j0_addMult6_MULT_mult_18_U71   0.0001803   0.0001109   0.0003589   6.773e-05  FA_X1
j1_addMult7_MULT_mult_18_U360  0.0001547   0.0001697   0.0003589   3.447e-05  OAI22_X1
j2_addMult0_MULT_mult_18_U365  0.0002174   0.0001093   0.0003588   3.214e-05  XNOR2_X1
j1_mult0_mult_18_U384          0.0002175   0.0001089   0.0003585   3.214e-05  XNOR2_X1
j1_mult0_mult_18_U371          0.0002174   0.0001089   0.0003584   3.214e-05  XNOR2_X1
j0_addMult2_MULT_mult_18_U366  0.0001512   0.0001742   0.0003583   3.294e-05  OAI22_X1
j1_addMult3_MULT_mult_18_U62   0.0001709   0.0001306   0.0003581   5.658e-05  HA_X1
j1_mult0_mult_18_U375          0.0002174   0.0001086   0.0003581   3.214e-05  XNOR2_X1
j1_addMult9_MULT_mult_18_U68   0.0001981   0.0001036    0.000358   5.631e-05  HA_X1
j0_addMult2_MULT_mult_18_U68   0.0001933   0.0001111    0.000358    5.36e-05  HA_X1
j1_mult0_mult_18_U345          0.0002152   0.0001113   0.0003579    3.13e-05  XNOR2_X1
j0_addMult1_MULT_mult_18_U371   0.000207   0.0001199   0.0003578   3.095e-05  XNOR2_X1
j0_addMult0_MULT_mult_18_U347  0.0002106   0.0001154   0.0003578   3.189e-05  XNOR2_X1
j1_mult0_mult_18_U382          0.0002174   0.0001081   0.0003576   3.214e-05  XNOR2_X1
j1_addMult1_MULT_mult_18_U360  0.0001631   0.0001595   0.0003575   3.491e-05  OAI22_X1
j1_addMult2_MULT_mult_18_U26   0.0001661   0.0001155   0.0003574   7.583e-05  FA_X1
j2_addMult9_MULT_mult_18_U44    0.000205   9.015e-05   0.0003574   6.222e-05  FA_X1
j1_addMult0_MULT_mult_18_U62   0.0001789   0.0001199   0.0003572   5.842e-05  HA_X1
j0_addMult8_MULT_mult_18_U469  0.0001864   0.0001444   0.0003572   2.642e-05  OAI222_X1
j1_addMult0_MULT_mult_18_U365  0.0002021   0.0001229   0.0003572   3.212e-05  XNOR2_X1
j2_addMult4_MULT_mult_18_U74   0.0001693    0.000134    0.000357    5.37e-05  HA_X1
j0_addMult3_ADD_add_16_U1_10   0.0001835   9.798e-05   0.0003568   7.532e-05  FA_X1
j1_addMult1_MULT_mult_18_U345  0.0002105   0.0001143   0.0003567   3.189e-05  XNOR2_X1
j1_mult0_mult_18_U377          0.0002173   0.0001071   0.0003565   3.214e-05  XNOR2_X1
j1_mult0_mult_18_U361          0.0002173    0.000107   0.0003565   3.214e-05  XNOR2_X1
j1_addMult0_MULT_mult_18_U10   0.0001771   0.0001045   0.0003565   7.488e-05  FA_X1
j1_mult0_mult_18_U365          0.0002173   0.0001069   0.0003563   3.214e-05  XNOR2_X1
j1_mult0_mult_18_U351          0.0002152   0.0001098   0.0003563    3.13e-05  XNOR2_X1
j2_addMult5_ADD_add_16_U1_10   0.0002199   6.232e-05   0.0003561   7.387e-05  FA_X1
j0_addMult6_ADD_add_16_U1_10   0.0001961   8.562e-05   0.0003559    7.42e-05  FA_X1
j0_addMult0_MULT_mult_18_U62   0.0001633   0.0001351   0.0003558   5.743e-05  HA_X1
j1_mult0_mult_18_U359          0.0002173   0.0001063   0.0003558   3.214e-05  XNOR2_X1
j2_mult0_mult_18_U316          5.974e-05    0.000282   0.0003557   1.401e-05  INV_X1
j1_mult0_mult_18_U386          0.0002174   0.0001061   0.0003556   3.214e-05  XNOR2_X1
j2_addMult5_MULT_mult_18_U50   0.0001815   0.0001089   0.0003556   6.515e-05  FA_X1
j1_mult0_mult_18_U341          0.0002152   0.0001089   0.0003554    3.13e-05  XNOR2_X1
j1_mult0_mult_18_U363          0.0002173   0.0001059   0.0003553   3.214e-05  XNOR2_X1
j1_mult0_mult_18_U369          0.0002173   0.0001059   0.0003553   3.214e-05  XNOR2_X1
j1_mult0_mult_18_U400          0.0002174   0.0001058   0.0003553   3.214e-05  XNOR2_X1
j0_addMult0_MULT_mult_18_U343  0.0002105   0.0001127   0.0003551   3.189e-05  XNOR2_X1
j1_addMult6_MULT_mult_18_U26    0.000162    0.000119    0.000355   7.404e-05  FA_X1
j1_addMult4_MULT_mult_18_U372  0.0001585   0.0001627    0.000355   3.375e-05  OAI22_X1
j0_addMult7_MULT_mult_18_U73   0.0001836   0.0001108    0.000355   6.047e-05  FA_X1
j2_addMult0_MULT_mult_18_U382  0.0002173   0.0001055   0.0003549   3.214e-05  XNOR2_X1
j0_addMult3_MULT_mult_18_U456  9.301e-05   0.0002237   0.0003549    3.82e-05  XOR2_X1
j1_addMult2_ADD_add_16_U1_6    0.0001499   0.0001285   0.0003549    7.65e-05  FA_X1
j0_addMult0_MULT_mult_18_U351  0.0002105   0.0001121   0.0003545   3.189e-05  XNOR2_X1
j0_addMult1_MULT_mult_18_U369   0.000207   0.0001165   0.0003544   3.095e-05  XNOR2_X1
j1_addMult0_MULT_mult_18_U9    0.0001769   0.0001037   0.0003544   7.381e-05  FA_X1
j1_mult0_mult_18_U398          0.0002173   0.0001048   0.0003542   3.214e-05  XNOR2_X1
j0_addMult3_MULT_mult_18_U62   0.0001804   0.0001171   0.0003542   5.678e-05  HA_X1
j1_mult0_mult_18_U394          0.0002173   0.0001047   0.0003542   3.214e-05  XNOR2_X1
j0_addMult1_MULT_mult_18_U398  0.0002064   0.0001167   0.0003541   3.095e-05  XNOR2_X1
j0_addMult2_MULT_mult_18_U67   0.0001874   0.0001069    0.000354   5.971e-05  FA_X1
j1_addMult4_MULT_mult_18_U456  9.302e-05   0.0002227   0.0003539    3.82e-05  XOR2_X1
j0_addMult0_MULT_mult_18_U345  0.0002105   0.0001112   0.0003536   3.189e-05  XNOR2_X1
j2_addMult7_MULT_mult_18_U55   0.0002083   8.433e-05   0.0003534   6.069e-05  FA_X1
j0_addMult1_MULT_mult_18_U55   0.0002082   8.487e-05    0.000353   5.991e-05  FA_X1
j0_addMult3_MULT_mult_18_U50   0.0001815   0.0001063   0.0003529   6.515e-05  FA_X1
j2_addMult7_MULT_mult_18_U360  0.0001526   0.0001647   0.0003528   3.557e-05  OAI22_X1
j2_addMult0_MULT_mult_18_U345   0.000215   0.0001063   0.0003527    3.13e-05  XNOR2_X1
j2_mult0_mult_18_U487          0.0002026   0.0001188   0.0003526   3.118e-05  XNOR2_X1
j2_addMult0_MULT_mult_18_U347   0.000215   0.0001063   0.0003526    3.13e-05  XNOR2_X1
j1_addMult5_MULT_mult_18_U10   0.0001677   0.0001073   0.0003526   7.757e-05  FA_X1
j1_mult0_mult_18_U487          0.0002151   0.0001061   0.0003525    3.13e-05  XNOR2_X1
j2_addMult0_MULT_mult_18_U394  0.0002008   0.0001195   0.0003525   3.214e-05  XNOR2_X1
j1_addMult7_MULT_mult_18_U70   0.0001891   0.0001081   0.0003522   5.509e-05  FA_X1
j1_mult0_mult_18_U390          0.0002173   0.0001027   0.0003521   3.214e-05  XNOR2_X1
j2_addMult0_MULT_mult_18_U351   0.000215   0.0001058   0.0003521    3.13e-05  XNOR2_X1
j2_addMult4_MULT_mult_18_U62   0.0001781   0.0001176    0.000352   5.637e-05  HA_X1
j2_addMult2_MULT_mult_18_U67   0.0001849   0.0001055   0.0003519    6.15e-05  FA_X1
j0_addMult1_MULT_mult_18_U56   0.0001691    0.000122   0.0003517   6.057e-05  FA_X1
j2_addMult0_MULT_mult_18_U343   0.000215   0.0001054   0.0003517    3.13e-05  XNOR2_X1
j0_addMult8_MULT_mult_18_U34   0.0001622    0.000109   0.0003517   8.047e-05  FA_X1
j1_addMult4_MULT_mult_18_U71   0.0001805   0.0001058   0.0003517   6.539e-05  FA_X1
j2_mult0_mult_18_U345          0.0002026   0.0001178   0.0003516   3.118e-05  XNOR2_X1
j1_addMult7_MULT_mult_18_U55    0.000212   7.928e-05   0.0003513   6.001e-05  FA_X1
j1_mult0_mult_18_U355           0.000215   0.0001048   0.0003511    3.13e-05  XNOR2_X1
j0_mult0_mult_18_U394          0.0002007   0.0001183   0.0003511   3.212e-05  XNOR2_X1
j0_addMult7_MULT_mult_18_U360  0.0001547   0.0001604   0.0003511   3.596e-05  OAI22_X1
j1_addMult1_MULT_mult_18_U351  0.0002104   0.0001088    0.000351   3.189e-05  XNOR2_X1
j0_addMult3_MULT_mult_18_U34   0.0001711    0.000102    0.000351   7.791e-05  FA_X1
j2_addMult1_MULT_mult_18_U400  0.0002008    0.000118   0.0003509   3.212e-05  XNOR2_X1
j0_addMult0_MULT_mult_18_U349  0.0002105   0.0001085   0.0003508   3.189e-05  XNOR2_X1
j1_mult0_mult_18_U347           0.000215   0.0001045   0.0003508    3.13e-05  XNOR2_X1
j2_addMult1_MULT_mult_18_U396  0.0002008   0.0001179   0.0003508   3.212e-05  XNOR2_X1
j2_addMult3_MULT_mult_18_U370  0.0001614   0.0001578   0.0003508   3.166e-05  OAI22_X1
j2_addMult0_MULT_mult_18_U359  0.0002027   0.0001159   0.0003507   3.214e-05  XNOR2_X1
j2_addMult0_MULT_mult_18_U349   0.000215   0.0001044   0.0003507    3.13e-05  XNOR2_X1
j1_addMult1_MULT_mult_18_U353  0.0002103   0.0001084   0.0003506   3.189e-05  XNOR2_X1
j1_mult0_mult_18_U353           0.000215   0.0001042   0.0003505    3.13e-05  XNOR2_X1
j2_addMult3_MULT_mult_18_U360  0.0001614   0.0001572   0.0003503   3.166e-05  OAI22_X1
j0_addMult8_MULT_mult_18_U62   0.0001698   0.0001242   0.0003502   5.622e-05  HA_X1
j0_addMult4_MULT_mult_18_U394  0.0002055   0.0001122   0.0003501   3.237e-05  XNOR2_X1
j1_addMult1_MULT_mult_18_U487  0.0002104   0.0001078     0.00035   3.189e-05  XNOR2_X1
j1_addMult1_MULT_mult_18_U349  0.0002104   0.0001078     0.00035   3.189e-05  XNOR2_X1
j0_addMult6_MULT_mult_18_U62   0.0001729   0.0001193   0.0003499   5.765e-05  HA_X1
j2_mult0_mult_18_U349          0.0002026   0.0001159   0.0003497   3.118e-05  XNOR2_X1
j2_addMult0_MULT_mult_18_U373  0.0002027   0.0001149   0.0003496   3.214e-05  XNOR2_X1
j2_addMult2_MULT_mult_18_U347  0.0002105   0.0001072   0.0003496   3.189e-05  XNOR2_X1
j1_addMult0_ADD_add_16_U1_10   0.0001576   0.0001241   0.0003493   6.769e-05  FA_X1
j1_addMult9_MULT_mult_18_U44   0.0002051   8.129e-05   0.0003493   6.295e-05  FA_X1
j0_addMult0_MULT_mult_18_U456  9.181e-05   0.0002194   0.0003492   3.804e-05  XOR2_X1
j2_addMult3_MULT_mult_18_U68   0.0001931   0.0001034   0.0003492   5.265e-05  HA_X1
j0_addMult4_MULT_mult_18_U384  0.0002055   0.0001113   0.0003492   3.237e-05  XNOR2_X1
j0_mult0_mult_18_U390          0.0002007   0.0001159   0.0003487   3.212e-05  XNOR2_X1
j0_addMult2_MULT_mult_18_U26    0.000162   0.0001115   0.0003486   7.513e-05  FA_X1
j1_addMult9_MULT_mult_18_U456  9.768e-05   0.0002145   0.0003486   3.641e-05  XOR2_X1
j0_addMult7_MULT_mult_18_U55   0.0002036   8.621e-05   0.0003483   5.854e-05  FA_X1
j0_addMult7_MULT_mult_18_U384  0.0001973   0.0001182   0.0003478   3.237e-05  XNOR2_X1
j2_addMult4_MULT_mult_18_U384   0.000205   0.0001094   0.0003478   3.343e-05  XNOR2_X1
j0_addMult1_MULT_mult_18_U382  0.0002064   0.0001104   0.0003478   3.095e-05  XNOR2_X1
j1_addMult1_MULT_mult_18_U347  0.0002104   0.0001055   0.0003478   3.189e-05  XNOR2_X1
j1_addMult5_MULT_mult_18_U373  0.0002039   0.0001115   0.0003478   3.237e-05  XNOR2_X1
j0_addMult1_MULT_mult_18_U360   0.000165   0.0001509   0.0003476   3.158e-05  OAI22_X1
j1_mult0_mult_18_U44           0.0002045   8.263e-05   0.0003474    6.03e-05  FA_X1
j2_addMult1_MULT_mult_18_U373  0.0002021   0.0001131   0.0003474   3.212e-05  XNOR2_X1
j1_addMult0_MULT_mult_18_U34   0.0001741   8.997e-05   0.0003473   8.322e-05  FA_X1
j1_addMult3_MULT_mult_18_U10   0.0001675   0.0001035   0.0003473   7.631e-05  FA_X1
j2_addMult5_MULT_mult_18_U34    0.000171   9.836e-05   0.0003472   7.791e-05  FA_X1
j2_addMult7_MULT_mult_18_U73   0.0001756   0.0001098   0.0003472   6.178e-05  FA_X1
j1_addMult5_MULT_mult_18_U62   0.0001722    0.000117   0.0003471   5.784e-05  HA_X1
j2_mult0_mult_18_U353          0.0002026   0.0001133   0.0003471   3.118e-05  XNOR2_X1
j2_addMult0_MULT_mult_18_U396  0.0002007   0.0001141    0.000347   3.214e-05  XNOR2_X1
j0_addMult4_MULT_mult_18_U360  0.0001605   0.0001526    0.000347   3.387e-05  OAI22_X1
j2_addMult4_MULT_mult_18_U394  0.0002048   0.0001086   0.0003469   3.343e-05  XNOR2_X1
j1_addMult3_MULT_mult_18_U370  0.0001512   0.0001627   0.0003469   3.294e-05  OAI22_X1
j1_addMult0_MULT_mult_18_U369  0.0002021   0.0001121   0.0003464   3.212e-05  XNOR2_X1
j2_addMult4_MULT_mult_18_U372  0.0001545   0.0001552   0.0003463   3.665e-05  OAI22_X1
j0_addMult1_MULT_mult_18_U377  0.0002069   0.0001084   0.0003463   3.095e-05  XNOR2_X1
j1_addMult0_MULT_mult_18_U396  0.0002008   0.0001134   0.0003463   3.212e-05  XNOR2_X1
j0_addMult1_MULT_mult_18_U384  0.0002064   0.0001088   0.0003462   3.095e-05  XNOR2_X1
j1_addMult0_MULT_mult_18_U390  0.0002008   0.0001133   0.0003462   3.212e-05  XNOR2_X1
j0_addMult4_MULT_mult_18_U382  0.0002055   0.0001083   0.0003461   3.237e-05  XNOR2_X1
j0_addMult1_MULT_mult_18_U394  0.0002064   0.0001086    0.000346   3.095e-05  XNOR2_X1
j0_addMult1_MULT_mult_18_U355  0.0002016   0.0001114   0.0003459   3.296e-05  XNOR2_X1
j0_addMult1_MULT_mult_18_U353  0.0002016   0.0001113   0.0003458   3.296e-05  XNOR2_X1
j0_addMult2_ADD_add_16_U1_9    0.0001704   0.0001005   0.0003456   7.471e-05  FA_X1
j0_mult0_mult_18_U60           0.0001755   0.0001036   0.0003456   6.646e-05  FA_X1
j2_addMult1_MULT_mult_18_U398  0.0002008   0.0001126   0.0003456   3.212e-05  XNOR2_X1
j2_addMult1_MULT_mult_18_U371  0.0002021   0.0001112   0.0003455   3.212e-05  XNOR2_X1
j1_addMult7_MULT_mult_18_U349  0.0001993    0.000114   0.0003454   3.212e-05  XNOR2_X1
j2_addMult7_MULT_mult_18_U390  0.0001998   0.0001132   0.0003453   3.224e-05  XNOR2_X1
j1_addMult7_MULT_mult_18_U351  0.0001993   0.0001138   0.0003452   3.212e-05  XNOR2_X1
j0_mult0_mult_18_U373          0.0002025   0.0001106   0.0003451   3.212e-05  XNOR2_X1
j1_mult0_mult_18_U40           0.0001648    0.000106   0.0003451   7.435e-05  FA_X1
j0_addMult1_MULT_mult_18_U375  0.0002069    0.000107   0.0003449   3.095e-05  XNOR2_X1
j2_addMult1_MULT_mult_18_U375  0.0002021   0.0001107   0.0003449   3.212e-05  XNOR2_X1
j0_addMult1_MULT_mult_18_U367  0.0002069    0.000107   0.0003448   3.095e-05  XNOR2_X1
j0_addMult1_MULT_mult_18_U361  0.0002069   0.0001068   0.0003447   3.095e-05  XNOR2_X1
j1_addMult6_MULT_mult_18_U67    0.000184   9.934e-05   0.0003446   6.128e-05  FA_X1
j0_addMult7_MULT_mult_18_U394  0.0001973    0.000115   0.0003446   3.237e-05  XNOR2_X1
j2_addMult1_MULT_mult_18_U394  0.0002008   0.0001115   0.0003444   3.212e-05  XNOR2_X1
j2_addMult1_MULT_mult_18_U392  0.0002008   0.0001115   0.0003444   3.212e-05  XNOR2_X1
j0_addMult7_ADD_add_16_U1_10   0.0001873     8.6e-05   0.0003443   7.097e-05  FA_X1
j1_mult0_mult_18_U34           0.0001657   9.596e-05   0.0003443   8.264e-05  FA_X1
j2_addMult6_MULT_mult_18_U470  0.0001528   0.0001606   0.0003443   3.086e-05  AOI222_X1
j2_addMult0_MULT_mult_18_U55   0.0002073   8.146e-05   0.0003442   5.546e-05  FA_X1
j2_addMult0_MULT_mult_18_U371  0.0002026   0.0001094   0.0003442   3.214e-05  XNOR2_X1
j1_addMult6_MULT_mult_18_U62   0.0001707   0.0001163   0.0003442   5.717e-05  HA_X1
j0_addMult1_MULT_mult_18_U396  0.0002064   0.0001068   0.0003442   3.095e-05  XNOR2_X1
j1_addMult5_MULT_mult_18_U396  0.0002054   0.0001062    0.000344   3.237e-05  XNOR2_X1
j2_addMult5_MULT_mult_18_U372  0.0001581   0.0001522    0.000344   3.375e-05  OAI22_X1
j0_addMult5_ADD_add_16_U1_10   0.0002119   5.759e-05   0.0003439   7.439e-05  FA_X1
j2_addMult8_MULT_mult_18_U456   9.54e-05   0.0002106   0.0003439   3.793e-05  XOR2_X1
j1_addMult1_MULT_mult_18_U71   0.0001778   0.0001036   0.0003439   6.245e-05  FA_X1
j2_addMult6_MULT_mult_18_U392  0.0002054   0.0001061   0.0003439   3.237e-05  XNOR2_X1
j0_addMult0_MULT_mult_18_U73   0.0001763    0.000107   0.0003436   6.038e-05  FA_X1
j0_addMult5_MULT_mult_18_U34   0.0001714   9.456e-05   0.0003436   7.764e-05  FA_X1
j0_addMult1_MULT_mult_18_U400  0.0002064   0.0001061   0.0003434   3.095e-05  XNOR2_X1
j0_addMult3_MULT_mult_18_U372  0.0001581   0.0001512    0.000343   3.375e-05  OAI22_X1
j1_addMult3_MULT_mult_18_U388   0.000205   0.0001046    0.000343   3.343e-05  XNOR2_X1
j2_addMult4_MULT_mult_18_U396  0.0002048   0.0001046   0.0003428   3.343e-05  XNOR2_X1
j2_addMult8_MULT_mult_18_U55   0.0002067   8.048e-05   0.0003427   5.555e-05  FA_X1
j2_addMult0_MULT_mult_18_U400  0.0002007   0.0001098   0.0003427   3.214e-05  XNOR2_X1
j0_mult0_mult_18_U369          0.0002024   0.0001081   0.0003426   3.212e-05  XNOR2_X1
j2_mult0_mult_18_U343          0.0002026   0.0001087   0.0003425   3.118e-05  XNOR2_X1
j2_addMult1_MULT_mult_18_U369  0.0002021   0.0001083   0.0003425   3.212e-05  XNOR2_X1
j0_addMult3_MULT_mult_18_U351  0.0002028   0.0001072   0.0003424   3.237e-05  XNOR2_X1
j0_addMult2_ADD_add_16_U1_6    0.0001703   9.738e-05   0.0003424   7.471e-05  FA_X1
j2_addMult1_MULT_mult_18_U361  0.0002021    0.000108   0.0003422   3.212e-05  XNOR2_X1
j1_addMult0_MULT_mult_18_U60   0.0001754   0.0001002   0.0003421   6.646e-05  FA_X1
j0_mult0_mult_18_U384          0.0002007   0.0001093   0.0003421   3.212e-05  XNOR2_X1
j2_addMult8_MULT_mult_18_U62   0.0001611   0.0001228   0.0003421   5.806e-05  HA_X1
j2_addMult1_MULT_mult_18_U390  0.0002008   0.0001091    0.000342   3.212e-05  XNOR2_X1
j0_addMult5_MULT_mult_18_U373  0.0001991   0.0001107    0.000342   3.224e-05  XNOR2_X1
j0_addMult2_MULT_mult_18_U392  0.0002049   0.0001036    0.000342   3.343e-05  XNOR2_X1
j2_addMult4_MULT_mult_18_U360  0.0001545   0.0001508    0.000342   3.665e-05  OAI22_X1
j1_addMult0_MULT_mult_18_U367  0.0002021   0.0001077    0.000342   3.212e-05  XNOR2_X1
j0_addMult4_MULT_mult_18_U388  0.0002054   0.0001041   0.0003419   3.237e-05  XNOR2_X1
j1_addMult5_MULT_mult_18_U360  0.0001549   0.0001557   0.0003419   3.138e-05  OAI22_X1
j0_addMult1_MULT_mult_18_U359  0.0002069   0.0001041   0.0003419   3.095e-05  XNOR2_X1
j1_addMult5_MULT_mult_18_U363  0.0002038   0.0001057   0.0003419   3.237e-05  XNOR2_X1
j0_addMult4_MULT_mult_18_U396  0.0002054    0.000104   0.0003418   3.237e-05  XNOR2_X1
j0_addMult1_MULT_mult_18_U392  0.0002064   0.0001044   0.0003417   3.095e-05  XNOR2_X1
j1_addMult3_MULT_mult_18_U386  0.0002049   0.0001032   0.0003416   3.343e-05  XNOR2_X1
j1_addMult1_MULT_mult_18_U394  0.0001943   0.0001145   0.0003415   3.273e-05  XNOR2_X1
j1_addMult5_MULT_mult_18_U386  0.0002054   0.0001037   0.0003414   3.237e-05  XNOR2_X1
j1_addMult3_MULT_mult_18_U396  0.0002049    0.000103   0.0003414   3.343e-05  XNOR2_X1
j1_addMult8_MULT_mult_18_U9    0.0001682   9.792e-05   0.0003413    7.51e-05  FA_X1
j2_addMult0_MULT_mult_18_U369  0.0002026   0.0001064   0.0003412   3.214e-05  XNOR2_X1
j2_addMult4_MULT_mult_18_U388  0.0002048   0.0001028   0.0003411   3.343e-05  XNOR2_X1
j0_mult0_mult_18_U365          0.0002024   0.0001065   0.0003411   3.212e-05  XNOR2_X1
j2_addMult6_MULT_mult_18_U62   0.0001722    0.000111   0.0003411   5.784e-05  HA_X1
j0_addMult8_MULT_mult_18_U10   0.0001607   0.0001056    0.000341   7.463e-05  FA_X1
j0_mult0_mult_18_U382          0.0002007   0.0001082   0.0003409   3.212e-05  XNOR2_X1
j1_addMult0_MULT_mult_18_U359  0.0002021   0.0001067   0.0003409   3.212e-05  XNOR2_X1
j2_addMult0_MULT_mult_18_U392  0.0002007   0.0001081   0.0003409   3.214e-05  XNOR2_X1
j1_addMult2_ADD_add_16_U1_7    0.0001496   0.0001148   0.0003409    7.65e-05  FA_X1
j0_mult0_mult_18_U363          0.0002024   0.0001062   0.0003408   3.212e-05  XNOR2_X1
j2_addMult3_MULT_mult_18_U372  0.0001643   0.0001448   0.0003407   3.158e-05  OAI22_X1
j0_addMult2_ADD_add_16_U1_7    0.0001703   9.568e-05   0.0003407   7.471e-05  FA_X1
j1_addMult3_ADD_add_16_U1_9    0.0001555   0.0001133   0.0003406   7.177e-05  FA_X1
j1_addMult8_MULT_mult_18_U400  0.0001973   0.0001109   0.0003405   3.237e-05  XNOR2_X1
j2_addMult3_MULT_mult_18_U373   0.000202   0.0001074   0.0003403   3.095e-05  XNOR2_X1
j2_addMult4_MULT_mult_18_U382  0.0002049    0.000102   0.0003403   3.343e-05  XNOR2_X1
j2_addMult2_MULT_mult_18_U366  0.0001516   0.0001567   0.0003403   3.196e-05  OAI22_X1
j0_addMult6_MULT_mult_18_U25   0.0001698   0.0001024   0.0003402    6.79e-05  FA_X1
j0_addMult7_MULT_mult_18_U398  0.0001972   0.0001105   0.0003401   3.237e-05  XNOR2_X1
j2_addMult0_MULT_mult_18_U367  0.0002026   0.0001053   0.0003401   3.214e-05  XNOR2_X1
j1_addMult2_ADD_add_16_U1_8    0.0001496    0.000114     0.00034    7.65e-05  FA_X1
j1_addMult0_ADD_add_16_U1_8    0.0001233    0.000149     0.00034   6.769e-05  FA_X1
j2_addMult0_MULT_mult_18_U375  0.0002026   0.0001051   0.0003398   3.214e-05  XNOR2_X1
j2_addMult4_MULT_mult_18_U361  0.0001982   0.0001081   0.0003398   3.343e-05  XNOR2_X1
j1_addMult0_MULT_mult_18_U375  0.0002021   0.0001054   0.0003396   3.212e-05  XNOR2_X1
j1_addMult4_MULT_mult_18_U360  0.0001584   0.0001473   0.0003395   3.375e-05  OAI22_X1
j1_addMult0_ADD_add_16_U1_9    0.0001233   0.0001485   0.0003395   6.769e-05  FA_X1
j0_addMult2_ADD_add_16_U1_8    0.0001703   9.447e-05   0.0003395   7.471e-05  FA_X1
j0_mult0_mult_18_U359          0.0002024   0.0001049   0.0003395   3.212e-05  XNOR2_X1
j1_addMult0_MULT_mult_18_U25   0.0001697   0.0001048   0.0003394    6.49e-05  FA_X1
j1_addMult0_MULT_mult_18_U371  0.0002021   0.0001052   0.0003394   3.212e-05  XNOR2_X1
j0_mult0_mult_18_U377          0.0002024   0.0001047   0.0003393   3.212e-05  XNOR2_X1
j2_mult0_mult_18_U341          0.0002026   0.0001055   0.0003393   3.118e-05  XNOR2_X1
j2_addMult0_MULT_mult_18_U390  0.0002007   0.0001064   0.0003393   3.214e-05  XNOR2_X1
j2_addMult1_MULT_mult_18_U359  0.0002021    0.000105   0.0003392   3.212e-05  XNOR2_X1
j0_addMult4_MULT_mult_18_U365  0.0002038   0.0001031   0.0003392   3.237e-05  XNOR2_X1
j2_mult0_mult_18_U347          0.0002026   0.0001053   0.0003391   3.118e-05  XNOR2_X1
j0_addMult8_MULT_mult_18_U468  0.0001762   0.0001263    0.000339   3.656e-05  XNOR2_X1
j0_mult0_mult_18_U392          0.0002006   0.0001062    0.000339   3.212e-05  XNOR2_X1
j0_addMult1_MULT_mult_18_U345  0.0002015   0.0001045    0.000339   3.296e-05  XNOR2_X1
j2_addMult1_MULT_mult_18_U367  0.0002021   0.0001048    0.000339   3.212e-05  XNOR2_X1
j2_addMult9_MULT_mult_18_U363  0.0001988   0.0001078    0.000339   3.237e-05  XNOR2_X1
j1_addMult0_MULT_mult_18_U388  0.0002008   0.0001059   0.0003388   3.212e-05  XNOR2_X1
j0_mult0_mult_18_U388          0.0002006   0.0001059   0.0003387   3.212e-05  XNOR2_X1
j1_addMult3_MULT_mult_18_U34    0.000171   8.922e-05   0.0003387   7.845e-05  FA_X1
j0_mult0_mult_18_U11           0.0001283   0.0001331   0.0003387   7.727e-05  FA_X1
j2_addMult3_MULT_mult_18_U34   0.0001706   8.945e-05   0.0003387    7.86e-05  FA_X1
j2_addMult2_MULT_mult_18_U41   0.0001729   0.0001041   0.0003386   6.161e-05  FA_X1
j0_mult0_mult_18_U396          0.0002006   0.0001059   0.0003386   3.212e-05  XNOR2_X1
j0_addMult7_MULT_mult_18_U377  0.0001981   0.0001081   0.0003386   3.237e-05  XNOR2_X1
j1_addMult8_MULT_mult_18_U398  0.0001973   0.0001089   0.0003385   3.237e-05  XNOR2_X1
j2_addMult0_MULT_mult_18_U377  0.0002026   0.0001037   0.0003385   3.214e-05  XNOR2_X1
j0_mult0_mult_18_U25           0.0001697   0.0001039   0.0003384    6.49e-05  FA_X1
j2_addMult0_MULT_mult_18_U388  0.0002007   0.0001056   0.0003384   3.214e-05  XNOR2_X1
j1_addMult5_MULT_mult_18_U365  0.0002038   0.0001022   0.0003383   3.237e-05  XNOR2_X1
j2_mult0_mult_18_U351          0.0002026   0.0001046   0.0003383   3.118e-05  XNOR2_X1
j1_addMult5_MULT_mult_18_U388  0.0002054   0.0001006   0.0003383   3.237e-05  XNOR2_X1
j0_addMult5_MULT_mult_18_U388  0.0001999   0.0001061   0.0003383   3.224e-05  XNOR2_X1
j1_addMult8_MULT_mult_18_U388  0.0001973   0.0001086   0.0003383   3.237e-05  XNOR2_X1
j2_addMult7_MULT_mult_18_U392  0.0001997   0.0001063   0.0003382   3.224e-05  XNOR2_X1
j2_addMult7_MULT_mult_18_U482  8.811e-05   0.0002138   0.0003382   3.626e-05  XNOR2_X1
j2_addMult0_MULT_mult_18_U302  3.415e-05   0.0002909   0.0003381   1.307e-05  INV_X1
j0_addMult1_MULT_mult_18_U349  0.0002015   0.0001036   0.0003381   3.296e-05  XNOR2_X1
j1_addMult0_MULT_mult_18_U373  0.0002021   0.0001039   0.0003381   3.212e-05  XNOR2_X1
j0_addMult1_MULT_mult_18_U487  0.0002015   0.0001036    0.000338   3.296e-05  XNOR2_X1
j2_addMult6_MULT_mult_18_U369  0.0002038   0.0001019    0.000338   3.237e-05  XNOR2_X1
j0_mult0_mult_18_U371          0.0002024   0.0001034    0.000338   3.212e-05  XNOR2_X1
j1_addMult9_MULT_mult_18_U365  0.0001964   0.0001101    0.000338   3.153e-05  XNOR2_X1
j0_mult0_mult_18_U361          0.0002024   0.0001034   0.0003379   3.212e-05  XNOR2_X1
j1_addMult0_MULT_mult_18_U398  0.0002008    0.000105   0.0003379   3.212e-05  XNOR2_X1
j2_addMult3_MULT_mult_18_U363   0.000202   0.0001049   0.0003379   3.095e-05  XNOR2_X1
j0_addMult1_MULT_mult_18_U347  0.0002015   0.0001033   0.0003378   3.296e-05  XNOR2_X1
j0_addMult7_MULT_mult_18_U351  0.0001868   0.0001181   0.0003375   3.261e-05  XNOR2_X1
j0_addMult2_MULT_mult_18_U369  0.0001981   0.0001059   0.0003374   3.343e-05  XNOR2_X1
j0_addMult0_MULT_mult_18_U469  0.0001878   0.0001194   0.0003373   3.008e-05  OAI222_X1
j1_addMult9_MULT_mult_18_U359  0.0001964   0.0001093   0.0003372   3.153e-05  XNOR2_X1
j1_addMult9_MULT_mult_18_U34   0.0001618   9.487e-05   0.0003372   8.047e-05  FA_X1
j0_addMult4_MULT_mult_18_U487  0.0001963   0.0001092   0.0003371   3.165e-05  XNOR2_X1
j0_addMult7_MULT_mult_18_U390  0.0001973   0.0001075   0.0003371   3.237e-05  XNOR2_X1
j2_addMult8_ADD_add_16_U1_6     0.000164   9.443e-05   0.0003371   7.871e-05  FA_X1
j2_addMult7_MULT_mult_18_U384  0.0001998    0.000105   0.0003371   3.224e-05  XNOR2_X1
j2_addMult2_MULT_mult_18_U25   0.0001698   9.861e-05    0.000337   6.858e-05  FA_X1
j2_addMult1_MULT_mult_18_U382  0.0002008    0.000104   0.0003369   3.212e-05  XNOR2_X1
j2_addMult1_MULT_mult_18_U73   0.0001754   0.0001008   0.0003369   6.071e-05  FA_X1
j0_addMult3_MULT_mult_18_U341  0.0002028   0.0001017   0.0003368   3.237e-05  XNOR2_X1
j0_addMult1_MULT_mult_18_U351  0.0002015   0.0001024   0.0003368   3.296e-05  XNOR2_X1
j0_addMult4_MULT_mult_18_U359  0.0002037   0.0001007   0.0003368   3.237e-05  XNOR2_X1
j2_addMult4_MULT_mult_18_U359  0.0001982   0.0001051   0.0003367   3.343e-05  XNOR2_X1
j0_addMult2_MULT_mult_18_U62   0.0001705   0.0001096   0.0003367   5.658e-05  HA_X1
j2_addMult1_MULT_mult_18_U25   0.0001696   0.0001022   0.0003367    6.49e-05  FA_X1
j0_addMult4_MULT_mult_18_U361  0.0002037   0.0001005   0.0003366   3.237e-05  XNOR2_X1
j2_addMult9_MULT_mult_18_U373  0.0001988   0.0001054   0.0003366   3.237e-05  XNOR2_X1
j0_addMult3_MULT_mult_18_U343  0.0002028   0.0001014   0.0003366   3.237e-05  XNOR2_X1
j1_addMult3_MULT_mult_18_U373  0.0001981   0.0001051   0.0003365   3.343e-05  XNOR2_X1
j2_addMult0_MULT_mult_18_U398  0.0002007   0.0001037   0.0003365   3.214e-05  XNOR2_X1
j1_addMult2_MULT_mult_18_U369   0.000202   0.0001034   0.0003363   3.095e-05  XNOR2_X1
j1_addMult2_MULT_mult_18_U347  0.0001964   0.0001068   0.0003363   3.296e-05  XNOR2_X1
j2_addMult1_MULT_mult_18_U34   0.0001667   8.839e-05   0.0003362    8.12e-05  FA_X1
j0_addMult7_MULT_mult_18_U375  0.0001981   0.0001058   0.0003362   3.237e-05  XNOR2_X1
j0_addMult7_MULT_mult_18_U373  0.0001981   0.0001057   0.0003361   3.237e-05  XNOR2_X1
j2_mult0_mult_18_U396          0.0001926   0.0001119   0.0003361   3.165e-05  XNOR2_X1
j2_addMult4_MULT_mult_18_U373  0.0001982   0.0001045   0.0003361   3.343e-05  XNOR2_X1
j1_addMult0_MULT_mult_18_U382  0.0002008    0.000103   0.0003359   3.212e-05  XNOR2_X1
j2_addMult0_MULT_mult_18_U353  0.0001946     0.00011   0.0003359    3.13e-05  XNOR2_X1
j0_mult0_mult_18_U375          0.0002024   0.0001013   0.0003359   3.212e-05  XNOR2_X1
j1_addMult2_MULT_mult_18_U392  0.0002005   0.0001044   0.0003359   3.095e-05  XNOR2_X1
j1_addMult8_ADD_add_16_U1_6    0.0001402   0.0001179   0.0003358   7.776e-05  FA_X1
j0_addMult8_MULT_mult_18_U9    0.0001604   0.0001021   0.0003358   7.339e-05  FA_X1
j2_addMult9_MULT_mult_18_U371  0.0001988   0.0001046   0.0003358   3.237e-05  XNOR2_X1
j2_addMult0_MULT_mult_18_U34   0.0001654   8.764e-05   0.0003357   8.264e-05  FA_X1
j0_addMult5_MULT_mult_18_U470  0.0001677   0.0001283   0.0003356   3.966e-05  AOI222_X1
j0_addMult7_MULT_mult_18_U361  0.0001981   0.0001051   0.0003356   3.237e-05  XNOR2_X1
j1_addMult3_MULT_mult_18_U360  0.0001513   0.0001514   0.0003356   3.294e-05  OAI22_X1
j0_addMult8_MULT_mult_18_U398  0.0001944   0.0001097   0.0003356   3.153e-05  XNOR2_X1
j2_addMult3_MULT_mult_18_U351  0.0001965   0.0001061   0.0003355   3.296e-05  XNOR2_X1
j2_mult0_mult_18_U369          0.0001947    0.000109   0.0003354   3.165e-05  XNOR2_X1
j0_addMult7_MULT_mult_18_U369  0.0001981   0.0001049   0.0003353   3.237e-05  XNOR2_X1
j2_addMult3_MULT_mult_18_U388  0.0002005   0.0001038   0.0003353   3.095e-05  XNOR2_X1
j1_addMult2_ADD_add_16_U1_9    0.0001495   0.0001092   0.0003352    7.65e-05  FA_X1
j2_addMult8_MULT_mult_18_U343  0.0001989   0.0001041   0.0003352   3.212e-05  XNOR2_X1
j2_addMult7_MULT_mult_18_U361  0.0001989    0.000104   0.0003351   3.224e-05  XNOR2_X1
j0_mult0_mult_18_U367          0.0002024   0.0001005   0.0003351   3.212e-05  XNOR2_X1
j2_addMult7_MULT_mult_18_U394  0.0001997   0.0001031    0.000335   3.224e-05  XNOR2_X1
j1_addMult8_MULT_mult_18_U375  0.0001981   0.0001045    0.000335   3.237e-05  XNOR2_X1
j0_addMult2_MULT_mult_18_U347  0.0001853   0.0001166   0.0003349   3.308e-05  XNOR2_X1
j2_addMult5_MULT_mult_18_U470  0.0001682   0.0001241   0.0003349   4.255e-05  AOI222_X1
j0_addMult7_MULT_mult_18_U367  0.0001981   0.0001043   0.0003348   3.237e-05  XNOR2_X1
j1_addMult0_MULT_mult_18_U394  0.0002008   0.0001018   0.0003347   3.212e-05  XNOR2_X1
j1_addMult9_MULT_mult_18_U62   0.0001696   0.0001088   0.0003347   5.622e-05  HA_X1
j2_addMult3_MULT_mult_18_U470  0.0001694   0.0001201   0.0003347    4.53e-05  AOI222_X1
j2_addMult9_MULT_mult_18_U382  0.0001956   0.0001066   0.0003346   3.237e-05  XNOR2_X1
j2_addMult8_MULT_mult_18_U345  0.0001989   0.0001035   0.0003346   3.212e-05  XNOR2_X1
j1_addMult4_MULT_mult_18_U373  0.0001937   0.0001093   0.0003345   3.153e-05  XNOR2_X1
j0_addMult9_MULT_mult_18_U349  0.0001897   0.0001127   0.0003345   3.212e-05  XNOR2_X1
j1_addMult7_MULT_mult_18_U353  0.0001989   0.0001034   0.0003345   3.212e-05  XNOR2_X1
j2_addMult3_MULT_mult_18_U341  0.0001965    0.000105   0.0003345   3.296e-05  XNOR2_X1
j1_addMult4_MULT_mult_18_U37   0.0001692   0.0001043   0.0003344   6.082e-05  FA_X1
j0_addMult0_MULT_mult_18_U471  0.0001497   0.0001212   0.0003344   6.353e-05  OAI222_X1
j0_mult0_mult_18_U398          0.0002006   0.0001015   0.0003343   3.212e-05  XNOR2_X1
j1_addMult0_MULT_mult_18_U377  0.0002021   0.0001001   0.0003343   3.212e-05  XNOR2_X1
j1_addMult8_MULT_mult_18_U55    0.000199   8.091e-05   0.0003342   5.434e-05  FA_X1
j1_addMult9_MULT_mult_18_U60   0.0001554   0.0001159   0.0003342    6.29e-05  FA_X1
j0_mult0_mult_18_U386          0.0002006   0.0001014   0.0003341   3.212e-05  XNOR2_X1
j1_addMult1_MULT_mult_18_U56   0.0001646   0.0001087   0.0003341   6.083e-05  FA_X1
j2_addMult3_MULT_mult_18_U365   0.000202   0.0001011   0.0003341   3.095e-05  XNOR2_X1
j0_mult0_mult_18_U40           0.0001524     0.00011   0.0003341   7.169e-05  FA_X1
j1_addMult0_MULT_mult_18_U392  0.0002008    0.000101   0.0003339   3.212e-05  XNOR2_X1
j2_mult0_mult_18_U34           0.0001619   9.042e-05   0.0003339   8.153e-05  FA_X1
j2_addMult3_MULT_mult_18_U386  0.0002005   0.0001024   0.0003339   3.095e-05  XNOR2_X1
j2_addMult4_MULT_mult_18_U371   0.000198   0.0001024   0.0003338   3.343e-05  XNOR2_X1
j2_addMult1_MULT_mult_18_U63   0.0001687   0.0001037   0.0003338   6.147e-05  FA_X1
j0_addMult3_MULT_mult_18_U360  0.0001484   0.0001526   0.0003338    3.28e-05  OAI22_X1
j2_addMult3_MULT_mult_18_U396  0.0002005   0.0001023   0.0003338   3.095e-05  XNOR2_X1
j1_addMult9_MULT_mult_18_U361  0.0001963   0.0001059   0.0003338   3.153e-05  XNOR2_X1
j1_addMult8_MULT_mult_18_U373  0.0001981   0.0001033   0.0003338   3.237e-05  XNOR2_X1
j1_addMult8_MULT_mult_18_U365  0.0001981   0.0001033   0.0003338   3.237e-05  XNOR2_X1
j1_addMult7_MULT_mult_18_U345  0.0001989   0.0001027   0.0003337   3.212e-05  XNOR2_X1
j0_addMult5_MULT_mult_18_U372  0.0001523   0.0001458   0.0003337   3.557e-05  OAI22_X1
j1_addMult6_MULT_mult_18_U392  0.0001999   0.0001015   0.0003336   3.224e-05  XNOR2_X1
j1_addMult9_MULT_mult_18_U367  0.0001963   0.0001057   0.0003336   3.153e-05  XNOR2_X1
j1_addMult9_MULT_mult_18_U373  0.0001963   0.0001057   0.0003336   3.153e-05  XNOR2_X1
j2_addMult9_MULT_mult_18_U365  0.0001988   0.0001022   0.0003334   3.237e-05  XNOR2_X1
j0_addMult7_MULT_mult_18_U359  0.0001981   0.0001029   0.0003334   3.237e-05  XNOR2_X1
j2_addMult9_MULT_mult_18_U369  0.0001988   0.0001022   0.0003334   3.237e-05  XNOR2_X1
j0_mult0_mult_18_U73            0.000168   0.0001058   0.0003333   5.948e-05  FA_X1
j0_addMult2_MULT_mult_18_U471  0.0001607   0.0001174   0.0003333   5.515e-05  OAI222_X1
j1_addMult0_MULT_mult_18_U71   0.0001721   0.0001002   0.0003332   6.091e-05  FA_X1
j0_addMult8_MULT_mult_18_U55   0.0001986   8.069e-05   0.0003332    5.39e-05  FA_X1
j1_addMult7_MULT_mult_18_U71   0.0001696   0.0001008   0.0003331   6.268e-05  FA_X1
j0_mult0_mult_18_U8            0.0001279   0.0001278    0.000333   7.727e-05  FA_X1
j2_addMult8_MULT_mult_18_U469  0.0001803   0.0001201    0.000333   3.258e-05  OAI222_X1
j2_addMult9_MULT_mult_18_U34   0.0001619   9.156e-05    0.000333   7.955e-05  FA_X1
j1_addMult8_MULT_mult_18_U359  0.0001981   0.0001025   0.0003329   3.237e-05  XNOR2_X1
j2_addMult9_MULT_mult_18_U394  0.0001956   0.0001049   0.0003329   3.237e-05  XNOR2_X1
j1_addMult4_MULT_mult_18_U349  0.0001961   0.0001045   0.0003329   3.237e-05  XNOR2_X1
j2_addMult9_MULT_mult_18_U359  0.0001988   0.0001018   0.0003329   3.237e-05  XNOR2_X1
j1_addMult8_MULT_mult_18_U371  0.0001981   0.0001024   0.0003329   3.237e-05  XNOR2_X1
j2_addMult9_MULT_mult_18_U367  0.0001988   0.0001015   0.0003326   3.237e-05  XNOR2_X1
j1_addMult1_MULT_mult_18_U392  0.0001942   0.0001057   0.0003326   3.273e-05  XNOR2_X1
j1_addMult4_MULT_mult_18_U487  0.0001961   0.0001041   0.0003326   3.237e-05  XNOR2_X1
j2_addMult4_MULT_mult_18_U365  0.0001982   0.0001009   0.0003325   3.343e-05  XNOR2_X1
j2_addMult8_MULT_mult_18_U353  0.0001988   0.0001016   0.0003325   3.212e-05  XNOR2_X1
j0_addMult7_MULT_mult_18_U396  0.0001972   0.0001029   0.0003325   3.237e-05  XNOR2_X1
j0_addMult7_MULT_mult_18_U371  0.0001981   0.0001019   0.0003324   3.237e-05  XNOR2_X1
j0_addMult8_MULT_mult_18_U373   0.000195   0.0001058   0.0003323   3.153e-05  XNOR2_X1
j0_addMult4_MULT_mult_18_U343  0.0001962   0.0001044   0.0003323   3.165e-05  XNOR2_X1
j1_addMult8_MULT_mult_18_U302  3.277e-05   0.0002851   0.0003322   1.428e-05  INV_X1
j1_addMult8_MULT_mult_18_U396  0.0001972   0.0001024    0.000332   3.237e-05  XNOR2_X1
j1_addMult4_MULT_mult_18_U351  0.0001961   0.0001036    0.000332   3.237e-05  XNOR2_X1
j0_addMult7_MULT_mult_18_U400  0.0001972   0.0001023   0.0003319   3.237e-05  XNOR2_X1
j0_mult0_mult_18_U10           0.0001277   0.0001269   0.0003319   7.725e-05  FA_X1
j0_addMult6_MULT_mult_18_U347  0.0001988   0.0001009   0.0003318   3.212e-05  XNOR2_X1
j0_addMult0_MULT_mult_18_U373   0.000194    0.000105   0.0003318   3.273e-05  XNOR2_X1
j2_addMult9_MULT_mult_18_U361  0.0001988   0.0001006   0.0003318   3.237e-05  XNOR2_X1
j2_addMult5_MULT_mult_18_U37   0.0001692   0.0001017   0.0003318   6.082e-05  FA_X1
j2_addMult7_MULT_mult_18_U302  3.415e-05   0.0002833   0.0003317   1.422e-05  INV_X1
j0_addMult4_MULT_mult_18_U349  0.0001962   0.0001038   0.0003317   3.165e-05  XNOR2_X1
j1_addMult3_MULT_mult_18_U372  0.0001542   0.0001407   0.0003316   3.665e-05  OAI22_X1
j0_addMult7_MULT_mult_18_U349  0.0001868   0.0001122   0.0003316   3.261e-05  XNOR2_X1
j1_addMult7_MULT_mult_18_U34   0.0001626   8.843e-05   0.0003316   8.051e-05  FA_X1
j2_addMult4_MULT_mult_18_U302  3.315e-05   0.0002841   0.0003316   1.428e-05  INV_X1
j0_mult0_mult_18_U9            0.0001277   0.0001265   0.0003315    7.73e-05  FA_X1
j2_addMult9_MULT_mult_18_U375  0.0001988   0.0001004   0.0003315   3.237e-05  XNOR2_X1
j2_addMult7_MULT_mult_18_U50   0.0001647    0.000103   0.0003315   6.383e-05  FA_X1
j1_addMult3_MULT_mult_18_U302  3.324e-05   0.0002837   0.0003312   1.428e-05  INV_X1
j2_addMult2_MULT_mult_18_U368  0.0001631   0.0001332   0.0003312   3.491e-05  OAI22_X1
j1_addMult6_MULT_mult_18_U302  3.349e-05   0.0002834   0.0003311   1.422e-05  INV_X1
j1_addMult0_MULT_mult_18_U400  0.0002008   9.822e-05   0.0003311   3.212e-05  XNOR2_X1
j0_addMult7_MULT_mult_18_U382  0.0001972   0.0001013   0.0003309   3.237e-05  XNOR2_X1
j2_addMult0_MULT_mult_18_U355  0.0001946    0.000105   0.0003309    3.13e-05  XNOR2_X1
j2_addMult5_MULT_mult_18_U341  0.0001961   0.0001024   0.0003308   3.237e-05  XNOR2_X1
j0_addMult8_MULT_mult_18_U392  0.0001943   0.0001049   0.0003308   3.153e-05  XNOR2_X1
j1_addMult1_MULT_mult_18_U355  0.0001926   0.0001063   0.0003308   3.189e-05  XNOR2_X1
j0_addMult8_MULT_mult_18_U367   0.000195   0.0001043   0.0003308   3.153e-05  XNOR2_X1
j2_addMult8_MULT_mult_18_U351  0.0001988   9.984e-05   0.0003308   3.212e-05  XNOR2_X1
j1_addMult7_MULT_mult_18_U347  0.0001988   9.981e-05   0.0003307   3.212e-05  XNOR2_X1
j2_addMult9_MULT_mult_18_U40   0.0001526   0.0001064   0.0003307   7.172e-05  FA_X1
j0_addMult3_MULT_mult_18_U37   0.0001692   0.0001006   0.0003306   6.082e-05  FA_X1
j2_addMult1_MULT_mult_18_U360  0.0001506   0.0001446   0.0003306   3.542e-05  OAI22_X1
j2_addMult3_MULT_mult_18_U343  0.0001964   0.0001012   0.0003306   3.296e-05  XNOR2_X1
j1_addMult9_MULT_mult_18_U363  0.0001963   0.0001027   0.0003305   3.153e-05  XNOR2_X1
FE_DBTC3_DIN3k1_out_9            5.3e-05   0.0002638   0.0003305    1.37e-05  INV_X1
j2_addMult5_MULT_mult_18_U343  0.0001961    0.000102   0.0003305   3.237e-05  XNOR2_X1
j1_addMult8_MULT_mult_18_U394  0.0001972   0.0001008   0.0003304   3.237e-05  XNOR2_X1
j0_addMult7_MULT_mult_18_U392  0.0001972   0.0001008   0.0003304   3.237e-05  XNOR2_X1
j2_addMult7_MULT_mult_18_U359  0.0001988   9.934e-05   0.0003304   3.224e-05  XNOR2_X1
j2_addMult9_MULT_mult_18_U377  0.0001988    9.92e-05   0.0003304   3.237e-05  XNOR2_X1
j1_addMult8_MULT_mult_18_U369  0.0001981   9.989e-05   0.0003304   3.237e-05  XNOR2_X1
j0_addMult0_MULT_mult_18_U390  0.0001943   0.0001033   0.0003303   3.273e-05  XNOR2_X1
j2_addMult8_MULT_mult_18_U349  0.0001988    9.94e-05   0.0003303   3.212e-05  XNOR2_X1
j0_addMult8_MULT_mult_18_U390  0.0001943   0.0001044   0.0003303   3.153e-05  XNOR2_X1
j2_addMult9_MULT_mult_18_U392  0.0001956   0.0001023   0.0003303   3.237e-05  XNOR2_X1
j2_addMult3_MULT_mult_18_U56   0.0001693   0.0001022   0.0003303   5.876e-05  FA_X1
j2_addMult8_MULT_mult_18_U347  0.0001988   9.934e-05   0.0003302   3.212e-05  XNOR2_X1
j1_addMult8_MULT_mult_18_U367  0.0001981   9.974e-05   0.0003302   3.237e-05  XNOR2_X1
j1_addMult3_MULT_mult_18_U363   0.000198    9.87e-05   0.0003302   3.343e-05  XNOR2_X1
j1_addMult7_MULT_mult_18_U355  0.0001988   9.926e-05   0.0003302   3.212e-05  XNOR2_X1
j0_mult0_mult_18_U69           0.0001692   0.0001081   0.0003301   5.278e-05  FA_X1
j1_addMult2_MULT_mult_18_U25   0.0001621    9.89e-05   0.0003301   6.915e-05  FA_X1
j0_addMult5_MULT_mult_18_U386  0.0001998   9.803e-05   0.0003301   3.224e-05  XNOR2_X1
j2_addMult5_MULT_mult_18_U356  0.0001579   0.0001384   0.0003301   3.375e-05  OAI22_X1
j2_addMult9_MULT_mult_18_U388  0.0001956    0.000102   0.0003301   3.237e-05  XNOR2_X1
j1_addMult3_MULT_mult_18_U365   0.000198   9.857e-05     0.00033   3.343e-05  XNOR2_X1
j2_addMult9_MULT_mult_18_U396  0.0001956    0.000102     0.00033   3.237e-05  XNOR2_X1
j2_addMult9_MULT_mult_18_U398  0.0001956    0.000102     0.00033   3.237e-05  XNOR2_X1
j2_addMult5_MULT_mult_18_U351  0.0001961   0.0001015     0.00033   3.237e-05  XNOR2_X1
j1_addMult7_MULT_mult_18_U487  0.0001988   9.902e-05   0.0003299   3.212e-05  XNOR2_X1
j1_addMult8_MULT_mult_18_U390  0.0001972   0.0001003   0.0003299   3.237e-05  XNOR2_X1
j1_addMult8_MULT_mult_18_U392  0.0001972   0.0001003   0.0003299   3.237e-05  XNOR2_X1
j2_addMult9_MULT_mult_18_U400  0.0001956   0.0001018   0.0003299   3.237e-05  XNOR2_X1
j0_addMult0_MULT_mult_18_U394  0.0001943   0.0001028   0.0003298   3.273e-05  XNOR2_X1
j2_addMult9_MULT_mult_18_U386  0.0001956   0.0001018   0.0003298   3.237e-05  XNOR2_X1
j1_addMult8_MULT_mult_18_U377  0.0001981   9.924e-05   0.0003297   3.237e-05  XNOR2_X1
j1_addMult0_MULT_mult_18_U44   0.0001756   9.143e-05   0.0003297   6.263e-05  FA_X1
j0_addMult8_MULT_mult_18_U396  0.0001943   0.0001037   0.0003296   3.153e-05  XNOR2_X1
j1_mult0_mult_18_U69           0.0001701    0.000105   0.0003295   5.438e-05  FA_X1
j1_mult0_mult_18_U25           0.0001623   9.903e-05   0.0003295   6.818e-05  FA_X1
j1_addMult8_MULT_mult_18_U347  0.0001868     0.00011   0.0003294   3.261e-05  XNOR2_X1
j2_addMult0_MULT_mult_18_U60   0.0001631   0.0001002   0.0003294   6.601e-05  FA_X1
j0_addMult8_MULT_mult_18_U388  0.0001943   0.0001034   0.0003293   3.153e-05  XNOR2_X1
j2_addMult7_MULT_mult_18_U377  0.0001857   0.0001113   0.0003293   3.224e-05  XNOR2_X1
j1_addMult4_MULT_mult_18_U343  0.0001961   0.0001008   0.0003292   3.237e-05  XNOR2_X1
j1_addMult5_MULT_mult_18_U341  0.0001902   0.0001073   0.0003292   3.165e-05  XNOR2_X1
j1_addMult1_MULT_mult_18_U398  0.0001941   0.0001023   0.0003292   3.273e-05  XNOR2_X1
j0_addMult4_MULT_mult_18_U302  3.665e-05   0.0002791   0.0003292   1.337e-05  INV_X1
j2_addMult9_MULT_mult_18_U384  0.0001956   0.0001011   0.0003291   3.237e-05  XNOR2_X1
j1_addMult1_MULT_mult_18_U390  0.0001942   0.0001021    0.000329   3.273e-05  XNOR2_X1
j0_addMult2_MULT_mult_18_U482  9.425e-05    0.000199   0.0003289   3.562e-05  XNOR2_X1
j0_addMult5_MULT_mult_18_U396  0.0001998   9.676e-05   0.0003288   3.224e-05  XNOR2_X1
j2_addMult8_MULT_mult_18_U482  0.0001009   0.0001918   0.0003288   3.607e-05  XNOR2_X1
j2_mult0_mult_18_U390          0.0001926   0.0001045   0.0003288   3.165e-05  XNOR2_X1
j2_addMult5_MULT_mult_18_U396  0.0001887   0.0001086   0.0003288   3.153e-05  XNOR2_X1
j0_addMult8_MULT_mult_18_U394  0.0001943   0.0001029   0.0003287   3.153e-05  XNOR2_X1
j2_addMult9_MULT_mult_18_U390  0.0001956   0.0001007   0.0003287   3.237e-05  XNOR2_X1
j2_addMult9_MULT_mult_18_U69   0.0001694   0.0001065   0.0003287    5.28e-05  FA_X1
j1_addMult8_MULT_mult_18_U382  0.0001972   9.907e-05   0.0003287   3.237e-05  XNOR2_X1
j0_addMult8_MULT_mult_18_U347  0.0001912    0.000105   0.0003286   3.249e-05  XNOR2_X1
j1_addMult6_MULT_mult_18_U369  0.0001989   9.742e-05   0.0003286   3.224e-05  XNOR2_X1
j1_addMult8_MULT_mult_18_U34   0.0001619   8.715e-05   0.0003286   7.955e-05  FA_X1
j2_addMult7_MULT_mult_18_U382  0.0001997   9.656e-05   0.0003285   3.224e-05  XNOR2_X1
j0_addMult1_MULT_mult_18_U71   0.0001643   9.989e-05   0.0003285   6.437e-05  FA_X1
j1_addMult0_MULT_mult_18_U345  0.0001868   0.0001089   0.0003284   3.273e-05  XNOR2_X1
j0_addMult4_MULT_mult_18_U351  0.0001962   0.0001005   0.0003284   3.165e-05  XNOR2_X1
j2_addMult7_ADD_add_16_U1_10   0.0001852   7.084e-05   0.0003283   7.224e-05  FA_X1
j1_addMult9_MULT_mult_18_U394  0.0001935   0.0001033   0.0003283   3.153e-05  XNOR2_X1
j1_addMult2_MULT_mult_18_U356  0.0001643   0.0001323   0.0003282   3.158e-05  OAI22_X1
j0_addMult5_MULT_mult_18_U363   0.000199   9.698e-05   0.0003282   3.224e-05  XNOR2_X1
j0_addMult0_MULT_mult_18_U396  0.0001942   0.0001011   0.0003281   3.273e-05  XNOR2_X1
j0_addMult9_MULT_mult_18_U351  0.0001896   0.0001063    0.000328   3.212e-05  XNOR2_X1
j1_addMult1_MULT_mult_18_U359   0.000194   0.0001013    0.000328   3.273e-05  XNOR2_X1
j0_addMult4_MULT_mult_18_U368  0.0001548   0.0001419    0.000328   3.138e-05  OAI22_X1
j1_addMult9_MULT_mult_18_U371  0.0001963   0.0001002    0.000328   3.153e-05  XNOR2_X1
j0_addMult6_MULT_mult_18_U41   0.0001641    0.000102    0.000328   6.194e-05  FA_X1
j1_addMult5_MULT_mult_18_U370  0.0001549   0.0001416   0.0003279   3.138e-05  OAI22_X1
j2_addMult2_MULT_mult_18_U369   0.000194   0.0001011   0.0003278   3.273e-05  XNOR2_X1
j1_addMult3_MULT_mult_18_U470  0.0001692   0.0001193   0.0003278   3.931e-05  AOI222_X1
j1_addMult4_MULT_mult_18_U482  0.0001009   0.0001906   0.0003278   3.629e-05  XNOR2_X1
j2_mult0_mult_18_U400          0.0001926   0.0001035   0.0003277   3.165e-05  XNOR2_X1
j2_addMult6_MULT_mult_18_U366  0.0001549   0.0001414   0.0003277   3.138e-05  OAI22_X1
j0_addMult9_MULT_mult_18_U343  0.0001896    0.000106   0.0003277   3.212e-05  XNOR2_X1
j1_addMult9_MULT_mult_18_U396  0.0001934   0.0001027   0.0003277   3.153e-05  XNOR2_X1
j0_addMult5_MULT_mult_18_U360  0.0001479   0.0001462   0.0003276    3.36e-05  OAI22_X1
j1_addMult3_MULT_mult_18_U356   0.000154   0.0001369   0.0003276   3.665e-05  OAI22_X1
j0_addMult7_MULT_mult_18_U353  0.0001868   0.0001082   0.0003276   3.261e-05  XNOR2_X1
j2_addMult6_MULT_mult_18_U347  0.0001902   0.0001057   0.0003275   3.165e-05  XNOR2_X1
j1_addMult9_MULT_mult_18_U369  0.0001963   9.961e-05   0.0003274   3.153e-05  XNOR2_X1
j2_addMult1_MULT_mult_18_U71   0.0001647   9.899e-05   0.0003274   6.375e-05  FA_X1
j0_addMult1_MULT_mult_18_U25   0.0001623   9.589e-05   0.0003274   6.916e-05  FA_X1
j1_addMult1_MULT_mult_18_U382  0.0001942   0.0001004   0.0003273   3.273e-05  XNOR2_X1
j2_addMult6_MULT_mult_18_U471  0.0001606   0.0001142   0.0003273   5.245e-05  OAI222_X1
j2_addMult8_MULT_mult_18_U34   0.0001574   8.692e-05   0.0003272   8.287e-05  FA_X1
j0_addMult9_MULT_mult_18_U353  0.0001896   0.0001055   0.0003272   3.212e-05  XNOR2_X1
j0_addMult5_MULT_mult_18_U365  0.0001989   9.599e-05   0.0003272   3.224e-05  XNOR2_X1
j0_addMult7_MULT_mult_18_U487  0.0001868   0.0001078   0.0003272   3.261e-05  XNOR2_X1
j1_addMult0_ADD_add_16_U1_7     0.000123   0.0001364   0.0003271   6.769e-05  FA_X1
j1_addMult9_MULT_mult_18_U40   0.0001522   0.0001032   0.0003271   7.167e-05  FA_X1
j2_addMult5_MULT_mult_18_U370  0.0001484   0.0001459   0.0003271    3.28e-05  OAI22_X1
j1_addMult1_MULT_mult_18_U34   0.0001627   8.494e-05   0.0003271   7.944e-05  FA_X1
j0_addMult8_MULT_mult_18_U355  0.0001911   0.0001034    0.000327   3.249e-05  XNOR2_X1
j2_addMult8_MULT_mult_18_U73   0.0001676   9.907e-05    0.000327   6.032e-05  FA_X1
j1_addMult6_MULT_mult_18_U347  0.0001946   0.0001003   0.0003269   3.202e-05  XNOR2_X1
j2_addMult1_MULT_mult_18_U50   0.0001645   9.888e-05   0.0003269    6.35e-05  FA_X1
j0_addMult1_MULT_mult_18_U34   0.0001624   8.529e-05   0.0003269   7.915e-05  FA_X1
j0_addMult8_MULT_mult_18_U359  0.0001948   0.0001005   0.0003268   3.153e-05  XNOR2_X1
j1_addMult1_MULT_mult_18_U50   0.0001637    9.98e-05   0.0003268    6.33e-05  FA_X1
j0_addMult8_MULT_mult_18_U353  0.0001911   0.0001031   0.0003267   3.249e-05  XNOR2_X1
j0_addMult0_MULT_mult_18_U371   0.000194    9.99e-05   0.0003266   3.273e-05  XNOR2_X1
j1_addMult0_MULT_mult_18_U302  3.371e-05   0.0002787   0.0003266   1.422e-05  INV_X1
j1_addMult1_MULT_mult_18_U482   0.000102   0.0001887   0.0003264   3.575e-05  XNOR2_X1
j1_addMult9_MULT_mult_18_U375  0.0001963   9.856e-05   0.0003264   3.153e-05  XNOR2_X1
j1_addMult5_MULT_mult_18_U356  0.0001603   0.0001322   0.0003264   3.387e-05  OAI22_X1
j1_addMult1_MULT_mult_18_U384  0.0001942   9.947e-05   0.0003264   3.273e-05  XNOR2_X1
j0_addMult0_MULT_mult_18_U377   0.000194   9.962e-05   0.0003263   3.273e-05  XNOR2_X1
j2_mult0_mult_18_U373          0.0001947   9.996e-05   0.0003263   3.165e-05  XNOR2_X1
j0_addMult4_MULT_mult_18_U373  0.0001887   0.0001051   0.0003262   3.237e-05  XNOR2_X1
j2_mult0_mult_18_U388          0.0001926   0.0001019   0.0003261   3.165e-05  XNOR2_X1
j2_addMult7_MULT_mult_18_U56   0.0001601    0.000106   0.0003261   5.998e-05  FA_X1
j0_addMult8_MULT_mult_18_U371  0.0001948   9.973e-05    0.000326   3.153e-05  XNOR2_X1
j2_addMult0_MULT_mult_18_U71    0.000167   9.955e-05    0.000326   5.945e-05  FA_X1
j2_mult0_mult_18_U365          0.0001947    9.96e-05   0.0003259   3.165e-05  XNOR2_X1
j0_addMult8_MULT_mult_18_U365  0.0001948   9.954e-05   0.0003259   3.153e-05  XNOR2_X1
j2_addMult4_MULT_mult_18_U487  0.0001902   0.0001025   0.0003258   3.308e-05  XNOR2_X1
j1_addMult3_ADD_add_16_U1_10   0.0001643   8.976e-05   0.0003258   7.177e-05  FA_X1
j2_addMult3_MULT_mult_18_U356  0.0001641     0.00013   0.0003258   3.158e-05  OAI22_X1
j2_mult0_mult_18_U73           0.0001626   0.0001054   0.0003258   5.779e-05  FA_X1
j2_addMult5_MULT_mult_18_U360  0.0001484   0.0001444   0.0003256    3.28e-05  OAI22_X1
j0_mult0_mult_18_U351          0.0001866   0.0001062   0.0003256   3.273e-05  XNOR2_X1
j0_addMult5_MULT_mult_18_U341  0.0001946   9.897e-05   0.0003256   3.202e-05  XNOR2_X1
j2_mult0_mult_18_U398          0.0001926   0.0001013   0.0003256   3.165e-05  XNOR2_X1
j2_addMult9_MULT_mult_18_U351  0.0001884   0.0001044   0.0003254   3.261e-05  XNOR2_X1
j0_addMult2_MULT_mult_18_U356   0.000154   0.0001346   0.0003253   3.665e-05  OAI22_X1
j2_addMult7_MULT_mult_18_U349  0.0001944   9.884e-05   0.0003252   3.202e-05  XNOR2_X1
j0_addMult9_MULT_mult_18_U347  0.0001896   0.0001035   0.0003252   3.212e-05  XNOR2_X1
j2_addMult4_MULT_mult_18_U349  0.0001902   0.0001019   0.0003252   3.308e-05  XNOR2_X1
j0_addMult7_MULT_mult_18_U345  0.0001868   0.0001057   0.0003251   3.261e-05  XNOR2_X1
j1_addMult9_MULT_mult_18_U377  0.0001963   9.701e-05   0.0003248   3.153e-05  XNOR2_X1
j2_addMult7_MULT_mult_18_U345  0.0001944    9.84e-05   0.0003248   3.202e-05  XNOR2_X1
j2_mult0_mult_18_U384          0.0001926   0.0001006   0.0003248   3.165e-05  XNOR2_X1
j0_addMult8_MULT_mult_18_U369  0.0001947   9.849e-05   0.0003247   3.153e-05  XNOR2_X1
j1_addMult1_MULT_mult_18_U367  0.0001939   9.809e-05   0.0003247   3.273e-05  XNOR2_X1
j1_addMult6_MULT_mult_18_U471  0.0001611   0.0001108   0.0003247   5.278e-05  OAI222_X1
j2_addMult2_MULT_mult_18_U356  0.0001629   0.0001269   0.0003247   3.491e-05  OAI22_X1
FE_DBTC8_i0_R2_out_9            5.08e-05   0.0002596   0.0003246   1.419e-05  INV_X1
j2_addMult7_MULT_mult_18_U487  0.0001944   9.815e-05   0.0003246   3.202e-05  XNOR2_X1
j2_addMult7_MULT_mult_18_U347  0.0001944   9.821e-05   0.0003246   3.202e-05  XNOR2_X1
j2_mult0_mult_18_U361          0.0001946    9.83e-05   0.0003246   3.165e-05  XNOR2_X1
j1_addMult9_MULT_mult_18_U382  0.0001933   9.972e-05   0.0003246   3.153e-05  XNOR2_X1
j0_addMult9_MULT_mult_18_U316    5.2e-05   0.0002591   0.0003246   1.352e-05  INV_X1
j0_addMult9_MULT_mult_18_U341  0.0001896   0.0001027   0.0003245   3.212e-05  XNOR2_X1
j0_addMult0_MULT_mult_18_U369   0.000194   9.778e-05   0.0003245   3.273e-05  XNOR2_X1
j0_addMult8_MULT_mult_18_U377  0.0001947    9.82e-05   0.0003244   3.153e-05  XNOR2_X1
j2_addMult7_MULT_mult_18_U398  0.0001828   0.0001094   0.0003244   3.224e-05  XNOR2_X1
j1_addMult8_MULT_mult_18_U345  0.0001868   0.0001049   0.0003243   3.261e-05  XNOR2_X1
j2_addMult7_MULT_mult_18_U400  0.0001828   0.0001093   0.0003243   3.224e-05  XNOR2_X1
j0_addMult0_MULT_mult_18_U382  0.0001942   9.741e-05   0.0003243   3.273e-05  XNOR2_X1
j1_addMult7_MULT_mult_18_U50   0.0001639   9.677e-05   0.0003243   6.358e-05  FA_X1
j2_mult0_mult_18_U371          0.0001947   9.786e-05   0.0003242   3.165e-05  XNOR2_X1
j2_mult0_mult_18_U359          0.0001946   9.781e-05   0.0003241   3.165e-05  XNOR2_X1
j2_mult0_mult_18_U375          0.0001947   9.777e-05   0.0003241   3.165e-05  XNOR2_X1
j2_addMult9_MULT_mult_18_U345  0.0001884   0.0001031   0.0003241   3.261e-05  XNOR2_X1
j2_addMult2_MULT_mult_18_U392  0.0001942    9.71e-05    0.000324   3.273e-05  XNOR2_X1
j1_addMult1_MULT_mult_18_U369  0.0001939   9.739e-05    0.000324   3.273e-05  XNOR2_X1
j0_addMult5_MULT_mult_18_U351  0.0001946   9.743e-05    0.000324   3.202e-05  XNOR2_X1
j0_addMult3_MULT_mult_18_U469  0.0001473    0.000127    0.000324   4.966e-05  OAI222_X1
j0_addMult9_MULT_mult_18_U62   0.0001617   0.0001067    0.000324   5.557e-05  HA_X1
j0_mult0_mult_18_U7            0.0001276   0.0001191    0.000324    7.73e-05  FA_X1
j1_addMult9_MULT_mult_18_U398  0.0001933   9.911e-05    0.000324   3.153e-05  XNOR2_X1
j0_addMult9_MULT_mult_18_U355  0.0001896   0.0001022   0.0003239   3.212e-05  XNOR2_X1
j1_addMult4_MULT_mult_18_U62   0.0001613    0.000104   0.0003239   5.863e-05  HA_X1
j0_addMult1_MULT_mult_18_U50   0.0001638   9.646e-05   0.0003239   6.369e-05  FA_X1
j0_addMult0_MULT_mult_18_U367   0.000194    9.72e-05   0.0003239   3.273e-05  XNOR2_X1
j2_mult0_mult_18_U367          0.0001947   9.757e-05   0.0003239   3.165e-05  XNOR2_X1
j2_mult0_mult_18_U394          0.0001926   9.964e-05   0.0003239   3.165e-05  XNOR2_X1
j0_addMult3_MULT_mult_18_U6    0.0001275   0.0001207   0.0003238   7.563e-05  FA_X1
j0_addMult0_MULT_mult_18_U388  0.0001942   9.688e-05   0.0003238   3.273e-05  XNOR2_X1
j0_addMult5_MULT_mult_18_U370  0.0001479   0.0001422   0.0003237    3.36e-05  OAI22_X1
j2_addMult1_MULT_mult_18_U302  3.434e-05   0.0002751   0.0003237   1.422e-05  INV_X1
j2_mult0_mult_18_U363          0.0001947   9.734e-05   0.0003237   3.165e-05  XNOR2_X1
j1_addMult2_MULT_mult_18_U302   3.56e-05    0.000275   0.0003236   1.295e-05  INV_X1
j2_addMult4_MULT_mult_18_U343  0.0001902   0.0001002   0.0003235   3.308e-05  XNOR2_X1
j2_mult0_mult_18_U377          0.0001947    9.72e-05   0.0003235   3.165e-05  XNOR2_X1
j2_mult0_mult_18_U314          6.548e-05    0.000244   0.0003235   1.401e-05  INV_X1
j0_addMult3_MULT_mult_18_U5    0.0001279   0.0001198   0.0003235   7.582e-05  FA_X1
j1_addMult1_MULT_mult_18_U371  0.0001939    9.68e-05   0.0003234   3.273e-05  XNOR2_X1
j0_addMult5_MULT_mult_18_U302  3.455e-05   0.0002746   0.0003234   1.422e-05  INV_X1
j1_addMult0_MULT_mult_18_U347  0.0001869   0.0001037   0.0003233   3.273e-05  XNOR2_X1
j1_addMult9_MULT_mult_18_U390  0.0001933   9.843e-05   0.0003233   3.153e-05  XNOR2_X1
j0_addMult6_MULT_mult_18_U67   0.0001682    9.38e-05   0.0003231   6.119e-05  FA_X1
j0_addMult0_MULT_mult_18_U69   0.0001631   0.0001047   0.0003231   5.534e-05  FA_X1
j2_mult0_mult_18_U386          0.0001926   9.889e-05   0.0003231   3.165e-05  XNOR2_X1
j0_addMult8_MULT_mult_18_U375  0.0001947   9.691e-05   0.0003231   3.153e-05  XNOR2_X1
j0_addMult0_MULT_mult_18_U375   0.000194   9.642e-05   0.0003231   3.273e-05  XNOR2_X1
j2_addMult6_MULT_mult_18_U25   0.0001619   9.134e-05   0.0003231   6.985e-05  FA_X1
j1_addMult0_MULT_mult_18_U355  0.0001869   0.0001035   0.0003231   3.273e-05  XNOR2_X1
j0_mult0_mult_18_U347          0.0001866   0.0001037    0.000323   3.273e-05  XNOR2_X1
j1_addMult9_MULT_mult_18_U392  0.0001933   9.816e-05    0.000323   3.153e-05  XNOR2_X1
j1_mult0_mult_18_U380          0.0002296    5.68e-05    0.000323   3.663e-05  XNOR2_X1
j2_addMult2_MULT_mult_18_U471  0.0001603   0.0001115    0.000323   5.122e-05  OAI222_X1
j0_addMult9_MULT_mult_18_U345  0.0001896   0.0001012    0.000323   3.212e-05  XNOR2_X1
j1_addMult9_MULT_mult_18_U388  0.0001933   9.812e-05   0.0003229   3.153e-05  XNOR2_X1
j0_addMult0_MULT_mult_18_U34   0.0001574   8.357e-05   0.0003229   8.193e-05  FA_X1
j2_addMult5_MULT_mult_18_U6    0.0001275   0.0001197   0.0003228   7.563e-05  FA_X1
j2_mult0_mult_18_U392          0.0001926    9.86e-05   0.0003228   3.165e-05  XNOR2_X1
j2_addMult0_MULT_mult_18_U73   0.0001672   9.632e-05   0.0003228    5.93e-05  FA_X1
j0_addMult6_MULT_mult_18_U471  0.0001609   0.0001122   0.0003228   4.976e-05  OAI222_X1
j2_addMult9_MULT_mult_18_U355  0.0001884   0.0001017   0.0003227   3.261e-05  XNOR2_X1
j1_addMult5_MULT_mult_18_U470  0.0001702    0.000112   0.0003227   4.049e-05  AOI222_X1
j0_addMult5_MULT_mult_18_U343  0.0001946   9.609e-05   0.0003227   3.202e-05  XNOR2_X1
j0_addMult0_MULT_mult_18_U359  0.0001939   9.597e-05   0.0003226   3.273e-05  XNOR2_X1
j0_addMult8_MULT_mult_18_U382  0.0001943   9.677e-05   0.0003226   3.153e-05  XNOR2_X1
j2_mult0_mult_18_U382          0.0001926   9.831e-05   0.0003225   3.165e-05  XNOR2_X1
j1_addMult5_MULT_mult_18_U343  0.0001902   0.0001007   0.0003225   3.165e-05  XNOR2_X1
j2_addMult6_MULT_mult_18_U368  0.0001605   0.0001281   0.0003225   3.387e-05  OAI22_X1
j2_addMult6_ADD_add_16_U1_10   0.0001867   6.163e-05   0.0003225   7.416e-05  FA_X1
j2_addMult1_MULT_mult_18_U67   0.0001662   9.807e-05   0.0003224   5.813e-05  FA_X1
j2_addMult4_MULT_mult_18_U41   0.0001649   9.614e-05   0.0003224   6.135e-05  FA_X1
j0_addMult0_MULT_mult_18_U398  0.0001942   9.542e-05   0.0003223   3.273e-05  XNOR2_X1
j2_addMult0_MULT_mult_18_U25   0.0001621   9.206e-05   0.0003223   6.818e-05  FA_X1
j1_addMult0_MULT_mult_18_U353  0.0001869   0.0001026   0.0003222   3.273e-05  XNOR2_X1
j2_addMult1_MULT_mult_18_U56     0.00016   0.0001031   0.0003222   5.914e-05  FA_X1
j1_addMult1_MULT_mult_18_U373  0.0001787   0.0001107   0.0003222   3.273e-05  XNOR2_X1
j1_addMult9_MULT_mult_18_U386  0.0001933   9.729e-05   0.0003221   3.153e-05  XNOR2_X1
j0_addMult7_MULT_mult_18_U34   0.0001542   9.031e-05   0.0003221   7.754e-05  FA_X1
j1_addMult9_MULT_mult_18_U347  0.0001868   0.0001027    0.000322   3.249e-05  XNOR2_X1
j2_addMult6_MULT_mult_18_U356  0.0001604   0.0001277    0.000322   3.387e-05  OAI22_X1
j0_addMult4_MULT_mult_18_U371  0.0001887   0.0001009    0.000322   3.237e-05  XNOR2_X1
j1_addMult0_MULT_mult_18_U73    0.000163   9.723e-05   0.0003219   6.173e-05  FA_X1
j0_addMult0_MULT_mult_18_U392  0.0001942   9.503e-05   0.0003219   3.273e-05  XNOR2_X1
j0_addMult7_MULT_mult_18_U347  0.0001868   0.0001025   0.0003219   3.261e-05  XNOR2_X1
j0_addMult9_MULT_mult_18_U487  0.0001896   0.0001001   0.0003219   3.212e-05  XNOR2_X1
j1_addMult3_MULT_mult_18_U73    0.000167   9.733e-05   0.0003217   5.731e-05  FA_X1
j0_addMult2_MULT_mult_18_U374  0.0001168   0.0001657   0.0003217   3.916e-05  OAI22_X1
j0_addMult8_MULT_mult_18_U345  0.0001909   9.819e-05   0.0003216   3.249e-05  XNOR2_X1
j0_addMult8_MULT_mult_18_U343  0.0001909   9.816e-05   0.0003216   3.249e-05  XNOR2_X1
j1_addMult1_MULT_mult_18_U361  0.0001939   9.491e-05   0.0003216   3.273e-05  XNOR2_X1
j0_addMult3_MULT_mult_18_U373  0.0001934   9.662e-05   0.0003215   3.153e-05  XNOR2_X1
j2_addMult9_MULT_mult_18_U341  0.0001884   0.0001005   0.0003215   3.261e-05  XNOR2_X1
j1_addMult4_MULT_mult_18_U359  0.0001934   9.658e-05   0.0003215   3.153e-05  XNOR2_X1
j1_addMult5_MULT_mult_18_U302  3.498e-05   0.0002731   0.0003215   1.337e-05  INV_X1
j0_addMult8_MULT_mult_18_U349  0.0001909   9.802e-05   0.0003214   3.249e-05  XNOR2_X1
j0_addMult0_MULT_mult_18_U365  0.0001939   9.475e-05   0.0003214   3.273e-05  XNOR2_X1
j2_addMult6_MULT_mult_18_U63   0.0001612   0.0001008   0.0003214   5.939e-05  FA_X1
j2_addMult0_MULT_mult_18_U471  0.0001449   0.0001129   0.0003212   6.343e-05  OAI222_X1
j0_addMult8_MULT_mult_18_U351  0.0001909   9.761e-05    0.000321   3.249e-05  XNOR2_X1
j2_addMult7_MULT_mult_18_U34    0.000158   8.159e-05    0.000321   8.141e-05  FA_X1
j1_addMult9_MULT_mult_18_U384  0.0001932   9.619e-05    0.000321   3.153e-05  XNOR2_X1
j0_addMult7_MULT_mult_18_U355  0.0001868   0.0001016   0.0003209   3.261e-05  XNOR2_X1
j2_addMult4_MULT_mult_18_U351  0.0001902   9.761e-05   0.0003209   3.308e-05  XNOR2_X1
j2_addMult7_MULT_mult_18_U371  0.0001856    0.000103   0.0003209   3.224e-05  XNOR2_X1
j2_addMult3_MULT_mult_18_U73   0.0001636   9.651e-05   0.0003208   6.069e-05  FA_X1
j1_addMult9_MULT_mult_18_U69    0.000166    0.000101   0.0003207   5.367e-05  FA_X1
j0_addMult7_MULT_mult_18_U56     0.00016   0.0001013   0.0003206   5.938e-05  FA_X1
j2_addMult0_MULT_mult_18_U380  0.0002294    5.45e-05   0.0003206   3.663e-05  XNOR2_X1
j1_addMult7_MULT_mult_18_U56   0.0001561    0.000103   0.0003206   6.141e-05  FA_X1
j1_addMult2_MULT_mult_18_U368  0.0001644   0.0001245   0.0003205   3.158e-05  OAI22_X1
j2_addMult1_MULT_mult_18_U351  0.0001869   0.0001009   0.0003205   3.273e-05  XNOR2_X1
j0_addMult3_MULT_mult_18_U365  0.0001933   9.547e-05   0.0003203   3.153e-05  XNOR2_X1
j0_mult0_mult_18_U341          0.0001866    0.000101   0.0003203   3.273e-05  XNOR2_X1
j2_addMult1_MULT_mult_18_U345  0.0001869   0.0001007   0.0003203   3.273e-05  XNOR2_X1
j0_addMult4_MULT_mult_18_U41   0.0001616   9.501e-05   0.0003202   6.359e-05  FA_X1
j2_addMult7_MULT_mult_18_U375  0.0001856   0.0001023   0.0003202   3.224e-05  XNOR2_X1
j1_addMult5_MULT_mult_18_U351  0.0001902   9.832e-05   0.0003202   3.165e-05  XNOR2_X1
j0_addMult9_MULT_mult_18_U34   0.0001535   8.736e-05     0.00032   7.918e-05  FA_X1
j2_addMult7_MULT_mult_18_U369  0.0001856   0.0001022     0.00032   3.224e-05  XNOR2_X1
j2_addMult7_MULT_mult_18_U25   0.0001614   9.433e-05     0.00032   6.422e-05  FA_X1
j0_mult0_mult_18_U487          0.0001866   0.0001006     0.00032   3.273e-05  XNOR2_X1
j1_addMult9_MULT_mult_18_U341  0.0001868   0.0001007   0.0003199   3.249e-05  XNOR2_X1
j0_addMult7_MULT_mult_18_U50   0.0001637   9.363e-05   0.0003199   6.248e-05  FA_X1
j2_addMult9_MULT_mult_18_U487  0.0001884   9.885e-05   0.0003199   3.261e-05  XNOR2_X1
j1_mult0_mult_18_U60           0.0001628   9.094e-05   0.0003198   6.601e-05  FA_X1
j2_addMult2_MULT_mult_18_U355  0.0001197   0.0001587   0.0003197   4.132e-05  XNOR2_X1
j2_addMult7_MULT_mult_18_U373  0.0001856   0.0001019   0.0003197   3.224e-05  XNOR2_X1
j2_addMult9_MULT_mult_18_U349  0.0001884   9.857e-05   0.0003196   3.261e-05  XNOR2_X1
j1_addMult0_MULT_mult_18_U29   0.0001687   8.747e-05   0.0003195   6.331e-05  FA_X1
j1_addMult3_MULT_mult_18_U364  0.0001542   0.0001285   0.0003194   3.665e-05  OAI22_X1
j2_addMult9_MULT_mult_18_U343  0.0001884   9.828e-05   0.0003193   3.261e-05  XNOR2_X1
j0_addMult3_MULT_mult_18_U363  0.0001933   9.444e-05   0.0003193   3.153e-05  XNOR2_X1
j1_addMult2_MULT_mult_18_U63   0.0001605   9.978e-05   0.0003192   5.896e-05  FA_X1
j0_addMult3_MULT_mult_18_U470  0.0001679   0.0001088   0.0003192   4.255e-05  AOI222_X1
j0_mult0_mult_18_U345          0.0001866   9.988e-05   0.0003192   3.273e-05  XNOR2_X1
j1_addMult6_MULT_mult_18_U25   0.0001574   9.373e-05   0.0003192   6.812e-05  FA_X1
j0_mult0_mult_18_U6            0.0001278   0.0001145   0.0003192   7.697e-05  FA_X1
j1_addMult9_MULT_mult_18_U353  0.0001868   9.987e-05   0.0003191   3.249e-05  XNOR2_X1
j2_addMult7_MULT_mult_18_U356   0.000148   0.0001375   0.0003191    3.36e-05  OAI22_X1
j2_addMult7_MULT_mult_18_U63   0.0001598   9.823e-05   0.0003189   6.095e-05  FA_X1
j2_mult0_mult_18_U60           0.0001586   9.655e-05   0.0003189   6.379e-05  FA_X1
j2_addMult5_MULT_mult_18_U373  0.0001933   9.407e-05   0.0003189   3.153e-05  XNOR2_X1
j1_addMult2_MULT_mult_18_U41   0.0001614   9.278e-05   0.0003188   6.457e-05  FA_X1
j2_mult0_mult_18_U25            0.000157   9.637e-05   0.0003188   6.543e-05  FA_X1
j2_addMult5_MULT_mult_18_U5    0.0001278   0.0001151   0.0003188   7.582e-05  FA_X1
j2_addMult1_MULT_mult_18_U355  0.0001869   9.916e-05   0.0003188   3.273e-05  XNOR2_X1
j1_addMult9_MULT_mult_18_U355  0.0001868   9.935e-05   0.0003186   3.249e-05  XNOR2_X1
j1_addMult7_MULT_mult_18_U25   0.0001533    9.86e-05   0.0003185   6.656e-05  FA_X1
j1_addMult7_MULT_mult_18_U394  0.0001845   0.0001017   0.0003185   3.226e-05  XNOR2_X1
j2_addMult1_MULT_mult_18_U487  0.0001869    9.89e-05   0.0003185   3.273e-05  XNOR2_X1
j2_addMult1_MULT_mult_18_U356   0.000152   0.0001329   0.0003185   3.362e-05  OAI22_X1
j1_addMult9_MULT_mult_18_U349  0.0001868    9.91e-05   0.0003184   3.249e-05  XNOR2_X1
j1_mult0_mult_18_U357          0.0002292   5.245e-05   0.0003183   3.663e-05  XNOR2_X1
j0_addMult2_MULT_mult_18_U63   0.0001643   9.732e-05   0.0003183   5.668e-05  FA_X1
j0_addMult1_MULT_mult_18_U356  0.0001619   0.0001248   0.0003183   3.166e-05  OAI22_X1
j1_addMult7_MULT_mult_18_U384  0.0001845   0.0001015   0.0003183   3.226e-05  XNOR2_X1
j0_addMult2_MULT_mult_18_U25   0.0001572   9.376e-05   0.0003182   6.723e-05  FA_X1
j1_addMult4_MULT_mult_18_U371  0.0001932   9.347e-05   0.0003182   3.153e-05  XNOR2_X1
j1_addMult8_MULT_mult_18_U343  0.0001868   9.881e-05   0.0003182   3.261e-05  XNOR2_X1
j2_addMult1_MULT_mult_18_U29   0.0001687   8.614e-05   0.0003181   6.331e-05  FA_X1
j2_addMult9_MULT_mult_18_U302   3.32e-05   0.0002706   0.0003181   1.428e-05  INV_X1
j1_addMult3_MULT_mult_18_U343  0.0001852   9.976e-05   0.0003181   3.308e-05  XNOR2_X1
j0_mult0_mult_18_U353          0.0001866   9.859e-05   0.0003179   3.273e-05  XNOR2_X1
j1_addMult8_MULT_mult_18_U353  0.0001868   9.849e-05   0.0003179   3.261e-05  XNOR2_X1
j2_addMult9_MULT_mult_18_U353  0.0001884   9.683e-05   0.0003178   3.261e-05  XNOR2_X1
j1_addMult8_MULT_mult_18_U355  0.0001868   9.837e-05   0.0003177   3.261e-05  XNOR2_X1
j1_addMult9_MULT_mult_18_U351  0.0001868   9.843e-05   0.0003177   3.249e-05  XNOR2_X1
j0_addMult0_MULT_mult_18_U74   0.0001391   0.0001192   0.0003176   5.938e-05  HA_X1
j1_addMult0_MULT_mult_18_U343  0.0001868   9.807e-05   0.0003176   3.273e-05  XNOR2_X1
j0_mult0_mult_18_U343          0.0001866   9.829e-05   0.0003176   3.273e-05  XNOR2_X1
j2_addMult5_MULT_mult_18_U365  0.0001933    9.28e-05   0.0003176   3.153e-05  XNOR2_X1
j1_addMult3_MULT_mult_18_U351  0.0001852   9.926e-05   0.0003176   3.308e-05  XNOR2_X1
j1_addMult8_MULT_mult_18_U351  0.0001868   9.819e-05   0.0003176   3.261e-05  XNOR2_X1
j0_mult0_mult_18_U29           0.0001687   8.558e-05   0.0003175   6.331e-05  FA_X1
j1_addMult8_MULT_mult_18_U349  0.0001868   9.816e-05   0.0003175   3.261e-05  XNOR2_X1
j1_addMult1_MULT_mult_18_U396  0.0001786   0.0001062   0.0003175   3.273e-05  XNOR2_X1
j2_addMult1_MULT_mult_18_U349  0.0001869   9.792e-05   0.0003175   3.273e-05  XNOR2_X1
j1_addMult4_MULT_mult_18_U361  0.0001933   9.267e-05   0.0003175   3.153e-05  XNOR2_X1
j0_addMult5_MULT_mult_18_U73    0.000163   9.566e-05   0.0003174   5.874e-05  FA_X1
j2_addMult7_MULT_mult_18_U396  0.0001827   0.0001024   0.0003173   3.224e-05  XNOR2_X1
j2_addMult9_MULT_mult_18_U25   0.0001578   9.218e-05   0.0003172   6.722e-05  FA_X1
j2_addMult9_MULT_mult_18_U347  0.0001884    9.61e-05   0.0003171   3.261e-05  XNOR2_X1
j1_addMult9_MULT_mult_18_U345  0.0001868   9.778e-05   0.0003171   3.249e-05  XNOR2_X1
j1_addMult4_MULT_mult_18_U365  0.0001932   9.199e-05   0.0003167   3.153e-05  XNOR2_X1
j1_addMult0_MULT_mult_18_U349  0.0001868   9.714e-05   0.0003167   3.273e-05  XNOR2_X1
j0_mult0_mult_18_U349          0.0001866   9.734e-05   0.0003167   3.273e-05  XNOR2_X1
j1_addMult7_MULT_mult_18_U373  0.0001838   0.0001006   0.0003166   3.226e-05  XNOR2_X1
j1_addMult9_MULT_mult_18_U487  0.0001868   9.735e-05   0.0003166   3.249e-05  XNOR2_X1
j0_addMult3_MULT_mult_18_U356  0.0001579   0.0001249   0.0003166   3.375e-05  OAI22_X1
j2_addMult2_ADD_add_16_U1_7    0.0001532    8.52e-05   0.0003166   7.815e-05  FA_X1
j1_addMult8_MULT_mult_18_U482  8.659e-05   0.0001942   0.0003166   3.582e-05  XNOR2_X1
j1_addMult3_MULT_mult_18_U56   0.0001649   9.697e-05   0.0003165   5.463e-05  FA_X1
j0_addMult0_ADD_add_16_U1_3    0.0001556   9.574e-05   0.0003165   6.512e-05  FA_X1
j0_addMult7_MULT_mult_18_U25   0.0001578   9.141e-05   0.0003164   6.722e-05  FA_X1
j2_addMult2_ADD_add_16_U1_9    0.0001532   8.505e-05   0.0003164   7.815e-05  FA_X1
j2_addMult5_MULT_mult_18_U363  0.0001932   9.162e-05   0.0003164   3.153e-05  XNOR2_X1
j2_addMult1_MULT_mult_18_U347  0.0001869   9.668e-05   0.0003163   3.273e-05  XNOR2_X1
j1_addMult0_MULT_mult_18_U362  0.0001523   0.0001303   0.0003162   3.362e-05  OAI22_X1
j0_addMult7_MULT_mult_18_U71   0.0001605    9.37e-05   0.0003162   6.205e-05  FA_X1
j1_addMult4_MULT_mult_18_U382  0.0001886   9.608e-05   0.0003162   3.153e-05  XNOR2_X1
j2_addMult8_MULT_mult_18_U373  0.0001838   0.0001002   0.0003162   3.226e-05  XNOR2_X1
j1_addMult0_ADD_add_16_U1_6    0.0001228   0.0001257   0.0003161   6.769e-05  FA_X1
j1_addMult0_MULT_mult_18_U351  0.0001868   9.648e-05   0.0003161   3.273e-05  XNOR2_X1
j1_mult0_mult_18_U29           0.0001616    8.76e-05    0.000316   6.681e-05  FA_X1
j0_addMult9_MULT_mult_18_U73   0.0001588   9.853e-05    0.000316   5.862e-05  FA_X1
j0_addMult0_MULT_mult_18_U358  0.0001633   0.0001177   0.0003159   3.491e-05  OAI22_X1
j1_addMult4_MULT_mult_18_U396  0.0001886   9.565e-05   0.0003157   3.153e-05  XNOR2_X1
j1_addMult2_MULT_mult_18_U471  0.0001571   0.0001092   0.0003157   4.948e-05  OAI222_X1
j2_addMult3_MULT_mult_18_U37   0.0001603   9.329e-05   0.0003157   6.208e-05  FA_X1
j2_addMult3_MULT_mult_18_U302   3.59e-05   0.0002668   0.0003156   1.295e-05  INV_X1
j1_addMult9_MULT_mult_18_U343  0.0001868   9.635e-05   0.0003156   3.249e-05  XNOR2_X1
j2_addMult1_MULT_mult_18_U58   0.0001615   9.768e-05   0.0003156    5.64e-05  FA_X1
j1_addMult3_MULT_mult_18_U341  0.0001852   9.727e-05   0.0003156   3.308e-05  XNOR2_X1
j0_addMult8_ADD_add_16_U1_10   0.0001868   5.488e-05   0.0003155   7.387e-05  FA_X1
j1_addMult5_MULT_mult_18_U56   0.0001647    9.58e-05   0.0003154   5.491e-05  FA_X1
j2_addMult1_MULT_mult_18_U353  0.0001869   9.582e-05   0.0003154   3.273e-05  XNOR2_X1
j1_addMult8_MULT_mult_18_U73   0.0001585   9.718e-05   0.0003153   5.963e-05  FA_X1
j2_addMult6_MULT_mult_18_U302  3.583e-05    0.000266   0.0003153   1.337e-05  INV_X1
j1_mult0_mult_18_U73           0.0001597   9.618e-05   0.0003152   5.927e-05  FA_X1
j0_addMult5_MULT_mult_18_U56   0.0001648   9.614e-05   0.0003151   5.421e-05  FA_X1
j1_addMult9_MULT_mult_18_U25   0.0001539   9.138e-05    0.000315   6.971e-05  FA_X1
j1_addMult1_MULT_mult_18_U377  0.0001786   0.0001036    0.000315   3.273e-05  XNOR2_X1
j0_addMult3_MULT_mult_18_U386  0.0001886   9.473e-05   0.0003148   3.153e-05  XNOR2_X1
j2_addMult8_MULT_mult_18_U471   0.000144   0.0001069   0.0003148   6.384e-05  OAI222_X1
j2_addMult2_ADD_add_16_U1_6    0.0001532   8.339e-05   0.0003148   7.815e-05  FA_X1
j1_addMult6_MULT_mult_18_U63   0.0001611   9.457e-05   0.0003148   5.912e-05  FA_X1
j1_addMult3_MULT_mult_18_U37   0.0001561   9.836e-05   0.0003147   6.021e-05  FA_X1
j0_addMult3_MULT_mult_18_U59   0.0001652   8.965e-05   0.0003147   5.983e-05  FA_X1
j0_addMult1_MULT_mult_18_U63   0.0001589   9.538e-05   0.0003146   6.035e-05  FA_X1
j1_addMult6_MULT_mult_18_U356  0.0001519    0.000127   0.0003145   3.557e-05  OAI22_X1
j0_addMult1_MULT_mult_18_U29   0.0001617    8.57e-05   0.0003145    6.71e-05  FA_X1
j0_addMult0_MULT_mult_18_U71   0.0001589   9.737e-05   0.0003143   5.804e-05  FA_X1
j1_addMult8_MULT_mult_18_U25   0.0001578   8.901e-05    0.000314   6.722e-05  FA_X1
j2_addMult4_MULT_mult_18_U37   0.0001562    9.76e-05    0.000314   6.021e-05  FA_X1
j1_addMult4_MULT_mult_18_U388  0.0001885   9.378e-05   0.0003139   3.153e-05  XNOR2_X1
j1_addMult6_MULT_mult_18_U366  0.0001477   0.0001325   0.0003138    3.36e-05  OAI22_X1
j0_addMult3_MULT_mult_18_U388  0.0001886   9.357e-05   0.0003137   3.153e-05  XNOR2_X1
j1_addMult3_MULT_mult_18_U469  0.0001375   0.0001324   0.0003136   4.375e-05  OAI222_X1
j2_addMult5_MULT_mult_18_U388  0.0001885   9.345e-05   0.0003135   3.153e-05  XNOR2_X1
j0_addMult2_ADD_add_16_U1_3    0.0001474   9.855e-05   0.0003134   6.747e-05  FA_X1
j0_mult0_mult_18_U355          0.0001866   9.407e-05   0.0003134   3.273e-05  XNOR2_X1
j1_addMult1_MULT_mult_18_U302  3.127e-05   0.0002683   0.0003133   1.373e-05  INV_X1
j0_addMult3_MULT_mult_18_U396  0.0001886   9.315e-05   0.0003132   3.153e-05  XNOR2_X1
j1_addMult1_MULT_mult_18_U58   0.0001618   9.663e-05   0.0003132   5.476e-05  FA_X1
j0_mult0_mult_18_U5             0.000128   0.0001088   0.0003132   7.642e-05  FA_X1
j2_addMult4_MULT_mult_18_U364  0.0001545    0.000122   0.0003132   3.665e-05  OAI22_X1
j2_addMult5_MULT_mult_18_U386  0.0001885   9.301e-05   0.0003131   3.153e-05  XNOR2_X1
j0_addMult2_MULT_mult_18_U400  0.0001162   0.0001565   0.0003131   4.034e-05  XNOR2_X1
j1_addMult9_MULT_mult_18_U73   0.0001554   0.0001003    0.000313   5.736e-05  FA_X1
j2_addMult0_MULT_mult_18_U358  0.0001677   0.0001123    0.000313   3.295e-05  OAI22_X1
j2_addMult7_MULT_mult_18_U67   0.0001575   9.765e-05    0.000313   5.776e-05  FA_X1
j0_addMult8_MULT_mult_18_U25   0.0001539   8.927e-05   0.0003129   6.971e-05  FA_X1
j1_addMult1_MULT_mult_18_U471  0.0001297   0.0001153   0.0003128   6.788e-05  OAI222_X1
j1_mult0_mult_18_U302          3.458e-05   0.0002651   0.0003127   1.307e-05  INV_X1
j0_addMult7_MULT_mult_18_U356  0.0001468    0.000132   0.0003127   3.386e-05  OAI22_X1
j2_addMult5_MULT_mult_18_U364  0.0001581   0.0001207   0.0003126   3.375e-05  OAI22_X1
j1_addMult8_MULT_mult_18_U71   0.0001589    9.58e-05   0.0003126   5.786e-05  FA_X1
j2_addMult8_MULT_mult_18_U25   0.0001532    9.28e-05   0.0003125   6.656e-05  FA_X1
j2_addMult7_MULT_mult_18_U71   0.0001563   9.418e-05   0.0003125   6.201e-05  FA_X1
j1_addMult4_MULT_mult_18_U394  0.0001885   9.236e-05   0.0003124   3.153e-05  XNOR2_X1
j2_addMult2_ADD_add_16_U1_8    0.0001531   8.103e-05   0.0003123   7.815e-05  FA_X1
j2_addMult6_MULT_mult_18_U41   0.0001559   9.571e-05   0.0003123   6.062e-05  FA_X1
j1_addMult1_MULT_mult_18_U375  0.0001786   0.0001008   0.0003121   3.273e-05  XNOR2_X1
j1_addMult5_MULT_mult_18_U73   0.0001587   9.524e-05   0.0003121   5.815e-05  FA_X1
j1_addMult8_MULT_mult_18_U44   0.0001636   8.534e-05    0.000312   6.302e-05  FA_X1
j1_addMult6_MULT_mult_18_U412  0.0001274   0.0001511   0.0003119   3.348e-05  OAI22_X1
j0_addMult0_MULT_mult_18_U25    0.000153   9.255e-05   0.0003118   6.618e-05  FA_X1
j0_addMult6_MULT_mult_18_U356  0.0001551   0.0001221   0.0003117   3.447e-05  OAI22_X1
j2_addMult0_MULT_mult_18_U69   0.0001554   0.0001011   0.0003117   5.517e-05  FA_X1
j1_addMult5_MULT_mult_18_U380  0.0002185    5.62e-05   0.0003116   3.697e-05  XNOR2_X1
j1_mult0_mult_18_U11           0.0001198    0.000115   0.0003116    7.68e-05  FA_X1
j1_addMult8_MULT_mult_18_U60   0.0001583   9.114e-05   0.0003116   6.217e-05  FA_X1
j0_mult0_mult_18_U482          9.472e-05   0.0001806   0.0003116   3.624e-05  XNOR2_X1
j0_addMult5_MULT_mult_18_U356   0.000152   0.0001236   0.0003112   3.557e-05  OAI22_X1
j2_addMult9_MULT_mult_18_U60   0.0001583   9.063e-05   0.0003111   6.217e-05  FA_X1
j1_addMult0_ADD_add_16_U1_5    0.0001226   0.0001208   0.0003111   6.769e-05  FA_X1
j2_addMult8_MULT_mult_18_U382  0.0001845   9.424e-05    0.000311   3.226e-05  XNOR2_X1
j0_addMult3_MULT_mult_18_U302  3.169e-05   0.0002654   0.0003107   1.367e-05  INV_X1
j2_addMult5_MULT_mult_18_U59   0.0001651   8.581e-05   0.0003107   5.983e-05  FA_X1
j0_addMult2_MULT_mult_18_U302  3.348e-05   0.0002629   0.0003107   1.428e-05  INV_X1
j0_addMult3_MULT_mult_18_U73   0.0001554   9.485e-05   0.0003107    6.04e-05  FA_X1
j0_addMult3_MULT_mult_18_U370  0.0001484   0.0001293   0.0003105    3.28e-05  OAI22_X1
j1_addMult5_MULT_mult_18_U37   0.0001596   9.163e-05   0.0003105    5.93e-05  FA_X1
j1_addMult7_MULT_mult_18_U392  0.0001845   9.375e-05   0.0003105   3.226e-05  XNOR2_X1
j1_addMult7_MULT_mult_18_U396  0.0001845   9.367e-05   0.0003104   3.226e-05  XNOR2_X1
j2_addMult0_MULT_mult_18_U74   0.0001308   0.0001191   0.0003104    6.05e-05  HA_X1
j1_addMult7_MULT_mult_18_U367  0.0001835   9.432e-05   0.0003101   3.226e-05  XNOR2_X1
j1_addMult7_MULT_mult_18_U398  0.0001845   9.333e-05     0.00031   3.226e-05  XNOR2_X1
j1_addMult4_MULT_mult_18_U384  0.0001885   8.993e-05     0.00031   3.153e-05  XNOR2_X1
j2_addMult3_MULT_mult_18_U364  0.0001642   0.0001141   0.0003099   3.158e-05  OAI22_X1
j2_addMult8_MULT_mult_18_U400  0.0001845    9.29e-05   0.0003096   3.226e-05  XNOR2_X1
j2_addMult0_MULT_mult_18_U29   0.0001614   8.136e-05   0.0003096   6.681e-05  FA_X1
j1_addMult1_MULT_mult_18_U25    0.000153   9.036e-05   0.0003096   6.618e-05  FA_X1
j1_addMult7_MULT_mult_18_U359  0.0001835   9.366e-05   0.0003094   3.226e-05  XNOR2_X1
j0_addMult6_MULT_mult_18_U392  0.0001844   9.278e-05   0.0003094   3.226e-05  XNOR2_X1
j2_addMult8_ADD_add_16_U1_10   0.0001817    5.45e-05   0.0003093    7.31e-05  FA_X1
j1_addMult7_MULT_mult_18_U390  0.0001844   9.252e-05   0.0003092   3.226e-05  XNOR2_X1
j2_addMult0_MULT_mult_18_U44   0.0001639   8.091e-05   0.0003092   6.436e-05  FA_X1
j1_addMult3_MULT_mult_18_U380  0.0002179   5.269e-05   0.0003091   3.853e-05  XNOR2_X1
j1_addMult3_MULT_mult_18_U59    0.000165   8.649e-05   0.0003091   5.761e-05  FA_X1
j2_addMult8_MULT_mult_18_U396  0.0001845   9.227e-05    0.000309   3.226e-05  XNOR2_X1
j1_addMult0_MULT_mult_18_U69   0.0001516   0.0001013   0.0003088    5.59e-05  FA_X1
j0_addMult6_MULT_mult_18_U366  0.0001447   0.0001317   0.0003088   3.229e-05  OAI22_X1
j0_addMult2_MULT_mult_18_U368  0.0001543   0.0001178   0.0003088   3.665e-05  OAI22_X1
j1_addMult7_MULT_mult_18_U400  0.0001844   9.201e-05   0.0003087   3.226e-05  XNOR2_X1
j0_addMult2_MULT_mult_18_U380  0.0002179   5.227e-05   0.0003087   3.853e-05  XNOR2_X1
j2_addMult8_MULT_mult_18_U359  0.0001835   9.282e-05   0.0003086   3.226e-05  XNOR2_X1
j2_addMult4_MULT_mult_18_U368  0.0001514   0.0001243   0.0003086   3.294e-05  OAI22_X1
j1_addMult6_MULT_mult_18_U41    0.000152   9.516e-05   0.0003085   6.131e-05  FA_X1
j2_addMult8_MULT_mult_18_U377  0.0001835   9.271e-05   0.0003085   3.226e-05  XNOR2_X1
j0_addMult5_MULT_mult_18_U364  0.0001523   0.0001205   0.0003084   3.557e-05  OAI22_X1
j0_addMult7_MULT_mult_18_U63   0.0001545   9.574e-05   0.0003084   5.811e-05  FA_X1
j2_addMult7_MULT_mult_18_U351   0.000179   9.728e-05   0.0003083   3.202e-05  XNOR2_X1
j0_mult0_mult_18_U302          3.377e-05   0.0002603   0.0003083   1.422e-05  INV_X1
j0_addMult2_MULT_mult_18_U41    0.000156   9.116e-05   0.0003083   6.111e-05  FA_X1
j2_addMult8_MULT_mult_18_U69   0.0001548   9.807e-05   0.0003083    5.54e-05  FA_X1
j2_mult0_mult_18_U374          0.0001236   0.0001509   0.0003083    3.38e-05  OAI22_X1
j1_addMult7_MULT_mult_18_U382  0.0001844   9.155e-05   0.0003082   3.226e-05  XNOR2_X1
j0_addMult8_MULT_mult_18_U302  3.313e-05   0.0002619   0.0003082   1.325e-05  INV_X1
j1_addMult2_MULT_mult_18_U468  0.0002029   6.899e-05   0.0003082   3.638e-05  XNOR2_X1
j0_addMult1_MULT_mult_18_U364   0.000162   0.0001146   0.0003082   3.166e-05  OAI22_X1
j2_addMult8_MULT_mult_18_U367  0.0001835   9.247e-05   0.0003082   3.226e-05  XNOR2_X1
j1_addMult7_MULT_mult_18_U361  0.0001835   9.231e-05   0.0003081   3.226e-05  XNOR2_X1
j2_addMult8_MULT_mult_18_U74   0.0001343   0.0001148    0.000308   5.893e-05  HA_X1
j0_addMult4_MULT_mult_18_U37   0.0001595    8.92e-05    0.000308    5.93e-05  FA_X1
j2_addMult8_MULT_mult_18_U392  0.0001845   9.122e-05   0.0003079   3.226e-05  XNOR2_X1
j0_addMult9_MULT_mult_18_U363  0.0001763     9.9e-05   0.0003079   3.261e-05  XNOR2_X1
j2_addMult7_MULT_mult_18_U29   0.0001606   8.443e-05   0.0003078   6.277e-05  FA_X1
j0_addMult8_MULT_mult_18_U73   0.0001546   9.252e-05   0.0003078   6.068e-05  FA_X1
j1_addMult3_MULT_mult_18_U400  0.0001165    0.000151   0.0003078   4.034e-05  XNOR2_X1
j2_addMult8_MULT_mult_18_U394  0.0001845   9.106e-05   0.0003078   3.226e-05  XNOR2_X1
j1_addMult5_MULT_mult_18_U468  0.0002026   6.972e-05   0.0003078   3.546e-05  XNOR2_X1
j1_addMult0_MULT_mult_18_U67   0.0001616   8.828e-05   0.0003076   5.766e-05  FA_X1
j2_addMult8_MULT_mult_18_U388  0.0001845   9.083e-05   0.0003075   3.226e-05  XNOR2_X1
j0_addMult6_MULT_mult_18_U63    0.000153   9.623e-05   0.0003074   5.826e-05  FA_X1
j2_addMult8_MULT_mult_18_U390  0.0001844   9.072e-05   0.0003074   3.226e-05  XNOR2_X1
j2_addMult8_MULT_mult_18_U398  0.0001844   9.072e-05   0.0003074   3.226e-05  XNOR2_X1
j2_addMult6_MULT_mult_18_U380  0.0002184   5.202e-05   0.0003074   3.697e-05  XNOR2_X1
j2_addMult7_MULT_mult_18_U355   0.000179   9.631e-05   0.0003074   3.202e-05  XNOR2_X1
j1_addMult1_MULT_mult_18_U400  0.0001784    9.62e-05   0.0003073   3.273e-05  XNOR2_X1
j2_addMult7_MULT_mult_18_U353   0.000179   9.626e-05   0.0003073   3.202e-05  XNOR2_X1
j1_addMult7_MULT_mult_18_U63   0.0001511   9.553e-05    0.000307   6.036e-05  FA_X1
j2_addMult3_MULT_mult_18_U469  0.0001411   0.0001166   0.0003069   4.925e-05  OAI222_X1
j1_mult0_mult_18_U408          0.0001268   0.0001469   0.0003069   3.312e-05  OAI22_X1
j1_addMult7_MULT_mult_18_U377  0.0001834   9.118e-05   0.0003069   3.226e-05  XNOR2_X1
j1_addMult1_MULT_mult_18_U356  0.0001515   0.0001234   0.0003069   3.196e-05  OAI22_X1
j1_addMult6_MULT_mult_18_U368  0.0001522   0.0001191   0.0003068   3.557e-05  OAI22_X1
j1_addMult5_MULT_mult_18_U377  0.0001153   0.0001505   0.0003068   4.101e-05  XNOR2_X1
j1_addMult7_MULT_mult_18_U369  0.0001834   9.102e-05   0.0003067   3.226e-05  XNOR2_X1
j0_addMult4_MULT_mult_18_U380  0.0002184   5.134e-05   0.0003067   3.697e-05  XNOR2_X1
j1_addMult7_MULT_mult_18_U302  3.263e-05   0.0002603   0.0003067   1.373e-05  INV_X1
j2_addMult5_MULT_mult_18_U73   0.0001554   9.089e-05   0.0003067    6.04e-05  FA_X1
j2_addMult8_MULT_mult_18_U369  0.0001834   9.096e-05   0.0003066   3.226e-05  XNOR2_X1
j2_addMult8_MULT_mult_18_U371  0.0001834   9.096e-05   0.0003066   3.226e-05  XNOR2_X1
j0_addMult9_MULT_mult_18_U25   0.0001492   8.989e-05   0.0003066   6.745e-05  FA_X1
j1_addMult7_MULT_mult_18_U375  0.0001834   9.079e-05   0.0003065   3.226e-05  XNOR2_X1
j0_addMult8_MULT_mult_18_U60   0.0001548   8.877e-05   0.0003064    6.29e-05  FA_X1
j2_addMult6_MULT_mult_18_U468  0.0002026    6.83e-05   0.0003064   3.546e-05  XNOR2_X1
j1_addMult5_MULT_mult_18_U364  0.0001604   0.0001121   0.0003063   3.387e-05  OAI22_X1
j1_addMult4_MULT_mult_18_U41   0.0001529   8.953e-05   0.0003063   6.385e-05  FA_X1
j1_addMult7_MULT_mult_18_U371  0.0001834   9.046e-05   0.0003061   3.226e-05  XNOR2_X1
j2_addMult4_MULT_mult_18_U380  0.0002178   4.982e-05   0.0003061   3.853e-05  XNOR2_X1
j0_addMult6_MULT_mult_18_U369  0.0001834   9.038e-05    0.000306   3.226e-05  XNOR2_X1
j0_addMult4_MULT_mult_18_U357  0.0002167   5.227e-05    0.000306   3.697e-05  XNOR2_X1
j2_addMult8_MULT_mult_18_U375  0.0001834    9.02e-05   0.0003059   3.226e-05  XNOR2_X1
j2_addMult3_MULT_mult_18_U357   0.000215   5.592e-05   0.0003058   3.487e-05  XNOR2_X1
j0_addMult6_MULT_mult_18_U302  3.383e-05   0.0002581   0.0003057   1.373e-05  INV_X1
j2_addMult6_MULT_mult_18_U357  0.0002168    5.19e-05   0.0003057   3.697e-05  XNOR2_X1
j2_addMult2_MULT_mult_18_U63   0.0001527   9.479e-05   0.0003056   5.817e-05  FA_X1
j1_addMult0_MULT_mult_18_U471  0.0001367   0.0001068   0.0003055   6.209e-05  OAI222_X1
j2_addMult9_MULT_mult_18_U73    0.000155   9.362e-05   0.0003055   5.686e-05  FA_X1
j2_addMult9_MULT_mult_18_U29   0.0001571   8.493e-05   0.0003054   6.344e-05  FA_X1
j1_addMult2_MULT_mult_18_U350  0.0001242   0.0001396   0.0003054   4.168e-05  OAI22_X1
j1_addMult0_MULT_mult_18_U468   0.000194   7.567e-05   0.0003054   3.574e-05  XNOR2_X1
j0_addMult4_MULT_mult_18_U468  0.0002026   6.728e-05   0.0003054   3.546e-05  XNOR2_X1
j1_addMult0_MULT_mult_18_U357  0.0002151   5.358e-05   0.0003053    3.66e-05  XNOR2_X1
j0_addMult9_MULT_mult_18_U361  0.0001763   9.617e-05   0.0003051   3.261e-05  XNOR2_X1
j1_addMult3_MULT_mult_18_U357  0.0002108   5.555e-05   0.0003049   3.853e-05  XNOR2_X1
j0_addMult1_MULT_mult_18_U468  0.0002029   6.553e-05   0.0003048   3.638e-05  XNOR2_X1
j2_addMult0_MULT_mult_18_U357   0.000215   5.316e-05   0.0003048   3.663e-05  XNOR2_X1
j2_addMult3_MULT_mult_18_U468  0.0002029   6.548e-05   0.0003048   3.638e-05  XNOR2_X1
j0_mult0_mult_18_U380          0.0002135   5.462e-05   0.0003048    3.66e-05  XNOR2_X1
j1_addMult8_MULT_mult_18_U358  0.0001548    0.000114   0.0003047   3.596e-05  OAI22_X1
j0_addMult0_MULT_mult_18_U60   0.0001544   8.692e-05   0.0003047   6.339e-05  FA_X1
j0_addMult8_MULT_mult_18_U71   0.0001548   9.136e-05   0.0003047   5.854e-05  FA_X1
j2_addMult2_MULT_mult_18_U350  0.0001264   0.0001395   0.0003047    3.87e-05  OAI22_X1
j2_addMult2_MULT_mult_18_U470  0.0001526   0.0001217   0.0003046   3.024e-05  AOI222_X1
j2_addMult8_MULT_mult_18_U71   0.0001509   9.394e-05   0.0003044   5.957e-05  FA_X1
j0_addMult5_MULT_mult_18_U37   0.0001556   8.957e-05   0.0003044   5.922e-05  FA_X1
j1_addMult1_MULT_mult_18_U63   0.0001508   9.446e-05   0.0003043   5.908e-05  FA_X1
j0_addMult8_MULT_mult_18_U44   0.0001635   7.715e-05   0.0003043   6.369e-05  FA_X1
j1_addMult2_MULT_mult_18_U357   0.000215   5.448e-05   0.0003043   3.487e-05  XNOR2_X1
j1_addMult5_MULT_mult_18_U357  0.0002168   5.055e-05   0.0003043   3.697e-05  XNOR2_X1
j0_addMult3_MULT_mult_18_U408  0.0001281   0.0001419   0.0003042   3.423e-05  OAI22_X1
j1_addMult4_MULT_mult_18_U364  0.0001585   0.0001119   0.0003042   3.375e-05  OAI22_X1
j0_mult0_mult_18_U357          0.0002157   5.184e-05   0.0003041    3.66e-05  XNOR2_X1
j2_addMult9_MULT_mult_18_U468  0.0001912   7.646e-05   0.0003039   3.622e-05  XNOR2_X1
j0_addMult8_MULT_mult_18_U471  0.0001334   0.0001046   0.0003039   6.591e-05  OAI222_X1
j0_addMult1_MULT_mult_18_U471  0.0001157   0.0001229   0.0003038   6.525e-05  OAI222_X1
j2_addMult8_MULT_mult_18_U60   0.0001546   8.368e-05   0.0003038   6.556e-05  FA_X1
j2_mult0_mult_18_U304          3.373e-05   0.0002557   0.0003037   1.428e-05  INV_X1
j2_mult0_mult_18_U29            0.000156   8.493e-05   0.0003037   6.278e-05  FA_X1
j0_addMult9_MULT_mult_18_U398  0.0001757    9.52e-05   0.0003035   3.261e-05  XNOR2_X1
j0_addMult9_MULT_mult_18_U371  0.0001763   9.453e-05   0.0003034   3.261e-05  XNOR2_X1
j0_addMult3_MULT_mult_18_U364  0.0001582   0.0001115   0.0003034   3.375e-05  OAI22_X1
j2_addMult0_MULT_mult_18_U362  0.0001626   0.0001098   0.0003032   3.076e-05  OAI22_X1
j2_addMult8_MULT_mult_18_U358  0.0001557    0.000113   0.0003032   3.447e-05  OAI22_X1
j0_addMult1_MULT_mult_18_U58   0.0001574   9.254e-05   0.0003031   5.316e-05  FA_X1
j0_addMult6_MULT_mult_18_U368  0.0001553   0.0001133   0.0003031   3.447e-05  OAI22_X1
j0_mult0_mult_18_U408          0.0001287    0.000142    0.000303   3.239e-05  OAI22_X1
j1_addMult8_MULT_mult_18_U29    0.000157   8.256e-05    0.000303   6.344e-05  FA_X1
j1_addMult1_MULT_mult_18_U429  0.0001108   0.0001538   0.0003029   3.829e-05  OAI22_X1
j2_addMult8_MULT_mult_18_U365  0.0001833   8.723e-05   0.0003028   3.226e-05  XNOR2_X1
j0_addMult5_MULT_mult_18_U357  0.0002116   5.425e-05   0.0003026   3.677e-05  XNOR2_X1
j0_addMult4_MULT_mult_18_U364  0.0001604   0.0001083   0.0003026   3.387e-05  OAI22_X1
j0_addMult1_MULT_mult_18_U67   0.0001569    8.84e-05   0.0003024   5.711e-05  FA_X1
j0_addMult9_MULT_mult_18_U367  0.0001763   9.307e-05    0.000302   3.261e-05  XNOR2_X1
j2_addMult7_MULT_mult_18_U58   0.0001537   9.121e-05   0.0003018   5.687e-05  FA_X1
j2_addMult7_MULT_mult_18_U468  0.0001998   6.644e-05   0.0003017   3.547e-05  XNOR2_X1
j2_addMult5_MULT_mult_18_U355  0.0001064   0.0001541   0.0003016   4.101e-05  XNOR2_X1
j1_addMult0_MULT_mult_18_U380  0.0002137   5.118e-05   0.0003015    3.66e-05  XNOR2_X1
j0_addMult9_MULT_mult_18_U314  5.409e-05   0.0002339   0.0003015   1.352e-05  INV_X1
j1_addMult2_MULT_mult_18_U380  0.0002133   5.303e-05   0.0003012   3.487e-05  XNOR2_X1
j0_addMult9_MULT_mult_18_U382  0.0001757   9.291e-05   0.0003012   3.261e-05  XNOR2_X1
j0_addMult9_MULT_mult_18_U392  0.0001757   9.285e-05   0.0003011   3.261e-05  XNOR2_X1
j1_addMult6_MULT_mult_18_U468  0.0001998   6.586e-05   0.0003011   3.547e-05  XNOR2_X1
j0_addMult2_MULT_mult_18_U468  0.0001938   7.151e-05   0.0003011   3.577e-05  XNOR2_X1
j0_addMult2_MULT_mult_18_U357  0.0002108   5.152e-05   0.0003008   3.853e-05  XNOR2_X1
j0_addMult9_MULT_mult_18_U390  0.0001757   9.225e-05   0.0003005   3.261e-05  XNOR2_X1
j0_addMult9_MULT_mult_18_U369  0.0001763    9.13e-05   0.0003002   3.261e-05  XNOR2_X1
j0_addMult9_MULT_mult_18_U384  0.0001757   9.185e-05   0.0003001   3.261e-05  XNOR2_X1
j1_addMult2_MULT_mult_18_U469  0.0001508   0.0001153      0.0003   3.388e-05  OAI222_X1
j2_addMult4_MULT_mult_18_U420    0.00012   0.0001407      0.0003   3.922e-05  OAI22_X1
j1_addMult9_MULT_mult_18_U29   0.0001533   7.993e-05   0.0002999   6.664e-05  FA_X1
j2_addMult9_MULT_mult_18_U357  0.0002116   5.129e-05   0.0002998   3.697e-05  XNOR2_X1
j2_addMult3_MULT_mult_18_U380  0.0002134   5.159e-05   0.0002998   3.487e-05  XNOR2_X1
j1_addMult8_MULT_mult_18_U471  0.0001338   9.845e-05   0.0002998   6.751e-05  OAI222_X1
j2_mult0_mult_18_U69           0.0001452   0.0001019   0.0002998   5.263e-05  FA_X1
j1_addMult7_MULT_mult_18_U420  0.0001289   0.0001395   0.0002996    3.12e-05  OAI22_X1
j0_addMult4_MULT_mult_18_U350  0.0001247    0.000139   0.0002996   3.596e-05  OAI22_X1
j2_addMult4_MULT_mult_18_U357   0.000211   4.985e-05   0.0002993   3.853e-05  XNOR2_X1
j0_addMult9_MULT_mult_18_U375  0.0001763    9.04e-05   0.0002993   3.261e-05  XNOR2_X1
j0_addMult2_MULT_mult_18_U370  0.0001168   0.0001432   0.0002992   3.916e-05  OAI22_X1
j0_addMult5_MULT_mult_18_U380  0.0002125   4.988e-05   0.0002991   3.677e-05  XNOR2_X1
j1_addMult7_MULT_mult_18_U356  0.0001442   0.0001226   0.0002991   3.229e-05  OAI22_X1
j0_addMult8_MULT_mult_18_U29   0.0001532   7.915e-05    0.000299   6.664e-05  FA_X1
j1_addMult8_MULT_mult_18_U357  0.0002108   5.109e-05   0.0002989   3.697e-05  XNOR2_X1
j0_mult0_mult_18_U406          0.0001287   0.0001377   0.0002988   3.239e-05  OAI22_X1
j1_addMult2_MULT_mult_18_U374  0.0001273   0.0001399   0.0002988   3.155e-05  OAI22_X1
j2_addMult8_MULT_mult_18_U468  0.0001861   7.684e-05   0.0002987   3.583e-05  XNOR2_X1
j0_addMult9_MULT_mult_18_U386  0.0001757   9.038e-05   0.0002987   3.261e-05  XNOR2_X1
j0_addMult7_MULT_mult_18_U29    0.000157   7.812e-05   0.0002985   6.344e-05  FA_X1
j0_addMult5_MULT_mult_18_U400  0.0001139   0.0001434   0.0002984    4.11e-05  XNOR2_X1
j1_addMult7_MULT_mult_18_U471  0.0001242   0.0001057   0.0002984   6.839e-05  OAI222_X1
j2_addMult1_MULT_mult_18_U468  0.0001941   6.852e-05   0.0002984   3.574e-05  XNOR2_X1
j1_addMult1_MULT_mult_18_U412  0.0001284   0.0001378   0.0002983    3.21e-05  OAI22_X1
j2_addMult2_MULT_mult_18_U302  3.197e-05   0.0002526   0.0002983   1.373e-05  INV_X1
j0_addMult9_MULT_mult_18_U377  0.0001763   8.936e-05   0.0002983   3.261e-05  XNOR2_X1
j0_addMult9_MULT_mult_18_U396  0.0001757   8.987e-05   0.0002982   3.261e-05  XNOR2_X1
j0_addMult9_MULT_mult_18_U388  0.0001757   8.986e-05   0.0002981   3.261e-05  XNOR2_X1
j0_addMult8_MULT_mult_18_U362  0.0001534   0.0001129   0.0002981   3.186e-05  OAI22_X1
j0_addMult9_MULT_mult_18_U394  0.0001757   8.982e-05   0.0002981   3.261e-05  XNOR2_X1
j1_addMult5_MULT_mult_18_U59   0.0001563   8.323e-05    0.000298   5.848e-05  FA_X1
j1_addMult8_MULT_mult_18_U380  0.0002099   5.109e-05    0.000298   3.697e-05  XNOR2_X1
j1_addMult1_MULT_mult_18_U374  0.0001234   0.0001439    0.000298   3.058e-05  OAI22_X1
j1_addMult6_MULT_mult_18_U380  0.0002124   4.859e-05   0.0002978   3.677e-05  XNOR2_X1
j2_addMult5_MULT_mult_18_U56   0.0001521   8.898e-05   0.0002976   5.653e-05  FA_X1
j0_addMult5_MULT_mult_18_U468  0.0001998   6.233e-05   0.0002976   3.547e-05  XNOR2_X1
j2_addMult2_MULT_mult_18_U8    0.0001428   8.845e-05   0.0002976   6.638e-05  FA_X1
j1_addMult7_MULT_mult_18_U58   0.0001539   8.761e-05   0.0002975   5.606e-05  FA_X1
j2_addMult6_MULT_mult_18_U50   0.0001339   9.679e-05   0.0002975   6.674e-05  FA_X1
j0_addMult9_MULT_mult_18_U365  0.0001763   8.854e-05   0.0002974   3.261e-05  XNOR2_X1
j1_addMult7_MULT_mult_18_U364  0.0001444   0.0001207   0.0002974   3.229e-05  OAI22_X1
j1_addMult3_MULT_mult_18_U468  0.0001938   6.766e-05   0.0002973   3.577e-05  XNOR2_X1
j1_mult0_mult_18_U410          0.0001269   0.0001372   0.0002973   3.312e-05  OAI22_X1
j0_addMult9_MULT_mult_18_U400  0.0001757    8.89e-05   0.0002972   3.261e-05  XNOR2_X1
j0_addMult5_MULT_mult_18_U59   0.0001571   7.889e-05   0.0002971   6.111e-05  FA_X1
j0_addMult9_MULT_mult_18_U373  0.0001763   8.816e-05   0.0002971   3.261e-05  XNOR2_X1
j0_addMult9_MULT_mult_18_U359  0.0001763   8.814e-05    0.000297   3.261e-05  XNOR2_X1
j2_addMult8_MULT_mult_18_U29   0.0001524   7.988e-05    0.000297   6.472e-05  FA_X1
j0_mult0_mult_18_U412          0.0001287   0.0001358    0.000297   3.239e-05  OAI22_X1
j0_addMult0_MULT_mult_18_U412  0.0001282   0.0001366   0.0002969    3.21e-05  OAI22_X1
j2_addMult9_ADD_add_16_U1_10   0.0001879   3.729e-05   0.0002969   7.174e-05  FA_X1
j0_addMult2_MULT_mult_18_U8     0.000143    8.59e-05   0.0002969     6.8e-05  FA_X1
j0_addMult6_MULT_mult_18_U8    0.0001427   8.759e-05   0.0002968   6.646e-05  FA_X1
j1_addMult3_MULT_mult_18_U377  0.0001088   0.0001476   0.0002968   4.034e-05  XNOR2_X1
j2_addMult1_MULT_mult_18_U471  0.0001164   0.0001134   0.0002966   6.679e-05  OAI222_X1
j2_addMult9_MULT_mult_18_U380  0.0002082   5.143e-05   0.0002966   3.697e-05  XNOR2_X1
j0_addMult1_MULT_mult_18_U340  0.0001245   0.0001305   0.0002966   4.168e-05  OAI22_X1
j1_addMult6_MULT_mult_18_U357  0.0002115   4.827e-05   0.0002966   3.677e-05  XNOR2_X1
j0_addMult3_MULT_mult_18_U56   0.0001521   8.784e-05   0.0002965   5.653e-05  FA_X1
j0_addMult0_MULT_mult_18_U29   0.0001522   8.035e-05   0.0002964   6.387e-05  FA_X1
j1_addMult7_MULT_mult_18_U408  0.0001181   0.0001438   0.0002964   3.454e-05  OAI22_X1
j1_addMult8_MULT_mult_18_U74    0.000124   0.0001144   0.0002964   5.797e-05  HA_X1
j1_addMult8_MULT_mult_18_U69   0.0001471   9.415e-05   0.0002962   5.501e-05  FA_X1
j2_addMult3_MULT_mult_18_U374  0.0001272   0.0001374   0.0002962   3.155e-05  OAI22_X1
j1_addMult8_MULT_mult_18_U362   0.000147   0.0001153   0.0002962   3.386e-05  OAI22_X1
j1_addMult1_MULT_mult_18_U364  0.0001517   0.0001125   0.0002961   3.196e-05  OAI22_X1
j0_addMult1_MULT_mult_18_U410  0.0001262    0.000135   0.0002961   3.487e-05  OAI22_X1
j2_mult0_mult_18_U372          0.0001236   0.0001386    0.000296    3.38e-05  OAI22_X1
j0_addMult7_MULT_mult_18_U302  3.413e-05   0.0002476    0.000296   1.428e-05  INV_X1
j1_mult0_mult_18_U406          0.0001269    0.000136    0.000296   3.312e-05  OAI22_X1
j1_addMult1_MULT_mult_18_U29   0.0001522   7.986e-05    0.000296   6.387e-05  FA_X1
j2_addMult1_MULT_mult_18_U364  0.0001523   0.0001101   0.0002959   3.362e-05  OAI22_X1
j0_addMult1_MULT_mult_18_U9    0.0001193   9.462e-05   0.0002959   8.199e-05  FA_X1
j1_addMult8_MULT_mult_18_U468  0.0001913    6.84e-05   0.0002959   3.622e-05  XNOR2_X1
j2_addMult8_MULT_mult_18_U302  3.215e-05     0.00025   0.0002959   1.373e-05  INV_X1
j0_addMult9_MULT_mult_18_U60   0.0001498   8.278e-05   0.0002959   6.332e-05  FA_X1
j0_addMult4_MULT_mult_18_U362  0.0001549   0.0001094   0.0002957   3.138e-05  OAI22_X1
j1_addMult5_MULT_mult_18_U374   0.000122   0.0001385   0.0002956    3.52e-05  OAI22_X1
j0_addMult0_MULT_mult_18_U302  3.169e-05   0.0002501   0.0002955   1.373e-05  INV_X1
j0_mult0_mult_18_U468          0.0001941   6.556e-05   0.0002954   3.574e-05  XNOR2_X1
j2_addMult5_MULT_mult_18_U344  0.0001221    0.000134   0.0002954   3.928e-05  OAI22_X1
j0_addMult6_MULT_mult_18_U470  0.0001527   0.0001108   0.0002954   3.187e-05  AOI222_X1
j1_addMult9_MULT_mult_18_U357  0.0002088   5.079e-05   0.0002953   3.573e-05  XNOR2_X1
j1_addMult7_MULT_mult_18_U29   0.0001523   7.823e-05   0.0002953   6.472e-05  FA_X1
j1_addMult2_MULT_mult_18_U470  0.0001475   0.0001183   0.0002953   2.948e-05  AOI222_X1
j0_addMult9_MULT_mult_18_U404  0.0001247   0.0001401   0.0002951   3.026e-05  OAI22_X1
j1_addMult8_MULT_mult_18_U412  0.0001285   0.0001353   0.0002951   3.135e-05  OAI22_X1
j0_addMult8_MULT_mult_18_U358  0.0001574   0.0001048    0.000295   3.286e-05  OAI22_X1
j0_addMult8_MULT_mult_18_U69   0.0001441   9.487e-05    0.000295   5.602e-05  FA_X1
j0_addMult4_MULT_mult_18_U52   0.0001408   8.888e-05    0.000295   6.529e-05  FA_X1
j1_addMult4_MULT_mult_18_U368  0.0001488   0.0001133   0.0002949    3.28e-05  OAI22_X1
j0_addMult0_MULT_mult_18_U8    0.0001029    0.000113   0.0002948   7.893e-05  FA_X1
j2_addMult9_ADD_add_16_U1_6    0.0001558   6.149e-05   0.0002948    7.75e-05  FA_X1
j2_addMult3_MULT_mult_18_U59    0.000156   8.131e-05   0.0002948   5.745e-05  FA_X1
j0_addMult8_ADD_add_16_U1_6    0.0001354   7.972e-05   0.0002945   7.934e-05  FA_X1
j0_addMult0_MULT_mult_18_U380  0.0002065   5.051e-05   0.0002945   3.749e-05  XNOR2_X1
j0_addMult0_MULT_mult_18_U427  0.0001109   0.0001452   0.0002944   3.829e-05  OAI22_X1
j2_addMult4_MULT_mult_18_U416  0.0001292   0.0001337   0.0002942    3.13e-05  OAI22_X1
j1_mult0_mult_18_U10           0.0001189   9.842e-05   0.0002942   7.691e-05  FA_X1
j0_addMult9_MULT_mult_18_U304  3.107e-05   0.0002486   0.0002941    1.44e-05  INV_X1
j1_addMult1_MULT_mult_18_U420  0.0001285   0.0001335   0.0002941    3.21e-05  OAI22_X1
j2_addMult5_MULT_mult_18_U26   0.0001273   9.043e-05   0.0002939   7.615e-05  FA_X1
j0_addMult3_MULT_mult_18_U26   0.0001273   9.022e-05   0.0002937   7.615e-05  FA_X1
j2_addMult4_MULT_mult_18_U468  0.0001939   6.392e-05   0.0002936   3.577e-05  XNOR2_X1
j2_addMult7_MULT_mult_18_U471  0.0001165   0.0001077   0.0002936   6.934e-05  OAI222_X1
j2_mult0_mult_18_U357          0.0002072   5.045e-05   0.0002935    3.59e-05  XNOR2_X1
j2_addMult5_MULT_mult_18_U469  0.0001474   9.643e-05   0.0002935   4.966e-05  OAI222_X1
j1_addMult9_MULT_mult_18_U380  0.0002034   5.442e-05   0.0002935   3.573e-05  XNOR2_X1
j2_addMult9_MULT_mult_18_U11    0.000119    9.66e-05   0.0002935   7.788e-05  FA_X1
j1_addMult6_MULT_mult_18_U470  0.0001545   0.0001084   0.0002934   3.046e-05  AOI222_X1
j2_addMult1_MULT_mult_18_U9    0.0001272   8.512e-05   0.0002933   8.102e-05  FA_X1
j0_addMult0_MULT_mult_18_U410  0.0001283   0.0001329   0.0002933    3.21e-05  OAI22_X1
j0_addMult7_MULT_mult_18_U67   0.0001521   8.608e-05   0.0002933   5.506e-05  FA_X1
j1_mult0_mult_18_U412          0.0001269   0.0001331   0.0002931   3.312e-05  OAI22_X1
j1_addMult1_MULT_mult_18_U67   0.0001487   8.815e-05   0.0002931   5.625e-05  FA_X1
j0_addMult0_MULT_mult_18_U468  0.0001919   6.524e-05   0.0002929   3.575e-05  XNOR2_X1
j2_addMult0_MULT_mult_18_U366  0.0001272   0.0001358   0.0002929   2.986e-05  OAI22_X1
j1_addMult0_MULT_mult_18_U358  0.0001506   0.0001068   0.0002928   3.542e-05  OAI22_X1
j2_mult0_mult_18_U380           0.000205   5.183e-05   0.0002928    3.59e-05  XNOR2_X1
j2_addMult6_MULT_mult_18_U8    0.0001429   8.352e-05   0.0002926   6.617e-05  FA_X1
j1_addMult8_MULT_mult_18_U410  0.0001285   0.0001327   0.0002926   3.135e-05  OAI22_X1
j0_addMult7_MULT_mult_18_U364   0.000147   0.0001116   0.0002925   3.386e-05  OAI22_X1
j2_addMult2_MULT_mult_18_U380  0.0002065   4.846e-05   0.0002924   3.749e-05  XNOR2_X1
j2_addMult2_MULT_mult_18_U468  0.0001919   6.472e-05   0.0002923   3.575e-05  XNOR2_X1
j0_addMult0_MULT_mult_18_U357  0.0002063   4.857e-05   0.0002923   3.749e-05  XNOR2_X1
j2_addMult0_ADD_add_16_U1_4    0.0001337   9.267e-05   0.0002922   6.581e-05  FA_X1
j2_addMult5_MULT_mult_18_U468  0.0001907   6.554e-05   0.0002921   3.585e-05  XNOR2_X1
j1_addMult0_MULT_mult_18_U416  0.0001285   0.0001312   0.0002921   3.239e-05  OAI22_X1
j0_mult0_mult_18_U410          0.0001288   0.0001309   0.0002921   3.239e-05  OAI22_X1
j1_addMult2_ADD_add_16_U1_10   0.0001643   5.118e-05    0.000292    7.65e-05  FA_X1
j0_addMult0_MULT_mult_18_U472  0.0001261   0.0001322    0.000292   3.372e-05  AOI222_X1
j0_addMult8_MULT_mult_18_U380  0.0002068   4.943e-05   0.0002919   3.573e-05  XNOR2_X1
j0_addMult9_ADD_add_16_U1_10   0.0001819   3.618e-05   0.0002919   7.383e-05  FA_X1
j2_addMult9_MULT_mult_18_U10   0.0001184   9.543e-05   0.0002916   7.778e-05  FA_X1
j2_addMult2_MULT_mult_18_U357  0.0002063   4.779e-05   0.0002916   3.749e-05  XNOR2_X1
j0_addMult3_MULT_mult_18_U377   0.000113   0.0001369   0.0002915   4.155e-05  XNOR2_X1
j2_addMult4_MULT_mult_18_U362  0.0001514   0.0001071   0.0002915   3.294e-05  OAI22_X1
j1_addMult1_MULT_mult_18_U416  0.0001284   0.0001309   0.0002914    3.21e-05  OAI22_X1
j2_addMult1_MULT_mult_18_U420  0.0001289   0.0001301   0.0002914   3.239e-05  OAI22_X1
j1_mult0_mult_18_U416          0.0001269   0.0001312   0.0002913   3.312e-05  OAI22_X1
j1_mult0_mult_18_U374          0.0001274    0.000134   0.0002913   2.986e-05  OAI22_X1
j1_addMult4_MULT_mult_18_U468  0.0001908   6.467e-05   0.0002913   3.585e-05  XNOR2_X1
j1_addMult4_MULT_mult_18_U408  0.0001278   0.0001287   0.0002911   3.456e-05  OAI22_X1
j2_addMult0_MULT_mult_18_U67   0.0001528   8.142e-05   0.0002911    5.68e-05  FA_X1
j0_addMult0_MULT_mult_18_U362  0.0001518   0.0001072    0.000291   3.196e-05  OAI22_X1
j0_addMult7_MULT_mult_18_U468  0.0001914   6.306e-05   0.0002907   3.622e-05  XNOR2_X1
j2_addMult5_MULT_mult_18_U408  0.0001285   0.0001279   0.0002906   3.423e-05  OAI22_X1
j0_addMult2_MULT_mult_18_U470  0.0001528   0.0001102   0.0002906   2.762e-05  AOI222_X1
j1_addMult6_MULT_mult_18_U469  0.0001457   0.0001187   0.0002905   2.604e-05  OAI222_X1
j1_addMult6_MULT_mult_18_U8     0.000143   7.927e-05   0.0002903   6.806e-05  FA_X1
j0_addMult5_MULT_mult_18_U469  0.0001314   0.0001103     0.00029   4.834e-05  OAI222_X1
j1_addMult4_MULT_mult_18_U357  0.0002043   4.988e-05   0.0002899   3.573e-05  XNOR2_X1
j0_addMult0_MULT_mult_18_U7    0.0001022   0.0001097   0.0002899   7.797e-05  FA_X1
j2_addMult1_MULT_mult_18_U8    0.0001266   8.603e-05   0.0002898   7.715e-05  FA_X1
j1_addMult0_MULT_mult_18_U414  0.0001285   0.0001287   0.0002896   3.239e-05  OAI22_X1
j0_addMult3_MULT_mult_18_U468  0.0001908   6.292e-05   0.0002896   3.585e-05  XNOR2_X1
j1_addMult8_MULT_mult_18_U408  0.0001239   0.0001324   0.0002896   3.321e-05  OAI22_X1
j0_addMult8_MULT_mult_18_U357  0.0002045   4.926e-05   0.0002895   3.573e-05  XNOR2_X1
j0_addMult8_MULT_mult_18_U374  0.0001171   0.0001409   0.0002895    3.14e-05  OAI22_X1
j0_addMult4_MULT_mult_18_U344  0.0001237   0.0001291   0.0002895   3.668e-05  OAI22_X1
j1_addMult4_MULT_mult_18_U52   0.0001323   9.207e-05   0.0002894   6.502e-05  FA_X1
j2_addMult2_MULT_mult_18_U50   0.0001411   8.278e-05   0.0002893   6.547e-05  FA_X1
j1_addMult2_MULT_mult_18_U8    0.0001425   8.347e-05   0.0002893   6.332e-05  FA_X1
j1_addMult2_MULT_mult_18_U346  0.0001267   0.0001233   0.0002893   3.925e-05  OAI22_X1
j1_addMult8_MULT_mult_18_U420  0.0001286   0.0001293   0.0002892   3.135e-05  OAI22_X1
j0_addMult9_MULT_mult_18_U29   0.0001484   7.702e-05   0.0002892   6.383e-05  FA_X1
j0_addMult0_MULT_mult_18_U67   0.0001527   7.988e-05   0.0002892   5.658e-05  FA_X1
j1_addMult4_MULT_mult_18_U362  0.0001488   0.0001075   0.0002892    3.28e-05  OAI22_X1
j2_addMult7_MULT_mult_18_U410   0.000128   0.0001275    0.000289   3.348e-05  OAI22_X1
j0_addMult3_MULT_mult_18_U406  0.0001275   0.0001268   0.0002889   3.456e-05  OAI22_X1
j1_addMult1_MULT_mult_18_U468  0.0001919   6.114e-05   0.0002888   3.575e-05  XNOR2_X1
j2_addMult5_MULT_mult_18_U380  0.0002006   5.232e-05   0.0002887   3.573e-05  XNOR2_X1
j1_addMult5_MULT_mult_18_U350  0.0001244   0.0001283   0.0002886   3.596e-05  OAI22_X1
j2_addMult0_MULT_mult_18_U374  0.0001271   0.0001316   0.0002886   2.986e-05  OAI22_X1
j0_addMult7_MULT_mult_18_U420   0.000129   0.0001279   0.0002883   3.135e-05  OAI22_X1
j1_addMult7_MULT_mult_18_U67   0.0001487    8.25e-05   0.0002881   5.693e-05  FA_X1
j1_addMult0_MULT_mult_18_U420  0.0001285   0.0001272   0.0002881   3.239e-05  OAI22_X1
j0_addMult2_MULT_mult_18_U416  0.0001204   0.0001284    0.000288   3.922e-05  OAI22_X1
j2_addMult5_MULT_mult_18_U302  3.371e-05   0.0002406    0.000288   1.367e-05  INV_X1
j2_addMult8_MULT_mult_18_U67   0.0001528   7.846e-05    0.000288   5.677e-05  FA_X1
j1_mult0_mult_18_U9            0.0001186   9.243e-05    0.000288   7.695e-05  FA_X1
j1_addMult7_MULT_mult_18_U410  0.0001269    0.000129    0.000288   3.203e-05  OAI22_X1
j2_addMult4_MULT_mult_18_U350  0.0001182   0.0001298   0.0002878   3.982e-05  OAI22_X1
j2_addMult1_MULT_mult_18_U6    0.0001267   8.405e-05   0.0002877   7.697e-05  FA_X1
j2_addMult6_MULT_mult_18_U374   0.000122   0.0001305   0.0002876    3.52e-05  OAI22_X1
j2_addMult7_MULT_mult_18_U412  0.0001285   0.0001258   0.0002876   3.328e-05  OAI22_X1
j1_addMult5_MULT_mult_18_U408  0.0001284   0.0001257   0.0002876   3.344e-05  OAI22_X1
j2_addMult7_MULT_mult_18_U364  0.0001484   0.0001055   0.0002876    3.36e-05  OAI22_X1
j1_addMult5_MULT_mult_18_U366  0.0001219   0.0001304   0.0002875    3.52e-05  OAI22_X1
j0_addMult4_MULT_mult_18_U366  0.0001219   0.0001304   0.0002875    3.52e-05  OAI22_X1
j0_addMult0_ADD_add_16_U1_4    0.0001369   8.527e-05   0.0002874   6.514e-05  FA_X1
j0_addMult6_MULT_mult_18_U412  0.0001272   0.0001281   0.0002873   3.203e-05  OAI22_X1
j2_mult0_mult_18_U401          8.859e-05   0.0001792   0.0002873   1.953e-05  NOR2_X1
j2_addMult4_MULT_mult_18_U410  0.0001251   0.0001257   0.0002873   3.653e-05  OAI22_X1
j2_addMult4_MULT_mult_18_U414  0.0001241   0.0001297   0.0002872   3.338e-05  OAI22_X1
j2_mult0_mult_18_U404          0.0001267   0.0001261   0.0002871   3.433e-05  OAI22_X1
j2_addMult4_MULT_mult_18_U469  0.0001157    0.000119    0.000287   5.236e-05  OAI222_X1
j1_addMult5_MULT_mult_18_U344  0.0001234   0.0001269    0.000287   3.668e-05  OAI22_X1
j2_addMult5_MULT_mult_18_U357  0.0002042   4.704e-05    0.000287   3.573e-05  XNOR2_X1
j1_addMult2_MULT_mult_18_U404  0.0001204   0.0001291   0.0002869   3.743e-05  OAI22_X1
j0_addMult6_MULT_mult_18_U7    0.0001274   7.889e-05   0.0002869   8.064e-05  FA_X1
j1_addMult4_MULT_mult_18_U420  0.0001215     0.00013   0.0002869   3.535e-05  OAI22_X1
j2_addMult2_MULT_mult_18_U340  0.0001265   0.0001216   0.0002868    3.87e-05  OAI22_X1
j2_mult0_mult_18_U360          0.0001236   0.0001293   0.0002867    3.38e-05  OAI22_X1
j2_addMult2_MULT_mult_18_U424  9.248e-05   0.0001749   0.0002866   1.924e-05  NOR2_X1
j2_addMult8_MULT_mult_18_U8    0.0001028   0.0001056   0.0002865   7.814e-05  FA_X1
j0_addMult9_MULT_mult_18_U69   0.0001453   8.773e-05   0.0002865   5.347e-05  FA_X1
j1_addMult8_MULT_mult_18_U360  0.0001178   0.0001314   0.0002865   3.733e-05  OAI22_X1
j0_addMult0_MULT_mult_18_U6    0.0001024   0.0001064   0.0002864   7.757e-05  FA_X1
j2_addMult5_MULT_mult_18_U406  0.0001278    0.000124   0.0002864   3.456e-05  OAI22_X1
j2_addMult5_MULT_mult_18_U350  0.0001176   0.0001311   0.0002864    3.77e-05  OAI22_X1
j0_addMult5_MULT_mult_18_U366  0.0001131   0.0001365   0.0002863   3.673e-05  OAI22_X1
j1_addMult4_MULT_mult_18_U344  0.0001222   0.0001248   0.0002863   3.928e-05  OAI22_X1
j1_addMult5_MULT_mult_18_U346  0.0001234   0.0001261   0.0002863   3.668e-05  OAI22_X1
j2_addMult0_MULT_mult_18_U420  0.0001269   0.0001262   0.0002862   3.312e-05  OAI22_X1
j0_addMult3_MULT_mult_18_U416  0.0001276   0.0001241   0.0002862   3.456e-05  OAI22_X1
j0_addMult3_MULT_mult_18_U357  0.0002042   4.627e-05   0.0002862   3.573e-05  XNOR2_X1
j2_addMult1_MULT_mult_18_U7    0.0001265   8.239e-05   0.0002862    7.73e-05  FA_X1
j1_addMult8_MULT_mult_18_U67   0.0001484   8.231e-05   0.0002861   5.538e-05  FA_X1
j1_addMult1_MULT_mult_18_U340  0.0001266   0.0001208   0.0002861    3.87e-05  OAI22_X1
j1_addMult3_MULT_mult_18_U69   0.0001388   9.079e-05    0.000286   5.643e-05  FA_X1
j0_addMult8_MULT_mult_18_U67   0.0001486   8.162e-05    0.000286   5.578e-05  FA_X1
j1_addMult2_MULT_mult_18_U50   0.0001375   8.261e-05   0.0002859   6.579e-05  FA_X1
j2_addMult3_MULT_mult_18_U408  0.0001281   0.0001239   0.0002857   3.381e-05  OAI22_X1
j2_addMult2_MULT_mult_18_U7    0.0001273   7.816e-05   0.0002857   8.018e-05  FA_X1
j0_addMult6_MULT_mult_18_U420  0.0001184   0.0001324   0.0002854   3.454e-05  OAI22_X1
j2_addMult5_MULT_mult_18_U374  0.0001098   0.0001413   0.0002853   3.423e-05  OAI22_X1
j1_mult0_mult_18_U404           0.000127   0.0001252   0.0002853   3.312e-05  OAI22_X1
j2_addMult8_MULT_mult_18_U410  0.0001291   0.0001248   0.0002851    3.12e-05  OAI22_X1
j0_addMult9_MULT_mult_18_U420  0.0001248   0.0001299    0.000285   3.026e-05  OAI22_X1
j1_addMult7_MULT_mult_18_U412  0.0001291   0.0001246   0.0002849    3.12e-05  OAI22_X1
j0_addMult3_MULT_mult_18_U410  0.0001221   0.0001276   0.0002847   3.502e-05  OAI22_X1
j0_addMult0_MULT_mult_18_U488  3.017e-05   0.0002351   0.0002845   1.923e-05  NAND2_X1
j2_addMult4_MULT_mult_18_U404  0.0001293   0.0001238   0.0002844    3.13e-05  OAI22_X1
j1_addMult3_MULT_mult_18_U406  0.0001241   0.0001269   0.0002844   3.338e-05  OAI22_X1
j0_addMult0_MULT_mult_18_U408  0.0001257   0.0001254   0.0002843   3.319e-05  OAI22_X1
j2_addMult5_MULT_mult_18_U416  0.0001279   0.0001218   0.0002843   3.456e-05  OAI22_X1
j2_addMult1_MULT_mult_18_U416   0.000129   0.0001228   0.0002842   3.239e-05  OAI22_X1
j2_addMult4_MULT_mult_18_U366  0.0001169   0.0001281   0.0002842   3.916e-05  OAI22_X1
j1_addMult1_MULT_mult_18_U410  0.0001259    0.000125   0.0002841   3.319e-05  OAI22_X1
j1_addMult9_ADD_add_16_U1_10    0.000185   2.576e-05   0.0002839   7.323e-05  FA_X1
j2_addMult7_MULT_mult_18_U416  0.0001286   0.0001221   0.0002839   3.328e-05  OAI22_X1
j1_addMult1_MULT_mult_18_U341  0.0001216    0.000121   0.0002839   4.132e-05  XNOR2_X1
j1_addMult7_MULT_mult_18_U468  0.0001863   6.177e-05   0.0002839   3.583e-05  XNOR2_X1
j2_mult0_mult_18_U406          0.0001268   0.0001228   0.0002839   3.433e-05  OAI22_X1
j0_addMult5_MULT_mult_18_U69   0.0001351   9.149e-05   0.0002839   5.724e-05  FA_X1
j1_addMult9_MULT_mult_18_U302  3.303e-05   0.0002375   0.0002838   1.325e-05  INV_X1
j0_addMult0_MULT_mult_18_U420  0.0001284   0.0001233   0.0002838    3.21e-05  OAI22_X1
j0_addMult3_MULT_mult_18_U344  0.0001225    0.000122   0.0002838   3.928e-05  OAI22_X1
j1_addMult4_MULT_mult_18_U380  0.0002006   4.743e-05   0.0002837   3.573e-05  XNOR2_X1
j1_addMult3_MULT_mult_18_U424  8.743e-05    0.000177   0.0002837   1.923e-05  NOR2_X1
j2_addMult3_MULT_mult_18_U416  0.0001257    0.000123   0.0002836   3.487e-05  OAI22_X1
j2_addMult0_MULT_mult_18_U427  0.0001083   0.0001368   0.0002834   3.838e-05  OAI22_X1
j2_addMult0_MULT_mult_18_U412  0.0001269   0.0001233   0.0002833   3.312e-05  OAI22_X1
j2_addMult3_MULT_mult_18_U69   0.0001364   8.876e-05   0.0002831   5.798e-05  FA_X1
j0_mult0_mult_18_U420          0.0001289   0.0001218   0.0002831   3.239e-05  OAI22_X1
j0_addMult1_MULT_mult_18_U412  0.0001288   0.0001203    0.000283   3.381e-05  OAI22_X1
j2_addMult5_MULT_mult_18_U346  0.0001222   0.0001215   0.0002829   3.928e-05  OAI22_X1
j1_addMult5_MULT_mult_18_U469  0.0001347   0.0001027   0.0002829   4.541e-05  OAI222_X1
j2_addMult8_MULT_mult_18_U416  0.0001291   0.0001225   0.0002828    3.12e-05  OAI22_X1
j2_addMult7_MULT_mult_18_U404  0.0001286    0.000121   0.0002828   3.328e-05  OAI22_X1
j0_addMult0_MULT_mult_18_U404  0.0001264   0.0001215   0.0002828   3.497e-05  OAI22_X1
j0_addMult7_MULT_mult_18_U58    0.000149    8.01e-05   0.0002828   5.376e-05  FA_X1
j2_addMult4_MULT_mult_18_U52   0.0001323   8.569e-05   0.0002828   6.482e-05  FA_X1
j0_addMult3_MULT_mult_18_U380  0.0002006   4.648e-05   0.0002828   3.573e-05  XNOR2_X1
j1_addMult0_MULT_mult_18_U7    0.0001262   7.922e-05   0.0002827    7.73e-05  FA_X1
j0_addMult5_MULT_mult_18_U350  0.0001201    0.000126   0.0002826   3.652e-05  OAI22_X1
j1_addMult1_MULT_mult_18_U366  0.0001238   0.0001282   0.0002826   3.058e-05  OAI22_X1
j1_addMult3_MULT_mult_18_U374  0.0001169   0.0001265   0.0002825   3.916e-05  OAI22_X1
j2_addMult9_MULT_mult_18_U404  0.0001289   0.0001223   0.0002825   3.135e-05  OAI22_X1
j1_addMult7_MULT_mult_18_U340  0.0001201   0.0001237   0.0002825   3.861e-05  OAI22_X1
j2_mult0_mult_18_U424          8.816e-05    0.000175   0.0002823   1.921e-05  NOR2_X1
j2_addMult8_MULT_mult_18_U408   0.000127   0.0001233   0.0002823   3.203e-05  OAI22_X1
j2_addMult6_MULT_mult_18_U412  0.0001277   0.0001205   0.0002819   3.364e-05  OAI22_X1
j0_addMult5_MULT_mult_18_U408  0.0001284   0.0001202   0.0002819   3.328e-05  OAI22_X1
j1_mult0_mult_18_U8            0.0001186   8.637e-05   0.0002819   7.695e-05  FA_X1
j1_addMult7_MULT_mult_18_U404  0.0001291   0.0001216   0.0002819    3.12e-05  OAI22_X1
j0_addMult5_MULT_mult_18_U346  0.0001187   0.0001254   0.0002817   3.764e-05  OAI22_X1
j0_mult0_mult_18_U414          0.0001289   0.0001204   0.0002817   3.239e-05  OAI22_X1
j0_addMult6_MULT_mult_18_U6    0.0001262   7.885e-05   0.0002817   7.662e-05  FA_X1
j0_addMult2_MULT_mult_18_U412  0.0001245   0.0001238   0.0002817   3.338e-05  OAI22_X1
j2_mult0_mult_18_U412          0.0001268   0.0001206   0.0002817   3.433e-05  OAI22_X1
j0_addMult6_MULT_mult_18_U468  0.0001863   5.945e-05   0.0002816   3.583e-05  XNOR2_X1
j1_addMult4_MULT_mult_18_U302  3.291e-05    0.000235   0.0002816   1.367e-05  INV_X1
j2_mult0_mult_18_U410          0.0001268   0.0001205   0.0002816   3.433e-05  OAI22_X1
j0_addMult3_MULT_mult_18_U412  0.0001214   0.0001248   0.0002816   3.535e-05  OAI22_X1
j1_addMult2_MULT_mult_18_U340  0.0001243   0.0001155   0.0002815   4.168e-05  OAI22_X1
j0_addMult0_MULT_mult_18_U414  0.0001284   0.0001207   0.0002812    3.21e-05  OAI22_X1
j1_addMult5_MULT_mult_18_U69    0.000135   8.906e-05   0.0002812   5.716e-05  FA_X1
j0_addMult1_MULT_mult_18_U433  0.0001125   0.0001332   0.0002812   3.543e-05  OAI22_X1
j2_addMult7_MULT_mult_18_U340  0.0001187   0.0001249   0.0002812   3.764e-05  OAI22_X1
j0_addMult1_MULT_mult_18_U8    0.0001185   8.567e-05   0.0002812   7.697e-05  FA_X1
j0_mult0_mult_18_U424          8.898e-05   0.0001727   0.0002811   1.935e-05  NOR2_X1
j0_addMult5_MULT_mult_18_U416  0.0001279   0.0001196    0.000281   3.348e-05  OAI22_X1
j2_addMult1_MULT_mult_18_U404   0.000129   0.0001196    0.000281   3.239e-05  OAI22_X1
j2_addMult0_MULT_mult_18_U386  0.0001277   0.0001118   0.0002807   4.116e-05  XNOR2_X1
j2_addMult0_MULT_mult_18_U401  8.996e-05   0.0001711   0.0002806    1.96e-05  NOR2_X1
j0_addMult0_MULT_mult_18_U424  9.062e-05   0.0001708   0.0002806   1.924e-05  NOR2_X1
j0_addMult9_MULT_mult_18_U402  0.0001248   0.0001256   0.0002806   3.026e-05  OAI22_X1
j2_addMult9_MULT_mult_18_U420  0.0001289   0.0001203   0.0002806   3.135e-05  OAI22_X1
j0_addMult1_MULT_mult_18_U416  0.0001289   0.0001179   0.0002806   3.381e-05  OAI22_X1
j1_addMult2_MULT_mult_18_U352  0.0001243   0.0001146   0.0002805   4.168e-05  OAI22_X1
j2_addMult0_MULT_mult_18_U410  0.0001269   0.0001205   0.0002805   3.312e-05  OAI22_X1
j1_addMult2_MULT_mult_18_U412  0.0001259   0.0001197   0.0002805   3.487e-05  OAI22_X1
j2_addMult4_MULT_mult_18_U412  0.0001202    0.000121   0.0002804   3.922e-05  OAI22_X1
j2_addMult7_MULT_mult_18_U414  0.0001286   0.0001185   0.0002804   3.328e-05  OAI22_X1
j1_addMult2_MULT_mult_18_U406  0.0001205   0.0001225   0.0002804   3.743e-05  OAI22_X1
j1_addMult3_MULT_mult_18_U404  0.0001202   0.0001209   0.0002803   3.922e-05  OAI22_X1
j2_addMult4_MULT_mult_18_U374  0.0001169   0.0001242   0.0002802   3.916e-05  OAI22_X1
j0_addMult3_MULT_mult_18_U420  0.0001215   0.0001234   0.0002802   3.535e-05  OAI22_X1
j2_mult0_mult_18_U468          0.0001819   6.226e-05   0.0002801   3.598e-05  XNOR2_X1
j1_addMult1_MULT_mult_18_U406  0.0001265   0.0001186   0.0002801   3.497e-05  OAI22_X1
j1_addMult0_MULT_mult_18_U6    0.0001264    7.67e-05   0.0002801   7.697e-05  FA_X1
j0_addMult6_MULT_mult_18_U50   0.0001331   8.114e-05     0.00028   6.579e-05  FA_X1
j2_mult0_mult_18_U420          0.0001268   0.0001189     0.00028   3.433e-05  OAI22_X1
j2_addMult8_MULT_mult_18_U7    0.0001022   0.0001004     0.00028   7.732e-05  FA_X1
j2_addMult3_MULT_mult_18_U406  0.0001258   0.0001193     0.00028   3.487e-05  OAI22_X1
j1_addMult3_MULT_mult_18_U408  0.0001294   0.0001193   0.0002799    3.13e-05  OAI22_X1
j0_addMult5_MULT_mult_18_U406  0.0001279   0.0001185   0.0002799   3.348e-05  OAI22_X1
j1_addMult5_MULT_mult_18_U384  0.0001188     0.00012   0.0002798   4.101e-05  XNOR2_X1
j1_addMult3_MULT_mult_18_U489   0.000103   0.0001436   0.0002798   3.316e-05  XOR2_X1
j0_addMult0_MULT_mult_18_U401  8.892e-05   0.0001713   0.0002798   1.955e-05  NOR2_X1
j2_addMult8_MULT_mult_18_U380  0.0001962   4.682e-05   0.0002798    3.68e-05  XNOR2_X1
j1_addMult0_MULT_mult_18_U8    0.0001267   7.457e-05   0.0002797   7.841e-05  FA_X1
j2_mult0_mult_18_U366          0.0001236   0.0001222   0.0002797    3.38e-05  OAI22_X1
j0_addMult6_MULT_mult_18_U380  0.0001961    4.67e-05   0.0002796    3.68e-05  XNOR2_X1
j1_addMult0_MULT_mult_18_U408  0.0001268   0.0001197   0.0002796   3.315e-05  OAI22_X1
j1_addMult0_MULT_mult_18_U74   0.0001156   0.0001063   0.0002796   5.778e-05  HA_X1
j1_addMult4_MULT_mult_18_U404  0.0001287   0.0001167   0.0002796   3.423e-05  OAI22_X1
j1_addMult2_MULT_mult_18_U360  0.0001273   0.0001207   0.0002796   3.155e-05  OAI22_X1
j2_addMult3_MULT_mult_18_U344  0.0001243   0.0001134   0.0002795   4.168e-05  OAI22_X1
j2_addMult7_MULT_mult_18_U408  0.0001185   0.0001269   0.0002794     3.4e-05  OAI22_X1
j0_addMult0_MULT_mult_18_U44   0.0001473   6.827e-05   0.0002794   6.386e-05  FA_X1
j2_addMult2_ADD_add_16_U1_3    0.0001312   7.774e-05   0.0002794   7.046e-05  FA_X1
j1_addMult0_MULT_mult_18_U360  0.0001178   0.0001252   0.0002794   3.644e-05  OAI22_X1
j2_addMult1_MULT_mult_18_U340  0.0001161   0.0001234   0.0002794   3.986e-05  OAI22_X1
j2_addMult9_MULT_mult_18_U9    0.0001179   8.346e-05   0.0002793   7.787e-05  FA_X1
j0_addMult1_MULT_mult_18_U339  0.0001271   0.0001129   0.0002792   3.925e-05  OAI22_X1
j1_addMult5_MULT_mult_18_U406   0.000128   0.0001175   0.0002792   3.364e-05  OAI22_X1
j2_addMult0_MULT_mult_18_U360  0.0001292   0.0001158   0.0002791   3.401e-05  OAI22_X1
j2_addMult8_MULT_mult_18_U6    0.0001024   9.965e-05   0.0002791   7.702e-05  FA_X1
j2_addMult8_MULT_mult_18_U412  0.0001292   0.0001187   0.0002791    3.12e-05  OAI22_X1
j2_addMult1_MULT_mult_18_U406  0.0001266    0.000118    0.000279   3.441e-05  OAI22_X1
j0_addMult9_MULT_mult_18_U11   0.0001024   9.918e-05    0.000279   7.741e-05  FA_X1
j1_addMult7_MULT_mult_18_U406  0.0001202   0.0001251   0.0002789    3.36e-05  OAI22_X1
j2_addMult2_MULT_mult_18_U420  0.0001243   0.0001184   0.0002789   3.623e-05  OAI22_X1
j2_addMult2_MULT_mult_18_U343  0.0001221   0.0001154   0.0002788   4.132e-05  XNOR2_X1
j1_addMult3_MULT_mult_18_U366  0.0001168   0.0001227   0.0002787   3.916e-05  OAI22_X1
j1_addMult7_MULT_mult_18_U374   0.000116   0.0001312   0.0002785   3.128e-05  OAI22_X1
j0_addMult1_MULT_mult_18_U7    0.0001182     8.3e-05   0.0002785   7.722e-05  FA_X1
j0_addMult7_MULT_mult_18_U471  0.0001153    9.42e-05   0.0002785   6.898e-05  OAI222_X1
j0_addMult9_MULT_mult_18_U410  0.0001248   0.0001234   0.0002784   3.026e-05  OAI22_X1
j0_addMult1_MULT_mult_18_U420  0.0001289   0.0001157   0.0002784   3.381e-05  OAI22_X1
j1_addMult6_MULT_mult_18_U410  0.0001182   0.0001262   0.0002784     3.4e-05  OAI22_X1
j0_addMult0_MULT_mult_18_U406  0.0001238   0.0001183   0.0002783   3.623e-05  OAI22_X1
j1_addMult1_MULT_mult_18_U51   0.0001265   8.402e-05   0.0002783    6.78e-05  FA_X1
j2_addMult9_MULT_mult_18_U416   0.000129   0.0001179   0.0002782   3.135e-05  OAI22_X1
j2_addMult6_MULT_mult_18_U420  0.0001182   0.0001258   0.0002781   3.416e-05  OAI22_X1
j2_addMult4_MULT_mult_18_U344  0.0001159   0.0001199   0.0002781   4.234e-05  OAI22_X1
j0_addMult1_MULT_mult_18_U429  0.0001098   0.0001316   0.0002781   3.677e-05  OAI22_X1
j1_addMult6_MULT_mult_18_U408  0.0001182   0.0001259   0.0002781     3.4e-05  OAI22_X1
j0_mult0_mult_18_U416           0.000129   0.0001166    0.000278   3.239e-05  OAI22_X1
j1_mult0_mult_18_U401          9.018e-05   0.0001682    0.000278    1.96e-05  NOR2_X1
j2_addMult8_MULT_mult_18_U420  0.0001292   0.0001176   0.0002779    3.12e-05  OAI22_X1
j2_addMult7_MULT_mult_18_U420  0.0001286    0.000116   0.0002779   3.328e-05  OAI22_X1
j0_addMult9_MULT_mult_18_U357  0.0001876   5.299e-05   0.0002779   3.732e-05  XNOR2_X1
j1_addMult7_MULT_mult_18_U414  0.0001292   0.0001175   0.0002778    3.12e-05  OAI22_X1
j0_addMult6_MULT_mult_18_U340  0.0001201   0.0001192   0.0002778   3.861e-05  OAI22_X1
j0_addMult1_MULT_mult_18_U404  0.0001289   0.0001151   0.0002778   3.381e-05  OAI22_X1
j1_addMult3_MULT_mult_18_U416  0.0001242   0.0001202   0.0002778   3.338e-05  OAI22_X1
j2_addMult6_MULT_mult_18_U340  0.0001235   0.0001176   0.0002777   3.668e-05  OAI22_X1
j1_addMult1_MULT_mult_18_U470  0.0001199   0.0001229   0.0002776   3.483e-05  AOI222_X1
j0_addMult8_MULT_mult_18_U412  0.0001251   0.0001218   0.0002776   3.072e-05  OAI22_X1
j0_addMult4_MULT_mult_18_U404  0.0001283   0.0001157   0.0002775   3.344e-05  OAI22_X1
j0_addMult4_MULT_mult_18_U342  0.0001247   0.0001168   0.0002775   3.596e-05  OAI22_X1
j1_addMult2_MULT_mult_18_U372  0.0001273   0.0001186   0.0002774   3.155e-05  OAI22_X1
j2_addMult8_MULT_mult_18_U362  0.0001451   0.0001001   0.0002774   3.229e-05  OAI22_X1
j0_addMult2_MULT_mult_18_U360  0.0001168   0.0001214   0.0002774   3.916e-05  OAI22_X1
j2_addMult9_MULT_mult_18_U412   0.000129   0.0001171   0.0002774   3.135e-05  OAI22_X1
j0_addMult0_MULT_mult_18_U5    0.0001027   9.802e-05   0.0002774   7.662e-05  FA_X1
j0_addMult0_MULT_mult_18_U416  0.0001285   0.0001167   0.0002772    3.21e-05  OAI22_X1
j1_addMult7_MULT_mult_18_U416  0.0001292   0.0001169   0.0002772    3.12e-05  OAI22_X1
j1_addMult2_MULT_mult_18_U437  0.0001097   0.0001307   0.0002771   3.677e-05  OAI22_X1
j0_addMult6_MULT_mult_18_U28    0.000119   8.109e-05   0.0002771   7.701e-05  FA_X1
j2_addMult6_MULT_mult_18_U372   0.000122   0.0001199   0.0002771    3.52e-05  OAI22_X1
j0_addMult7_MULT_mult_18_U370   0.000113   0.0001314   0.0002771   3.266e-05  OAI22_X1
j1_addMult0_MULT_mult_18_U410  0.0001286    0.000116    0.000277   3.239e-05  OAI22_X1
j2_mult0_mult_18_U370          0.0001236   0.0001195    0.000277    3.38e-05  OAI22_X1
j2_mult0_mult_18_U408          0.0001268   0.0001158   0.0002769   3.433e-05  OAI22_X1
j2_addMult9_MULT_mult_18_U8    0.0001181   8.104e-05   0.0002769   7.771e-05  FA_X1
j1_addMult6_MULT_mult_18_U340  0.0001188   0.0001204   0.0002768   3.764e-05  OAI22_X1
j0_addMult0_MULT_mult_18_U446  0.0001412   0.0001032   0.0002768   3.249e-05  XNOR2_X1
j0_addMult6_MULT_mult_18_U410  0.0001185   0.0001237   0.0002767   3.454e-05  OAI22_X1
j0_addMult8_MULT_mult_18_U74   0.0001156   0.0001029   0.0002767    5.82e-05  HA_X1
j2_addMult2_MULT_mult_18_U406  0.0001243   0.0001161   0.0002766   3.623e-05  OAI22_X1
j0_mult0_mult_18_U404           0.000129   0.0001153   0.0002766   3.239e-05  OAI22_X1
j2_addMult9_MULT_mult_18_U410   0.000129   0.0001163   0.0002766   3.135e-05  OAI22_X1
j0_addMult3_MULT_mult_18_U342  0.0001179    0.000121   0.0002766    3.77e-05  OAI22_X1
j1_addMult3_MULT_mult_18_U414  0.0001202   0.0001171   0.0002766   3.922e-05  OAI22_X1
j2_addMult0_ADD_add_16_U1_10   0.0001401   7.005e-05   0.0002765   6.637e-05  FA_X1
j1_addMult2_MULT_mult_18_U370  0.0001273   0.0001177   0.0002765   3.155e-05  OAI22_X1
j0_addMult3_MULT_mult_18_U404  0.0001215   0.0001196   0.0002764   3.535e-05  OAI22_X1
j0_addMult9_MULT_mult_18_U408  0.0001248   0.0001213   0.0002764   3.026e-05  OAI22_X1
j2_addMult3_MULT_mult_18_U486  0.0001336   0.0001074   0.0002763   3.536e-05  OAI22_X1
j1_addMult0_MULT_mult_18_U370  0.0001101   0.0001335   0.0002763    3.27e-05  OAI22_X1
j2_addMult2_MULT_mult_18_U342  0.0001266    0.000111   0.0002763    3.87e-05  OAI22_X1
j2_addMult4_MULT_mult_18_U424  8.816e-05   0.0001688   0.0002762   1.923e-05  NOR2_X1
j1_addMult9_MULT_mult_18_U374  0.0001172   0.0001276   0.0002762    3.14e-05  OAI22_X1
j1_addMult2_MULT_mult_18_U424  8.572e-05   0.0001711   0.0002761   1.933e-05  NOR2_X1
j1_addMult2_MULT_mult_18_U486  0.0001334   0.0001073   0.0002761   3.536e-05  OAI22_X1
j2_addMult6_MULT_mult_18_U408  0.0001182   0.0001237    0.000276   3.416e-05  OAI22_X1
j0_addMult6_MULT_mult_18_U5    0.0001268   7.333e-05    0.000276   7.587e-05  FA_X1
j2_addMult6_MULT_mult_18_U370   0.000122   0.0001188    0.000276    3.52e-05  OAI22_X1
j2_addMult3_MULT_mult_18_U412  0.0001204   0.0001182    0.000276   3.743e-05  OAI22_X1
j2_addMult8_MULT_mult_18_U414  0.0001292   0.0001156    0.000276    3.12e-05  OAI22_X1
j2_addMult0_MULT_mult_18_U361  0.0001278   0.0001069   0.0002759   4.116e-05  XNOR2_X1
j1_addMult1_MULT_mult_18_U414  0.0001287   0.0001152   0.0002759    3.21e-05  OAI22_X1
j2_mult0_mult_18_U11           0.0001023   9.571e-05   0.0002759   7.788e-05  FA_X1
j2_addMult2_MULT_mult_18_U404  0.0001243   0.0001153   0.0002759   3.623e-05  OAI22_X1
j1_mult0_mult_18_U420          0.0001271   0.0001155   0.0002758   3.312e-05  OAI22_X1
j2_addMult1_MULT_mult_18_U412  0.0001291   0.0001143   0.0002758   3.239e-05  OAI22_X1
j1_mult0_mult_18_U360          0.0001274   0.0001185   0.0002758   2.986e-05  OAI22_X1
j2_addMult8_MULT_mult_18_U44   0.0001472   6.522e-05   0.0002757    6.33e-05  FA_X1
j1_addMult3_MULT_mult_18_U344  0.0001157   0.0001176   0.0002757   4.234e-05  OAI22_X1
j2_addMult2_MULT_mult_18_U486  0.0001357   0.0001063   0.0002757   3.357e-05  OAI22_X1
j2_addMult8_MULT_mult_18_U357  0.0001932   4.568e-05   0.0002756    3.68e-05  XNOR2_X1
j2_addMult8_MULT_mult_18_U401  8.612e-05   0.0001699   0.0002756   1.964e-05  NOR2_X1
j0_addMult5_MULT_mult_18_U489  0.0001031   0.0001381   0.0002756   3.448e-05  XOR2_X1
j2_addMult2_MULT_mult_18_U6    0.0001261   7.312e-05   0.0002756    7.63e-05  FA_X1
j2_addMult1_MULT_mult_18_U472  0.0001307   0.0001105   0.0002755   3.433e-05  AOI222_X1
j0_addMult4_MULT_mult_18_U370  0.0001199   0.0001253   0.0002755   3.027e-05  OAI22_X1
j1_addMult2_MULT_mult_18_U416  0.0001205   0.0001175   0.0002755   3.743e-05  OAI22_X1
j0_addMult1_MULT_mult_18_U414   0.000129   0.0001127   0.0002754   3.381e-05  OAI22_X1
j1_addMult8_MULT_mult_18_U404  0.0001176   0.0001216   0.0002754   3.612e-05  OAI22_X1
j2_addMult6_MULT_mult_18_U406  0.0001182    0.000123   0.0002754   3.416e-05  OAI22_X1
j0_addMult2_MULT_mult_18_U473  0.0001764   6.169e-05   0.0002753   3.719e-05  AOI222_X1
j0_addMult0_MULT_mult_18_U487  0.0001222   0.0001118   0.0002752   4.132e-05  XNOR2_X1
j2_addMult9_MULT_mult_18_U408   0.000129   0.0001148   0.0002752   3.135e-05  OAI22_X1
j1_addMult0_MULT_mult_18_U5    0.0001266   7.209e-05   0.0002752   7.642e-05  FA_X1
j1_addMult5_MULT_mult_18_U390   0.000119   0.0001151   0.0002751   4.101e-05  XNOR2_X1
j0_addMult6_MULT_mult_18_U357  0.0001931   4.516e-05   0.0002751    3.68e-05  XNOR2_X1
j2_addMult2_MULT_mult_18_U346  0.0001214   0.0001159    0.000275    3.77e-05  OAI22_X1
j1_mult0_mult_18_U370          0.0001274   0.0001178    0.000275   2.986e-05  OAI22_X1
j2_addMult0_MULT_mult_18_U339  0.0001318   0.0001077    0.000275   3.558e-05  OAI22_X1
j0_addMult4_MULT_mult_18_U482  8.446e-05   0.0001542   0.0002749   3.623e-05  XNOR2_X1
j0_addMult7_MULT_mult_18_U366   0.000113   0.0001292   0.0002749   3.266e-05  OAI22_X1
j2_addMult0_MULT_mult_18_U363  0.0001279   0.0001058   0.0002748   4.116e-05  XNOR2_X1
j0_addMult9_MULT_mult_18_U406  0.0001248   0.0001197   0.0002748   3.026e-05  OAI22_X1
j0_addMult0_ADD_add_16_U1_10   0.0001429   6.655e-05   0.0002748    6.54e-05  FA_X1
j0_addMult6_MULT_mult_18_U408  0.0001185   0.0001217   0.0002748   3.454e-05  OAI22_X1
j2_addMult1_MULT_mult_18_U414  0.0001291   0.0001133   0.0002748   3.239e-05  OAI22_X1
j1_addMult2_MULT_mult_18_U410  0.0001206   0.0001168   0.0002748   3.743e-05  OAI22_X1
j0_addMult5_MULT_mult_18_U433  0.0001039   0.0001324   0.0002747   3.831e-05  OAI22_X1
j1_addMult0_MULT_mult_18_U406  0.0001245   0.0001148   0.0002745   3.526e-05  OAI22_X1
j2_addMult2_MULT_mult_18_U412  0.0001264   0.0001149   0.0002744   3.319e-05  OAI22_X1
j2_addMult1_MULT_mult_18_U410  0.0001273    0.000114   0.0002744   3.315e-05  OAI22_X1
j0_addMult1_MULT_mult_18_U388   0.000117   0.0001154   0.0002744   4.192e-05  XNOR2_X1
j2_addMult0_MULT_mult_18_U372  0.0001271   0.0001174   0.0002743   2.986e-05  OAI22_X1
j0_addMult5_MULT_mult_18_U342  0.0001201   0.0001177   0.0002743   3.652e-05  OAI22_X1
j0_addMult8_MULT_mult_18_U420  0.0001251   0.0001185   0.0002743   3.072e-05  OAI22_X1
j2_addMult1_MULT_mult_18_U374  0.0001101   0.0001315   0.0002743    3.27e-05  OAI22_X1
j0_addMult3_MULT_mult_18_U424   9.11e-05   0.0001638   0.0002743   1.936e-05  NOR2_X1
j1_addMult1_MULT_mult_18_U372  0.0001235   0.0001202   0.0002742   3.058e-05  OAI22_X1
j0_addMult5_MULT_mult_18_U344  0.0001187   0.0001178   0.0002742   3.764e-05  OAI22_X1
j1_addMult0_MULT_mult_18_U412  0.0001287   0.0001131   0.0002742   3.239e-05  OAI22_X1
j2_addMult6_MULT_mult_18_U373   0.000117   0.0001162   0.0002742   4.101e-05  XNOR2_X1
j2_addMult4_MULT_mult_18_U408  0.0001242   0.0001165   0.0002741   3.338e-05  OAI22_X1
j2_addMult2_MULT_mult_18_U349  0.0001223   0.0001105   0.0002741   4.132e-05  XNOR2_X1
j2_addMult9_MULT_mult_18_U406   0.000129   0.0001138   0.0002741   3.135e-05  OAI22_X1
j2_addMult3_MULT_mult_18_U342  0.0001269   0.0001079    0.000274   3.925e-05  OAI22_X1
j2_mult0_mult_18_U416          0.0001268   0.0001129    0.000274   3.433e-05  OAI22_X1
j0_addMult2_MULT_mult_18_U372  0.0001168    0.000118    0.000274   3.916e-05  OAI22_X1
j0_addMult0_MULT_mult_18_U341  0.0001223   0.0001103   0.0002739   4.132e-05  XNOR2_X1
j0_addMult5_MULT_mult_18_U429  0.0001067   0.0001317   0.0002739   3.548e-05  OAI22_X1
j2_addMult0_MULT_mult_18_U408  0.0001265   0.0001141   0.0002739   3.332e-05  OAI22_X1
j2_addMult8_MULT_mult_18_U404  0.0001203     0.00012   0.0002739    3.36e-05  OAI22_X1
j0_addMult6_MULT_mult_18_U404  0.0001185   0.0001207   0.0002738   3.454e-05  OAI22_X1
j2_addMult1_MULT_mult_18_U408  0.0001249   0.0001136   0.0002737   3.526e-05  OAI22_X1
j2_addMult4_MULT_mult_18_U418  0.0001252    0.000112   0.0002737   3.653e-05  OAI22_X1
j1_addMult9_MULT_mult_18_U410  0.0001254   0.0001175   0.0002736   3.072e-05  OAI22_X1
j1_addMult6_MULT_mult_18_U406  0.0001182   0.0001214   0.0002736     3.4e-05  OAI22_X1
j1_addMult4_MULT_mult_18_U5     0.000126   7.246e-05   0.0002736   7.506e-05  FA_X1
j2_addMult2_MULT_mult_18_U5    0.0001268   7.107e-05   0.0002735   7.564e-05  FA_X1
j1_mult0_mult_18_U372          0.0001274   0.0001161   0.0002734   2.986e-05  OAI22_X1
j2_addMult0_MULT_mult_18_U486  0.0001264   0.0001071   0.0002733   3.979e-05  OAI22_X1
j2_addMult4_MULT_mult_18_U406  0.0001252   0.0001115   0.0002732   3.653e-05  OAI22_X1
j2_addMult8_MULT_mult_18_U5    0.0001026   9.428e-05   0.0002732   7.636e-05  FA_X1
j0_addMult6_MULT_mult_18_U425  0.0001051   0.0001298   0.0002731   3.821e-05  OAI22_X1
j0_addMult2_MULT_mult_18_U342  0.0001158    0.000115   0.0002731   4.234e-05  OAI22_X1
j1_addMult9_MULT_mult_18_U420  0.0001255   0.0001169   0.0002731   3.072e-05  OAI22_X1
j2_addMult3_MULT_mult_18_U350  0.0001269   0.0001069   0.0002731   3.925e-05  OAI22_X1
j2_addMult4_MULT_mult_18_U392  0.0001183   0.0001144   0.0002731   4.034e-05  XNOR2_X1
j0_addMult6_MULT_mult_18_U339  0.0001201   0.0001143    0.000273   3.861e-05  OAI22_X1
j0_addMult9_MULT_mult_18_U380   0.000187   4.875e-05    0.000273   3.732e-05  XNOR2_X1
j2_addMult2_MULT_mult_18_U487  0.0001224   0.0001093    0.000273   4.132e-05  XNOR2_X1
j2_addMult0_MULT_mult_18_U368  0.0001271    0.000116    0.000273   2.986e-05  OAI22_X1
j2_addMult5_MULT_mult_18_U342  0.0001176   0.0001177    0.000273    3.77e-05  OAI22_X1
j0_addMult1_MULT_mult_18_U6    0.0001182   7.778e-05    0.000273   7.698e-05  FA_X1
j0_addMult4_MULT_mult_18_U339  0.0001248   0.0001122   0.0002729   3.596e-05  OAI22_X1
j2_addMult6_MULT_mult_18_U346  0.0001245   0.0001123   0.0002727   3.596e-05  OAI22_X1
j2_mult0_mult_18_U402          0.0001268   0.0001116   0.0002727   3.433e-05  OAI22_X1
j2_addMult5_MULT_mult_18_U404  0.0001218   0.0001155   0.0002726   3.535e-05  OAI22_X1
j0_addMult7_MULT_mult_18_U340  0.0001173   0.0001145   0.0002726   4.086e-05  OAI22_X1
j2_addMult4_MULT_mult_18_U69   0.0001304   8.845e-05   0.0002726   5.375e-05  FA_X1
j1_addMult2_MULT_mult_18_U342  0.0001243   0.0001066   0.0002725   4.168e-05  OAI22_X1
j2_addMult6_MULT_mult_18_U360   0.000122   0.0001154   0.0002725    3.52e-05  OAI22_X1
j2_addMult2_MULT_mult_18_U28   0.0001189   7.643e-05   0.0002725   7.721e-05  FA_X1
j2_addMult2_MULT_mult_18_U473  0.0001783   5.302e-05   0.0002725   4.112e-05  AOI222_X1
j1_addMult6_MULT_mult_18_U424  8.715e-05    0.000166   0.0002724   1.927e-05  NOR2_X1
j2_addMult2_MULT_mult_18_U351  0.0001224   0.0001087   0.0002724   4.132e-05  XNOR2_X1
j0_addMult7_MULT_mult_18_U9    0.0001183    7.33e-05   0.0002724   8.076e-05  FA_X1
j1_addMult1_MULT_mult_18_U343  0.0001223   0.0001088   0.0002724   4.132e-05  XNOR2_X1
j2_addMult2_MULT_mult_18_U401   9.13e-05   0.0001615   0.0002723   1.955e-05  NOR2_X1
j0_addMult7_MULT_mult_18_U412  0.0001293   0.0001117   0.0002723   3.135e-05  OAI22_X1
j2_addMult1_MULT_mult_18_U5    0.0001265   6.928e-05   0.0002722   7.642e-05  FA_X1
j1_addMult3_MULT_mult_18_U392  0.0001185   0.0001133   0.0002722   4.034e-05  XNOR2_X1
j0_addMult7_MULT_mult_18_U404  0.0001293   0.0001116   0.0002722   3.135e-05  OAI22_X1
j2_addMult2_MULT_mult_18_U374  0.0001133   0.0001223   0.0002722   3.659e-05  OAI22_X1
j0_addMult9_MULT_mult_18_U374  0.0001125   0.0001273   0.0002722   3.241e-05  OAI22_X1
j2_addMult2_MULT_mult_18_U416  0.0001243   0.0001115   0.0002721   3.623e-05  OAI22_X1
j0_addMult4_MULT_mult_18_U408  0.0001279   0.0001105    0.000272   3.364e-05  OAI22_X1
j0_addMult3_MULT_mult_18_U414  0.0001215   0.0001151    0.000272   3.535e-05  OAI22_X1
j2_addMult0_MULT_mult_18_U384  0.0001281   0.0001027    0.000272   4.116e-05  XNOR2_X1
j1_addMult2_MULT_mult_18_U420  0.0001206   0.0001139   0.0002719   3.743e-05  OAI22_X1
j0_addMult5_MULT_mult_18_U410  0.0001189   0.0001192   0.0002719    3.38e-05  OAI22_X1
j0_addMult3_MULT_mult_18_U486  0.0001311    0.000107   0.0002718   3.377e-05  OAI22_X1
j1_addMult1_MULT_mult_18_U404  0.0001287    0.000111   0.0002718    3.21e-05  OAI22_X1
j0_addMult2_MULT_mult_18_U414  0.0001255   0.0001098   0.0002718   3.653e-05  OAI22_X1
j2_addMult5_MULT_mult_18_U424  9.088e-05   0.0001615   0.0002718   1.936e-05  NOR2_X1
j1_addMult3_MULT_mult_18_U433   0.000104   0.0001287   0.0002717   3.906e-05  OAI22_X1
j0_addMult1_MULT_mult_18_U366  0.0001246   0.0001154   0.0002717    3.17e-05  OAI22_X1
j0_addMult2_MULT_mult_18_U340  0.0001158   0.0001136   0.0002717   4.234e-05  OAI22_X1
j1_addMult6_MULT_mult_18_U416  0.0001182   0.0001195   0.0002717     3.4e-05  OAI22_X1
j0_addMult7_MULT_mult_18_U410  0.0001247   0.0001138   0.0002717   3.321e-05  OAI22_X1
j1_addMult4_MULT_mult_18_U429  0.0001114   0.0001233   0.0002716   3.694e-05  OAI22_X1
j1_addMult8_MULT_mult_18_U8    0.0001183   7.481e-05   0.0002716   7.858e-05  FA_X1
j1_addMult3_MULT_mult_18_U420  0.0001203   0.0001121   0.0002716   3.922e-05  OAI22_X1
j2_addMult2_MULT_mult_18_U408  0.0001244    0.000111   0.0002716   3.623e-05  OAI22_X1
j0_addMult5_MULT_mult_18_U374  0.0001131   0.0001217   0.0002716   3.673e-05  OAI22_X1
j2_addMult7_MULT_mult_18_U470  0.0001168   0.0001206   0.0002715   3.415e-05  AOI222_X1
j1_addMult0_MULT_mult_18_U372  0.0001101   0.0001286   0.0002714    3.27e-05  OAI22_X1
j2_addMult0_MULT_mult_18_U8    0.0001185   7.511e-05   0.0002714   7.784e-05  FA_X1
j0_addMult1_MULT_mult_18_U374  0.0001246   0.0001151   0.0002714    3.17e-05  OAI22_X1
j1_addMult8_MULT_mult_18_U414  0.0001288   0.0001112   0.0002714   3.135e-05  OAI22_X1
j0_addMult4_MULT_mult_18_U390  0.0001192   0.0001111   0.0002714   4.101e-05  XNOR2_X1
j2_addMult2_MULT_mult_18_U414  0.0001269   0.0001094   0.0002714   3.497e-05  OAI22_X1
j0_addMult7_MULT_mult_18_U7    0.0001177   7.572e-05   0.0002713   7.786e-05  FA_X1
j2_addMult3_MULT_mult_18_U404  0.0001205   0.0001133   0.0002712   3.743e-05  OAI22_X1
j0_addMult6_MULT_mult_18_U424  8.973e-05   0.0001622   0.0002712   1.924e-05  NOR2_X1
j0_addMult1_MULT_mult_18_U408  0.0001211   0.0001127   0.0002712   3.743e-05  OAI22_X1
j0_addMult7_MULT_mult_18_U6    0.0001178   7.544e-05   0.0002709   7.768e-05  FA_X1
j2_addMult8_MULT_mult_18_U424  8.889e-05   0.0001628   0.0002709   1.924e-05  NOR2_X1
j2_addMult3_MULT_mult_18_U366  0.0001272   0.0001121   0.0002708   3.155e-05  OAI22_X1
j0_addMult2_MULT_mult_18_U406  0.0001206    0.000111   0.0002708   3.922e-05  OAI22_X1
j2_addMult2_MULT_mult_18_U353  0.0001225    0.000107   0.0002708   4.132e-05  XNOR2_X1
j2_addMult4_MULT_mult_18_U433  0.0001043   0.0001274   0.0002708   3.906e-05  OAI22_X1
j2_addMult2_MULT_mult_18_U370  0.0001133   0.0001208   0.0002707   3.659e-05  OAI22_X1
j1_addMult5_MULT_mult_18_U416  0.0001282   0.0001089   0.0002707   3.364e-05  OAI22_X1
j1_addMult9_MULT_mult_18_U11   0.0001103   8.296e-05   0.0002706   7.736e-05  FA_X1
j0_addMult4_MULT_mult_18_U416  0.0001284   0.0001086   0.0002704   3.344e-05  OAI22_X1
j1_addMult0_MULT_mult_18_U404  0.0001263   0.0001097   0.0002704   3.441e-05  OAI22_X1
j0_addMult6_MULT_mult_18_U350  0.0001201   0.0001116   0.0002704   3.861e-05  OAI22_X1
j1_addMult4_MULT_mult_18_U402  0.0001288   0.0001073   0.0002704   3.423e-05  OAI22_X1
j1_addMult4_MULT_mult_18_U412  0.0001218   0.0001132   0.0002703   3.535e-05  OAI22_X1
j0_addMult4_MULT_mult_18_U374  0.0001216   0.0001135   0.0002703    3.52e-05  OAI22_X1
j1_addMult3_MULT_mult_18_U352  0.0001157   0.0001122   0.0002703   4.234e-05  OAI22_X1
j0_addMult2_MULT_mult_18_U350  0.0001158   0.0001122   0.0002703   4.234e-05  OAI22_X1
j2_addMult0_MULT_mult_18_U416   0.000127   0.0001102   0.0002703   3.312e-05  OAI22_X1
j0_addMult2_MULT_mult_18_U420  0.0001206   0.0001105   0.0002703   3.922e-05  OAI22_X1
j2_addMult0_MULT_mult_18_U404  0.0001241   0.0001126   0.0002703   3.364e-05  OAI22_X1
j0_addMult6_MULT_mult_18_U406  0.0001186   0.0001172   0.0002703   3.454e-05  OAI22_X1
j2_addMult2_MULT_mult_18_U410  0.0001244   0.0001095   0.0002701   3.623e-05  OAI22_X1
j2_addMult2_MULT_mult_18_U339  0.0001266   0.0001047     0.00027    3.87e-05  OAI22_X1
j2_addMult1_MULT_mult_18_U433  0.0001146   0.0001211     0.00027   3.438e-05  OAI22_X1
j2_addMult5_MULT_mult_18_U420  0.0001218   0.0001127   0.0002699   3.535e-05  OAI22_X1
j2_addMult8_MULT_mult_18_U339  0.0001202   0.0001111   0.0002699   3.861e-05  OAI22_X1
j2_addMult7_MULT_mult_18_U402  0.0001283    0.000108   0.0002698   3.348e-05  OAI22_X1
j1_mult0_mult_18_U7            0.0001181   7.479e-05   0.0002698   7.696e-05  FA_X1
j1_addMult3_MULT_mult_18_U410  0.0001252    0.000108   0.0002698   3.653e-05  OAI22_X1
j1_mult0_mult_18_U424           8.51e-05   0.0001655   0.0002698   1.921e-05  NOR2_X1
j1_addMult4_MULT_mult_18_U406  0.0001225   0.0001123   0.0002698   3.502e-05  OAI22_X1
j2_addMult4_MULT_mult_18_U386  0.0001186   0.0001108   0.0002698   4.034e-05  XNOR2_X1
j2_addMult3_MULT_mult_18_U346  0.0001244   0.0001036   0.0002696   4.168e-05  OAI22_X1
j0_addMult4_MULT_mult_18_U414   0.000128    0.000108   0.0002696   3.364e-05  OAI22_X1
j1_addMult6_MULT_mult_18_U342  0.0001188   0.0001131   0.0002695   3.764e-05  OAI22_X1
j1_addMult4_MULT_mult_18_U416  0.0001288   0.0001065   0.0002695   3.423e-05  OAI22_X1
j1_mult0_mult_18_U6            0.0001181   7.472e-05   0.0002695   7.669e-05  FA_X1
j0_mult0_mult_18_U401          9.118e-05   0.0001587   0.0002695   1.957e-05  NOR2_X1
j2_addMult7_MULT_mult_18_U429  0.0001044   0.0001268   0.0002695   3.831e-05  OAI22_X1
j0_addMult2_MULT_mult_18_U410  0.0001206   0.0001096   0.0002694   3.922e-05  OAI22_X1
j2_addMult1_MULT_mult_18_U402  0.0001273    0.000109   0.0002694   3.315e-05  OAI22_X1
j2_addMult2_MULT_mult_18_U437  0.0001119   0.0001192   0.0002694   3.829e-05  OAI22_X1
j1_addMult3_MULT_mult_18_U350   0.000118   0.0001115   0.0002694   3.982e-05  OAI22_X1
j2_addMult9_MULT_mult_18_U6    0.0001178   7.394e-05   0.0002694   7.768e-05  FA_X1
j1_addMult7_MULT_mult_18_U470  0.0001184   0.0001167   0.0002693   3.418e-05  AOI222_X1
j2_addMult6_MULT_mult_18_U416  0.0001183   0.0001169   0.0002693   3.416e-05  OAI22_X1
j2_addMult8_MULT_mult_18_U341  0.0001141    0.000114   0.0002693   4.118e-05  XNOR2_X1
j2_addMult3_MULT_mult_18_U410  0.0001228   0.0001103   0.0002693   3.625e-05  OAI22_X1
j2_addMult0_MULT_mult_18_U370  0.0001271   0.0001122   0.0002692   2.986e-05  OAI22_X1
j1_addMult7_MULT_mult_18_U488  3.144e-05   0.0002193   0.0002691   1.838e-05  NAND2_X1
j1_addMult6_MULT_mult_18_U374   0.000113   0.0001193   0.0002691   3.673e-05  OAI22_X1
j2_addMult3_MULT_mult_18_U6      0.00011   8.259e-05    0.000269   7.645e-05  FA_X1
j2_mult0_mult_18_U10            0.000102   8.926e-05    0.000269   7.774e-05  FA_X1
j0_addMult7_MULT_mult_18_U374   0.000113   0.0001232   0.0002689   3.266e-05  OAI22_X1
j2_addMult6_MULT_mult_18_U339  0.0001235   0.0001087   0.0002689   3.668e-05  OAI22_X1
j0_addMult0_MULT_mult_18_U339  0.0001269   0.0001032   0.0002688    3.87e-05  OAI22_X1
j1_addMult2_MULT_mult_18_U473   0.000173   5.367e-05   0.0002687   4.196e-05  AOI222_X1
j1_addMult9_MULT_mult_18_U412  0.0001255   0.0001125   0.0002687   3.072e-05  OAI22_X1
j0_addMult7_MULT_mult_18_U414  0.0001293   0.0001079   0.0002686   3.135e-05  OAI22_X1
j0_addMult4_MULT_mult_18_U402  0.0001284   0.0001066   0.0002685   3.344e-05  OAI22_X1
j1_addMult1_MULT_mult_18_U408  0.0001241   0.0001081   0.0002684   3.623e-05  OAI22_X1
j2_addMult2_MULT_mult_18_U345  0.0001226   0.0001044   0.0002684   4.132e-05  XNOR2_X1
j1_addMult8_MULT_mult_18_U6    0.0001177   7.296e-05   0.0002684   7.768e-05  FA_X1
j2_addMult3_MULT_mult_18_U5    0.0001103   8.212e-05   0.0002683    7.59e-05  FA_X1
j1_addMult8_MULT_mult_18_U427  0.0001027   0.0001266   0.0002681   3.881e-05  OAI22_X1
j0_addMult0_MULT_mult_18_U370  0.0001239   0.0001136   0.0002681   3.058e-05  OAI22_X1
j0_addMult4_MULT_mult_18_U401  9.097e-05   0.0001576   0.0002681   1.957e-05  NOR2_X1
j1_addMult5_MULT_mult_18_U392  0.0001194   0.0001076   0.0002681   4.101e-05  XNOR2_X1
j2_addMult6_MULT_mult_18_U486  0.0001314   0.0001048    0.000268   3.179e-05  OAI22_X1
j2_addMult5_MULT_mult_18_U410  0.0001225   0.0001104    0.000268   3.502e-05  OAI22_X1
j1_addMult6_MULT_mult_18_U401  8.555e-05   0.0001628    0.000268   1.958e-05  NOR2_X1
j1_addMult7_MULT_mult_18_U51   0.0001183   8.165e-05   0.0002679   6.798e-05  FA_X1
j2_addMult0_MULT_mult_18_U414   0.000127   0.0001077   0.0002679   3.312e-05  OAI22_X1
j0_addMult1_MULT_mult_18_U402  0.0001267   0.0001063   0.0002679   3.487e-05  OAI22_X1
j1_addMult8_MULT_mult_18_U406  0.0001135   0.0001159   0.0002678   3.847e-05  OAI22_X1
j2_addMult2_MULT_mult_18_U341  0.0001227   0.0001038   0.0002678   4.132e-05  XNOR2_X1
j0_addMult8_MULT_mult_18_U410  0.0001251    0.000112   0.0002678   3.072e-05  OAI22_X1
j1_addMult5_MULT_mult_18_U401  9.186e-05   0.0001564   0.0002678   1.957e-05  NOR2_X1
j1_addMult0_MULT_mult_18_U366  0.0001101   0.0001249   0.0002677    3.27e-05  OAI22_X1
j0_addMult9_ADD_add_16_U1_6    0.0001304   5.692e-05   0.0002676   8.029e-05  FA_X1
j0_addMult2_MULT_mult_18_U404  0.0001207   0.0001077   0.0002675   3.922e-05  OAI22_X1
j2_addMult7_MULT_mult_18_U406  0.0001191   0.0001145   0.0002674    3.38e-05  OAI22_X1
j0_addMult5_MULT_mult_18_U414  0.0001185    0.000115   0.0002674     3.4e-05  OAI22_X1
j2_mult0_mult_18_U471           0.000109   9.799e-05   0.0002674   6.037e-05  OAI222_X1
j0_addMult5_MULT_mult_18_U394  0.0001156   0.0001106   0.0002674    4.11e-05  XNOR2_X1
j0_mult0_mult_18_U402          0.0001291   0.0001058   0.0002673   3.239e-05  OAI22_X1
j0_addMult7_MULT_mult_18_U402  0.0001247   0.0001093   0.0002672   3.321e-05  OAI22_X1
j0_addMult7_MULT_mult_18_U8    0.0001178   7.185e-05   0.0002672   7.754e-05  FA_X1
j1_addMult9_MULT_mult_18_U406  0.0001255    0.000111   0.0002672   3.072e-05  OAI22_X1
j2_addMult4_MULT_mult_18_U342  0.0001183   0.0001091   0.0002672   3.982e-05  OAI22_X1
j0_addMult0_MULT_mult_18_U374  0.0001239   0.0001127   0.0002671   3.058e-05  OAI22_X1
j1_addMult4_MULT_mult_18_U352  0.0001223   0.0001056   0.0002671   3.928e-05  OAI22_X1
j1_addMult1_MULT_mult_18_U418  0.0001288   0.0001063   0.0002671    3.21e-05  OAI22_X1
j1_addMult2_MULT_mult_18_U414  0.0001229   0.0001079   0.0002671   3.625e-05  OAI22_X1
j1_addMult2_MULT_mult_18_U361  0.0001117   0.0001135   0.0002671   4.192e-05  XNOR2_X1
j1_addMult5_MULT_mult_18_U433  0.0001035   0.0001243   0.0002671   3.922e-05  OAI22_X1
j2_addMult5_MULT_mult_18_U412  0.0001219   0.0001099   0.0002671   3.535e-05  OAI22_X1
j2_mult0_mult_18_U414          0.0001268   0.0001059   0.0002671   3.433e-05  OAI22_X1
j0_addMult3_MULT_mult_18_U374    0.00011   0.0001228    0.000267   3.423e-05  OAI22_X1
j2_addMult3_MULT_mult_18_U369  0.0001117   0.0001134    0.000267   4.192e-05  XNOR2_X1
j1_addMult4_MULT_mult_18_U433  0.0001115   0.0001185    0.000267   3.694e-05  OAI22_X1
j1_addMult9_MULT_mult_18_U408  0.0001255   0.0001107    0.000267   3.072e-05  OAI22_X1
j2_addMult7_MULT_mult_18_U9    0.0001103    7.52e-05   0.0002669   8.142e-05  FA_X1
j1_addMult6_MULT_mult_18_U74   0.0001218   8.603e-05   0.0002668     5.9e-05  HA_X1
j1_addMult3_MULT_mult_18_U401  8.857e-05   0.0001588   0.0002668   1.949e-05  NOR2_X1
j2_addMult6_MULT_mult_18_U414  0.0001187   0.0001141   0.0002668   3.396e-05  OAI22_X1
j1_addMult2_MULT_mult_18_U339  0.0001243   0.0001007   0.0002667   4.168e-05  OAI22_X1
j1_addMult5_MULT_mult_18_U359  0.0001174   0.0001082   0.0002667   4.101e-05  XNOR2_X1
j0_addMult2_MULT_mult_18_U74    0.000123    8.65e-05   0.0002666   5.714e-05  HA_X1
j1_mult0_mult_18_U414          0.0001271   0.0001063   0.0002666   3.312e-05  OAI22_X1
j2_addMult9_MULT_mult_18_U7    0.0001176   7.104e-05   0.0002665   7.786e-05  FA_X1
j0_addMult4_MULT_mult_18_U69   0.0001274   8.321e-05   0.0002665    5.59e-05  FA_X1
j1_addMult5_MULT_mult_18_U486  0.0001314   0.0001033   0.0002665   3.179e-05  OAI22_X1
j0_addMult5_MULT_mult_18_U390  0.0001157   0.0001097   0.0002665    4.11e-05  XNOR2_X1
j2_addMult1_MULT_mult_18_U366  0.0001101   0.0001236   0.0002664    3.27e-05  OAI22_X1
j2_addMult2_MULT_mult_18_U402   0.000127   0.0001044   0.0002664   3.497e-05  OAI22_X1
j1_addMult3_MULT_mult_18_U412  0.0001204   0.0001068   0.0002663   3.922e-05  OAI22_X1
j1_addMult4_MULT_mult_18_U424      9e-05   0.0001569   0.0002663   1.936e-05  NOR2_X1
j0_addMult8_MULT_mult_18_U360  0.0001197   0.0001132   0.0002663   3.335e-05  OAI22_X1
j0_addMult9_MULT_mult_18_U424  8.164e-05   0.0001653   0.0002662   1.934e-05  NOR2_X1
j0_addMult3_MULT_mult_18_U346  0.0001226   0.0001042   0.0002661   3.928e-05  OAI22_X1
j1_addMult8_MULT_mult_18_U7    0.0001176   7.057e-05    0.000266   7.786e-05  FA_X1
j0_addMult2_MULT_mult_18_U50   0.0001251   7.631e-05    0.000266   6.459e-05  FA_X1
j2_addMult6_MULT_mult_18_U388  0.0001195   0.0001055    0.000266   4.101e-05  XNOR2_X1
j0_addMult8_MULT_mult_18_U416  0.0001252   0.0001101    0.000266   3.072e-05  OAI22_X1
j1_addMult5_MULT_mult_18_U382  0.0001196   0.0001054    0.000266   4.101e-05  XNOR2_X1
j1_addMult4_MULT_mult_18_U342  0.0001177   0.0001105   0.0002659    3.77e-05  OAI22_X1
j0_addMult1_MULT_mult_18_U365  0.0001181   0.0001059   0.0002659   4.192e-05  XNOR2_X1
j2_addMult8_MULT_mult_18_U402  0.0001293   0.0001054   0.0002659    3.12e-05  OAI22_X1
j2_addMult5_MULT_mult_18_U69   0.0001208   8.731e-05   0.0002659   5.777e-05  FA_X1
j0_addMult9_MULT_mult_18_U372  0.0001125   0.0001209   0.0002658   3.241e-05  OAI22_X1
j0_addMult2_MULT_mult_18_U408  0.0001207   0.0001059   0.0002658   3.922e-05  OAI22_X1
j2_addMult3_MULT_mult_18_U420  0.0001205   0.0001077   0.0002657   3.743e-05  OAI22_X1
j0_addMult7_MULT_mult_18_U416  0.0001293   0.0001049   0.0002656   3.135e-05  OAI22_X1
j1_addMult5_MULT_mult_18_U361  0.0001175   0.0001071   0.0002656   4.101e-05  XNOR2_X1
j0_addMult2_ADD_add_16_U1_10   0.0001705   2.034e-05   0.0002656   7.471e-05  FA_X1
j1_addMult6_MULT_mult_18_U396  0.0001157   0.0001087   0.0002655    4.11e-05  XNOR2_X1
j0_addMult5_MULT_mult_18_U404  0.0001185    0.000113   0.0002655     3.4e-05  OAI22_X1
j0_addMult3_MULT_mult_18_U487  0.0001162   0.0001083   0.0002655   4.101e-05  XNOR2_X1
j2_addMult1_MULT_mult_18_U446  0.0001323   0.0001001   0.0002655   3.308e-05  XNOR2_X1
j2_addMult3_MULT_mult_18_U429   0.000113    0.000117   0.0002655   3.543e-05  OAI22_X1
j1_addMult4_MULT_mult_18_U414  0.0001281   0.0001027   0.0002654   3.456e-05  OAI22_X1
j1_addMult3_MULT_mult_18_U342   0.000118   0.0001076   0.0002654   3.982e-05  OAI22_X1
j1_addMult9_MULT_mult_18_U372  0.0001172   0.0001168   0.0002654    3.14e-05  OAI22_X1
j1_addMult2_MULT_mult_18_U348  0.0001243   9.937e-05   0.0002654   4.168e-05  OAI22_X1
j1_addMult5_MULT_mult_18_U342  0.0001245   0.0001049   0.0002654   3.596e-05  OAI22_X1
j2_addMult5_MULT_mult_18_U486  0.0001307   0.0001009   0.0002653   3.377e-05  OAI22_X1
j0_addMult9_MULT_mult_18_U414  0.0001249   0.0001101   0.0002653   3.026e-05  OAI22_X1
j2_addMult2_MULT_mult_18_U425  0.0001117   0.0001152   0.0002652   3.829e-05  OAI22_X1
j2_addMult8_MULT_mult_18_U472  0.0001202    0.000112   0.0002652   3.301e-05  AOI222_X1
j0_addMult0_MULT_mult_18_U402  0.0001286   0.0001045   0.0002652    3.21e-05  OAI22_X1
j0_addMult2_MULT_mult_18_U339  0.0001158    0.000107   0.0002652   4.234e-05  OAI22_X1
j2_addMult0_MULT_mult_18_U6     0.000118   7.044e-05   0.0002651   7.669e-05  FA_X1
j2_addMult0_MULT_mult_18_U406  0.0001237   0.0001076   0.0002651   3.384e-05  OAI22_X1
j1_addMult9_MULT_mult_18_U404  0.0001255   0.0001088   0.0002651   3.072e-05  OAI22_X1
j0_addMult8_MULT_mult_18_U408  0.0001212   0.0001115    0.000265   3.229e-05  OAI22_X1
j0_addMult9_MULT_mult_18_U412  0.0001249   0.0001098    0.000265   3.026e-05  OAI22_X1
j1_addMult9_MULT_mult_18_U10   0.0001098   7.784e-05    0.000265   7.733e-05  FA_X1
j2_addMult0_MULT_mult_18_U7    0.0001179   7.009e-05   0.0002649   7.696e-05  FA_X1
j0_addMult1_MULT_mult_18_U406  0.0001235   0.0001052   0.0002649   3.625e-05  OAI22_X1
j1_addMult8_MULT_mult_18_U416  0.0001289   0.0001046   0.0002648   3.135e-05  OAI22_X1
j1_addMult6_MULT_mult_18_U360  0.0001131    0.000115   0.0002648   3.673e-05  OAI22_X1
j2_addMult6_MULT_mult_18_U398  0.0001195   0.0001042   0.0002648   4.101e-05  XNOR2_X1
j2_addMult6_MULT_mult_18_U390  0.0001196   0.0001041   0.0002647   4.101e-05  XNOR2_X1
j2_addMult6_MULT_mult_18_U473  0.0001676   5.202e-05   0.0002646   4.488e-05  AOI222_X1
j1_addMult0_MULT_mult_18_U418  0.0001288   0.0001034   0.0002645   3.239e-05  OAI22_X1
j1_addMult2_MULT_mult_18_U408  0.0001207   0.0001063   0.0002645   3.743e-05  OAI22_X1
j0_addMult6_MULT_mult_18_U469    0.00013   0.0001063   0.0002644   2.813e-05  OAI222_X1
j2_addMult6_MULT_mult_18_U401  9.083e-05    0.000154   0.0002644   1.957e-05  NOR2_X1
j2_addMult4_MULT_mult_18_U339  0.0001183   0.0001063   0.0002644   3.982e-05  OAI22_X1
j2_addMult4_MULT_mult_18_U402  0.0001296   0.0001035   0.0002644    3.13e-05  OAI22_X1
j2_addMult9_MULT_mult_18_U372  0.0001131   0.0001185   0.0002643   3.266e-05  OAI22_X1
j2_addMult3_MULT_mult_18_U414  0.0001206   0.0001063   0.0002643   3.743e-05  OAI22_X1
j2_addMult8_MULT_mult_18_U427  0.0001052   0.0001208   0.0002643   3.821e-05  OAI22_X1
j2_addMult9_MULT_mult_18_U414  0.0001292   0.0001037   0.0002643   3.135e-05  OAI22_X1
j2_addMult7_MULT_mult_18_U472  0.0001234   0.0001088   0.0002642   3.207e-05  AOI222_X1
j2_addMult2_ADD_add_16_U1_10   0.0001675   1.852e-05   0.0002642   7.815e-05  FA_X1
j0_addMult1_MULT_mult_18_U5    0.0001183   6.964e-05   0.0002642   7.624e-05  FA_X1
j1_addMult5_MULT_mult_18_U394  0.0001197   0.0001035   0.0002642   4.101e-05  XNOR2_X1
j0_addMult0_MULT_mult_18_U366  0.0001239   0.0001096   0.0002641   3.058e-05  OAI22_X1
j2_addMult3_MULT_mult_18_U361  0.0001118   0.0001103   0.0002641   4.192e-05  XNOR2_X1
j2_addMult0_MULT_mult_18_U424  8.481e-05     0.00016    0.000264   1.921e-05  NOR2_X1
j2_addMult1_MULT_mult_18_U339  0.0001184   0.0001077    0.000264   3.788e-05  OAI22_X1
j0_addMult4_MULT_mult_18_U410  0.0001188   0.0001112    0.000264   3.396e-05  OAI22_X1
j2_addMult4_MULT_mult_18_U390  0.0001189   0.0001048    0.000264   4.034e-05  XNOR2_X1
j0_addMult4_MULT_mult_18_U369  0.0001175   0.0001055    0.000264   4.101e-05  XNOR2_X1
j1_addMult7_MULT_mult_18_U418  0.0001293   0.0001034    0.000264    3.12e-05  OAI22_X1
j1_addMult3_MULT_mult_18_U390   0.000119   0.0001046   0.0002639   4.034e-05  XNOR2_X1
j1_addMult6_MULT_mult_18_U50   0.0001251   7.394e-05   0.0002639   6.485e-05  FA_X1
j2_addMult0_ADD_add_16_U1_9    0.0001093   8.829e-05   0.0002639   6.637e-05  FA_X1
j2_addMult5_MULT_mult_18_U433  0.0001121   0.0001148   0.0002639   3.694e-05  OAI22_X1
j0_addMult1_MULT_mult_18_U363  0.0001182   0.0001037   0.0002639   4.192e-05  XNOR2_X1
j0_addMult4_MULT_mult_18_U392  0.0001197   0.0001031   0.0002638   4.101e-05  XNOR2_X1
j2_addMult9_MULT_mult_18_U402  0.0001292   0.0001033   0.0002638   3.135e-05  OAI22_X1
j2_mult0_mult_18_U9            0.0001017    8.42e-05   0.0002637   7.788e-05  FA_X1
j1_addMult2_MULT_mult_18_U401   9.33e-05    0.000151   0.0002637   1.945e-05  NOR2_X1
j1_addMult5_MULT_mult_18_U26   0.0001103   7.811e-05   0.0002636   7.522e-05  FA_X1
j2_addMult6_MULT_mult_18_U469  0.0001455   8.904e-05   0.0002635   2.898e-05  OAI222_X1
j1_mult0_mult_18_U366          0.0001274   0.0001062   0.0002635   2.986e-05  OAI22_X1
j1_addMult9_MULT_mult_18_U8    0.0001099   7.629e-05   0.0002634   7.721e-05  FA_X1
j0_addMult0_MULT_mult_18_U372  0.0001239   0.0001089   0.0002634   3.058e-05  OAI22_X1
j0_addMult5_MULT_mult_18_U412  0.0001185   0.0001108   0.0002634     3.4e-05  OAI22_X1
j1_addMult0_MULT_mult_18_U402  0.0001288   0.0001022   0.0002634   3.239e-05  OAI22_X1
j0_addMult5_MULT_mult_18_U401  8.673e-05    0.000157   0.0002634   1.958e-05  NOR2_X1
j1_addMult3_MULT_mult_18_U394   0.000119    0.000104   0.0002633   4.034e-05  XNOR2_X1
j1_addMult5_MULT_mult_18_U404  0.0001186   0.0001106   0.0002633   3.416e-05  OAI22_X1
j1_addMult6_MULT_mult_18_U473  0.0001683   5.143e-05   0.0002633   4.355e-05  AOI222_X1
j1_addMult1_MULT_mult_18_U402  0.0001262    0.000104   0.0002633   3.319e-05  OAI22_X1
j0_addMult3_MULT_mult_18_U349  0.0001163    0.000106   0.0002633   4.101e-05  XNOR2_X1
j0_addMult6_MULT_mult_18_U418  0.0001187   0.0001101   0.0002633   3.454e-05  OAI22_X1
j0_addMult7_MULT_mult_18_U433  0.0001087    0.000117   0.0002633   3.756e-05  OAI22_X1
j0_addMult6_MULT_mult_18_U473  0.0001692   5.167e-05   0.0002633   4.243e-05  AOI222_X1
j2_addMult8_MULT_mult_18_U46   0.0001171   8.686e-05   0.0002632   5.924e-05  FA_X1
j1_addMult9_MULT_mult_18_U416  0.0001255   0.0001069   0.0002632   3.072e-05  OAI22_X1
j0_addMult6_MULT_mult_18_U486  0.0001288    0.000101   0.0002632   3.337e-05  OAI22_X1
j1_addMult5_MULT_mult_18_U369  0.0001176   0.0001045   0.0002631   4.101e-05  XNOR2_X1
j2_addMult3_MULT_mult_18_U382  0.0001101   0.0001111   0.0002631   4.192e-05  XNOR2_X1
j1_addMult8_MULT_mult_18_U486  0.0001172   0.0001012   0.0002631   4.478e-05  OAI22_X1
j2_addMult0_MULT_mult_18_U431  0.0001112   0.0001153   0.0002631   3.667e-05  OAI22_X1
j0_addMult2_MULT_mult_18_U437  0.0001037   0.0001203   0.0002631   3.906e-05  OAI22_X1
j0_addMult8_MULT_mult_18_U370  0.0001172   0.0001145   0.0002631    3.14e-05  OAI22_X1
j0_addMult7_MULT_mult_18_U472  0.0001145    0.000121    0.000263   2.757e-05  AOI222_X1
j1_addMult8_MULT_mult_18_U401  8.771e-05   0.0001558    0.000263   1.951e-05  NOR2_X1
j0_addMult7_MULT_mult_18_U363  0.0001102   0.0001118    0.000263   4.101e-05  XNOR2_X1
j1_addMult3_MULT_mult_18_U429  0.0001097   0.0001172    0.000263   3.615e-05  OAI22_X1
j2_mult0_mult_18_U488          2.831e-05   0.0002174    0.000263   1.725e-05  NAND2_X1
j1_addMult7_MULT_mult_18_U402  0.0001272   0.0001037    0.000263   3.203e-05  OAI22_X1
j1_mult0_mult_18_U402          0.0001271   0.0001027    0.000263   3.312e-05  OAI22_X1
j0_addMult8_MULT_mult_18_U414  0.0001252   0.0001071    0.000263   3.072e-05  OAI22_X1
j2_addMult2_MULT_mult_18_U348  0.0001267   9.759e-05    0.000263    3.87e-05  OAI22_X1
j1_addMult5_MULT_mult_18_U429  0.0001066   0.0001195    0.000263   3.685e-05  OAI22_X1
j0_addMult4_MULT_mult_18_U352  0.0001238   0.0001025   0.0002629   3.668e-05  OAI22_X1
j1_addMult2_MULT_mult_18_U364  0.0001272   0.0001041   0.0002629   3.155e-05  OAI22_X1
j0_addMult6_MULT_mult_18_U351  0.0001145   0.0001072   0.0002628   4.118e-05  XNOR2_X1
j1_addMult3_MULT_mult_18_U384  0.0001191   0.0001033   0.0002628   4.034e-05  XNOR2_X1
j2_addMult4_MULT_mult_18_U437  0.0001099   0.0001167   0.0002628   3.615e-05  OAI22_X1
j0_addMult1_MULT_mult_18_U386  0.0001176   0.0001032   0.0002627   4.192e-05  XNOR2_X1
j1_addMult7_MULT_mult_18_U343  0.0001145   0.0001071   0.0002627   4.118e-05  XNOR2_X1
j0_addMult6_MULT_mult_18_U487  0.0001145    0.000107   0.0002626   4.118e-05  XNOR2_X1
j0_addMult5_MULT_mult_18_U6    0.0001017    8.51e-05   0.0002626   7.587e-05  FA_X1
j1_addMult9_MULT_mult_18_U360  0.0001172    0.000114   0.0002626    3.14e-05  OAI22_X1
j1_addMult6_MULT_mult_18_U339  0.0001188   0.0001061   0.0002625   3.764e-05  OAI22_X1
j0_addMult2_MULT_mult_18_U469  0.0001472   8.976e-05   0.0002625    2.56e-05  OAI222_X1
j0_addMult8_MULT_mult_18_U339  0.0001194   0.0001021   0.0002625   4.095e-05  OAI22_X1
j0_addMult8_MULT_mult_18_U404  0.0001173   0.0001101   0.0002625    3.51e-05  OAI22_X1
j2_addMult5_MULT_mult_18_U414  0.0001219   0.0001052   0.0002625   3.535e-05  OAI22_X1
j1_addMult5_MULT_mult_18_U400  0.0001198   0.0001017   0.0002625   4.101e-05  XNOR2_X1
j2_addMult6_MULT_mult_18_U437  0.0001035   0.0001196   0.0002624   3.922e-05  OAI22_X1
j1_addMult2_MULT_mult_18_U400  0.0001101   0.0001103   0.0002623   4.192e-05  XNOR2_X1
j0_addMult5_MULT_mult_18_U369  0.0001148   0.0001064   0.0002622    4.11e-05  XNOR2_X1
j1_addMult8_MULT_mult_18_U402  0.0001289    0.000102   0.0002622   3.135e-05  OAI22_X1
j2_addMult8_MULT_mult_18_U406  0.0001185   0.0001092   0.0002622   3.454e-05  OAI22_X1
j1_addMult6_MULT_mult_18_U404  0.0001183   0.0001098   0.0002621     3.4e-05  OAI22_X1
j1_addMult5_MULT_mult_18_U412  0.0001186   0.0001093   0.0002621   3.416e-05  OAI22_X1
j2_addMult6_MULT_mult_18_U375  0.0001176   0.0001035   0.0002621   4.101e-05  XNOR2_X1
j0_addMult8_MULT_mult_18_U486  0.0001191    9.79e-05    0.000262   4.498e-05  OAI22_X1
j0_addMult9_MULT_mult_18_U360  0.0001125    0.000117    0.000262   3.241e-05  OAI22_X1
j2_addMult3_MULT_mult_18_U26   0.0001102   7.588e-05   0.0002619   7.587e-05  FA_X1
j1_addMult0_MULT_mult_18_U363   0.000112   0.0001087   0.0002619   4.118e-05  XNOR2_X1
j2_addMult3_MULT_mult_18_U433  0.0001104   0.0001147   0.0002618   3.677e-05  OAI22_X1
j0_addMult2_MULT_mult_18_U384  0.0001191   0.0001024   0.0002618   4.034e-05  XNOR2_X1
j1_addMult0_MULT_mult_18_U486  0.0001152   0.0001031   0.0002618   4.359e-05  OAI22_X1
j1_addMult1_MULT_mult_18_U488  3.046e-05   0.0002121   0.0002618   1.923e-05  NAND2_X1
j0_addMult9_MULT_mult_18_U416  0.0001249   0.0001066   0.0002618   3.026e-05  OAI22_X1
j2_addMult0_MULT_mult_18_U402  0.0001271   0.0001015   0.0002618   3.312e-05  OAI22_X1
j2_addMult3_MULT_mult_18_U371  0.0001119   0.0001079   0.0002618   4.192e-05  XNOR2_X1
j1_addMult5_MULT_mult_18_U398  0.0001198    0.000101   0.0002618   4.101e-05  XNOR2_X1
j1_addMult4_MULT_mult_18_U410  0.0001226   0.0001041   0.0002618   3.502e-05  OAI22_X1
j2_addMult6_MULT_mult_18_U384  0.0001198   0.0001009   0.0002617   4.101e-05  XNOR2_X1
j0_addMult6_MULT_mult_18_U353  0.0001145    0.000106   0.0002617   4.118e-05  XNOR2_X1
j1_addMult2_MULT_mult_18_U7    0.0001105   6.959e-05   0.0002617   8.159e-05  FA_X1
j2_addMult6_MULT_mult_18_U359  0.0001177    0.000103   0.0002617   4.101e-05  XNOR2_X1
j2_addMult6_MULT_mult_18_U386  0.0001198   0.0001008   0.0002616   4.101e-05  XNOR2_X1
j2_addMult4_MULT_mult_18_U33   0.0001171   7.956e-05   0.0002616   6.497e-05  FA_X1
j1_addMult9_MULT_mult_18_U9    0.0001097   7.449e-05   0.0002616    7.74e-05  FA_X1
j1_addMult9_MULT_mult_18_U402  0.0001255   0.0001053   0.0002616   3.072e-05  OAI22_X1
j0_addMult3_MULT_mult_18_U345  0.0001164   0.0001041   0.0002615   4.101e-05  XNOR2_X1
j1_addMult0_MULT_mult_18_U427  0.0001064   0.0001177   0.0002615   3.742e-05  OAI22_X1
j2_addMult1_MULT_mult_18_U363   0.000112   0.0001083   0.0002615   4.118e-05  XNOR2_X1
j2_addMult6_MULT_mult_18_U74   0.0001171   8.465e-05   0.0002615   5.967e-05  HA_X1
j0_addMult1_MULT_mult_18_U372  0.0001246   0.0001051   0.0002614    3.17e-05  OAI22_X1
j1_addMult2_MULT_mult_18_U386  0.0001102   0.0001093   0.0002614   4.192e-05  XNOR2_X1
j2_mult0_mult_18_U8            0.0001017    8.19e-05   0.0002614    7.78e-05  FA_X1
j1_addMult5_MULT_mult_18_U375  0.0001177   0.0001026   0.0002614   4.101e-05  XNOR2_X1
j0_addMult2_MULT_mult_18_U398  0.0001191   0.0001019   0.0002613   4.034e-05  XNOR2_X1
j1_addMult9_MULT_mult_18_U414  0.0001255    0.000105   0.0002613   3.072e-05  OAI22_X1
j1_addMult1_MULT_mult_18_U339  0.0001216    0.000102   0.0002613    3.77e-05  OAI22_X1
j0_addMult4_MULT_mult_18_U412  0.0001184   0.0001087   0.0002613   3.416e-05  OAI22_X1
j1_addMult5_MULT_mult_18_U371  0.0001177   0.0001025   0.0002612   4.101e-05  XNOR2_X1
j1_addMult8_MULT_mult_18_U424  8.483e-05   0.0001572   0.0002612   1.919e-05  NOR2_X1
j0_addMult6_MULT_mult_18_U400  8.576e-05   0.0001343   0.0002612   4.109e-05  XNOR2_X1
j0_addMult7_MULT_mult_18_U408   0.000114   0.0001087   0.0002612   3.847e-05  OAI22_X1
j2_addMult6_MULT_mult_18_U28   0.0001103    7.51e-05   0.0002612   7.572e-05  FA_X1
j2_addMult6_MULT_mult_18_U404  0.0001184   0.0001086   0.0002612   3.416e-05  OAI22_X1
j0_mult0_mult_18_U423          0.0001309    9.85e-05   0.0002612   3.177e-05  XNOR2_X1
j2_addMult3_MULT_mult_18_U394  0.0001102    0.000109   0.0002611   4.192e-05  XNOR2_X1
j1_addMult6_MULT_mult_18_U346  0.0001203   0.0001043   0.0002611   3.652e-05  OAI22_X1
j0_addMult4_MULT_mult_18_U363  0.0001176   0.0001024   0.0002611   4.101e-05  XNOR2_X1
j1_addMult6_MULT_mult_18_U28   0.0001024   8.189e-05    0.000261   7.677e-05  FA_X1
j2_addMult6_MULT_mult_18_U400  0.0001197   0.0001002    0.000261   4.101e-05  XNOR2_X1
j1_addMult5_MULT_mult_18_U367  0.0001177   0.0001022    0.000261   4.101e-05  XNOR2_X1
j0_addMult2_MULT_mult_18_U382  0.0001192   0.0001015    0.000261   4.034e-05  XNOR2_X1
j1_addMult2_MULT_mult_18_U359  0.0001119   0.0001071    0.000261   4.192e-05  XNOR2_X1
j0_addMult3_MULT_mult_18_U433  0.0001124   0.0001116   0.0002609   3.694e-05  OAI22_X1
j0_addMult1_MULT_mult_18_U341  0.0001147   0.0001056   0.0002609   4.064e-05  XNOR2_X1
j1_mult0_mult_18_U418          0.0001272   0.0001006   0.0002609   3.312e-05  OAI22_X1
j0_addMult3_MULT_mult_18_U425  0.0001121   0.0001118   0.0002608   3.694e-05  OAI22_X1
j1_addMult3_MULT_mult_18_U346  0.0001158   0.0001027   0.0002608   4.234e-05  OAI22_X1
j2_addMult6_MULT_mult_18_U410  0.0001184   0.0001083   0.0002608   3.416e-05  OAI22_X1
j2_addMult6_MULT_mult_18_U350  0.0001235   0.0001006   0.0002608   3.668e-05  OAI22_X1
j1_addMult2_MULT_mult_18_U363  0.0001119   0.0001069   0.0002608   4.192e-05  XNOR2_X1
j2_addMult6_MULT_mult_18_U394  0.0001198   9.997e-05   0.0002607   4.101e-05  XNOR2_X1
j0_addMult2_MULT_mult_18_U363  0.0001102   0.0001102   0.0002607   4.034e-05  XNOR2_X1
j2_addMult6_MULT_mult_18_U371  0.0001177    0.000102   0.0002607   4.101e-05  XNOR2_X1
j0_addMult6_MULT_mult_18_U414  0.0001207   0.0001065   0.0002607    3.36e-05  OAI22_X1
j0_addMult6_MULT_mult_18_U342  0.0001202   0.0001019   0.0002607   3.861e-05  OAI22_X1
j0_addMult0_MULT_mult_18_U486  0.0001191   9.877e-05   0.0002607   4.282e-05  OAI22_X1
j0_addMult2_MULT_mult_18_U346  0.0001182   0.0001026   0.0002606   3.982e-05  OAI22_X1
j2_addMult6_MULT_mult_18_U342  0.0001235   0.0001004   0.0002606   3.668e-05  OAI22_X1
j1_addMult6_MULT_mult_18_U361  0.0001149   0.0001046   0.0002606    4.11e-05  XNOR2_X1
j2_addMult6_MULT_mult_18_U361  0.0001177   0.0001019   0.0002606   4.101e-05  XNOR2_X1
j2_addMult7_MULT_mult_18_U374  0.0001113   0.0001167   0.0002605   3.257e-05  OAI22_X1
j1_addMult2_MULT_mult_18_U384  0.0001102   0.0001084   0.0002605   4.192e-05  XNOR2_X1
j1_addMult1_MULT_mult_18_U370  0.0001237   0.0001061   0.0002604   3.058e-05  OAI22_X1
j0_addMult3_MULT_mult_18_U347  0.0001164    0.000103   0.0002604   4.101e-05  XNOR2_X1
j1_addMult3_MULT_mult_18_U382  0.0001192   0.0001008   0.0002604   4.034e-05  XNOR2_X1
j0_addMult7_MULT_mult_18_U5    0.0001185   6.572e-05   0.0002604   7.615e-05  FA_X1
j2_addMult7_MULT_mult_18_U388  0.0001159   0.0001034   0.0002603    4.11e-05  XNOR2_X1
j2_addMult2_MULT_mult_18_U360  0.0001133   0.0001104   0.0002603   3.659e-05  OAI22_X1
j0_addMult3_MULT_mult_18_U353  0.0001164   0.0001029   0.0002603   4.101e-05  XNOR2_X1
j1_addMult2_MULT_mult_18_U365  0.0001119   0.0001065   0.0002603   4.192e-05  XNOR2_X1
j0_addMult8_MULT_mult_18_U366  0.0001172   0.0001117   0.0002603    3.14e-05  OAI22_X1
j0_addMult1_MULT_mult_18_U370  0.0001246    0.000104   0.0002603    3.17e-05  OAI22_X1
j0_addMult2_MULT_mult_18_U394  0.0001192   0.0001007   0.0002603   4.034e-05  XNOR2_X1
j0_addMult8_MULT_mult_18_U7    0.0001096   7.326e-05   0.0002602   7.736e-05  FA_X1
j1_addMult6_MULT_mult_18_U486  0.0001281   9.954e-05   0.0002602   3.258e-05  OAI22_X1
j2_addMult7_MULT_mult_18_U372  0.0001113   0.0001164   0.0002602   3.257e-05  OAI22_X1
j0_addMult1_MULT_mult_18_U343  0.0001147   0.0001048   0.0002602   4.064e-05  XNOR2_X1
j0_addMult8_MULT_mult_18_U8    0.0001101   7.149e-05   0.0002602    7.86e-05  FA_X1
j1_addMult2_MULT_mult_18_U28   0.0001104   7.382e-05   0.0002601   7.596e-05  FA_X1
j1_addMult0_MULT_mult_18_U386  0.0001106   0.0001083   0.0002601   4.118e-05  XNOR2_X1
j0_addMult3_MULT_mult_18_U69   0.0001207   8.164e-05   0.0002601   5.777e-05  FA_X1
j1_addMult9_MULT_mult_18_U7    0.0001096   7.312e-05   0.0002601   7.736e-05  FA_X1
j1_addMult0_MULT_mult_18_U339  0.0001162    0.000104     0.00026   3.986e-05  OAI22_X1
j0_addMult6_MULT_mult_18_U349  0.0001146   0.0001043     0.00026   4.118e-05  XNOR2_X1
j0_addMult5_MULT_mult_18_U375  0.0001149    0.000104     0.00026    4.11e-05  XNOR2_X1
j2_mult0_mult_18_U418          0.0001269    9.88e-05     0.00026   3.433e-05  OAI22_X1
j2_addMult6_MULT_mult_18_U367  0.0001177   0.0001013     0.00026   4.101e-05  XNOR2_X1
j0_addMult2_MULT_mult_18_U386  0.0001192   0.0001004     0.00026   4.034e-05  XNOR2_X1
j0_addMult5_MULT_mult_18_U367  0.0001149   0.0001039   0.0002599    4.11e-05  XNOR2_X1
j0_addMult8_MULT_mult_18_U372  0.0001172   0.0001114   0.0002599    3.14e-05  OAI22_X1
j2_addMult2_MULT_mult_18_U398  0.0001121   0.0001071   0.0002599   4.079e-05  XNOR2_X1
j2_addMult5_MULT_mult_18_U401  9.083e-05   0.0001496   0.0002599   1.951e-05  NOR2_X1
j2_addMult0_MULT_mult_18_U5    0.0001182   6.547e-05   0.0002599   7.624e-05  FA_X1
j2_addMult7_MULT_mult_18_U363  0.0001146    0.000104   0.0002598    4.11e-05  XNOR2_X1
j1_addMult7_MULT_mult_18_U429  0.0001054   0.0001162   0.0002598   3.821e-05  OAI22_X1
j0_addMult5_MULT_mult_18_U5    0.0001021   8.181e-05   0.0002597   7.586e-05  FA_X1
j2_addMult9_MULT_mult_18_U374  0.0001131    0.000114   0.0002597   3.266e-05  OAI22_X1
j1_addMult3_MULT_mult_18_U402  0.0001253   9.784e-05   0.0002597   3.653e-05  OAI22_X1
j0_addMult4_MULT_mult_18_U367  0.0001177    0.000101   0.0002597   4.101e-05  XNOR2_X1
j2_addMult3_MULT_mult_18_U398  0.0001103   0.0001075   0.0002597   4.192e-05  XNOR2_X1
j0_addMult2_MULT_mult_18_U388  0.0001192   0.0001001   0.0002597   4.034e-05  XNOR2_X1
j2_addMult8_MULT_mult_18_U374  0.0001166   0.0001118   0.0002597   3.128e-05  OAI22_X1
j0_mult0_mult_18_U360          0.0001104   0.0001165   0.0002596    3.27e-05  OAI22_X1
j2_addMult6_MULT_mult_18_U396  0.0001198   9.879e-05   0.0002596   4.101e-05  XNOR2_X1
j2_addMult6_MULT_mult_18_U363  0.0001178   0.0001008   0.0002596   4.101e-05  XNOR2_X1
j0_addMult5_MULT_mult_18_U486   0.000128     9.9e-05   0.0002596   3.258e-05  OAI22_X1
j2_addMult3_MULT_mult_18_U345  0.0001082   0.0001107   0.0002596   4.064e-05  XNOR2_X1
j0_addMult4_MULT_mult_18_U386  0.0001199   9.861e-05   0.0002595   4.101e-05  XNOR2_X1
j2_addMult3_MULT_mult_18_U487  0.0001082   0.0001107   0.0002595   4.064e-05  XNOR2_X1
j0_addMult5_MULT_mult_18_U420  0.0001186   0.0001069   0.0002595     3.4e-05  OAI22_X1
j1_addMult2_MULT_mult_18_U390  0.0001102   0.0001073   0.0002595   4.192e-05  XNOR2_X1
j0_addMult2_MULT_mult_18_U486   0.000126   9.732e-05   0.0002594   3.609e-05  OAI22_X1
j2_mult0_mult_18_U356          0.0001235   0.0001021   0.0002594    3.38e-05  OAI22_X1
j0_addMult8_MULT_mult_18_U489  9.457e-05   0.0001306   0.0002594   3.415e-05  XOR2_X1
j1_addMult0_MULT_mult_18_U361  0.0001121   0.0001061   0.0002593   4.118e-05  XNOR2_X1
j1_addMult5_MULT_mult_18_U352  0.0001235   9.912e-05   0.0002593   3.668e-05  OAI22_X1
j0_addMult9_MULT_mult_18_U10   0.0001016   8.031e-05   0.0002593   7.733e-05  FA_X1
j1_addMult0_MULT_mult_18_U374  0.0001101   0.0001164   0.0002592    3.27e-05  OAI22_X1
j0_addMult2_MULT_mult_18_U396  0.0001193   9.961e-05   0.0002592   4.034e-05  XNOR2_X1
j1_addMult7_MULT_mult_18_U372  0.0001161   0.0001118   0.0002592   3.128e-05  OAI22_X1
j1_addMult6_MULT_mult_18_U371  0.0001149   0.0001032   0.0002592    4.11e-05  XNOR2_X1
j2_addMult9_MULT_mult_18_U5    0.0001184   6.464e-05   0.0002592   7.615e-05  FA_X1
j2_addMult6_MULT_mult_18_U382  0.0001199   9.822e-05   0.0002592   4.101e-05  XNOR2_X1
j1_addMult2_MULT_mult_18_U367   0.000112   0.0001053   0.0002592   4.192e-05  XNOR2_X1
j1_addMult6_MULT_mult_18_U420  0.0001184   0.0001068   0.0002591     3.4e-05  OAI22_X1
j0_addMult5_MULT_mult_18_U398  0.0001161   0.0001019   0.0002591    4.11e-05  XNOR2_X1
j2_addMult2_MULT_mult_18_U373  0.0001118   0.0001065   0.0002591   4.079e-05  XNOR2_X1
j2_addMult0_MULT_mult_18_U356   0.000127   0.0001022   0.0002591   2.986e-05  OAI22_X1
j2_addMult3_MULT_mult_18_U367   0.000112   0.0001051   0.0002591   4.192e-05  XNOR2_X1
j2_addMult6_MULT_mult_18_U365  0.0001178   0.0001002    0.000259   4.101e-05  XNOR2_X1
j1_addMult4_MULT_mult_18_U366  0.0001101   0.0001147    0.000259   3.423e-05  OAI22_X1
j0_addMult3_MULT_mult_18_U355  0.0001165   0.0001015    0.000259   4.101e-05  XNOR2_X1
j2_addMult1_MULT_mult_18_U388  0.0001107   0.0001071    0.000259   4.118e-05  XNOR2_X1
j2_addMult8_MULT_mult_18_U486  0.0001124   0.0001039   0.0002589    4.26e-05  OAI22_X1
j0_addMult6_MULT_mult_18_U416  0.0001187   0.0001056   0.0002589   3.454e-05  OAI22_X1
j2_addMult2_MULT_mult_18_U382  0.0001121   0.0001059   0.0002588   4.079e-05  XNOR2_X1
j1_addMult6_MULT_mult_18_U386  0.0001161   0.0001015   0.0002588    4.11e-05  XNOR2_X1
j2_mult0_mult_18_U362          0.0001237   0.0001013   0.0002587    3.38e-05  OAI22_X1
j0_addMult5_MULT_mult_18_U384  0.0001161   0.0001015   0.0002587    4.11e-05  XNOR2_X1
j0_addMult2_MULT_mult_18_U390  0.0001193   9.905e-05   0.0002587   4.034e-05  XNOR2_X1
j1_addMult6_MULT_mult_18_U400  0.0001161   0.0001014   0.0002587    4.11e-05  XNOR2_X1
j0_addMult1_MULT_mult_18_U470  0.0001116   0.0001114   0.0002586   3.565e-05  AOI222_X1
j0_addMult4_MULT_mult_18_U433  0.0001038   0.0001156   0.0002586   3.922e-05  OAI22_X1
j2_addMult6_MULT_mult_18_U7    0.0001103   6.753e-05   0.0002586   8.074e-05  FA_X1
j1_addMult5_MULT_mult_18_U410  0.0001191   0.0001055   0.0002586   3.396e-05  OAI22_X1
j2_addMult3_MULT_mult_18_U359   0.000112   0.0001046   0.0002585   4.192e-05  XNOR2_X1
j1_addMult3_MULT_mult_18_U486  0.0001259   9.653e-05   0.0002585   3.609e-05  OAI22_X1
j2_addMult9_MULT_mult_18_U401  8.899e-05     0.00015   0.0002585   1.951e-05  NOR2_X1
j2_addMult3_MULT_mult_18_U401  9.298e-05    0.000146   0.0002584   1.945e-05  NOR2_X1
j2_addMult1_MULT_mult_18_U370  0.0001101   0.0001155   0.0002584    3.27e-05  OAI22_X1
j2_addMult3_MULT_mult_18_U402  0.0001229   9.913e-05   0.0002583   3.625e-05  OAI22_X1
j1_addMult7_MULT_mult_18_U341  0.0001147   0.0001024   0.0002583   4.118e-05  XNOR2_X1
j0_addMult9_MULT_mult_18_U468  0.0001632   5.875e-05   0.0002583   3.635e-05  XNOR2_X1
j0_addMult4_MULT_mult_18_U33   0.0001173   7.626e-05   0.0002583   6.473e-05  FA_X1
j0_addMult5_MULT_mult_18_U347  0.0001126   0.0001044   0.0002582   4.124e-05  XNOR2_X1
j2_addMult5_MULT_mult_18_U384  0.0001082   0.0001084   0.0002582   4.155e-05  XNOR2_X1
j0_addMult3_MULT_mult_18_U25   0.0001167   7.359e-05   0.0002582    6.79e-05  FA_X1
j0_addMult2_MULT_mult_18_U375  0.0001103   0.0001075   0.0002582   4.034e-05  XNOR2_X1
j1_addMult2_MULT_mult_18_U373   0.000112   0.0001042   0.0002581   4.192e-05  XNOR2_X1
j0_addMult7_MULT_mult_18_U365  0.0001104   0.0001067   0.0002581   4.101e-05  XNOR2_X1
j1_addMult8_MULT_mult_18_U374   0.000113   0.0001124   0.0002581   3.266e-05  OAI22_X1
j2_addMult1_MULT_mult_18_U425  0.0001146   0.0001091    0.000258   3.438e-05  OAI22_X1
j0_addMult2_MULT_mult_18_U402  0.0001256   9.585e-05    0.000258   3.653e-05  OAI22_X1
j1_addMult6_MULT_mult_18_U343  0.0001126   0.0001041    0.000258   4.124e-05  XNOR2_X1
j1_addMult2_MULT_mult_18_U371   0.000112    0.000104   0.0002579   4.192e-05  XNOR2_X1
j0_addMult6_MULT_mult_18_U488  3.162e-05   0.0002079   0.0002579   1.838e-05  NAND2_X1
j2_addMult1_MULT_mult_18_U365  0.0001121   0.0001046   0.0002579   4.118e-05  XNOR2_X1
j1_addMult2_MULT_mult_18_U353  0.0001083    0.000109   0.0002578   4.064e-05  XNOR2_X1
j1_addMult2_MULT_mult_18_U377   0.000112   0.0001039   0.0002578   4.192e-05  XNOR2_X1
j2_addMult7_MULT_mult_18_U386   0.000116   0.0001006   0.0002578    4.11e-05  XNOR2_X1
j0_addMult0_MULT_mult_18_U386  0.0001121   0.0001048   0.0002577   4.079e-05  XNOR2_X1
j2_addMult3_MULT_mult_18_U353  0.0001083   0.0001088   0.0002577   4.064e-05  XNOR2_X1
j1_addMult8_MULT_mult_18_U5    0.0001184   6.311e-05   0.0002576   7.615e-05  FA_X1
j1_addMult6_MULT_mult_18_U350  0.0001189   0.0001011   0.0002576   3.764e-05  OAI22_X1
j2_addMult0_MULT_mult_18_U418  0.0001271   9.727e-05   0.0002574   3.312e-05  OAI22_X1
j2_addMult2_MULT_mult_18_U400  0.0001122   0.0001044   0.0002574   4.079e-05  XNOR2_X1
j2_addMult5_MULT_mult_18_U366  0.0001099   0.0001132   0.0002574   3.423e-05  OAI22_X1
j1_addMult3_MULT_mult_18_U398  0.0001193   9.761e-05   0.0002573   4.034e-05  XNOR2_X1
j2_addMult0_MULT_mult_18_U341  0.0001021   0.0001135   0.0002573    4.17e-05  XNOR2_X1
j1_addMult5_MULT_mult_18_U420  0.0001187   0.0001044   0.0002573   3.416e-05  OAI22_X1
j0_addMult6_MULT_mult_18_U343  0.0001148   0.0001013   0.0002572   4.118e-05  XNOR2_X1
j1_addMult6_MULT_mult_18_U384  0.0001162   9.992e-05   0.0002572    4.11e-05  XNOR2_X1
j0_addMult3_MULT_mult_18_U488  2.856e-05   0.0002102   0.0002572   1.849e-05  NAND2_X1
j0_addMult5_MULT_mult_18_U487  0.0001127   0.0001032   0.0002572   4.124e-05  XNOR2_X1
j1_addMult6_MULT_mult_18_U363   0.000115    0.000101   0.0002571    4.11e-05  XNOR2_X1
j1_addMult6_MULT_mult_18_U345  0.0001127   0.0001032   0.0002571   4.124e-05  XNOR2_X1
j1_addMult2_MULT_mult_18_U375   0.000112   0.0001031   0.0002571   4.192e-05  XNOR2_X1
j2_addMult7_MULT_mult_18_U433  0.0001074   0.0001141    0.000257   3.548e-05  OAI22_X1
j0_addMult5_MULT_mult_18_U392  0.0001162   9.971e-05    0.000257    4.11e-05  XNOR2_X1
j0_addMult0_MULT_mult_18_U360  0.0001134    0.000107    0.000257   3.659e-05  OAI22_X1
j2_addMult9_MULT_mult_18_U360  0.0001131   0.0001112    0.000257   3.266e-05  OAI22_X1
j2_addMult2_MULT_mult_18_U352   0.000127   9.129e-05    0.000257    3.87e-05  OAI22_X1
j2_addMult2_MULT_mult_18_U372  0.0001134    0.000107    0.000257   3.659e-05  OAI22_X1
j1_addMult6_MULT_mult_18_U398  0.0001162   9.957e-05   0.0002569    4.11e-05  XNOR2_X1
j1_addMult2_MULT_mult_18_U74   0.0001167   8.277e-05   0.0002569   5.744e-05  HA_X1
j0_addMult7_MULT_mult_18_U388  0.0001093   0.0001065   0.0002569   4.101e-05  XNOR2_X1
j1_addMult7_MULT_mult_18_U423  0.0001289   9.604e-05   0.0002569   3.189e-05  XNOR2_X1
j2_addMult4_MULT_mult_18_U429  0.0001045   0.0001133   0.0002569   3.906e-05  OAI22_X1
j1_addMult2_MULT_mult_18_U402  0.0001231   9.742e-05   0.0002567   3.625e-05  OAI22_X1
j2_addMult5_MULT_mult_18_U352  0.0001225   9.494e-05   0.0002567   3.928e-05  OAI22_X1
j0_addMult0_MULT_mult_18_U356  0.0001238   0.0001023   0.0002567   3.058e-05  OAI22_X1
j2_addMult9_MULT_mult_18_U366  0.0001131   0.0001109   0.0002567   3.266e-05  OAI22_X1
j0_addMult7_MULT_mult_18_U372  0.0001131   0.0001109   0.0002567   3.266e-05  OAI22_X1
j2_addMult3_MULT_mult_18_U375  0.0001121   0.0001025   0.0002565   4.192e-05  XNOR2_X1
j2_addMult7_MULT_mult_18_U339  0.0001203   9.972e-05   0.0002565   3.652e-05  OAI22_X1
j0_addMult8_MULT_mult_18_U6    0.0001096   6.969e-05   0.0002565   7.723e-05  FA_X1
j0_addMult9_MULT_mult_18_U46    0.000113    8.31e-05   0.0002565   6.035e-05  FA_X1
j2_mult0_mult_18_U46           0.0001169   8.162e-05   0.0002565   5.792e-05  FA_X1
j2_addMult3_MULT_mult_18_U384  0.0001104   0.0001042   0.0002565   4.192e-05  XNOR2_X1
j0_addMult5_MULT_mult_18_U371  0.0001151   0.0001002   0.0002564    4.11e-05  XNOR2_X1
j2_addMult3_MULT_mult_18_U424  8.783e-05   0.0001492   0.0002564   1.933e-05  NOR2_X1
j1_addMult8_MULT_mult_18_U339  0.0001174    9.81e-05   0.0002564   4.086e-05  OAI22_X1
j2_addMult8_MULT_mult_18_U487  0.0001148   0.0001004   0.0002564   4.118e-05  XNOR2_X1
j1_addMult3_MULT_mult_18_U359  0.0001104   0.0001056   0.0002563   4.034e-05  XNOR2_X1
j2_addMult7_MULT_mult_18_U365  0.0001148   0.0001004   0.0002563    4.11e-05  XNOR2_X1
j1_addMult2_MULT_mult_18_U343  0.0001083   0.0001074   0.0002563   4.064e-05  XNOR2_X1
j0_addMult3_MULT_mult_18_U350   0.000118   0.0001006   0.0002563    3.77e-05  OAI22_X1
j2_addMult3_MULT_mult_18_U390  0.0001104    0.000104   0.0002563   4.192e-05  XNOR2_X1
j1_addMult5_MULT_mult_18_U368  0.0001219   9.909e-05   0.0002562    3.52e-05  OAI22_X1
j1_addMult6_MULT_mult_18_U425  0.0001043   0.0001135   0.0002562   3.831e-05  OAI22_X1
j1_addMult2_MULT_mult_18_U396  0.0001104   0.0001039   0.0002562   4.192e-05  XNOR2_X1
j0_addMult4_MULT_mult_18_U406  0.0001189   0.0001033   0.0002561   3.396e-05  OAI22_X1
j1_addMult6_MULT_mult_18_U390  0.0001163   9.876e-05   0.0002561    4.11e-05  XNOR2_X1
j1_addMult2_MULT_mult_18_U382  0.0001104   0.0001038   0.0002561   4.192e-05  XNOR2_X1
j1_addMult6_MULT_mult_18_U359  0.0001151   9.989e-05   0.0002561    4.11e-05  XNOR2_X1
j2_addMult2_MULT_mult_18_U386  0.0001123    0.000103   0.0002561   4.079e-05  XNOR2_X1
j0_addMult9_MULT_mult_18_U401  8.317e-05   0.0001533   0.0002561   1.955e-05  NOR2_X1
j0_addMult2_MULT_mult_18_U377  0.0001104   0.0001053    0.000256   4.034e-05  XNOR2_X1
j1_addMult6_MULT_mult_18_U388  0.0001163   9.865e-05    0.000256    4.11e-05  XNOR2_X1
j0_addMult7_MULT_mult_18_U406  0.0001182   0.0001017    0.000256   3.612e-05  OAI22_X1
j0_addMult6_MULT_mult_18_U345  0.0001148   9.999e-05    0.000256   4.118e-05  XNOR2_X1
j2_addMult7_MULT_mult_18_U418  0.0001289   9.381e-05    0.000256   3.328e-05  OAI22_X1
j1_addMult6_MULT_mult_18_U373  0.0001151    9.98e-05    0.000256    4.11e-05  XNOR2_X1
j1_addMult3_MULT_mult_18_U368  0.0001168   9.998e-05    0.000256   3.916e-05  OAI22_X1
j1_addMult7_MULT_mult_18_U339  0.0001154   0.0001032   0.0002559   3.735e-05  OAI22_X1
j1_addMult2_MULT_mult_18_U398  0.0001104   0.0001036   0.0002559   4.192e-05  XNOR2_X1
j0_addMult4_MULT_mult_18_U420  0.0001185   0.0001033   0.0002559   3.416e-05  OAI22_X1
j0_addMult9_MULT_mult_18_U370  0.0001125   0.0001109   0.0002559   3.241e-05  OAI22_X1
j2_addMult6_MULT_mult_18_U377   0.000118    9.69e-05   0.0002559   4.101e-05  XNOR2_X1
j1_addMult8_MULT_mult_18_U370   0.000113   0.0001102   0.0002559   3.266e-05  OAI22_X1
j1_addMult0_MULT_mult_18_U431  0.0001147   0.0001068   0.0002559   3.438e-05  OAI22_X1
j2_addMult5_MULT_mult_18_U418  0.0001227   9.812e-05   0.0002558   3.502e-05  OAI22_X1
j2_addMult5_MULT_mult_18_U402  0.0001227   9.809e-05   0.0002558   3.502e-05  OAI22_X1
j1_addMult6_MULT_mult_18_U382  0.0001163   9.838e-05   0.0002558    4.11e-05  XNOR2_X1
j0_addMult8_MULT_mult_18_U402  0.0001252   9.981e-05   0.0002557   3.072e-05  OAI22_X1
j0_addMult5_MULT_mult_18_U382  0.0001163   9.834e-05   0.0002557    4.11e-05  XNOR2_X1
j1_addMult3_MULT_mult_18_U347  0.0001011    0.000114   0.0002557   4.057e-05  XNOR2_X1
j2_addMult7_MULT_mult_18_U8    0.0001095   6.881e-05   0.0002557   7.744e-05  FA_X1
j2_addMult3_MULT_mult_18_U425  0.0001102   0.0001087   0.0002557   3.677e-05  OAI22_X1
j2_addMult8_MULT_mult_18_U418  0.0001295   9.499e-05   0.0002556    3.12e-05  OAI22_X1
j1_addMult0_MULT_mult_18_U473    0.00016   6.079e-05   0.0002556    3.49e-05  AOI222_X1
j1_addMult8_MULT_mult_18_U361  0.0001105   0.0001041   0.0002556   4.101e-05  XNOR2_X1
j2_addMult2_MULT_mult_18_U488  3.058e-05   0.0002058   0.0002556   1.923e-05  NAND2_X1
j0_addMult3_MULT_mult_18_U418  0.0001225   9.809e-05   0.0002556   3.502e-05  OAI22_X1
j0_addMult5_MULT_mult_18_U361  0.0001151   9.932e-05   0.0002556    4.11e-05  XNOR2_X1
j0_addMult7_MULT_mult_18_U339  0.0001193   9.726e-05   0.0002555   3.896e-05  OAI22_X1
j2_addMult5_MULT_mult_18_U392  0.0001084   0.0001055   0.0002555   4.155e-05  XNOR2_X1
j1_addMult5_MULT_mult_18_U489  0.0001039   0.0001166   0.0002555   3.493e-05  XOR2_X1
j1_addMult8_MULT_mult_18_U384  0.0001094   0.0001051   0.0002555   4.101e-05  XNOR2_X1
j1_addMult4_MULT_mult_18_U339  0.0001177   9.997e-05   0.0002554    3.77e-05  OAI22_X1
j0_addMult5_MULT_mult_18_U424  8.803e-05   0.0001481   0.0002554   1.927e-05  NOR2_X1
j0_addMult0_MULT_mult_18_U384  0.0001123   0.0001023   0.0002554   4.079e-05  XNOR2_X1
j2_addMult3_MULT_mult_18_U392  0.0001104    0.000103   0.0002553   4.192e-05  XNOR2_X1
j0_addMult3_MULT_mult_18_U402  0.0001225   9.774e-05   0.0002552   3.502e-05  OAI22_X1
j0_mult0_mult_18_U374          0.0001104   0.0001121   0.0002552    3.27e-05  OAI22_X1
j1_addMult4_MULT_mult_18_U370  0.0001196   0.0001033   0.0002552   3.235e-05  OAI22_X1
j2_addMult4_MULT_mult_18_U363  0.0001106   0.0001042   0.0002552   4.034e-05  XNOR2_X1
j2_mult0_mult_18_U6            0.0001015   7.611e-05   0.0002552   7.754e-05  FA_X1
j1_addMult2_MULT_mult_18_U394  0.0001104   0.0001028   0.0002551   4.192e-05  XNOR2_X1
j1_addMult2_MULT_mult_18_U388  0.0001104   0.0001028   0.0002551   4.192e-05  XNOR2_X1
j0_addMult4_MULT_mult_18_U429  0.0001039    0.000112   0.0002551   3.922e-05  OAI22_X1
j0_addMult6_MULT_mult_18_U341  0.0001149   9.906e-05   0.0002551   4.118e-05  XNOR2_X1
j1_addMult5_MULT_mult_18_U6    0.0001094    6.97e-05   0.0002551   7.599e-05  FA_X1
j0_addMult6_MULT_mult_18_U346  0.0001153   0.0001024    0.000255   3.735e-05  OAI22_X1
j2_addMult5_MULT_mult_18_U375  0.0001148   9.868e-05    0.000255   4.155e-05  XNOR2_X1
j1_addMult6_MULT_mult_18_U394  0.0001163   9.756e-05    0.000255    4.11e-05  XNOR2_X1
j1_addMult7_MULT_mult_18_U46    0.000112   8.012e-05    0.000255    6.29e-05  FA_X1
j0_mult0_mult_18_U43           0.0001173   7.799e-05    0.000255   5.972e-05  FA_X1
j1_addMult4_MULT_mult_18_U350  0.0001177   9.953e-05    0.000255    3.77e-05  OAI22_X1
j2_addMult1_MULT_mult_18_U386  0.0001108    0.000103    0.000255   4.118e-05  XNOR2_X1
j2_addMult8_MULT_mult_18_U488  3.165e-05   0.0002049   0.0002549   1.838e-05  NAND2_X1
j2_addMult1_MULT_mult_18_U470  0.0001187   0.0001013   0.0002549   3.492e-05  AOI222_X1
j0_addMult6_MULT_mult_18_U355  0.0001149   9.875e-05   0.0002548   4.118e-05  XNOR2_X1
j0_addMult2_MULT_mult_18_U361  0.0001104    0.000104   0.0002548   4.034e-05  XNOR2_X1
j2_addMult4_MULT_mult_18_U352   0.000116   9.641e-05   0.0002548   4.234e-05  OAI22_X1
j0_addMult5_MULT_mult_18_U349  0.0001128   0.0001006   0.0002547   4.124e-05  XNOR2_X1
j1_addMult3_MULT_mult_18_U361  0.0001104   0.0001039   0.0002547   4.034e-05  XNOR2_X1
j1_addMult6_MULT_mult_18_U414  0.0001188    0.000102   0.0002547    3.38e-05  OAI22_X1
j1_addMult1_MULT_mult_18_U423  0.0001267   9.573e-05   0.0002546   3.212e-05  XNOR2_X1
j2_addMult1_MULT_mult_18_U418  0.0001293   9.279e-05   0.0002545   3.239e-05  OAI22_X1
j1_addMult2_MULT_mult_18_U341  0.0001084   0.0001055   0.0002545   4.064e-05  XNOR2_X1
j2_addMult5_MULT_mult_18_U487  0.0001081   0.0001054   0.0002545   4.101e-05  XNOR2_X1
j2_addMult2_MULT_mult_18_U363   0.000112   0.0001017   0.0002545   4.079e-05  XNOR2_X1
j1_addMult6_MULT_mult_18_U377  0.0001151   9.823e-05   0.0002545    4.11e-05  XNOR2_X1
j1_addMult4_MULT_mult_18_U488  2.859e-05   0.0002073   0.0002544   1.849e-05  NAND2_X1
j0_addMult4_MULT_mult_18_U341  0.0001116   0.0001014   0.0002544   4.147e-05  XNOR2_X1
j2_addMult4_MULT_mult_18_U367  0.0001107   0.0001034   0.0002543   4.034e-05  XNOR2_X1
j1_addMult6_MULT_mult_18_U365  0.0001152   9.806e-05   0.0002543    4.11e-05  XNOR2_X1
j2_addMult3_MULT_mult_18_U377  0.0001122   0.0001002   0.0002543   4.192e-05  XNOR2_X1
j2_addMult1_MULT_mult_18_U46   0.0001083   8.442e-05   0.0002543   6.157e-05  FA_X1
j1_addMult6_MULT_mult_18_U375  0.0001152   9.801e-05   0.0002543    4.11e-05  XNOR2_X1
j0_addMult7_MULT_mult_18_U386  0.0001094   0.0001038   0.0002542   4.101e-05  XNOR2_X1
j1_mult0_mult_18_U356          0.0001273   9.705e-05   0.0002542   2.986e-05  OAI22_X1
j2_addMult5_MULT_mult_18_U394  0.0001085   0.0001042   0.0002542   4.155e-05  XNOR2_X1
j1_addMult4_MULT_mult_18_U341  0.0001081    0.000105   0.0002541   4.101e-05  XNOR2_X1
j2_addMult0_ADD_add_16_U1_8     0.000109   7.876e-05   0.0002541   6.637e-05  FA_X1
j1_addMult2_MULT_mult_18_U349  0.0001084    0.000105   0.0002541   4.064e-05  XNOR2_X1
j1_mult0_mult_18_U5             0.000118   5.984e-05    0.000254   7.624e-05  FA_X1
j2_addMult3_MULT_mult_18_U349  0.0001084   0.0001049    0.000254   4.064e-05  XNOR2_X1
j1_mult0_mult_18_U423          0.0001301   9.269e-05    0.000254   3.118e-05  XNOR2_X1
j2_addMult4_MULT_mult_18_U369  0.0001107   0.0001029   0.0002539   4.034e-05  XNOR2_X1
j2_mult0_mult_18_U430           0.000143    7.91e-05   0.0002539   3.177e-05  XNOR2_X1
j2_addMult7_MULT_mult_18_U341  0.0001127      0.0001   0.0002539   4.124e-05  XNOR2_X1
j1_addMult0_MULT_mult_18_U384  0.0001109   0.0001019   0.0002539   4.118e-05  XNOR2_X1
j1_addMult5_MULT_mult_18_U358  0.0001219   9.679e-05   0.0002539    3.52e-05  OAI22_X1
j1_addMult6_MULT_mult_18_U372  0.0001131    0.000104   0.0002538   3.673e-05  OAI22_X1
j2_addMult7_MULT_mult_18_U370  0.0001113   0.0001099   0.0002538   3.257e-05  OAI22_X1
j1_addMult8_MULT_mult_18_U418   0.000129   9.337e-05   0.0002537   3.135e-05  OAI22_X1
j1_addMult8_MULT_mult_18_U363  0.0001106   0.0001021   0.0002537   4.101e-05  XNOR2_X1
j0_addMult1_MULT_mult_18_U425  0.0001128   0.0001055   0.0002537   3.543e-05  OAI22_X1
j0_addMult4_MULT_mult_18_U347  0.0001116   0.0001006   0.0002537   4.147e-05  XNOR2_X1
j1_addMult2_MULT_mult_18_U487  0.0001084   0.0001046   0.0002537   4.064e-05  XNOR2_X1
j1_addMult9_MULT_mult_18_U6    0.0001095   6.693e-05   0.0002537   7.723e-05  FA_X1
j0_addMult1_MULT_mult_18_U472   0.000113   0.0001084   0.0002536   3.231e-05  AOI222_X1
j2_mult0_mult_18_U428           0.000143   7.878e-05   0.0002536   3.177e-05  XNOR2_X1
j0_addMult4_MULT_mult_18_U353  0.0001116   0.0001005   0.0002536   4.147e-05  XNOR2_X1
j1_addMult7_MULT_mult_18_U9    0.0001019   7.019e-05   0.0002535   8.141e-05  FA_X1
j1_addMult6_MULT_mult_18_U487  0.0001129   9.938e-05   0.0002535   4.124e-05  XNOR2_X1
j1_addMult6_MULT_mult_18_U367  0.0001152   9.713e-05   0.0002534    4.11e-05  XNOR2_X1
j0_addMult8_MULT_mult_18_U406  0.0001137   0.0001027   0.0002534   3.709e-05  OAI22_X1
j2_addMult5_MULT_mult_18_U425  0.0001121   0.0001044   0.0002534   3.694e-05  OAI22_X1
j1_addMult1_MULT_mult_18_U388  0.0001123   0.0001003   0.0002534   4.079e-05  XNOR2_X1
j0_addMult2_MULT_mult_18_U371  0.0001105   0.0001026   0.0002534   4.034e-05  XNOR2_X1
j1_addMult4_MULT_mult_18_U347  0.0001081   0.0001043   0.0002534   4.101e-05  XNOR2_X1
j1_addMult0_MULT_mult_18_U46   0.0001091   8.607e-05   0.0002534   5.824e-05  FA_X1
j1_addMult6_MULT_mult_18_U370  0.0001131   0.0001036   0.0002534   3.673e-05  OAI22_X1
j2_addMult3_MULT_mult_18_U400  0.0001105    0.000101   0.0002534   4.192e-05  XNOR2_X1
j1_addMult6_MULT_mult_18_U355  0.0001128   9.928e-05   0.0002534   4.124e-05  XNOR2_X1
j2_mult0_mult_18_U436           0.000143   7.851e-05   0.0002533   3.177e-05  XNOR2_X1
j1_addMult2_MULT_mult_18_U351  0.0001084   0.0001042   0.0002533   4.064e-05  XNOR2_X1
j1_addMult6_MULT_mult_18_U349  0.0001129   9.919e-05   0.0002533   4.124e-05  XNOR2_X1
j1_addMult4_MULT_mult_18_U353  0.0001081    0.000104   0.0002532   4.101e-05  XNOR2_X1
j0_addMult4_MULT_mult_18_U345  0.0001116      0.0001   0.0002531   4.147e-05  XNOR2_X1
j1_addMult4_MULT_mult_18_U377  0.0001148   9.683e-05   0.0002531   4.155e-05  XNOR2_X1
j0_addMult4_MULT_mult_18_U469   0.000113   8.223e-05   0.0002531   5.783e-05  OAI222_X1
j2_addMult6_MULT_mult_18_U425  0.0001035   0.0001104   0.0002531   3.922e-05  OAI22_X1
j0_addMult9_MULT_mult_18_U9    0.0001015   7.414e-05    0.000253   7.738e-05  FA_X1
j2_addMult4_MULT_mult_18_U375  0.0001107   0.0001019    0.000253   4.034e-05  XNOR2_X1
j0_addMult5_MULT_mult_18_U359  0.0001153   9.659e-05    0.000253    4.11e-05  XNOR2_X1
j0_addMult2_MULT_mult_18_U373  0.0001105   0.0001021   0.0002529   4.034e-05  XNOR2_X1
j1_addMult6_MULT_mult_18_U353  0.0001129    9.88e-05   0.0002529   4.124e-05  XNOR2_X1
j0_addMult2_MULT_mult_18_U359  0.0001105   0.0001021   0.0002529   4.034e-05  XNOR2_X1
j2_addMult5_MULT_mult_18_U369  0.0001149   9.649e-05   0.0002529   4.155e-05  XNOR2_X1
j2_addMult8_MULT_mult_18_U438   0.000144   7.636e-05   0.0002528   3.249e-05  XNOR2_X1
j1_addMult4_MULT_mult_18_U345  0.0001082   0.0001037   0.0002528   4.101e-05  XNOR2_X1
j2_addMult2_MULT_mult_18_U418  0.0001246   9.199e-05   0.0002528   3.623e-05  OAI22_X1
j1_addMult1_MULT_mult_18_U433  0.0001029   0.0001136   0.0002528    3.63e-05  OAI22_X1
j0_addMult5_MULT_mult_18_U377  0.0001153   9.633e-05   0.0002527    4.11e-05  XNOR2_X1
j1_addMult7_MULT_mult_18_U370  0.0001161   0.0001054   0.0002527   3.128e-05  OAI22_X1
j2_addMult5_MULT_mult_18_U25   0.0001166   6.821e-05   0.0002527    6.79e-05  FA_X1
j1_addMult2_MULT_mult_18_U6    0.0001094   6.685e-05   0.0002527   7.646e-05  FA_X1
j2_addMult7_MULT_mult_18_U6    0.0001095   6.597e-05   0.0002526   7.715e-05  FA_X1
j0_addMult0_MULT_mult_18_U46    0.000117   7.671e-05   0.0002526   5.894e-05  FA_X1
j1_addMult0_MULT_mult_18_U401  9.037e-05   0.0001427   0.0002526   1.957e-05  NOR2_X1
j2_addMult4_MULT_mult_18_U401  8.927e-05   0.0001438   0.0002526   1.949e-05  NOR2_X1
j2_addMult3_MULT_mult_18_U368  0.0001271   9.392e-05   0.0002526   3.155e-05  OAI22_X1
j2_addMult4_MULT_mult_18_U377  0.0001107   0.0001015   0.0002526   4.034e-05  XNOR2_X1
j0_addMult2_MULT_mult_18_U367  0.0001105   0.0001017   0.0002525   4.034e-05  XNOR2_X1
j2_mult0_mult_18_U7            0.0001013    7.34e-05   0.0002525   7.788e-05  FA_X1
j2_addMult8_MULT_mult_18_U442   0.000144   7.605e-05   0.0002525   3.249e-05  XNOR2_X1
j2_addMult6_MULT_mult_18_U345  0.0001042   0.0001068   0.0002525   4.147e-05  XNOR2_X1
j0_addMult4_MULT_mult_18_U5    0.0001094   6.684e-05   0.0002524   7.623e-05  FA_X1
j2_addMult2_MULT_mult_18_U375  0.0001122   9.932e-05   0.0002523   4.079e-05  XNOR2_X1
j1_addMult3_MULT_mult_18_U375  0.0001105   0.0001014   0.0002522   4.034e-05  XNOR2_X1
j2_addMult5_MULT_mult_18_U353  0.0001082    0.000103   0.0002522   4.101e-05  XNOR2_X1
j1_addMult5_MULT_mult_18_U414  0.0001188   9.927e-05   0.0002522   3.416e-05  OAI22_X1
j0_addMult7_MULT_mult_18_U418  0.0001295   9.129e-05   0.0002522   3.135e-05  OAI22_X1
j1_addMult1_MULT_mult_18_U365  0.0001121   9.923e-05   0.0002522   4.079e-05  XNOR2_X1
j2_addMult5_MULT_mult_18_U390  0.0001086    0.000102   0.0002521   4.155e-05  XNOR2_X1
j0_addMult2_MULT_mult_18_U28   0.0001021   7.293e-05   0.0002521   7.709e-05  FA_X1
j1_addMult2_MULT_mult_18_U418  0.0001209   9.382e-05   0.0002521   3.743e-05  OAI22_X1
j0_addMult8_MULT_mult_18_U5    0.0001101   6.595e-05   0.0002521   7.608e-05  FA_X1
j2_addMult5_MULT_mult_18_U347  0.0001082   0.0001028    0.000252   4.101e-05  XNOR2_X1
j2_addMult2_MULT_mult_18_U74   0.0001103    8.24e-05    0.000252   5.934e-05  HA_X1
j0_addMult1_MULT_mult_18_U46   0.0001121   7.531e-05    0.000252   6.455e-05  FA_X1
j2_addMult5_MULT_mult_18_U349  0.0001082   0.0001028    0.000252   4.101e-05  XNOR2_X1
j2_addMult7_MULT_mult_18_U7    0.0001093   6.508e-05    0.000252   7.758e-05  FA_X1
j2_addMult5_MULT_mult_18_U434  0.0001429   7.644e-05    0.000252   3.261e-05  XNOR2_X1
j1_addMult6_MULT_mult_18_U351   0.000113   9.776e-05    0.000252   4.124e-05  XNOR2_X1
j0_addMult9_MULT_mult_18_U6    0.0001014   7.323e-05    0.000252   7.728e-05  FA_X1
j0_addMult2_MULT_mult_18_U365  0.0001105   0.0001011   0.0002519   4.034e-05  XNOR2_X1
j0_addMult5_MULT_mult_18_U345   0.000113   9.771e-05   0.0002519   4.124e-05  XNOR2_X1
j0_addMult9_MULT_mult_18_U366  0.0001126    0.000107   0.0002519   3.241e-05  OAI22_X1
j0_addMult6_MULT_mult_18_U372  0.0001065   0.0001098   0.0002519   3.563e-05  OAI22_X1
j2_addMult2_MULT_mult_18_U43   0.0001134   7.536e-05   0.0002519    6.32e-05  FA_X1
j0_addMult5_MULT_mult_18_U355   0.000113   9.766e-05   0.0002519   4.124e-05  XNOR2_X1
j2_addMult5_MULT_mult_18_U361  0.0001149    9.54e-05   0.0002519   4.155e-05  XNOR2_X1
j2_addMult5_MULT_mult_18_U371  0.0001149   9.532e-05   0.0002518   4.155e-05  XNOR2_X1
j0_addMult5_MULT_mult_18_U352  0.0001189    9.53e-05   0.0002518   3.764e-05  OAI22_X1
j0_addMult4_MULT_mult_18_U355  0.0001117   9.859e-05   0.0002517   4.147e-05  XNOR2_X1
j0_addMult9_MULT_mult_18_U418   0.000125   9.652e-05   0.0002517   3.026e-05  OAI22_X1
j0_addMult0_MULT_mult_18_U361  0.0001122   9.878e-05   0.0002517   4.079e-05  XNOR2_X1
j1_addMult7_MULT_mult_18_U436   0.000144   7.519e-05   0.0002517   3.249e-05  XNOR2_X1
j2_addMult5_MULT_mult_18_U345  0.0001082   0.0001024   0.0002517   4.101e-05  XNOR2_X1
j0_addMult7_MULT_mult_18_U425  0.0001088   0.0001053   0.0002516   3.756e-05  OAI22_X1
j0_addMult2_MULT_mult_18_U7    0.0001019   6.949e-05   0.0002516   8.018e-05  FA_X1
j2_addMult5_MULT_mult_18_U442  0.0001429     7.6e-05   0.0002515   3.261e-05  XNOR2_X1
j0_addMult6_MULT_mult_18_U74   0.0001108   8.176e-05   0.0002515    5.89e-05  HA_X1
j0_addMult9_MULT_mult_18_U8    0.0001016   7.264e-05   0.0002515   7.728e-05  FA_X1
j1_addMult4_MULT_mult_18_U25   0.0001165   6.707e-05   0.0002515    6.79e-05  FA_X1
j1_addMult2_MULT_mult_18_U345  0.0001085   0.0001023   0.0002515   4.064e-05  XNOR2_X1
j0_addMult3_MULT_mult_18_U359  0.0001149   9.496e-05   0.0002515   4.155e-05  XNOR2_X1
j2_addMult1_MULT_mult_18_U429  0.0001066   0.0001074   0.0002514   3.742e-05  OAI22_X1
j1_mult0_mult_18_U43           0.0001176   7.016e-05   0.0002514   6.368e-05  FA_X1
j2_addMult2_MULT_mult_18_U390  0.0001125     9.8e-05   0.0002513   4.079e-05  XNOR2_X1
j0_addMult0_ADD_add_16_U1_6    0.0001124   7.352e-05   0.0002513    6.54e-05  FA_X1
j2_addMult7_MULT_mult_18_U343  0.0001128   9.725e-05   0.0002513   4.124e-05  XNOR2_X1
j0_addMult3_MULT_mult_18_U432  0.0001429   7.576e-05   0.0002512   3.261e-05  XNOR2_X1
j2_addMult2_MULT_mult_18_U359  0.0001122   9.818e-05   0.0002512   4.079e-05  XNOR2_X1
j0_addMult6_MULT_mult_18_U402  0.0001208   9.682e-05   0.0002512    3.36e-05  OAI22_X1
j1_addMult3_MULT_mult_18_U369  0.0001106   0.0001002   0.0002512   4.034e-05  XNOR2_X1
j1_addMult3_MULT_mult_18_U371  0.0001106   0.0001002   0.0002511   4.034e-05  XNOR2_X1
j2_addMult6_MULT_mult_18_U6    0.0001093   6.526e-05   0.0002511   7.657e-05  FA_X1
j1_addMult0_MULT_mult_18_U424  9.201e-05   0.0001397   0.0002511   1.935e-05  NOR2_X1
j1_addMult2_MULT_mult_18_U358  0.0001272   9.229e-05   0.0002511   3.155e-05  OAI22_X1
j2_addMult3_MULT_mult_18_U347  0.0001085   0.0001019    0.000251   4.064e-05  XNOR2_X1
j1_addMult1_MULT_mult_18_U430   0.000141   7.752e-05    0.000251   3.249e-05  XNOR2_X1
j2_addMult3_MULT_mult_18_U352  0.0001245   8.483e-05    0.000251   4.168e-05  OAI22_X1
j1_addMult2_MULT_mult_18_U435  0.0001128   0.0001027    0.000251   3.543e-05  OAI22_X1
j1_addMult9_MULT_mult_18_U366  0.0001172   0.0001023   0.0002509    3.14e-05  OAI22_X1
j0_addMult5_MULT_mult_18_U353  0.0001131   9.661e-05   0.0002509   4.124e-05  XNOR2_X1
j2_addMult2_MULT_mult_18_U396  0.0001126   9.753e-05   0.0002509   4.079e-05  XNOR2_X1
j1_addMult4_MULT_mult_18_U369  0.0001149   9.444e-05   0.0002509   4.155e-05  XNOR2_X1
j2_addMult8_MULT_mult_18_U440   0.000144    7.44e-05   0.0002509   3.249e-05  XNOR2_X1
j0_addMult4_MULT_mult_18_U356    0.00012   0.0001005   0.0002508   3.027e-05  OAI22_X1
j1_addMult4_MULT_mult_18_U355  0.0001082   0.0001015   0.0002507   4.101e-05  XNOR2_X1
j1_addMult8_MULT_mult_18_U487  0.0001029   0.0001069   0.0002507   4.087e-05  XNOR2_X1
j2_addMult2_MULT_mult_18_U367  0.0001123   9.754e-05   0.0002506   4.079e-05  XNOR2_X1
j2_mult0_mult_18_U434           0.000143    7.57e-05   0.0002505   3.177e-05  XNOR2_X1
j2_addMult5_MULT_mult_18_U359   0.000115    9.39e-05   0.0002504   4.155e-05  XNOR2_X1
j2_mult0_mult_18_U440           0.000143   7.563e-05   0.0002504   3.177e-05  XNOR2_X1
j0_addMult7_MULT_mult_18_U51   0.0001012   8.167e-05   0.0002504   6.753e-05  FA_X1
j2_addMult2_MULT_mult_18_U384  0.0001126     9.7e-05   0.0002504   4.079e-05  XNOR2_X1
j0_addMult9_MULT_mult_18_U5    0.0001021   7.228e-05   0.0002504   7.596e-05  FA_X1
j1_addMult2_MULT_mult_18_U355  0.0001085   0.0001012   0.0002504   4.064e-05  XNOR2_X1
j1_addMult7_MULT_mult_18_U366  0.0001161    0.000103   0.0002504   3.128e-05  OAI22_X1
j0_addMult3_MULT_mult_18_U375   0.000115    9.38e-05   0.0002503   4.155e-05  XNOR2_X1
j0_addMult8_MULT_mult_18_U363  0.0001098   9.895e-05   0.0002503   4.155e-05  XNOR2_X1
j2_addMult9_MULT_mult_18_U424  8.588e-05   0.0001452   0.0002503   1.919e-05  NOR2_X1
j1_addMult8_MULT_mult_18_U386  0.0001096   9.971e-05   0.0002503   4.101e-05  XNOR2_X1
j0_addMult0_MULT_mult_18_U434   0.000141   7.676e-05   0.0002503   3.249e-05  XNOR2_X1
j1_addMult4_MULT_mult_18_U428  0.0001429   7.477e-05   0.0002503   3.261e-05  XNOR2_X1
j2_addMult8_MULT_mult_18_U366  0.0001166   0.0001023   0.0002502   3.128e-05  OAI22_X1
j2_addMult2_MULT_mult_18_U365  0.0001123   9.715e-05   0.0002502   4.079e-05  XNOR2_X1
j1_addMult6_MULT_mult_18_U341  0.0001131    9.59e-05   0.0002502   4.124e-05  XNOR2_X1
j0_addMult6_MULT_mult_18_U438  0.0001439   7.377e-05   0.0002502   3.249e-05  XNOR2_X1
j1_addMult4_MULT_mult_18_U375  0.0001149   9.372e-05   0.0002502   4.155e-05  XNOR2_X1
j2_addMult2_MULT_mult_18_U394  0.0001126   9.677e-05   0.0002502   4.079e-05  XNOR2_X1
j0_addMult5_MULT_mult_18_U402  0.0001191   9.725e-05   0.0002502    3.38e-05  OAI22_X1
j2_addMult6_MULT_mult_18_U352  0.0001235   8.995e-05   0.0002502   3.668e-05  OAI22_X1
j0_addMult4_MULT_mult_18_U428  0.0001341    8.32e-05   0.0002501   3.285e-05  XNOR2_X1
j2_addMult6_MULT_mult_18_U402  0.0001189   9.713e-05     0.00025   3.396e-05  OAI22_X1
j1_addMult3_MULT_mult_18_U418  0.0001254   8.806e-05     0.00025   3.653e-05  OAI22_X1
j0_addMult2_MULT_mult_18_U401  9.085e-05   0.0001396     0.00025   1.949e-05  NOR2_X1
j1_addMult2_MULT_mult_18_U362  0.0001272   9.116e-05   0.0002499   3.155e-05  OAI22_X1
j2_addMult1_MULT_mult_18_U372  0.0001101   0.0001071   0.0002499    3.27e-05  OAI22_X1
j0_addMult4_MULT_mult_18_U437  0.0001069   0.0001061   0.0002499   3.685e-05  OAI22_X1
j0_addMult7_MULT_mult_18_U429  0.0001034   0.0001076   0.0002498   3.881e-05  OAI22_X1
j1_addMult4_MULT_mult_18_U374  0.0001102   0.0001054   0.0002498   3.423e-05  OAI22_X1
j0_addMult3_MULT_mult_18_U367   0.000115   9.325e-05   0.0002498   4.155e-05  XNOR2_X1
j1_addMult9_MULT_mult_18_U43   0.0001134   7.243e-05   0.0002498   6.398e-05  FA_X1
j2_addMult3_MULT_mult_18_U355  0.0001086   0.0001006   0.0002498   4.064e-05  XNOR2_X1
j0_addMult6_MULT_mult_18_U374  0.0001065   0.0001076   0.0002498   3.563e-05  OAI22_X1
j2_mult0_mult_18_U368          0.0001238   9.219e-05   0.0002497    3.38e-05  OAI22_X1
j1_addMult4_MULT_mult_18_U367   0.000115   9.318e-05   0.0002497   4.155e-05  XNOR2_X1
j2_addMult1_MULT_mult_18_U407  0.0001365   8.147e-05   0.0002497   3.177e-05  XNOR2_X1
j0_addMult0_MULT_mult_18_U440   0.000141   7.619e-05   0.0002497   3.249e-05  XNOR2_X1
j0_addMult6_MULT_mult_18_U437  0.0001057   0.0001057   0.0002497   3.821e-05  OAI22_X1
j0_addMult8_MULT_mult_18_U386  0.0001093    9.88e-05   0.0002497   4.155e-05  XNOR2_X1
j2_addMult0_MULT_mult_18_U43   0.0001134   7.189e-05   0.0002497    6.44e-05  FA_X1
j1_addMult7_MULT_mult_18_U430   0.000144   7.319e-05   0.0002496   3.249e-05  XNOR2_X1
j2_addMult8_MULT_mult_18_U446   0.000144   7.319e-05   0.0002496   3.249e-05  XNOR2_X1
j2_addMult5_MULT_mult_18_U432  0.0001429   7.415e-05   0.0002496   3.261e-05  XNOR2_X1
j2_addMult9_MULT_mult_18_U43   0.0001173   7.142e-05   0.0002496   6.088e-05  FA_X1
j0_addMult2_MULT_mult_18_U351  0.0001013   0.0001076   0.0002496   4.057e-05  XNOR2_X1
j2_addMult4_MULT_mult_18_U341  0.0001074   0.0001016   0.0002495   4.057e-05  XNOR2_X1
j0_addMult0_MULT_mult_18_U418  0.0001288   8.864e-05   0.0002495    3.21e-05  OAI22_X1
j1_addMult1_MULT_mult_18_U428   0.000141   7.603e-05   0.0002495   3.249e-05  XNOR2_X1
j2_addMult2_MULT_mult_18_U371  0.0001123   9.638e-05   0.0002495   4.079e-05  XNOR2_X1
j1_addMult2_MULT_mult_18_U425  0.0001099   0.0001028   0.0002495   3.677e-05  OAI22_X1
j1_addMult3_MULT_mult_18_U26   0.0001018   7.123e-05   0.0002494   7.638e-05  FA_X1
j2_addMult5_MULT_mult_18_U367   0.000115   9.284e-05   0.0002494   4.155e-05  XNOR2_X1
j0_addMult3_MULT_mult_18_U384  0.0001087   9.913e-05   0.0002494   4.155e-05  XNOR2_X1
j0_addMult0_ADD_add_16_U1_8    0.0001123   7.166e-05   0.0002494    6.54e-05  FA_X1
j2_addMult2_MULT_mult_18_U377  0.0001123   9.624e-05   0.0002494   4.079e-05  XNOR2_X1
j2_addMult2_MULT_mult_18_U388  0.0001127   9.588e-05   0.0002493   4.079e-05  XNOR2_X1
j0_addMult1_MULT_mult_18_U418  0.0001294    8.61e-05   0.0002493   3.381e-05  OAI22_X1
j1_addMult7_MULT_mult_18_U428   0.000144   7.285e-05   0.0002493   3.249e-05  XNOR2_X1
j2_addMult9_MULT_mult_18_U370  0.0001131   0.0001035   0.0002493   3.266e-05  OAI22_X1
j2_addMult3_MULT_mult_18_U418   0.000123       9e-05   0.0002493   3.625e-05  OAI22_X1
j0_addMult3_MULT_mult_18_U371   0.000115   9.268e-05   0.0002493   4.155e-05  XNOR2_X1
j1_addMult6_MULT_mult_18_U437  0.0001046   0.0001064   0.0002493   3.831e-05  OAI22_X1
j0_addMult3_MULT_mult_18_U369   0.000115   9.264e-05   0.0002492   4.155e-05  XNOR2_X1
j0_addMult3_MULT_mult_18_U442  0.0001429   7.369e-05   0.0002492   3.261e-05  XNOR2_X1
j0_addMult8_MULT_mult_18_U472  0.0001078   0.0001046   0.0002491   3.676e-05  AOI222_X1
j2_mult0_mult_18_U444           0.000143   7.425e-05   0.0002491   3.177e-05  XNOR2_X1
j0_addMult8_MULT_mult_18_U401  8.492e-05   0.0001445    0.000249   1.957e-05  NOR2_X1
j0_addMult0_ADD_add_16_U1_9    0.0001123   7.129e-05    0.000249    6.54e-05  FA_X1
j1_addMult4_MULT_mult_18_U401  9.144e-05    0.000138    0.000249   1.951e-05  NOR2_X1
j0_addMult3_MULT_mult_18_U434  0.0001429   7.351e-05    0.000249   3.261e-05  XNOR2_X1
j2_addMult2_MULT_mult_18_U438   0.000141   7.542e-05   0.0002489   3.249e-05  XNOR2_X1
j2_addMult8_MULT_mult_18_U428  0.0001439   7.245e-05   0.0002489   3.249e-05  XNOR2_X1
j2_addMult0_MULT_mult_18_U487  0.0001022   0.0001049   0.0002489    4.17e-05  XNOR2_X1
j1_addMult6_MULT_mult_18_U402  0.0001189   9.616e-05   0.0002489    3.38e-05  OAI22_X1
j1_addMult5_MULT_mult_18_U349  0.0001043    0.000103   0.0002488   4.147e-05  XNOR2_X1
j1_addMult7_MULT_mult_18_U440  0.0001439    7.24e-05   0.0002488   3.249e-05  XNOR2_X1
j1_addMult1_MULT_mult_18_U46   0.0001119   7.419e-05   0.0002488   6.273e-05  FA_X1
j0_mult0_mult_18_U418          0.0001293   8.709e-05   0.0002488   3.239e-05  OAI22_X1
j2_addMult8_MULT_mult_18_U370  0.0001166   0.0001008   0.0002487   3.128e-05  OAI22_X1
j1_addMult0_MULT_mult_18_U368  0.0001101   0.0001059   0.0002487    3.27e-05  OAI22_X1
j1_addMult8_MULT_mult_18_U472  0.0001108    0.000105   0.0002487   3.289e-05  AOI222_X1
j0_mult0_mult_18_U372          0.0001104   0.0001055   0.0002487    3.27e-05  OAI22_X1
j1_addMult0_MULT_mult_18_U489  0.0001023   0.0001127   0.0002486   3.361e-05  XOR2_X1
j1_addMult4_MULT_mult_18_U363  0.0001151   9.199e-05   0.0002486   4.155e-05  XNOR2_X1
j1_addMult7_MULT_mult_18_U8    0.0001015   7.004e-05   0.0002486   7.711e-05  FA_X1
j0_addMult3_MULT_mult_18_U361  0.0001151   9.196e-05   0.0002486   4.155e-05  XNOR2_X1
j0_addMult0_MULT_mult_18_U363  0.0001123   9.537e-05   0.0002485   4.079e-05  XNOR2_X1
j2_addMult7_MULT_mult_18_U489  0.0001031   0.0001109   0.0002485   3.448e-05  XOR2_X1
j2_addMult8_MULT_mult_18_U372  0.0001167   0.0001005   0.0002484   3.128e-05  OAI22_X1
j0_addMult8_MULT_mult_18_U384  0.0001094   9.753e-05   0.0002484   4.155e-05  XNOR2_X1
j1_addMult1_MULT_mult_18_U9    0.0001016   6.478e-05   0.0002484   8.201e-05  FA_X1
j2_addMult6_MULT_mult_18_U351  0.0001044   0.0001026   0.0002484   4.147e-05  XNOR2_X1
j0_addMult5_MULT_mult_18_U26   0.0001018   7.067e-05   0.0002484   7.589e-05  FA_X1
j1_addMult6_MULT_mult_18_U418  0.0001185   9.589e-05   0.0002484     3.4e-05  OAI22_X1
j2_addMult9_MULT_mult_18_U46    0.000109   8.026e-05   0.0002484   5.914e-05  FA_X1
j0_addMult8_MULT_mult_18_U361  0.0001099   9.689e-05   0.0002484   4.155e-05  XNOR2_X1
j1_addMult1_MULT_mult_18_U386  0.0001126   9.492e-05   0.0002483   4.079e-05  XNOR2_X1
j0_addMult9_MULT_mult_18_U7    0.0001013   6.966e-05   0.0002483   7.741e-05  FA_X1
j2_addMult7_MULT_mult_18_U5    0.0001098   6.192e-05   0.0002483   7.662e-05  FA_X1
j1_mult0_mult_18_U364          0.0001274   9.094e-05   0.0002482   2.986e-05  OAI22_X1
j1_addMult7_MULT_mult_18_U442  0.0001439   7.177e-05   0.0002482   3.249e-05  XNOR2_X1
j1_addMult7_MULT_mult_18_U444  0.0001439   7.176e-05   0.0002482   3.249e-05  XNOR2_X1
j2_addMult5_MULT_mult_18_U377  0.0001151   9.149e-05   0.0002481   4.155e-05  XNOR2_X1
j1_addMult3_MULT_mult_18_U367  0.0001107   9.709e-05   0.0002481   4.034e-05  XNOR2_X1
j2_mult0_mult_18_U438           0.000143    7.33e-05   0.0002481   3.177e-05  XNOR2_X1
j0_addMult0_MULT_mult_18_U431  0.0001031   0.0001087   0.0002481    3.63e-05  OAI22_X1
j2_addMult6_MULT_mult_18_U349  0.0001044   0.0001022   0.0002481   4.147e-05  XNOR2_X1
j1_addMult5_MULT_mult_18_U345  0.0001044   0.0001021    0.000248   4.147e-05  XNOR2_X1
j1_addMult4_MULT_mult_18_U442  0.0001429    7.25e-05    0.000248   3.261e-05  XNOR2_X1
j2_addMult8_MULT_mult_18_U434  0.0001439   7.151e-05   0.0002479   3.249e-05  XNOR2_X1
j1_addMult9_MULT_mult_18_U370  0.0001172   9.931e-05   0.0002479    3.14e-05  OAI22_X1
j1_addMult4_MULT_mult_18_U386  0.0001088   9.756e-05   0.0002479   4.155e-05  XNOR2_X1
j2_addMult4_MULT_mult_18_U428  0.0001312   8.326e-05   0.0002478   3.331e-05  XNOR2_X1
j2_mult0_mult_18_U423          0.0001237   9.302e-05   0.0002478   3.106e-05  XNOR2_X1
j0_addMult8_MULT_mult_18_U341  0.0001082   9.855e-05   0.0002477   4.094e-05  XNOR2_X1
j0_addMult0_ADD_add_16_U1_5    0.0001123   7.003e-05   0.0002477    6.54e-05  FA_X1
j1_addMult7_MULT_mult_18_U438  0.0001439   7.125e-05   0.0002477   3.249e-05  XNOR2_X1
j2_addMult7_MULT_mult_18_U479   9.83e-05   0.0001162   0.0002476   3.315e-05  OAI21_X1
j2_addMult8_MULT_mult_18_U436  0.0001439    7.12e-05   0.0002476   3.249e-05  XNOR2_X1
j2_addMult8_MULT_mult_18_U444  0.0001439   7.116e-05   0.0002476   3.249e-05  XNOR2_X1
j1_addMult1_MULT_mult_18_U363  0.0001124   9.438e-05   0.0002476   4.079e-05  XNOR2_X1
j0_addMult7_MULT_mult_18_U46   0.0001082   7.723e-05   0.0002475   6.211e-05  FA_X1
j2_addMult6_MULT_mult_18_U362  0.0001219   9.038e-05   0.0002475    3.52e-05  OAI22_X1
j2_mult0_mult_18_U432           0.000143    7.27e-05   0.0002475   3.177e-05  XNOR2_X1
j2_addMult1_MULT_mult_18_U362  0.0001178   9.321e-05   0.0002475   3.644e-05  OAI22_X1
j1_addMult7_MULT_mult_18_U6    0.0001014   6.895e-05   0.0002474   7.702e-05  FA_X1
j2_addMult3_MULT_mult_18_U358  0.0001271   8.871e-05   0.0002474   3.155e-05  OAI22_X1
j2_mult0_mult_18_U358          0.0001237   8.982e-05   0.0002473    3.38e-05  OAI22_X1
j2_mult0_mult_18_U442           0.000143   7.249e-05   0.0002473   3.177e-05  XNOR2_X1
j2_addMult6_MULT_mult_18_U343  0.0001044   0.0001014   0.0002473   4.147e-05  XNOR2_X1
j0_addMult0_ADD_add_16_U1_7    0.0001123   6.959e-05   0.0002473    6.54e-05  FA_X1
j2_addMult2_MULT_mult_18_U361  0.0001124    9.39e-05   0.0002471   4.079e-05  XNOR2_X1
j2_addMult6_MULT_mult_18_U348  0.0001236   8.684e-05   0.0002471   3.668e-05  OAI22_X1
j1_addMult5_MULT_mult_18_U402  0.0001192   9.386e-05   0.0002471   3.396e-05  OAI22_X1
j0_addMult2_MULT_mult_18_U358  0.0001168   9.104e-05    0.000247   3.916e-05  OAI22_X1
j2_addMult6_MULT_mult_18_U5    0.0001099   6.146e-05    0.000247   7.562e-05  FA_X1
j2_addMult4_MULT_mult_18_U353  0.0001075   9.891e-05    0.000247   4.057e-05  XNOR2_X1
j2_addMult6_MULT_mult_18_U353  0.0001044    0.000101   0.0002469   4.147e-05  XNOR2_X1
j1_addMult4_MULT_mult_18_U392  0.0001088   9.654e-05   0.0002469   4.155e-05  XNOR2_X1
j0_addMult6_MULT_mult_18_U373  0.0001055   0.0001003   0.0002469   4.109e-05  XNOR2_X1
j2_mult0_mult_18_U446           0.000143   7.208e-05   0.0002469   3.177e-05  XNOR2_X1
j0_addMult8_MULT_mult_18_U487  0.0001083   9.761e-05   0.0002468   4.094e-05  XNOR2_X1
j1_addMult4_MULT_mult_18_U440  0.0001428   7.139e-05   0.0002468   3.261e-05  XNOR2_X1
j1_addMult5_MULT_mult_18_U5    0.0001096   6.126e-05   0.0002467   7.586e-05  FA_X1
j0_addMult6_MULT_mult_18_U375  0.0001056      0.0001   0.0002467   4.109e-05  XNOR2_X1
j2_addMult4_MULT_mult_18_U345  0.0001075   9.853e-05   0.0002466   4.057e-05  XNOR2_X1
j1_addMult1_MULT_mult_18_U444   0.000141   7.311e-05   0.0002466   3.249e-05  XNOR2_X1
j0_addMult2_MULT_mult_18_U349  0.0001014   0.0001045   0.0002465   4.057e-05  XNOR2_X1
j1_addMult8_MULT_mult_18_U372  0.0001131   0.0001008   0.0002465   3.266e-05  OAI22_X1
j2_addMult4_MULT_mult_18_U431  0.0001102   0.0001001   0.0002465   3.615e-05  OAI22_X1
j1_addMult3_MULT_mult_18_U355  0.0001015   0.0001044   0.0002465   4.057e-05  XNOR2_X1
j2_addMult9_MULT_mult_18_U418  0.0001294   8.567e-05   0.0002464   3.135e-05  OAI22_X1
j0_addMult8_MULT_mult_18_U418  0.0001253   9.034e-05   0.0002464   3.072e-05  OAI22_X1
j1_addMult2_MULT_mult_18_U489  0.0001042   0.0001086   0.0002463    3.35e-05  XOR2_X1
j1_addMult7_MULT_mult_18_U446  0.0001439   6.988e-05   0.0002463   3.249e-05  XNOR2_X1
j2_addMult5_MULT_mult_18_U488  2.866e-05    0.000199   0.0002461   1.849e-05  NAND2_X1
j2_addMult0_ADD_add_16_U1_6    0.0001087   7.106e-05   0.0002461   6.637e-05  FA_X1
j2_addMult5_MULT_mult_18_U429  0.0001034   0.0001081    0.000246   3.455e-05  OAI22_X1
j0_addMult6_MULT_mult_18_U352  0.0001203   8.713e-05    0.000246   3.861e-05  OAI22_X1
j1_addMult4_MULT_mult_18_U434  0.0001428   7.057e-05    0.000246   3.261e-05  XNOR2_X1
j1_addMult8_MULT_mult_18_U366   0.000113   0.0001002   0.0002459   3.266e-05  OAI22_X1
j1_addMult0_MULT_mult_18_U487  0.0001032    0.000102   0.0002459   4.079e-05  XNOR2_X1
j0_addMult3_MULT_mult_18_U441  0.0001126   9.636e-05   0.0002459   3.694e-05  OAI22_X1
j0_addMult2_MULT_mult_18_U364  0.0001168   8.988e-05   0.0002459   3.916e-05  OAI22_X1
j1_addMult4_MULT_mult_18_U430  0.0001428   7.034e-05   0.0002458   3.261e-05  XNOR2_X1
j2_mult0_mult_18_U364          0.0001237   8.824e-05   0.0002458    3.38e-05  OAI22_X1
j0_addMult2_MULT_mult_18_U6    0.0001011   6.772e-05   0.0002458   7.693e-05  FA_X1
j1_addMult4_MULT_mult_18_U356  0.0001195   9.392e-05   0.0002457   3.235e-05  OAI22_X1
j1_addMult8_MULT_mult_18_U423  0.0001223   9.047e-05   0.0002457   3.296e-05  XNOR2_X1
j1_addMult1_MULT_mult_18_U368  0.0001238   9.131e-05   0.0002457   3.058e-05  OAI22_X1
j2_addMult0_ADD_add_16_U1_7    0.0001087    7.06e-05   0.0002457   6.637e-05  FA_X1
j2_addMult6_MULT_mult_18_U341  0.0001045   9.975e-05   0.0002457   4.147e-05  XNOR2_X1
j2_addMult2_MULT_mult_18_U469  0.0001381   7.968e-05   0.0002456   2.777e-05  OAI222_X1
j0_addMult4_MULT_mult_18_U424  8.644e-05   0.0001399   0.0002455   1.918e-05  NOR2_X1
j0_addMult1_MULT_mult_18_U362  0.0001277   8.622e-05   0.0002455   3.155e-05  OAI22_X1
j2_addMult4_MULT_mult_18_U347  0.0001076   9.735e-05   0.0002455   4.057e-05  XNOR2_X1
j0_addMult4_MULT_mult_18_U375  9.764e-05   0.0001068   0.0002455   4.101e-05  XNOR2_X1
j1_addMult1_MULT_mult_18_U6    0.0001012   6.671e-05   0.0002454   7.757e-05  FA_X1
j1_addMult5_MULT_mult_18_U347  0.0001045    9.95e-05   0.0002454   4.147e-05  XNOR2_X1
j0_addMult5_MULT_mult_18_U368  0.0001132   9.546e-05   0.0002454   3.673e-05  OAI22_X1
j1_addMult4_MULT_mult_18_U69   0.0001154   7.526e-05   0.0002454   5.472e-05  FA_X1
j0_mult0_mult_18_U356          0.0001102   0.0001024   0.0002454    3.27e-05  OAI22_X1
j2_addMult4_MULT_mult_18_U370   0.000113   0.0001014   0.0002453   3.095e-05  OAI22_X1
j0_addMult7_MULT_mult_18_U489  9.992e-05   0.0001115   0.0002453   3.387e-05  XOR2_X1
j0_addMult0_MULT_mult_18_U442   0.000141   7.179e-05   0.0002453   3.249e-05  XNOR2_X1
j0_addMult3_MULT_mult_18_U398   0.000109   9.473e-05   0.0002452   4.155e-05  XNOR2_X1
j1_addMult4_MULT_mult_18_U398  0.0001089   9.476e-05   0.0002452   4.155e-05  XNOR2_X1
j0_addMult3_MULT_mult_18_U366  0.0001099    0.000101   0.0002452   3.423e-05  OAI22_X1
j0_addMult3_MULT_mult_18_U352  0.0001227   8.319e-05   0.0002452   3.928e-05  OAI22_X1
j2_addMult1_MULT_mult_18_U51   0.0001011   7.698e-05   0.0002451   6.707e-05  FA_X1
j1_addMult5_MULT_mult_18_U353  0.0001045   9.919e-05   0.0002451   4.147e-05  XNOR2_X1
j2_addMult6_MULT_mult_18_U487  0.0001045   9.913e-05   0.0002451   4.147e-05  XNOR2_X1
j0_addMult3_MULT_mult_18_U401  9.075e-05   0.0001348   0.0002451   1.951e-05  NOR2_X1
j1_addMult9_MULT_mult_18_U423  0.0001207   9.161e-05    0.000245   3.273e-05  XNOR2_X1
j2_addMult4_MULT_mult_18_U355  0.0001076   9.685e-05    0.000245   4.057e-05  XNOR2_X1
j1_addMult5_MULT_mult_18_U355  0.0001045   9.903e-05    0.000245   4.147e-05  XNOR2_X1
j0_addMult6_MULT_mult_18_U483  0.0001301    8.01e-05    0.000245   3.481e-05  MUX2_X1
j0_addMult9_MULT_mult_18_U488  2.575e-05   0.0001992   0.0002449    1.99e-05  NAND2_X1
j0_addMult0_MULT_mult_18_U436   0.000141   7.127e-05   0.0002447   3.249e-05  XNOR2_X1
j1_addMult5_MULT_mult_18_U487  0.0001045   9.877e-05   0.0002447   4.147e-05  XNOR2_X1
j2_addMult0_MULT_mult_18_U364  0.0001272   8.765e-05   0.0002447   2.986e-05  OAI22_X1
j1_addMult1_MULT_mult_18_U446   0.000141   7.122e-05   0.0002447   3.249e-05  XNOR2_X1
j2_addMult0_MULT_mult_18_U483  0.0001425   6.436e-05   0.0002446    3.78e-05  MUX2_X1
j2_addMult6_MULT_mult_18_U355  0.0001045   9.868e-05   0.0002446   4.147e-05  XNOR2_X1
j2_addMult6_MULT_mult_18_U489  0.0001039   0.0001058   0.0002446   3.493e-05  XOR2_X1
j2_addMult5_MULT_mult_18_U382   0.000109    9.41e-05   0.0002446   4.155e-05  XNOR2_X1
j0_addMult2_MULT_mult_18_U352  0.0001159   8.617e-05   0.0002444   4.234e-05  OAI22_X1
j1_addMult3_MULT_mult_18_U358  0.0001168   8.832e-05   0.0002443   3.916e-05  OAI22_X1
j1_addMult7_MULT_mult_18_U472  0.0001111   0.0001027   0.0002443   3.042e-05  AOI222_X1
j1_addMult2_MULT_mult_18_U5    0.0001097   5.869e-05   0.0002443   7.589e-05  FA_X1
j2_addMult0_MULT_mult_18_U472  0.0001097   0.0001028   0.0002443   3.175e-05  AOI222_X1
j0_addMult3_MULT_mult_18_U394   0.000109   9.369e-05   0.0002443   4.155e-05  XNOR2_X1
j1_addMult3_MULT_mult_18_U349  0.0001015   0.0001021   0.0002442   4.057e-05  XNOR2_X1
j2_addMult7_MULT_mult_18_U438  0.0001335    7.76e-05   0.0002442   3.308e-05  XNOR2_X1
j2_addMult1_MULT_mult_18_U72   0.0001271   6.814e-05   0.0002441   4.883e-05  HA_X1
j0_addMult8_MULT_mult_18_U427  0.0001017   0.0001045   0.0002441   3.794e-05  OAI22_X1
j0_addMult3_MULT_mult_18_U392   0.000109   9.344e-05    0.000244   4.155e-05  XNOR2_X1
j2_addMult7_MULT_mult_18_U425  0.0001075    0.000101    0.000244   3.548e-05  OAI22_X1
j2_addMult7_MULT_mult_18_U423  0.0001177   9.507e-05    0.000244   3.118e-05  XNOR2_X1
j1_addMult4_MULT_mult_18_U390   0.000109   9.339e-05   0.0002439   4.155e-05  XNOR2_X1
j1_addMult7_MULT_mult_18_U7    0.0001011   6.546e-05   0.0002439   7.732e-05  FA_X1
j2_addMult0_MULT_mult_18_U473  0.0001544   5.657e-05   0.0002439    3.29e-05  AOI222_X1
j0_addMult3_MULT_mult_18_U382   0.000109   9.329e-05   0.0002439   4.155e-05  XNOR2_X1
j1_addMult9_ADD_add_16_U1_6    0.0001177   4.656e-05   0.0002438   7.956e-05  FA_X1
j0_addMult6_MULT_mult_18_U360  0.0001065   0.0001017   0.0002438   3.563e-05  OAI22_X1
j2_addMult7_MULT_mult_18_U46    0.000108   7.481e-05   0.0002438   6.096e-05  FA_X1
j1_addMult5_MULT_mult_18_U425  0.0001037   0.0001008   0.0002438   3.922e-05  OAI22_X1
j1_addMult9_MULT_mult_18_U424  8.278e-05   0.0001417   0.0002437    1.92e-05  NOR2_X1
j1_addMult1_MULT_mult_18_U442   0.000141   7.026e-05   0.0002437   3.249e-05  XNOR2_X1
j0_addMult2_MULT_mult_18_U343  0.0001015   0.0001016   0.0002437   4.057e-05  XNOR2_X1
j0_addMult0_MULT_mult_18_U438   0.000141   7.021e-05   0.0002437   3.249e-05  XNOR2_X1
j1_mult0_mult_18_U46           0.0001089   7.512e-05   0.0002436   5.966e-05  FA_X1
j2_addMult8_MULT_mult_18_U361  0.0001057   9.682e-05   0.0002436   4.109e-05  XNOR2_X1
j1_addMult4_MULT_mult_18_U471  0.0001075   7.151e-05   0.0002436   6.463e-05  OAI222_X1
j1_addMult5_MULT_mult_18_U424  8.632e-05   0.0001381   0.0002436   1.918e-05  NOR2_X1
j0_addMult1_MULT_mult_18_U72   0.0001285   6.566e-05   0.0002436   4.949e-05  HA_X1
j1_addMult2_MULT_mult_18_U29   0.0001129   6.349e-05   0.0002436   6.718e-05  FA_X1
j1_addMult9_MULT_mult_18_U5    0.0001098   5.769e-05   0.0002436   7.608e-05  FA_X1
j2_addMult6_MULT_mult_18_U418  0.0001186   9.075e-05   0.0002435   3.416e-05  OAI22_X1
j0_addMult1_MULT_mult_18_U51   0.0001051   7.264e-05   0.0002435   6.568e-05  FA_X1
j2_addMult8_MULT_mult_18_U356  0.0001165   9.559e-05   0.0002434   3.128e-05  OAI22_X1
j2_mult0_mult_18_U5            0.0001017   6.508e-05   0.0002433   7.649e-05  FA_X1
j0_addMult2_MULT_mult_18_U353  0.0001015   0.0001012   0.0002433   4.057e-05  XNOR2_X1
j0_addMult4_MULT_mult_18_U398  9.533e-05   0.0001068   0.0002432   4.101e-05  XNOR2_X1
j1_mult0_mult_18_U368          0.0001274   8.589e-05   0.0002432   2.986e-05  OAI22_X1
j0_addMult3_MULT_mult_18_U429  0.0001036    0.000105   0.0002431   3.455e-05  OAI22_X1
j0_addMult4_MULT_mult_18_U377  9.766e-05   0.0001044   0.0002431   4.101e-05  XNOR2_X1
j2_addMult6_MULT_mult_18_U364  0.0001219   8.585e-05    0.000243    3.52e-05  OAI22_X1
j1_mult0_mult_18_U358          0.0001274   8.571e-05    0.000243   2.986e-05  OAI22_X1
j2_addMult0_MULT_mult_18_U46   0.0001088   7.448e-05   0.0002429   5.966e-05  FA_X1
j1_addMult8_MULT_mult_18_U46   0.0001089   7.486e-05   0.0002429   5.914e-05  FA_X1
j1_addMult7_MULT_mult_18_U433  9.739e-05   0.0001094   0.0002429   3.617e-05  OAI22_X1
j0_addMult7_MULT_mult_18_U470  0.0001113   0.0001007   0.0002429   3.092e-05  AOI222_X1
j2_addMult3_MULT_mult_18_U362   0.000124   8.726e-05   0.0002429    3.17e-05  OAI22_X1
j0_addMult3_MULT_mult_18_U390  0.0001091   9.224e-05   0.0002429   4.155e-05  XNOR2_X1
j1_addMult9_MULT_mult_18_U418  0.0001257   8.641e-05   0.0002429   3.072e-05  OAI22_X1
j0_addMult5_MULT_mult_18_U418  0.0001192   8.985e-05   0.0002429    3.38e-05  OAI22_X1
j1_addMult0_MULT_mult_18_U472  0.0001098   9.968e-05   0.0002428   3.333e-05  AOI222_X1
j0_addMult0_MULT_mult_18_U428   0.000141   6.937e-05   0.0002428   3.249e-05  XNOR2_X1
j1_mult0_mult_18_U362          0.0001274   8.551e-05   0.0002428   2.986e-05  OAI22_X1
j0_addMult6_MULT_mult_18_U489  9.928e-05    0.000109   0.0002427   3.443e-05  XOR2_X1
j0_addMult2_MULT_mult_18_U435  0.0001097   9.674e-05   0.0002426   3.615e-05  OAI22_X1
j1_addMult8_MULT_mult_18_U341  0.0001032   9.844e-05   0.0002425   4.087e-05  XNOR2_X1
j2_addMult8_MULT_mult_18_U360  0.0001067   0.0001001   0.0002424   3.563e-05  OAI22_X1
j0_addMult8_MULT_mult_18_U46   0.0001048   7.644e-05   0.0002424   6.117e-05  FA_X1
j1_addMult6_MULT_mult_18_U364  0.0001131   9.253e-05   0.0002423   3.673e-05  OAI22_X1
j0_addMult6_MULT_mult_18_U348  0.0001204   8.335e-05   0.0002423   3.861e-05  OAI22_X1
j0_addMult0_MULT_mult_18_U444   0.000141   6.885e-05   0.0002423   3.249e-05  XNOR2_X1
j0_addMult4_MULT_mult_18_U489  0.0001054   0.0001019   0.0002422   3.493e-05  XOR2_X1
j2_addMult2_MULT_mult_18_U489  9.746e-05     0.00011   0.0002422   3.477e-05  XOR2_X1
j1_addMult6_MULT_mult_18_U352   0.000119   8.553e-05   0.0002421   3.764e-05  OAI22_X1
j1_addMult4_MULT_mult_18_U418  0.0001228   8.428e-05   0.0002421   3.502e-05  OAI22_X1
j0_addMult6_MULT_mult_18_U396   0.000107   9.396e-05   0.0002421   4.109e-05  XNOR2_X1
j1_addMult6_MULT_mult_18_U7    0.0001017   6.055e-05    0.000242   7.976e-05  FA_X1
j1_addMult3_MULT_mult_18_U425  0.0001044   9.848e-05   0.0002419   3.906e-05  OAI22_X1
j0_addMult2_MULT_mult_18_U425  0.0001039   9.892e-05   0.0002419   3.906e-05  OAI22_X1
j0_addMult5_MULT_mult_18_U425  0.0001043   9.926e-05   0.0002419   3.831e-05  OAI22_X1
j0_addMult6_MULT_mult_18_U398   0.000107   9.354e-05   0.0002417   4.109e-05  XNOR2_X1
j1_addMult0_MULT_mult_18_U341  0.0001033   9.754e-05   0.0002416   4.079e-05  XNOR2_X1
j1_addMult8_MULT_mult_18_U436  0.0001325   7.707e-05   0.0002416   3.202e-05  XNOR2_X1
j0_addMult7_MULT_mult_18_U341  0.0001033   9.747e-05   0.0002416   4.087e-05  XNOR2_X1
j0_addMult2_MULT_mult_18_U355  0.0001016   9.941e-05   0.0002416   4.057e-05  XNOR2_X1
j2_addMult6_MULT_mult_18_U435  0.0001069   9.782e-05   0.0002415   3.685e-05  OAI22_X1
j0_addMult6_MULT_mult_18_U390  0.0001071   9.333e-05   0.0002415   4.109e-05  XNOR2_X1
j1_addMult5_MULT_mult_18_U439   0.000107   9.769e-05   0.0002415   3.685e-05  OAI22_X1
j0_addMult2_MULT_mult_18_U489   0.000103   0.0001054   0.0002415   3.316e-05  XOR2_X1
j0_addMult6_MULT_mult_18_U386  0.0001071   9.328e-05   0.0002415   4.109e-05  XNOR2_X1
j2_addMult1_MULT_mult_18_U341  0.0001033   9.735e-05   0.0002415   4.079e-05  XNOR2_X1
j1_addMult3_MULT_mult_18_U411  0.0001264   8.191e-05   0.0002415    3.32e-05  XNOR2_X1
j0_addMult6_MULT_mult_18_U394  0.0001071   9.329e-05   0.0002415   4.109e-05  XNOR2_X1
j1_addMult1_MULT_mult_18_U358  0.0001238     8.7e-05   0.0002414   3.058e-05  OAI22_X1
j2_addMult1_MULT_mult_18_U343  0.0001034   9.722e-05   0.0002414   4.079e-05  XNOR2_X1
j0_addMult7_MULT_mult_18_U362  0.0001179   8.614e-05   0.0002413   3.733e-05  OAI22_X1
j2_addMult7_MULT_mult_18_U366  0.0001117   9.701e-05   0.0002413   3.257e-05  OAI22_X1
j0_addMult3_MULT_mult_18_U400  0.0001092   9.053e-05   0.0002412   4.155e-05  XNOR2_X1
j2_addMult0_ADD_add_16_U1_5    0.0001086   6.628e-05   0.0002412   6.637e-05  FA_X1
j1_addMult4_MULT_mult_18_U400  0.0001091   9.051e-05   0.0002412   4.155e-05  XNOR2_X1
j1_addMult4_MULT_mult_18_U441  0.0001119   9.231e-05   0.0002411   3.694e-05  OAI22_X1
j1_addMult6_MULT_mult_18_U362  0.0001131   9.128e-05   0.0002411   3.673e-05  OAI22_X1
j2_addMult8_MULT_mult_18_U386  0.0001072   9.278e-05   0.0002411   4.109e-05  XNOR2_X1
j2_addMult9_MULT_mult_18_U434  0.0001325   7.651e-05    0.000241   3.202e-05  XNOR2_X1
j0_addMult6_MULT_mult_18_U388  0.0001072   9.278e-05    0.000241   4.109e-05  XNOR2_X1
j2_addMult6_MULT_mult_18_U424  8.625e-05   0.0001356    0.000241   1.918e-05  NOR2_X1
j2_addMult1_MULT_mult_18_U413  0.0001364   7.278e-05    0.000241   3.177e-05  XNOR2_X1
j0_addMult7_MULT_mult_18_U343  0.0001033   9.681e-05    0.000241   4.087e-05  XNOR2_X1
j1_addMult1_MULT_mult_18_U461  0.0001052    0.000104   0.0002409   3.177e-05  OAI21_X1
j0_addMult1_MULT_mult_18_U489  0.0001055   0.0001019   0.0002409    3.35e-05  XOR2_X1
j2_addMult2_MULT_mult_18_U476  0.0001324   6.281e-05   0.0002409   4.565e-05  AOI222_X1
j0_addMult8_MULT_mult_18_U424  8.445e-05   0.0001371   0.0002408    1.92e-05  NOR2_X1
j1_addMult3_MULT_mult_18_U439  0.0001101   9.451e-05   0.0002408   3.615e-05  OAI22_X1
j0_addMult2_MULT_mult_18_U424  8.924e-05   0.0001323   0.0002407   1.923e-05  NOR2_X1
j1_addMult4_MULT_mult_18_U437   0.000103   0.0001032   0.0002407   3.455e-05  OAI22_X1
j1_addMult9_MULT_mult_18_U401  8.674e-05   0.0001344   0.0002407   1.957e-05  NOR2_X1
j1_addMult2_MULT_mult_18_U43   0.0001092   6.651e-05   0.0002407   6.497e-05  FA_X1
j1_addMult1_MULT_mult_18_U472  0.0001129   9.804e-05   0.0002407    2.97e-05  AOI222_X1
j1_addMult3_MULT_mult_18_U6    0.0001009   6.325e-05   0.0002406   7.646e-05  FA_X1
j1_addMult3_MULT_mult_18_U353  0.0001016   9.838e-05   0.0002406   4.057e-05  XNOR2_X1
j0_addMult7_MULT_mult_18_U368  0.0001131   9.485e-05   0.0002406   3.266e-05  OAI22_X1
j2_addMult6_MULT_mult_18_U29   0.0001128   6.238e-05   0.0002405   6.536e-05  FA_X1
j0_addMult2_MULT_mult_18_U348   0.000116    8.22e-05   0.0002405   4.234e-05  OAI22_X1
j1_addMult3_MULT_mult_18_U487  0.0001017   9.828e-05   0.0002405   4.057e-05  XNOR2_X1
j0_addMult2_MULT_mult_18_U341  0.0001017   9.823e-05   0.0002405   4.057e-05  XNOR2_X1
j2_addMult6_MULT_mult_18_U358   0.000122   8.327e-05   0.0002404    3.52e-05  OAI22_X1
j0_mult0_mult_18_U366          0.0001104   9.729e-05   0.0002404    3.27e-05  OAI22_X1
j0_addMult5_MULT_mult_18_U442  0.0001335   7.375e-05   0.0002403   3.308e-05  XNOR2_X1
j0_addMult1_MULT_mult_18_U368  0.0001246   8.395e-05   0.0002403    3.17e-05  OAI22_X1
j2_addMult9_MULT_mult_18_U368  0.0001131   9.431e-05   0.0002401   3.266e-05  OAI22_X1
j0_mult0_mult_18_U370          0.0001104   9.694e-05   0.0002401    3.27e-05  OAI22_X1
j1_addMult9_MULT_mult_18_U356  0.0001171   9.158e-05   0.0002401    3.14e-05  OAI22_X1
j0_addMult1_MULT_mult_18_U479  0.0001078   0.0001051   0.0002399   2.701e-05  OAI21_X1
j1_addMult7_MULT_mult_18_U388  0.0001072   9.157e-05   0.0002399   4.109e-05  XNOR2_X1
j0_addMult0_MULT_mult_18_U364  0.0001239   8.535e-05   0.0002399   3.058e-05  OAI22_X1
j2_addMult2_MULT_mult_18_U364  0.0001134   8.992e-05   0.0002399   3.659e-05  OAI22_X1
j1_mult0_mult_18_U489          0.0001051   9.922e-05   0.0002397   3.541e-05  XOR2_X1
j0_addMult7_MULT_mult_18_U428  0.0001325   7.518e-05   0.0002397   3.202e-05  XNOR2_X1
j0_addMult2_MULT_mult_18_U487  0.0001017   9.738e-05   0.0002396   4.057e-05  XNOR2_X1
j0_addMult9_MULT_mult_18_U356  0.0001124   9.478e-05   0.0002396   3.241e-05  OAI22_X1
j0_addMult4_MULT_mult_18_U25   0.0001086   6.211e-05   0.0002396   6.887e-05  FA_X1
j2_addMult1_MULT_mult_18_U423  0.0001364    7.14e-05   0.0002396   3.177e-05  XNOR2_X1
j0_addMult4_MULT_mult_18_U400  9.533e-05   0.0001032   0.0002395   4.101e-05  XNOR2_X1
j0_addMult6_MULT_mult_18_U401  8.914e-05   0.0001307   0.0002395   1.964e-05  NOR2_X1
j2_addMult2_MULT_mult_18_U435  0.0001039   9.925e-05   0.0002394    3.63e-05  OAI22_X1
j1_addMult1_MULT_mult_18_U8     0.000101   6.052e-05   0.0002392   7.764e-05  FA_X1
j0_addMult2_MULT_mult_18_U5    0.0001017   6.155e-05   0.0002392   7.594e-05  FA_X1
j2_addMult1_MULT_mult_18_U419  0.0001364   7.097e-05   0.0002391   3.177e-05  XNOR2_X1
j0_addMult2_MULT_mult_18_U345  0.0001017   9.676e-05    0.000239   4.057e-05  XNOR2_X1
j0_addMult8_MULT_mult_18_U356  0.0001171   9.048e-05    0.000239    3.14e-05  OAI22_X1
j0_addMult0_MULT_mult_18_U368   0.000124   8.441e-05   0.0002389   3.058e-05  OAI22_X1
j0_addMult6_MULT_mult_18_U384  0.0001073   9.058e-05   0.0002389   4.109e-05  XNOR2_X1
j1_addMult3_MULT_mult_18_U345  0.0001017   9.667e-05   0.0002389   4.057e-05  XNOR2_X1
j1_addMult7_MULT_mult_18_U386  0.0001073    9.05e-05   0.0002389   4.109e-05  XNOR2_X1
j2_addMult3_MULT_mult_18_U441  0.0001107    9.14e-05   0.0002389   3.677e-05  OAI22_X1
j0_addMult1_MULT_mult_18_U358  0.0001245   8.255e-05   0.0002388    3.17e-05  OAI22_X1
j0_addMult2_MULT_mult_18_U362  0.0001169   8.275e-05   0.0002388   3.916e-05  OAI22_X1
j1_addMult6_MULT_mult_18_U6    0.0001009   6.124e-05   0.0002387   7.658e-05  FA_X1
j2_addMult3_MULT_mult_18_U489  0.0001042    0.000101   0.0002387    3.35e-05  XOR2_X1
j1_addMult9_MULT_mult_18_U46   0.0001047   7.282e-05   0.0002387   6.117e-05  FA_X1
j0_addMult6_MULT_mult_18_U370  0.0001065   9.647e-05   0.0002386   3.563e-05  OAI22_X1
j1_addMult8_MULT_mult_18_U356  0.0001129   9.303e-05   0.0002386   3.266e-05  OAI22_X1
j0_mult0_mult_18_U46           0.0001089   7.143e-05   0.0002386   5.824e-05  FA_X1
j0_addMult6_MULT_mult_18_U382  0.0001073   8.993e-05   0.0002383   4.109e-05  XNOR2_X1
j0_addMult6_MULT_mult_18_U371   0.000106    9.12e-05   0.0002383   4.109e-05  XNOR2_X1
j0_addMult2_MULT_mult_18_U418   0.000121   7.807e-05   0.0002382   3.922e-05  OAI22_X1
j1_addMult8_MULT_mult_18_U489  9.993e-05   0.0001044   0.0002382   3.387e-05  XOR2_X1
j1_addMult5_MULT_mult_18_U362  0.0001201   8.775e-05   0.0002381   3.027e-05  OAI22_X1
j1_addMult4_MULT_mult_18_U33   0.0001007   7.131e-05   0.0002381   6.608e-05  FA_X1
j2_addMult0_MULT_mult_18_U489  9.992e-05   0.0001028   0.0002381   3.541e-05  XOR2_X1
j1_addMult0_MULT_mult_18_U43   0.0001086   6.809e-05   0.0002381   6.135e-05  FA_X1
j0_addMult6_MULT_mult_18_U29    0.000112   6.112e-05    0.000238   6.484e-05  FA_X1
j2_addMult8_MULT_mult_18_U384  0.0001074   8.944e-05   0.0002379   4.109e-05  XNOR2_X1
j1_addMult1_MULT_mult_18_U362  0.0001134   8.794e-05   0.0002379   3.659e-05  OAI22_X1
j0_addMult6_MULT_mult_18_U363   0.000106   9.074e-05   0.0002379   4.109e-05  XNOR2_X1
j0_addMult7_MULT_mult_18_U479  0.0001015   0.0001047   0.0002378   3.169e-05  OAI21_X1
j1_addMult1_MULT_mult_18_U440  0.0001317   7.361e-05   0.0002378   3.249e-05  XNOR2_X1
j1_addMult6_MULT_mult_18_U489  0.0001032      0.0001   0.0002377   3.448e-05  XOR2_X1
j1_addMult1_MULT_mult_18_U425  0.0001032   9.821e-05   0.0002377    3.63e-05  OAI22_X1
j1_addMult5_MULT_mult_18_U25   0.0001086   6.017e-05   0.0002376   6.887e-05  FA_X1
j0_addMult6_MULT_mult_18_U365  0.0001061   9.041e-05   0.0002376   4.109e-05  XNOR2_X1
j2_addMult3_MULT_mult_18_U25   0.0001087   5.973e-05   0.0002376   6.912e-05  FA_X1
j1_addMult7_MULT_mult_18_U365  0.0001061   9.035e-05   0.0002375   4.109e-05  XNOR2_X1
j2_addMult1_MULT_mult_18_U415  0.0001364   6.933e-05   0.0002375   3.177e-05  XNOR2_X1
j1_addMult1_MULT_mult_18_U7    0.0001007    5.87e-05   0.0002374   7.797e-05  FA_X1
j2_addMult1_MULT_mult_18_U405  0.0001364   6.922e-05   0.0002374   3.177e-05  XNOR2_X1
j1_addMult7_MULT_mult_18_U5    0.0001015   5.941e-05   0.0002373   7.636e-05  FA_X1
j0_addMult6_MULT_mult_18_U377  0.0001061   9.005e-05   0.0002372   4.109e-05  XNOR2_X1
j2_addMult1_MULT_mult_18_U461  0.0001056   0.0001013   0.0002372   3.031e-05  OAI21_X1
j1_addMult5_MULT_mult_18_U418  0.0001194   8.388e-05   0.0002372   3.396e-05  OAI22_X1
j1_mult0_mult_18_U434          0.0001346   7.034e-05   0.0002372   3.226e-05  XNOR2_X1
j1_addMult0_MULT_mult_18_U356  0.0001099    9.44e-05    0.000237    3.27e-05  OAI22_X1
j0_addMult6_MULT_mult_18_U367  0.0001061   8.983e-05    0.000237   4.109e-05  XNOR2_X1
j2_addMult8_MULT_mult_18_U431  9.736e-05   0.0001034   0.0002369   3.617e-05  OAI22_X1
j2_addMult2_MULT_mult_18_U362  0.0001134   8.692e-05   0.0002369   3.659e-05  OAI22_X1
j0_addMult6_MULT_mult_18_U361  0.0001061   8.967e-05   0.0002369   4.109e-05  XNOR2_X1
j1_addMult7_MULT_mult_18_U368  0.0001161    8.94e-05   0.0002368   3.128e-05  OAI22_X1
j2_addMult7_MULT_mult_18_U428  0.0001334   7.027e-05   0.0002368   3.308e-05  XNOR2_X1
j1_addMult0_MULT_mult_18_U405  0.0001308   7.418e-05   0.0002368   3.177e-05  XNOR2_X1
j0_addMult4_MULT_mult_18_U358  0.0001201   8.635e-05   0.0002367   3.027e-05  OAI22_X1
j1_mult0_mult_18_U442          0.0001346   6.989e-05   0.0002367   3.226e-05  XNOR2_X1
j0_addMult6_MULT_mult_18_U359  0.0001061   8.953e-05   0.0002367   4.109e-05  XNOR2_X1
j2_addMult5_MULT_mult_18_U362  0.0001193   8.505e-05   0.0002367   3.235e-05  OAI22_X1
j2_addMult1_MULT_mult_18_U417  0.0001364   6.846e-05   0.0002366   3.177e-05  XNOR2_X1
j1_addMult1_MULT_mult_18_U438  0.0001317   7.239e-05   0.0002366   3.249e-05  XNOR2_X1
j2_addMult1_MULT_mult_18_U428  0.0001321   7.141e-05   0.0002365   3.308e-05  XNOR2_X1
j2_addMult4_MULT_mult_18_U398  9.474e-05   0.0001013   0.0002364   4.034e-05  XNOR2_X1
j2_addMult7_MULT_mult_18_U72   0.0001279   5.976e-05   0.0002363   4.867e-05  HA_X1
j2_addMult5_MULT_mult_18_U489  9.712e-05   0.0001049   0.0002362   3.418e-05  XOR2_X1
j2_addMult9_MULT_mult_18_U440  0.0001325   7.168e-05   0.0002362   3.202e-05  XNOR2_X1
j2_addMult4_MULT_mult_18_U407  0.0001264   7.651e-05   0.0002361    3.32e-05  XNOR2_X1
j0_addMult3_MULT_mult_18_U362  0.0001193   8.437e-05    0.000236   3.235e-05  OAI22_X1
j2_addMult1_MULT_mult_18_U489  0.0001023      0.0001    0.000236   3.361e-05  XOR2_X1
j2_addMult1_MULT_mult_18_U421  0.0001364   6.769e-05   0.0002358   3.177e-05  XNOR2_X1
j2_addMult5_MULT_mult_18_U441  0.0001126    8.63e-05   0.0002358   3.694e-05  OAI22_X1
j2_addMult9_MULT_mult_18_U446  0.0001325   7.128e-05   0.0002358   3.202e-05  XNOR2_X1
j2_addMult9_MULT_mult_18_U356   0.000113   9.011e-05   0.0002358   3.266e-05  OAI22_X1
j0_mult0_mult_18_U489          0.0001023   9.985e-05   0.0002357   3.361e-05  XOR2_X1
j1_addMult1_MULT_mult_18_U436  0.0001317   7.152e-05   0.0002357   3.249e-05  XNOR2_X1
j1_addMult7_MULT_mult_18_U363  0.0001062   8.821e-05   0.0002355   4.109e-05  XNOR2_X1
j1_addMult2_MULT_mult_18_U476  0.0001386    5.14e-05   0.0002355   4.551e-05  AOI222_X1
j2_addMult4_MULT_mult_18_U400  9.473e-05   0.0001004   0.0002354   4.034e-05  XNOR2_X1
j1_addMult8_MULT_mult_18_U438  0.0001325    7.09e-05   0.0002354   3.202e-05  XNOR2_X1
j0_mult0_mult_18_U444           0.000132   7.025e-05   0.0002354   3.308e-05  XNOR2_X1
j2_addMult8_MULT_mult_18_U363  0.0001062   8.805e-05   0.0002353   4.109e-05  XNOR2_X1
j2_addMult4_MULT_mult_18_U440  0.0001308   7.119e-05   0.0002353   3.331e-05  XNOR2_X1
j1_addMult4_MULT_mult_18_U469  9.615e-05   8.153e-05   0.0002352   5.756e-05  OAI222_X1
j2_addMult2_MULT_mult_18_U29   0.0001119   5.841e-05   0.0002351   6.478e-05  FA_X1
j1_addMult6_MULT_mult_18_U348   0.000119   7.848e-05   0.0002351   3.764e-05  OAI22_X1
j1_addMult0_MULT_mult_18_U415  0.0001308   7.245e-05    0.000235   3.177e-05  XNOR2_X1
j2_addMult4_MULT_mult_18_U356  0.0001129   9.118e-05    0.000235   3.095e-05  OAI22_X1
j0_mult0_mult_18_U413          0.0001308   7.233e-05   0.0002349   3.177e-05  XNOR2_X1
j1_addMult3_MULT_mult_18_U434  0.0001308   7.078e-05   0.0002349   3.331e-05  XNOR2_X1
j0_addMult0_MULT_mult_18_U473  0.0001484   5.527e-05   0.0002348   3.115e-05  AOI222_X1
j1_addMult4_MULT_mult_18_U358  0.0001196   8.281e-05   0.0002348   3.235e-05  OAI22_X1
j0_addMult9_MULT_mult_18_U432  0.0001313   7.185e-05   0.0002347   3.153e-05  XNOR2_X1
j2_addMult7_MULT_mult_18_U440  0.0001334   6.821e-05   0.0002346   3.308e-05  XNOR2_X1
j2_addMult5_MULT_mult_18_U368  0.0001099   9.042e-05   0.0002346   3.423e-05  OAI22_X1
j2_addMult1_MULT_mult_18_U65   0.0001071   7.549e-05   0.0002344   5.186e-05  FA_X1
j2_addMult6_MULT_mult_18_U43   0.0001053    6.51e-05   0.0002344   6.398e-05  FA_X1
j0_mult0_mult_18_U415          0.0001308   7.174e-05   0.0002343   3.177e-05  XNOR2_X1
j1_addMult0_MULT_mult_18_U411  0.0001308   7.173e-05   0.0002343   3.177e-05  XNOR2_X1
j0_addMult5_MULT_mult_18_U432  0.0001334   6.774e-05   0.0002343   3.308e-05  XNOR2_X1
j1_mult0_mult_18_U446          0.0001345   6.746e-05   0.0002342   3.226e-05  XNOR2_X1
j1_mult0_mult_18_U438          0.0001345   6.745e-05   0.0002342   3.226e-05  XNOR2_X1
j1_addMult5_MULT_mult_18_U432  0.0001339   6.745e-05   0.0002342   3.285e-05  XNOR2_X1
j1_mult0_mult_18_U432          0.0001345   6.742e-05   0.0002342   3.226e-05  XNOR2_X1
j2_addMult1_MULT_mult_18_U442   0.000132   6.893e-05   0.0002341   3.308e-05  XNOR2_X1
j2_addMult8_MULT_mult_18_U419  0.0001287   7.334e-05   0.0002339   3.189e-05  XNOR2_X1
j0_addMult8_MULT_mult_18_U43   0.0001087   6.295e-05   0.0002339   6.227e-05  FA_X1
j0_addMult7_MULT_mult_18_U430  0.0001325   6.938e-05   0.0002339   3.202e-05  XNOR2_X1
j1_addMult0_MULT_mult_18_U364  0.0001102   9.094e-05   0.0002338    3.27e-05  OAI22_X1
j0_addMult1_MULT_mult_18_U436  0.0001309   7.096e-05   0.0002338   3.191e-05  XNOR2_X1
j1_mult0_mult_18_U444          0.0001345   6.702e-05   0.0002338   3.226e-05  XNOR2_X1
j1_addMult1_MULT_mult_18_U5    0.0001014   5.573e-05   0.0002337   7.662e-05  FA_X1
j1_addMult8_MULT_mult_18_U43   0.0001084   6.573e-05   0.0002337   5.957e-05  FA_X1
j1_addMult5_MULT_mult_18_U441  0.0001042   9.034e-05   0.0002337   3.922e-05  OAI22_X1
j2_addMult1_MULT_mult_18_U368  0.0001101   9.085e-05   0.0002337    3.27e-05  OAI22_X1
j0_addMult7_MULT_mult_18_U440  0.0001324   6.921e-05   0.0002337   3.202e-05  XNOR2_X1
j0_addMult8_MULT_mult_18_U364  0.0001172   8.489e-05   0.0002335    3.14e-05  OAI22_X1
j0_addMult4_MULT_mult_18_U430  0.0001339   6.674e-05   0.0002335   3.285e-05  XNOR2_X1
j2_addMult1_MULT_mult_18_U479   0.000102   9.939e-05   0.0002334   3.202e-05  OAI21_X1
j2_addMult4_MULT_mult_18_U5    0.0001008   5.687e-05   0.0002333   7.565e-05  FA_X1
j2_addMult3_MULT_mult_18_U439  0.0001136   8.426e-05   0.0002333   3.543e-05  OAI22_X1
j1_addMult5_MULT_mult_18_U442  0.0001339   6.654e-05   0.0002333   3.285e-05  XNOR2_X1
j2_addMult7_MULT_mult_18_U362  0.0001135   8.297e-05   0.0002332   3.673e-05  OAI22_X1
j0_addMult8_MULT_mult_18_U431  0.0001046   9.102e-05   0.0002332   3.753e-05  OAI22_X1
j0_mult0_mult_18_U440           0.000132   6.806e-05   0.0002332   3.308e-05  XNOR2_X1
j0_addMult8_MULT_mult_18_U368  0.0001172   8.458e-05   0.0002332    3.14e-05  OAI22_X1
j2_addMult7_MULT_mult_18_U51   0.0001009   6.542e-05   0.0002332   6.686e-05  FA_X1
j2_addMult4_MULT_mult_18_U434  0.0001307   6.914e-05   0.0002331   3.331e-05  XNOR2_X1
j2_addMult6_MULT_mult_18_U476  0.0001273   5.864e-05    0.000233   4.708e-05  AOI222_X1
j2_addMult9_MULT_mult_18_U489  0.0001003   9.873e-05   0.0002329   3.387e-05  XOR2_X1
j1_addMult6_MULT_mult_18_U438  0.0001334   6.637e-05   0.0002329   3.308e-05  XNOR2_X1
j1_addMult8_MULT_mult_18_U364  0.0001131   8.713e-05   0.0002329   3.266e-05  OAI22_X1
j2_addMult4_MULT_mult_18_U489  0.0001041   9.552e-05   0.0002328   3.316e-05  XOR2_X1
j0_addMult4_MULT_mult_18_U471  9.089e-05   7.064e-05   0.0002328   7.125e-05  OAI222_X1
j0_addMult9_MULT_mult_18_U436  0.0001313   6.993e-05   0.0002327   3.153e-05  XNOR2_X1
j1_addMult3_MULT_mult_18_U5    0.0001011   5.545e-05   0.0002327   7.615e-05  FA_X1
j1_addMult3_MULT_mult_18_U432  0.0001307   6.872e-05   0.0002327   3.331e-05  XNOR2_X1
j0_mult0_mult_18_U442           0.000132   6.758e-05   0.0002327   3.308e-05  XNOR2_X1
j0_addMult7_MULT_mult_18_U436  0.0001325   6.821e-05   0.0002327   3.202e-05  XNOR2_X1
j0_mult0_mult_18_U364          0.0001105   8.951e-05   0.0002327    3.27e-05  OAI22_X1
j2_addMult6_MULT_mult_18_U438  0.0001339   6.595e-05   0.0002327   3.285e-05  XNOR2_X1
j1_mult0_mult_18_U428          0.0001344   6.589e-05   0.0002326   3.226e-05  XNOR2_X1
j2_addMult1_MULT_mult_18_U438   0.000132   6.746e-05   0.0002326   3.308e-05  XNOR2_X1
j0_addMult1_MULT_mult_18_U69   0.0001044   7.306e-05   0.0002326   5.509e-05  FA_X1
j0_mult0_mult_18_U434           0.000132   6.739e-05   0.0002325   3.308e-05  XNOR2_X1
j2_addMult7_MULT_mult_18_U436  0.0001334   6.602e-05   0.0002325   3.308e-05  XNOR2_X1
j0_addMult4_MULT_mult_18_U418  0.0001192   7.936e-05   0.0002325   3.396e-05  OAI22_X1
j1_addMult6_MULT_mult_18_U5    0.0001015    5.54e-05   0.0002324   7.556e-05  FA_X1
j2_addMult0_MULT_mult_18_U428  0.0001345   6.572e-05   0.0002324   3.226e-05  XNOR2_X1
j0_addMult4_MULT_mult_18_U434  0.0001339   6.572e-05   0.0002324   3.285e-05  XNOR2_X1
j0_addMult2_MULT_mult_18_U415  0.0001305   6.867e-05   0.0002324    3.32e-05  XNOR2_X1
j1_addMult8_MULT_mult_18_U434  0.0001324   6.787e-05   0.0002323   3.202e-05  XNOR2_X1
j0_addMult4_MULT_mult_18_U431  0.0001073   8.816e-05   0.0002323   3.685e-05  OAI22_X1
j0_addMult1_MULT_mult_18_U428  0.0001309    6.95e-05   0.0002323   3.191e-05  XNOR2_X1
j2_addMult7_MULT_mult_18_U430  0.0001334   6.581e-05   0.0002323   3.308e-05  XNOR2_X1
j2_addMult9_MULT_mult_18_U432  0.0001324   6.779e-05   0.0002322   3.202e-05  XNOR2_X1
j1_mult0_mult_18_U436          0.0001344   6.555e-05   0.0002322   3.226e-05  XNOR2_X1
j0_mult0_mult_18_U417          0.0001308   6.966e-05   0.0002322   3.177e-05  XNOR2_X1
j0_mult0_mult_18_U438           0.000132   6.711e-05   0.0002322   3.308e-05  XNOR2_X1
j0_mult0_mult_18_U419          0.0001308   6.964e-05   0.0002322   3.177e-05  XNOR2_X1
j2_addMult9_MULT_mult_18_U428  0.0001324   6.774e-05   0.0002322   3.202e-05  XNOR2_X1
j0_addMult5_MULT_mult_18_U434  0.0001334   6.569e-05   0.0002322   3.308e-05  XNOR2_X1
j2_addMult8_MULT_mult_18_U43   0.0001051   6.474e-05   0.0002321   6.232e-05  FA_X1
j0_addMult5_MULT_mult_18_U358  0.0001132   8.221e-05   0.0002321   3.673e-05  OAI22_X1
j1_addMult0_MULT_mult_18_U428   0.000132   6.699e-05   0.0002321   3.308e-05  XNOR2_X1
j1_addMult0_MULT_mult_18_U475  0.0001287   6.376e-05    0.000232   3.952e-05  AOI222_X1
j1_addMult3_MULT_mult_18_U442  0.0001307   6.804e-05    0.000232   3.331e-05  XNOR2_X1
j1_addMult5_MULT_mult_18_U434  0.0001339   6.524e-05    0.000232   3.285e-05  XNOR2_X1
j1_mult0_mult_18_U440          0.0001344   6.522e-05   0.0002319   3.226e-05  XNOR2_X1
j1_addMult0_MULT_mult_18_U446   0.000132    6.68e-05   0.0002319   3.308e-05  XNOR2_X1
j0_addMult4_MULT_mult_18_U440  0.0001338   6.524e-05   0.0002319   3.285e-05  XNOR2_X1
j1_addMult0_MULT_mult_18_U440   0.000132   6.677e-05   0.0002319   3.308e-05  XNOR2_X1
j0_addMult9_MULT_mult_18_U444  0.0001313   6.897e-05   0.0002318   3.153e-05  XNOR2_X1
j1_addMult0_MULT_mult_18_U442   0.000132   6.667e-05   0.0002318   3.308e-05  XNOR2_X1
j1_addMult8_MULT_mult_18_U473  0.0001478   5.565e-05   0.0002317   2.825e-05  AOI222_X1
j2_addMult9_MULT_mult_18_U362  0.0001132   8.584e-05   0.0002317   3.266e-05  OAI22_X1
j0_addMult9_MULT_mult_18_U442  0.0001313   6.882e-05   0.0002316   3.153e-05  XNOR2_X1
j0_addMult0_MULT_mult_18_U43   0.0001051   6.341e-05   0.0002316   6.306e-05  FA_X1
j2_addMult9_MULT_mult_18_U442  0.0001324   6.713e-05   0.0002316   3.202e-05  XNOR2_X1
j1_addMult0_MULT_mult_18_U421  0.0001308   6.895e-05   0.0002315   3.177e-05  XNOR2_X1
j0_addMult6_MULT_mult_18_U43   0.0001051   6.409e-05   0.0002315   6.232e-05  FA_X1
j1_addMult6_MULT_mult_18_U358  0.0001131   8.161e-05   0.0002315   3.673e-05  OAI22_X1
j0_addMult9_MULT_mult_18_U362  0.0001126   8.639e-05   0.0002314   3.241e-05  OAI22_X1
j2_addMult1_MULT_mult_18_U444   0.000132   6.632e-05   0.0002314   3.308e-05  XNOR2_X1
j2_addMult8_MULT_mult_18_U489  9.929e-05   9.769e-05   0.0002314   3.443e-05  XOR2_X1
j1_addMult8_MULT_mult_18_U440  0.0001324   6.693e-05   0.0002314   3.202e-05  XNOR2_X1
j0_addMult9_MULT_mult_18_U438  0.0001313   6.852e-05   0.0002313   3.153e-05  XNOR2_X1
j0_addMult9_MULT_mult_18_U440  0.0001313   6.852e-05   0.0002313   3.153e-05  XNOR2_X1
j0_mult0_mult_18_U436           0.000132   6.618e-05   0.0002313   3.308e-05  XNOR2_X1
j1_addMult8_MULT_mult_18_U442  0.0001324   6.682e-05   0.0002313   3.202e-05  XNOR2_X1
j0_mult0_mult_18_U405          0.0001308   6.871e-05   0.0002313   3.177e-05  XNOR2_X1
j2_addMult1_MULT_mult_18_U440   0.000132   6.611e-05   0.0002312   3.308e-05  XNOR2_X1
j1_mult0_mult_18_U430          0.0001344   6.454e-05   0.0002312   3.226e-05  XNOR2_X1
j1_addMult8_MULT_mult_18_U428  0.0001324   6.674e-05   0.0002312   3.202e-05  XNOR2_X1
j0_addMult9_MULT_mult_18_U446  0.0001313   6.838e-05   0.0002312   3.153e-05  XNOR2_X1
j1_addMult0_MULT_mult_18_U436   0.000132   6.605e-05   0.0002311   3.308e-05  XNOR2_X1
j2_addMult3_MULT_mult_18_U434  0.0001268   7.232e-05    0.000231   3.191e-05  XNOR2_X1
j2_mult0_mult_18_U489          9.514e-05   0.0001001    0.000231   3.574e-05  XOR2_X1
j1_addMult0_MULT_mult_18_U419  0.0001308   6.841e-05    0.000231   3.177e-05  XNOR2_X1
j0_addMult1_MULT_mult_18_U444  0.0001309   6.807e-05   0.0002309   3.191e-05  XNOR2_X1
j1_addMult0_MULT_mult_18_U417  0.0001308   6.833e-05   0.0002309   3.177e-05  XNOR2_X1
j0_addMult9_MULT_mult_18_U364  0.0001126   8.587e-05   0.0002309   3.241e-05  OAI22_X1
j1_addMult0_MULT_mult_18_U444   0.000132   6.578e-05   0.0002309   3.308e-05  XNOR2_X1
j0_addMult4_MULT_mult_18_U441  0.0001044   8.728e-05   0.0002308   3.922e-05  OAI22_X1
j1_addMult7_MULT_mult_18_U358  0.0001161   8.342e-05   0.0002308   3.128e-05  OAI22_X1
j1_addMult9_MULT_mult_18_U368  0.0001172   8.222e-05   0.0002308    3.14e-05  OAI22_X1
j0_addMult9_MULT_mult_18_U428  0.0001313   6.797e-05   0.0002308   3.153e-05  XNOR2_X1
j1_addMult9_MULT_mult_18_U362  0.0001172   8.212e-05   0.0002307    3.14e-05  OAI22_X1
j2_addMult1_MULT_mult_18_U430   0.000132   6.564e-05   0.0002307   3.308e-05  XNOR2_X1
j2_addMult4_MULT_mult_18_U419  0.0001305   6.697e-05   0.0002307    3.32e-05  XNOR2_X1
j0_mult0_mult_18_U446           0.000132    6.56e-05   0.0002307   3.308e-05  XNOR2_X1
j0_addMult1_MULT_mult_18_U461  0.0001025   9.386e-05   0.0002307   3.434e-05  OAI21_X1
j0_addMult1_MULT_mult_18_U440  0.0001309   6.785e-05   0.0002307   3.191e-05  XNOR2_X1
j2_addMult3_MULT_mult_18_U483  0.0001386   5.684e-05   0.0002306   3.521e-05  MUX2_X1
j0_mult0_mult_18_U432           0.000132   6.552e-05   0.0002306   3.308e-05  XNOR2_X1
j0_mult0_mult_18_U411          0.0001308   6.803e-05   0.0002306   3.177e-05  XNOR2_X1
j0_mult0_mult_18_U407          0.0001308   6.803e-05   0.0002306   3.177e-05  XNOR2_X1
j2_addMult7_MULT_mult_18_U442  0.0001333   6.419e-05   0.0002306   3.308e-05  XNOR2_X1
j0_addMult7_MULT_mult_18_U72    0.000128   5.409e-05   0.0002306   4.847e-05  HA_X1
j1_addMult0_MULT_mult_18_U438   0.000132   6.537e-05   0.0002305   3.308e-05  XNOR2_X1
j1_addMult8_MULT_mult_18_U431  0.0001091   8.377e-05   0.0002305   3.756e-05  OAI22_X1
j2_addMult9_MULT_mult_18_U444  0.0001324   6.601e-05   0.0002304   3.202e-05  XNOR2_X1
j0_addMult4_MULT_mult_18_U442  0.0001338   6.381e-05   0.0002304   3.285e-05  XNOR2_X1
j0_mult0_mult_18_U421          0.0001308   6.781e-05   0.0002304   3.177e-05  XNOR2_X1
j2_addMult9_MULT_mult_18_U438  0.0001324    6.58e-05   0.0002302   3.202e-05  XNOR2_X1
j2_addMult9_MULT_mult_18_U358  0.0001132   8.436e-05   0.0002302   3.266e-05  OAI22_X1
j0_mult0_mult_18_U409          0.0001308   6.761e-05   0.0002302   3.177e-05  XNOR2_X1
j1_addMult1_MULT_mult_18_U69   9.996e-05     7.7e-05   0.0002301   5.317e-05  FA_X1
j1_mult0_mult_18_U471          9.967e-05    7.43e-05   0.0002301   5.615e-05  OAI222_X1
j1_addMult8_MULT_mult_18_U444  0.0001324   6.564e-05   0.0002301   3.202e-05  XNOR2_X1
j0_addMult4_MULT_mult_18_U411  0.0001281   7.084e-05   0.0002301   3.118e-05  XNOR2_X1
j2_mult0_mult_18_U317          3.881e-05    0.000177   0.0002301   1.431e-05  INV_X1
j1_addMult8_MULT_mult_18_U446  0.0001324    6.56e-05     0.00023   3.202e-05  XNOR2_X1
j2_addMult4_MULT_mult_18_U417  0.0001263   7.053e-05     0.00023    3.32e-05  XNOR2_X1
j2_addMult4_MULT_mult_18_U441   0.000105   8.591e-05     0.00023   3.906e-05  OAI22_X1
j0_addMult1_MULT_mult_18_U430  0.0001309   6.716e-05     0.00023   3.191e-05  XNOR2_X1
j0_addMult7_MULT_mult_18_U438  0.0001324   6.549e-05   0.0002299   3.202e-05  XNOR2_X1
j0_addMult1_MULT_mult_18_U438  0.0001309   6.701e-05   0.0002298   3.191e-05  XNOR2_X1
j0_addMult9_MULT_mult_18_U434  0.0001313   6.701e-05   0.0002298   3.153e-05  XNOR2_X1
j1_addMult1_MULT_mult_18_U72    0.000127     5.4e-05   0.0002298   4.883e-05  HA_X1
j1_addMult7_MULT_mult_18_U489   9.93e-05   9.603e-05   0.0002298   3.443e-05  XOR2_X1
j0_addMult9_MULT_mult_18_U471  9.777e-05   7.176e-05   0.0002297   6.022e-05  OAI222_X1
j1_addMult0_MULT_mult_18_U434   0.000132   6.465e-05   0.0002297   3.308e-05  XNOR2_X1
j0_addMult1_MULT_mult_18_U65   0.0001008   7.652e-05   0.0002297   5.235e-05  FA_X1
j2_addMult9_MULT_mult_18_U430  0.0001324   6.526e-05   0.0002297   3.202e-05  XNOR2_X1
j2_addMult5_MULT_mult_18_U400  9.175e-05   9.629e-05   0.0002296   4.155e-05  XNOR2_X1
j0_addMult8_MULT_mult_18_U428  0.0001296   6.857e-05   0.0002294    3.13e-05  XNOR2_X1
j0_addMult9_MULT_mult_18_U358  0.0001126    8.44e-05   0.0002294   3.241e-05  OAI22_X1
j2_addMult8_MULT_mult_18_U368  0.0001167   8.141e-05   0.0002294   3.128e-05  OAI22_X1
j1_addMult9_MULT_mult_18_U440  0.0001296   6.851e-05   0.0002294    3.13e-05  XNOR2_X1
j0_addMult9_MULT_mult_18_U430  0.0001313   6.651e-05   0.0002293   3.153e-05  XNOR2_X1
j2_addMult9_MULT_mult_18_U364  0.0001132   8.349e-05   0.0002293   3.266e-05  OAI22_X1
j2_addMult2_MULT_mult_18_U358  0.0001134   7.925e-05   0.0002292   3.659e-05  OAI22_X1
j0_addMult2_MULT_mult_18_U438  0.0001306   6.532e-05   0.0002292   3.331e-05  XNOR2_X1
j2_addMult9_MULT_mult_18_U436  0.0001324   6.473e-05   0.0002292   3.202e-05  XNOR2_X1
j2_addMult1_MULT_mult_18_U436   0.000132   6.403e-05   0.0002291   3.308e-05  XNOR2_X1
j0_addMult6_MULT_mult_18_U364  0.0001065   8.692e-05   0.0002291   3.563e-05  OAI22_X1
j1_addMult9_MULT_mult_18_U428  0.0001296   6.822e-05   0.0002291    3.13e-05  XNOR2_X1
j0_addMult5_MULT_mult_18_U411  0.0001281   6.976e-05   0.0002291   3.118e-05  XNOR2_X1
j1_addMult4_MULT_mult_18_U446  8.081e-05   0.0001074   0.0002291   4.087e-05  XNOR2_X1
j2_addMult4_MULT_mult_18_U430  0.0001306   6.509e-05    0.000229   3.331e-05  XNOR2_X1
j1_addMult0_MULT_mult_18_U423  0.0001308   6.632e-05   0.0002289   3.177e-05  XNOR2_X1
j1_addMult9_MULT_mult_18_U358  0.0001172   8.018e-05   0.0002288    3.14e-05  OAI22_X1
j1_addMult0_MULT_mult_18_U413  0.0001308   6.612e-05   0.0002287   3.177e-05  XNOR2_X1
j0_addMult2_MULT_mult_18_U29   0.0001083   5.722e-05   0.0002287   6.311e-05  FA_X1
j1_addMult6_MULT_mult_18_U435  0.0001078   8.539e-05   0.0002286   3.548e-05  OAI22_X1
j0_mult0_mult_18_U358          0.0001105   8.548e-05   0.0002286    3.27e-05  OAI22_X1
j2_mult0_mult_18_U409          0.0001237   7.384e-05   0.0002286   3.106e-05  XNOR2_X1
j0_addMult0_MULT_mult_18_U489  9.755e-05   9.617e-05   0.0002285   3.477e-05  XOR2_X1
j1_addMult8_MULT_mult_18_U368  0.0001131   8.272e-05   0.0002284   3.266e-05  OAI22_X1
j1_addMult7_MULT_mult_18_U415  0.0001286   6.787e-05   0.0002284   3.189e-05  XNOR2_X1
j0_addMult8_MULT_mult_18_U473  0.0001457   5.374e-05   0.0002283   2.882e-05  AOI222_X1
j2_addMult4_MULT_mult_18_U442  0.0001305   6.442e-05   0.0002282   3.331e-05  XNOR2_X1
j1_addMult9_MULT_mult_18_U436  0.0001295   6.737e-05   0.0002282    3.13e-05  XNOR2_X1
j1_addMult7_MULT_mult_18_U425   9.74e-05   9.458e-05   0.0002281   3.617e-05  OAI22_X1
j0_addMult3_MULT_mult_18_U489  9.714e-05   9.679e-05   0.0002281   3.418e-05  XOR2_X1
j0_addMult1_MULT_mult_18_U446  0.0001309   6.529e-05   0.0002281   3.191e-05  XNOR2_X1
j1_addMult1_MULT_mult_18_U65   0.0001043   7.269e-05    0.000228   5.098e-05  FA_X1
j1_addMult4_MULT_mult_18_U407  0.0001275   6.916e-05   0.0002279    3.13e-05  XNOR2_X1
j1_addMult9_MULT_mult_18_U364  0.0001172   7.915e-05   0.0002278    3.14e-05  OAI22_X1
j2_addMult6_MULT_mult_18_U415  0.0001281   6.854e-05   0.0002278   3.118e-05  XNOR2_X1
j1_addMult3_MULT_mult_18_U409  0.0001263    6.81e-05   0.0002276    3.32e-05  XNOR2_X1
j2_addMult7_MULT_mult_18_U415   0.000128   6.819e-05   0.0002273   3.118e-05  XNOR2_X1
j2_addMult4_MULT_mult_18_U405  0.0001263   6.776e-05   0.0002273    3.32e-05  XNOR2_X1
j2_addMult8_MULT_mult_18_U364  0.0001167   7.921e-05   0.0002272   3.128e-05  OAI22_X1
j1_addMult0_MULT_mult_18_U483  0.0001319   5.749e-05   0.0002272   3.779e-05  MUX2_X1
j2_addMult3_MULT_mult_18_U442  0.0001268   6.839e-05   0.0002271   3.191e-05  XNOR2_X1
j0_addMult6_MULT_mult_18_U415  0.0001286   6.662e-05   0.0002271   3.189e-05  XNOR2_X1
j2_addMult0_MULT_mult_18_U438  0.0001247    7.01e-05   0.0002271   3.226e-05  XNOR2_X1
j1_addMult9_MULT_mult_18_U438  0.0001295   6.621e-05    0.000227    3.13e-05  XNOR2_X1
j2_addMult8_MULT_mult_18_U426  0.0001531   3.677e-05    0.000227   3.714e-05  XNOR2_X1
j0_addMult9_MULT_mult_18_U368  0.0001126   8.163e-05   0.0002267   3.241e-05  OAI22_X1
j0_addMult1_MULT_mult_18_U442  0.0001309   6.385e-05   0.0002266   3.191e-05  XNOR2_X1
j2_addMult1_MULT_mult_18_U358  0.0001101   8.379e-05   0.0002266    3.27e-05  OAI22_X1
j1_addMult5_MULT_mult_18_U419   0.000128   6.734e-05   0.0002266   3.118e-05  XNOR2_X1
j1_mult0_mult_18_U415          0.0001292    6.61e-05   0.0002265   3.118e-05  XNOR2_X1
j1_addMult7_MULT_mult_18_U362  0.0001062    8.45e-05   0.0002264   3.563e-05  OAI22_X1
j1_addMult1_MULT_mult_18_U489  9.755e-05   9.403e-05   0.0002264   3.477e-05  XOR2_X1
j2_addMult4_MULT_mult_18_U471  9.019e-05   6.721e-05   0.0002263   6.888e-05  OAI222_X1
j0_addMult6_MULT_mult_18_U426   0.000153   3.611e-05   0.0002263   3.714e-05  XNOR2_X1
j0_addMult5_MULT_mult_18_U439  0.0001076   8.305e-05   0.0002262   3.548e-05  OAI22_X1
j1_mult0_mult_18_U419          0.0001292   6.574e-05   0.0002261   3.118e-05  XNOR2_X1
j1_addMult1_MULT_mult_18_U469  9.879e-05   8.833e-05   0.0002261   3.901e-05  OAI222_X1
j2_addMult5_MULT_mult_18_U426   0.000152   3.675e-05    0.000226   3.732e-05  XNOR2_X1
j2_addMult5_MULT_mult_18_U409  0.0001275   6.726e-05    0.000226    3.13e-05  XNOR2_X1
j0_mult0_mult_18_U428          0.0001222   7.071e-05    0.000226   3.308e-05  XNOR2_X1
j1_addMult2_MULT_mult_18_U483  0.0001382   5.255e-05    0.000226   3.521e-05  MUX2_X1
j0_addMult3_MULT_mult_18_U409  0.0001275   6.717e-05   0.0002259    3.13e-05  XNOR2_X1
j1_addMult3_MULT_mult_18_U25   0.0001002   5.929e-05   0.0002259   6.641e-05  FA_X1
j1_addMult7_MULT_mult_18_U413  0.0001286   6.532e-05   0.0002258   3.189e-05  XNOR2_X1
j2_mult0_mult_18_U426          0.0001523    3.74e-05   0.0002258   3.608e-05  XNOR2_X1
j1_addMult2_MULT_mult_18_U438  0.0001268   6.697e-05   0.0002256   3.191e-05  XNOR2_X1
j1_addMult6_MULT_mult_18_U29   0.0001083   5.436e-05   0.0002256   6.296e-05  FA_X1
j2_addMult6_MULT_mult_18_U483  0.0001351   5.596e-05   0.0002256   3.448e-05  MUX2_X1
j0_addMult7_MULT_mult_18_U415  0.0001221   7.038e-05   0.0002255   3.296e-05  XNOR2_X1
j1_addMult4_MULT_mult_18_U489  9.714e-05   9.409e-05   0.0002254   3.418e-05  XOR2_X1
j1_mult0_mult_18_U407          0.0001292   6.504e-05   0.0002254   3.118e-05  XNOR2_X1
j0_addMult3_MULT_mult_18_U426   0.000152   3.613e-05   0.0002254   3.732e-05  XNOR2_X1
j2_addMult5_MULT_mult_18_U398  9.179e-05     9.2e-05   0.0002253   4.155e-05  XNOR2_X1
j2_addMult4_MULT_mult_18_U411  0.0001263   6.581e-05   0.0002253    3.32e-05  XNOR2_X1
j1_addMult3_MULT_mult_18_U362  0.0001129   8.146e-05   0.0002253   3.095e-05  OAI22_X1
j1_mult0_mult_18_U411          0.0001292   6.487e-05   0.0002252   3.118e-05  XNOR2_X1
j1_addMult7_MULT_mult_18_U417  0.0001286   6.474e-05   0.0002252   3.189e-05  XNOR2_X1
j1_addMult6_MULT_mult_18_U476  0.0001238   5.524e-05   0.0002251   4.607e-05  AOI222_X1
j1_addMult3_MULT_mult_18_U419  0.0001263    6.56e-05   0.0002251    3.32e-05  XNOR2_X1
j1_addMult6_MULT_mult_18_U43   0.0001007   6.248e-05   0.0002251   6.193e-05  FA_X1
j1_addMult9_MULT_mult_18_U444  0.0001294   6.433e-05   0.0002251    3.13e-05  XNOR2_X1
j1_addMult4_MULT_mult_18_U426   0.000152   3.577e-05   0.0002251   3.732e-05  XNOR2_X1
j2_addMult0_MULT_mult_18_U405  0.0001292   6.469e-05    0.000225   3.118e-05  XNOR2_X1
j2_addMult8_MULT_mult_18_U421  0.0001286   6.456e-05    0.000225   3.189e-05  XNOR2_X1
j2_addMult0_MULT_mult_18_U440  0.0001247   6.797e-05   0.0002249   3.226e-05  XNOR2_X1
j1_addMult1_MULT_mult_18_U405  0.0001257   6.706e-05   0.0002249   3.212e-05  XNOR2_X1
j2_addMult0_MULT_mult_18_U434  0.0001247   6.792e-05   0.0002249   3.226e-05  XNOR2_X1
j2_addMult7_MULT_mult_18_U65   9.951e-05   7.394e-05   0.0002248   5.135e-05  FA_X1
j2_addMult3_MULT_mult_18_U432  0.0001268   6.607e-05   0.0002247   3.191e-05  XNOR2_X1
j0_addMult4_MULT_mult_18_U407   0.000128   6.554e-05   0.0002247   3.118e-05  XNOR2_X1
j0_addMult1_MULT_mult_18_U419  0.0001267   6.604e-05   0.0002247     3.2e-05  XNOR2_X1
j2_addMult8_MULT_mult_18_U417  0.0001286   6.427e-05   0.0002247   3.189e-05  XNOR2_X1
j2_addMult4_MULT_mult_18_U358   0.000113   8.073e-05   0.0002247   3.095e-05  OAI22_X1
j1_mult0_mult_18_U409          0.0001292   6.435e-05   0.0002247   3.118e-05  XNOR2_X1
j2_addMult5_MULT_mult_18_U439  0.0001038   8.639e-05   0.0002247   3.455e-05  OAI22_X1
j1_addMult9_MULT_mult_18_U432  0.0001294   6.398e-05   0.0002247    3.13e-05  XNOR2_X1
j1_addMult7_MULT_mult_18_U419  0.0001286    6.42e-05   0.0002247   3.189e-05  XNOR2_X1
j0_addMult6_MULT_mult_18_U358  0.0001065   8.242e-05   0.0002246   3.563e-05  OAI22_X1
j0_addMult9_MULT_mult_18_U43   0.0001006   6.244e-05   0.0002246    6.15e-05  FA_X1
j1_addMult7_MULT_mult_18_U421  0.0001286   6.408e-05   0.0002245   3.189e-05  XNOR2_X1
j0_addMult1_MULT_mult_18_U413  0.0001267   6.584e-05   0.0002245     3.2e-05  XNOR2_X1
j2_addMult5_MULT_mult_18_U419  0.0001274   6.575e-05   0.0002245    3.13e-05  XNOR2_X1
j1_addMult5_MULT_mult_18_U409   0.000128   6.518e-05   0.0002244   3.118e-05  XNOR2_X1
j1_mult0_mult_18_U421          0.0001292   6.405e-05   0.0002244   3.118e-05  XNOR2_X1
j0_addMult4_MULT_mult_18_U405   0.000128   6.518e-05   0.0002244   3.118e-05  XNOR2_X1
j1_addMult7_MULT_mult_18_U407  0.0001286   6.382e-05   0.0002243   3.189e-05  XNOR2_X1
j2_addMult7_MULT_mult_18_U368  0.0001113    8.03e-05   0.0002242   3.257e-05  OAI22_X1
j2_addMult8_MULT_mult_18_U405  0.0001286   6.368e-05   0.0002241   3.189e-05  XNOR2_X1
j1_addMult7_MULT_mult_18_U405  0.0001286   6.369e-05   0.0002241   3.189e-05  XNOR2_X1
j2_addMult1_MULT_mult_18_U69   9.984e-05   7.131e-05   0.0002241   5.294e-05  FA_X1
j2_addMult9_MULT_mult_18_U411  0.0001221     6.9e-05   0.0002241   3.296e-05  XNOR2_X1
j0_addMult4_MULT_mult_18_U419   0.000128   6.485e-05    0.000224   3.118e-05  XNOR2_X1
j0_addMult7_MULT_mult_18_U358  0.0001131   7.826e-05    0.000224   3.266e-05  OAI22_X1
j1_addMult9_MULT_mult_18_U430  0.0001294   6.326e-05    0.000224    3.13e-05  XNOR2_X1
j2_addMult7_MULT_mult_18_U407   0.000128   6.468e-05   0.0002239   3.118e-05  XNOR2_X1
j2_addMult0_MULT_mult_18_U442  0.0001247   6.683e-05   0.0002238   3.226e-05  XNOR2_X1
j1_addMult9_MULT_mult_18_U442  0.0001294   6.307e-05   0.0002238    3.13e-05  XNOR2_X1
j1_mult0_mult_18_U417          0.0001291   6.339e-05   0.0002237   3.118e-05  XNOR2_X1
j1_mult0_mult_18_U413          0.0001291   6.337e-05   0.0002237   3.118e-05  XNOR2_X1
j2_addMult5_MULT_mult_18_U411  0.0001275   6.491e-05   0.0002237    3.13e-05  XNOR2_X1
j2_addMult8_MULT_mult_18_U411  0.0001286   6.311e-05   0.0002236   3.189e-05  XNOR2_X1
j0_addMult3_MULT_mult_18_U358    0.00011   7.934e-05   0.0002235   3.423e-05  OAI22_X1
j1_addMult1_MULT_mult_18_U419  0.0001256   6.576e-05   0.0002235   3.212e-05  XNOR2_X1
j2_addMult7_MULT_mult_18_U358  0.0001117   7.925e-05   0.0002235   3.257e-05  OAI22_X1
j0_addMult0_MULT_mult_18_U415  0.0001256   6.575e-05   0.0002235   3.212e-05  XNOR2_X1
j0_addMult3_MULT_mult_18_U411  0.0001274   6.476e-05   0.0002235    3.13e-05  XNOR2_X1
j1_mult0_mult_18_U405          0.0001291   6.317e-05   0.0002235   3.118e-05  XNOR2_X1
j2_addMult7_MULT_mult_18_U413   0.000128   6.432e-05   0.0002235   3.118e-05  XNOR2_X1
j0_addMult1_MULT_mult_18_U421  0.0001267   6.478e-05   0.0002234     3.2e-05  XNOR2_X1
j0_addMult1_MULT_mult_18_U417  0.0001267   6.473e-05   0.0002234     3.2e-05  XNOR2_X1
j1_addMult6_MULT_mult_18_U415  0.0001281   6.414e-05   0.0002234   3.118e-05  XNOR2_X1
j2_addMult8_MULT_mult_18_U415  0.0001286   6.292e-05   0.0002234   3.189e-05  XNOR2_X1
j0_addMult1_MULT_mult_18_U407  0.0001267   6.466e-05   0.0002233     3.2e-05  XNOR2_X1
j1_addMult3_MULT_mult_18_U441  0.0001049   7.936e-05   0.0002233   3.906e-05  OAI22_X1
j0_addMult0_MULT_mult_18_U405  0.0001256   6.551e-05   0.0002233   3.212e-05  XNOR2_X1
j1_addMult5_MULT_mult_18_U483  0.0001349   5.373e-05   0.0002231   3.448e-05  MUX2_X1
j2_addMult7_MULT_mult_18_U405   0.000128   6.395e-05   0.0002231   3.118e-05  XNOR2_X1
j0_addMult0_MULT_mult_18_U426    0.00015   3.593e-05   0.0002231   3.714e-05  XNOR2_X1
j0_addMult7_MULT_mult_18_U461  9.615e-05   9.284e-05   0.0002231    3.41e-05  OAI21_X1
j1_addMult5_MULT_mult_18_U411   0.000128   6.387e-05   0.0002231   3.118e-05  XNOR2_X1
j0_addMult4_MULT_mult_18_U417   0.000128   6.391e-05   0.0002231   3.118e-05  XNOR2_X1
j0_addMult9_MULT_mult_18_U317  3.455e-05   0.0001753    0.000223   1.322e-05  INV_X1
j0_addMult5_MULT_mult_18_U25      0.0001   5.609e-05    0.000223   6.691e-05  FA_X1
j2_addMult2_MULT_mult_18_U415  0.0001256   6.523e-05    0.000223   3.212e-05  XNOR2_X1
j2_addMult7_MULT_mult_18_U417  0.0001279   6.388e-05    0.000223   3.118e-05  XNOR2_X1
j1_addMult4_MULT_mult_18_U411  0.0001274    6.42e-05   0.0002229    3.13e-05  XNOR2_X1
j2_addMult8_MULT_mult_18_U413  0.0001286   6.248e-05   0.0002229   3.189e-05  XNOR2_X1
j2_addMult7_MULT_mult_18_U444  0.0001221   6.773e-05   0.0002229   3.308e-05  XNOR2_X1
j0_addMult0_MULT_mult_18_U411  0.0001256   6.516e-05   0.0002229   3.212e-05  XNOR2_X1
j1_addMult3_MULT_mult_18_U295  5.779e-05   0.0001503   0.0002228   1.476e-05  INV_X1
j2_addMult2_MULT_mult_18_U426    0.00015   3.563e-05   0.0002228   3.714e-05  XNOR2_X1
j2_addMult8_MULT_mult_18_U423  0.0001286   6.235e-05   0.0002228   3.189e-05  XNOR2_X1
j0_addMult8_MULT_mult_18_U434    0.00012    7.15e-05   0.0002228    3.13e-05  XNOR2_X1
j2_addMult3_MULT_mult_18_U419  0.0001267   6.407e-05   0.0002227     3.2e-05  XNOR2_X1
j2_addMult8_MULT_mult_18_U473  0.0001423   4.836e-05   0.0002227     3.2e-05  AOI222_X1
j1_addMult4_MULT_mult_18_U417  0.0001274   6.395e-05   0.0002227    3.13e-05  XNOR2_X1
j1_addMult7_MULT_mult_18_U65   9.596e-05   7.564e-05   0.0002226   5.099e-05  FA_X1
j1_addMult1_MULT_mult_18_U479  9.635e-05   9.438e-05   0.0002226   3.185e-05  OAI21_X1
j0_mult0_mult_18_U362          0.0001105   7.931e-05   0.0002225    3.27e-05  OAI22_X1
j2_addMult7_MULT_mult_18_U419  0.0001279   6.332e-05   0.0002224   3.118e-05  XNOR2_X1
j2_addMult0_MULT_mult_18_U444  0.0001247   6.548e-05   0.0002224   3.226e-05  XNOR2_X1
j1_addMult4_MULT_mult_18_U405  0.0001274   6.364e-05   0.0002224    3.13e-05  XNOR2_X1
j0_addMult5_MULT_mult_18_U441  0.0001049   7.917e-05   0.0002224   3.831e-05  OAI22_X1
j2_addMult4_MULT_mult_18_U25      0.0001   5.587e-05   0.0002223   6.641e-05  FA_X1
j1_addMult9_MULT_mult_18_U434  0.0001293   6.169e-05   0.0002223    3.13e-05  XNOR2_X1
j0_mult0_mult_18_U430          0.0001222   6.708e-05   0.0002223   3.308e-05  XNOR2_X1
j1_addMult1_MULT_mult_18_U407  0.0001256   6.458e-05   0.0002223   3.212e-05  XNOR2_X1
j2_addMult0_MULT_mult_18_U436  0.0001247   6.536e-05   0.0002223   3.226e-05  XNOR2_X1
j1_addMult4_MULT_mult_18_U419  0.0001274   6.355e-05   0.0002223    3.13e-05  XNOR2_X1
j0_addMult5_MULT_mult_18_U409   0.000128   6.294e-05   0.0002222   3.118e-05  XNOR2_X1
j1_addMult2_MULT_mult_18_U415  0.0001266   6.344e-05   0.0002221     3.2e-05  XNOR2_X1
j0_addMult1_MULT_mult_18_U423  0.0001266   6.329e-05   0.0002219     3.2e-05  XNOR2_X1
j2_mult0_mult_18_U411          0.0001236   6.719e-05   0.0002219   3.106e-05  XNOR2_X1
j0_addMult5_MULT_mult_18_U362  0.0001114   7.795e-05   0.0002219   3.257e-05  OAI22_X1
j0_addMult7_MULT_mult_18_U69   9.972e-05   6.926e-05   0.0002219   5.288e-05  FA_X1
j1_addMult1_MULT_mult_18_U421  0.0001256   6.411e-05   0.0002218   3.212e-05  XNOR2_X1
j1_addMult9_MULT_mult_18_U415  0.0001199   6.921e-05   0.0002218   3.273e-05  XNOR2_X1
j0_addMult0_MULT_mult_18_U419  0.0001256   6.409e-05   0.0002218   3.212e-05  XNOR2_X1
j0_addMult2_MULT_mult_18_U43   0.0001006    5.96e-05   0.0002217    6.15e-05  FA_X1
j0_addMult1_MULT_mult_18_U415  0.0001266   6.309e-05   0.0002217     3.2e-05  XNOR2_X1
j2_addMult3_MULT_mult_18_U411  0.0001266   6.301e-05   0.0002216     3.2e-05  XNOR2_X1
j0_addMult0_MULT_mult_18_U417  0.0001256   6.392e-05   0.0002216   3.212e-05  XNOR2_X1
j1_addMult1_MULT_mult_18_U415  0.0001256   6.386e-05   0.0002216   3.212e-05  XNOR2_X1
j0_addMult6_MULT_mult_18_U476  0.0001234   5.131e-05   0.0002215   4.678e-05  AOI222_X1
j1_addMult1_MULT_mult_18_U417  0.0001256   6.372e-05   0.0002214   3.212e-05  XNOR2_X1
j1_addMult9_MULT_mult_18_U446  0.0001293   6.079e-05   0.0002214    3.13e-05  XNOR2_X1
j0_addMult5_MULT_mult_18_U419   0.000128   6.211e-05   0.0002213   3.118e-05  XNOR2_X1
j0_addMult1_MULT_mult_18_U405  0.0001266   6.273e-05   0.0002213     3.2e-05  XNOR2_X1
j1_addMult7_MULT_mult_18_U461  9.994e-05   9.124e-05   0.0002213    3.01e-05  OAI21_X1
j0_addMult7_MULT_mult_18_U442   0.000122    6.71e-05   0.0002212   3.202e-05  XNOR2_X1
j2_mult0_mult_18_U419          0.0001236   6.637e-05   0.0002211   3.106e-05  XNOR2_X1
j2_addMult3_MULT_mult_18_U409  0.0001266   6.241e-05    0.000221     3.2e-05  XNOR2_X1
j0_mult0_mult_18_U368          0.0001105   7.774e-05   0.0002209    3.27e-05  OAI22_X1
j0_addMult2_MULT_mult_18_U476  0.0001267   5.266e-05   0.0002209   4.157e-05  AOI222_X1
j0_addMult7_MULT_mult_18_U407  0.0001221   6.565e-05   0.0002207   3.296e-05  XNOR2_X1
j2_addMult0_MULT_mult_18_U446  0.0001247   6.373e-05   0.0002206   3.226e-05  XNOR2_X1
j2_addMult5_MULT_mult_18_U358    0.00011   7.633e-05   0.0002205   3.423e-05  OAI22_X1
j0_addMult3_MULT_mult_18_U419  0.0001274   6.179e-05   0.0002205    3.13e-05  XNOR2_X1
j2_addMult0_MULT_mult_18_U413  0.0001194   6.988e-05   0.0002205   3.118e-05  XNOR2_X1
j0_addMult7_MULT_mult_18_U446   0.000122   6.641e-05   0.0002205   3.202e-05  XNOR2_X1
j1_addMult1_MULT_mult_18_U413  0.0001255   6.279e-05   0.0002204   3.212e-05  XNOR2_X1
j0_addMult8_MULT_mult_18_U415  0.0001191   6.865e-05   0.0002204   3.273e-05  XNOR2_X1
j2_mult0_mult_18_U415          0.0001236   6.573e-05   0.0002204   3.106e-05  XNOR2_X1
j0_addMult5_MULT_mult_18_U483  0.0001315   5.402e-05   0.0002203   3.478e-05  MUX2_X1
j2_mult0_mult_18_U318           4.67e-05   0.0001596   0.0002203   1.395e-05  INV_X1
j0_addMult6_MULT_mult_18_U362  0.0001066   7.801e-05   0.0002202   3.563e-05  OAI22_X1
j1_addMult9_MULT_mult_18_U489  9.462e-05   9.141e-05   0.0002202   3.415e-05  XOR2_X1
j0_addMult7_MULT_mult_18_U444   0.000122   6.607e-05   0.0002201   3.202e-05  XNOR2_X1
j0_addMult0_MULT_mult_18_U483  0.0001344   4.774e-05   0.0002199   3.779e-05  MUX2_X1
j0_addMult0_MULT_mult_18_U421  0.0001255   6.226e-05   0.0002199   3.212e-05  XNOR2_X1
j0_addMult7_MULT_mult_18_U413  0.0001221   6.483e-05   0.0002199   3.296e-05  XNOR2_X1
j2_mult0_mult_18_U407          0.0001236   6.513e-05   0.0002198   3.106e-05  XNOR2_X1
j0_addMult0_MULT_mult_18_U413  0.0001255   6.213e-05   0.0002198   3.212e-05  XNOR2_X1
j1_addMult8_MULT_mult_18_U405  0.0001221   6.472e-05   0.0002197   3.296e-05  XNOR2_X1
j0_addMult3_MULT_mult_18_U368    0.00011   7.546e-05   0.0002197   3.423e-05  OAI22_X1
j2_mult0_mult_18_U417          0.0001236   6.481e-05   0.0002195   3.106e-05  XNOR2_X1
j0_addMult0_MULT_mult_18_U423  0.0001255   6.162e-05   0.0002192   3.212e-05  XNOR2_X1
j1_addMult9_MULT_mult_18_U482  8.555e-05   9.748e-05    0.000219   3.602e-05  XNOR2_X1
j2_addMult5_MULT_mult_18_U483  0.0001315   5.259e-05    0.000219   3.496e-05  MUX2_X1
j0_addMult8_MULT_mult_18_U446    0.00012   6.771e-05    0.000219    3.13e-05  XNOR2_X1
j2_mult0_mult_18_U43           0.0001004    5.89e-05   0.0002189   5.965e-05  FA_X1
j1_addMult9_MULT_mult_18_U413  0.0001198   6.634e-05   0.0002188   3.273e-05  XNOR2_X1
j2_mult0_mult_18_U413          0.0001236    6.41e-05   0.0002188   3.106e-05  XNOR2_X1
j0_addMult3_MULT_mult_18_U483  0.0001315   5.232e-05   0.0002188   3.496e-05  MUX2_X1
j0_addMult8_MULT_mult_18_U436    0.00012   6.734e-05   0.0002186    3.13e-05  XNOR2_X1
j2_addMult7_MULT_mult_18_U446  0.0001221   6.344e-05   0.0002186   3.308e-05  XNOR2_X1
j2_addMult7_MULT_mult_18_U461  0.0001007   8.872e-05   0.0002184   2.902e-05  OAI21_X1
j0_addMult8_MULT_mult_18_U483  0.0001312   4.933e-05   0.0002183   3.779e-05  MUX2_X1
j2_addMult9_MULT_mult_18_U415  0.0001221   6.326e-05   0.0002183   3.296e-05  XNOR2_X1
j0_addMult4_MULT_mult_18_U56   0.0001026   5.886e-05   0.0002182   5.676e-05  FA_X1
j1_addMult8_MULT_mult_18_U419  0.0001221   6.299e-05    0.000218   3.296e-05  XNOR2_X1
j1_addMult8_MULT_mult_18_U417  0.0001221   6.292e-05   0.0002179   3.296e-05  XNOR2_X1
j1_addMult8_MULT_mult_18_U411  0.0001221   6.287e-05   0.0002179   3.296e-05  XNOR2_X1
j2_addMult7_MULT_mult_18_U69    9.95e-05   6.548e-05   0.0002174   5.247e-05  FA_X1
j0_addMult3_MULT_mult_18_U439  0.0001041   7.883e-05   0.0002174   3.455e-05  OAI22_X1
j2_mult0_mult_18_U421          0.0001236   6.273e-05   0.0002174   3.106e-05  XNOR2_X1
j0_addMult9_MULT_mult_18_U407  0.0001171   6.692e-05   0.0002173    3.32e-05  XNOR2_X1
j2_addMult0_MULT_mult_18_U411  0.0001194   6.662e-05   0.0002172   3.118e-05  XNOR2_X1
j0_addMult8_MULT_mult_18_U411   0.000119   6.536e-05   0.0002171   3.273e-05  XNOR2_X1
j0_addMult7_MULT_mult_18_U405   0.000122   6.212e-05   0.0002171   3.296e-05  XNOR2_X1
j2_mult0_mult_18_U405          0.0001236    6.23e-05    0.000217   3.106e-05  XNOR2_X1
j1_addMult4_MULT_mult_18_U431  0.0001034     7.9e-05    0.000217   3.455e-05  OAI22_X1
j1_addMult7_MULT_mult_18_U72    0.000118   5.018e-05   0.0002168   4.867e-05  HA_X1
j2_addMult9_MULT_mult_18_U423   0.000122    6.18e-05   0.0002168   3.296e-05  XNOR2_X1
j2_addMult2_MULT_mult_18_U483  0.0001343   4.765e-05   0.0002167   3.471e-05  MUX2_X1
j2_addMult9_MULT_mult_18_U471  8.778e-05   6.701e-05   0.0002166   6.183e-05  OAI222_X1
j2_addMult9_MULT_mult_18_U417   0.000122   6.148e-05   0.0002165   3.296e-05  XNOR2_X1
j1_addMult8_MULT_mult_18_U483  0.0001311    4.76e-05   0.0002165   3.779e-05  MUX2_X1
j2_addMult9_MULT_mult_18_U413   0.000122   6.123e-05   0.0002162   3.296e-05  XNOR2_X1
j2_mult0_mult_18_U473          0.0001379   3.825e-05   0.0002162   4.011e-05  AOI222_X1
j0_addMult8_MULT_mult_18_U444    0.00012   6.456e-05   0.0002158    3.13e-05  XNOR2_X1
j2_addMult4_MULT_mult_18_U56   0.0001064   5.483e-05   0.0002158   5.449e-05  FA_X1
j0_addMult2_MULT_mult_18_U483  0.0001312   4.918e-05   0.0002157    3.53e-05  MUX2_X1
j0_addMult7_MULT_mult_18_U417   0.000122   6.072e-05   0.0002157   3.296e-05  XNOR2_X1
j1_addMult8_MULT_mult_18_U415   0.000122   6.069e-05   0.0002157   3.296e-05  XNOR2_X1
j2_addMult9_MULT_mult_18_U421   0.000122   6.057e-05   0.0002155   3.296e-05  XNOR2_X1
j2_addMult9_MULT_mult_18_U405   0.000122   6.054e-05   0.0002155   3.296e-05  XNOR2_X1
j2_addMult9_MULT_mult_18_U419   0.000122   6.045e-05   0.0002154   3.296e-05  XNOR2_X1
j0_addMult8_MULT_mult_18_U413   0.000119   6.367e-05   0.0002154   3.273e-05  XNOR2_X1
j2_addMult0_MULT_mult_18_U421  0.0001194   6.484e-05   0.0002154   3.118e-05  XNOR2_X1
j1_addMult9_MULT_mult_18_U421  0.0001197   6.303e-05   0.0002154   3.273e-05  XNOR2_X1
j1_addMult8_MULT_mult_18_U413   0.000122    6.04e-05   0.0002154   3.296e-05  XNOR2_X1
j0_addMult9_MULT_mult_18_U419  0.0001171   6.503e-05   0.0002154    3.32e-05  XNOR2_X1
j2_addMult9_MULT_mult_18_U409   0.000122   6.028e-05   0.0002153   3.296e-05  XNOR2_X1
j0_addMult7_MULT_mult_18_U65    9.58e-05   6.889e-05   0.0002153   5.056e-05  FA_X1
j1_addMult3_MULT_mult_18_U483  0.0001311   4.882e-05   0.0002152    3.53e-05  MUX2_X1
j0_addMult8_MULT_mult_18_U438  0.0001199    6.39e-05   0.0002151    3.13e-05  XNOR2_X1
j1_addMult8_MULT_mult_18_U426  0.0001409   3.772e-05   0.0002151   3.645e-05  XNOR2_X1
j1_addMult9_MULT_mult_18_U409  0.0001196    6.27e-05   0.0002151   3.273e-05  XNOR2_X1
j0_addMult8_MULT_mult_18_U417   0.000119   6.304e-05   0.0002148   3.273e-05  XNOR2_X1
j0_addMult8_MULT_mult_18_U419   0.000119   6.303e-05   0.0002148   3.273e-05  XNOR2_X1
j2_addMult9_MULT_mult_18_U407   0.000122   5.969e-05   0.0002147   3.296e-05  XNOR2_X1
j1_addMult8_MULT_mult_18_U421   0.000122   5.965e-05   0.0002147   3.296e-05  XNOR2_X1
j1_addMult5_MULT_mult_18_U426  0.0001424   3.455e-05   0.0002146   3.766e-05  XNOR2_X1
j2_addMult7_MULT_mult_18_U421  0.0001173   6.602e-05   0.0002145   3.118e-05  XNOR2_X1
j0_addMult8_MULT_mult_18_U440  0.0001199   6.323e-05   0.0002145    3.13e-05  XNOR2_X1
j0_addMult1_MULT_mult_18_U469    9.9e-05   7.456e-05   0.0002144   4.084e-05  OAI222_X1
j1_addMult9_MULT_mult_18_U407  0.0001196   6.202e-05   0.0002144   3.273e-05  XNOR2_X1
j2_addMult0_MULT_mult_18_U415  0.0001194   6.358e-05   0.0002142   3.118e-05  XNOR2_X1
j1_addMult6_MULT_mult_18_U426  0.0001419   3.428e-05   0.0002142   3.801e-05  XNOR2_X1
j2_addMult0_MULT_mult_18_U417  0.0001194   6.356e-05   0.0002141   3.118e-05  XNOR2_X1
j1_addMult9_MULT_mult_18_U419  0.0001196   6.171e-05    0.000214   3.273e-05  XNOR2_X1
j0_addMult8_MULT_mult_18_U423   0.000119   6.225e-05    0.000214   3.273e-05  XNOR2_X1
j2_addMult0_MULT_mult_18_U419  0.0001194   6.338e-05    0.000214   3.118e-05  XNOR2_X1
j0_addMult8_MULT_mult_18_U442  0.0001199   6.262e-05   0.0002139    3.13e-05  XNOR2_X1
j2_addMult8_MULT_mult_18_U483  0.0001278   4.824e-05   0.0002138   3.779e-05  MUX2_X1
j0_addMult5_MULT_mult_18_U426  0.0001419   3.369e-05   0.0002136   3.801e-05  XNOR2_X1
j2_addMult0_MULT_mult_18_U423  0.0001194   6.298e-05   0.0002136   3.118e-05  XNOR2_X1
j0_addMult9_MULT_mult_18_U411  0.0001171    6.32e-05   0.0002135    3.32e-05  XNOR2_X1
j0_addMult9_MULT_mult_18_U409  0.0001171   6.318e-05   0.0002135    3.32e-05  XNOR2_X1
j0_addMult4_MULT_mult_18_U426  0.0001423    3.35e-05   0.0002135   3.766e-05  XNOR2_X1
j0_addMult9_MULT_mult_18_U489  8.983e-05   8.901e-05   0.0002134   3.451e-05  XOR2_X1
j1_mult0_mult_18_U426          0.0001419   3.452e-05   0.0002133    3.68e-05  XNOR2_X1
j0_addMult9_MULT_mult_18_U405  0.0001171   6.274e-05   0.0002131    3.32e-05  XNOR2_X1
j1_addMult9_MULT_mult_18_U411  0.0001196   6.075e-05   0.0002131   3.273e-05  XNOR2_X1
j1_addMult4_MULT_mult_18_U443  7.736e-05   9.734e-05    0.000213   3.833e-05  OAI22_X1
j0_addMult8_MULT_mult_18_U421   0.000119   6.122e-05    0.000213   3.273e-05  XNOR2_X1
j0_addMult9_MULT_mult_18_U417  0.0001171   6.259e-05   0.0002129    3.32e-05  XNOR2_X1
j1_addMult6_MULT_mult_18_U483   0.000131   4.706e-05   0.0002128   3.478e-05  MUX2_X1
j1_addMult7_MULT_mult_18_U469   9.87e-05   7.686e-05   0.0002128   3.728e-05  OAI222_X1
j1_addMult4_MULT_mult_18_U340  8.845e-05   8.867e-05   0.0002128   3.563e-05  OAI22_X1
j2_addMult6_MULT_mult_18_U426  0.0001423   3.277e-05   0.0002127   3.766e-05  XNOR2_X1
j1_addMult4_MULT_mult_18_U56   0.0001019   5.454e-05   0.0002127   5.622e-05  FA_X1
j1_addMult9_MULT_mult_18_U405  0.0001195   5.996e-05   0.0002122   3.273e-05  XNOR2_X1
j0_addMult7_MULT_mult_18_U419  0.0001126   6.652e-05   0.0002121   3.296e-05  XNOR2_X1
j0_addMult9_MULT_mult_18_U413  0.0001171   6.169e-05    0.000212    3.32e-05  XNOR2_X1
j2_addMult0_MULT_mult_18_U426  0.0001419   3.325e-05   0.0002119    3.68e-05  XNOR2_X1
FF_VOUT_U3                     0.0001072   8.488e-05   0.0002118   1.975e-05  NAND2_X1
j0_addMult8_MULT_mult_18_U405   0.000119   6.004e-05   0.0002118   3.273e-05  XNOR2_X1
j0_mult0_mult_18_U426          0.0001404   3.304e-05   0.0002115   3.801e-05  XNOR2_X1
j1_addMult0_MULT_mult_18_U426  0.0001404   3.295e-05   0.0002114   3.801e-05  XNOR2_X1
j0_addMult0_MULT_mult_18_U429   7.53e-05   9.634e-05   0.0002112   3.954e-05  OAI22_X1
j1_addMult9_MULT_mult_18_U417  0.0001195   5.889e-05   0.0002111   3.273e-05  XNOR2_X1
j2_addMult4_MULT_mult_18_U426  0.0001374    3.54e-05   0.0002111   3.836e-05  XNOR2_X1
j0_addMult9_MULT_mult_18_U415  0.0001171   6.079e-05   0.0002111    3.32e-05  XNOR2_X1
j0_addMult2_MULT_mult_18_U426  0.0001373   3.518e-05   0.0002109   3.836e-05  XNOR2_X1
j0_addMult9_MULT_mult_18_U421  0.0001171   6.048e-05   0.0002108    3.32e-05  XNOR2_X1
j2_addMult9_MULT_mult_18_U426  0.0001408   3.349e-05   0.0002108   3.645e-05  XNOR2_X1
j0_mult0_mult_18_U403           0.000139   3.551e-05   0.0002106   3.608e-05  XNOR2_X1
j1_addMult3_MULT_mult_18_U426  0.0001373   3.486e-05   0.0002105   3.836e-05  XNOR2_X1
j0_mult0_mult_18_U471          8.669e-05   6.376e-05   0.0002103   5.989e-05  OAI222_X1
j1_addMult9_MULT_mult_18_U471  8.898e-05   6.182e-05   0.0002099   5.913e-05  OAI222_X1
j0_addMult6_MULT_mult_18_U435  9.808e-05   7.565e-05   0.0002099   3.617e-05  OAI22_X1
j1_addMult4_MULT_mult_18_U475   0.000112   6.298e-05   0.0002095   3.451e-05  AOI222_X1
j2_addMult2_MULT_mult_18_U433  7.566e-05   9.418e-05   0.0002094   3.954e-05  OAI22_X1
j0_addMult9_MULT_mult_18_U426  0.0001397    3.39e-05   0.0002093   3.573e-05  XNOR2_X1
j0_addMult7_MULT_mult_18_U423  0.0001126   6.377e-05   0.0002093   3.296e-05  XNOR2_X1
j0_addMult7_MULT_mult_18_U421  0.0001126   6.368e-05   0.0002092   3.296e-05  XNOR2_X1
j1_addMult0_MULT_mult_18_U403   0.000139   3.414e-05   0.0002092   3.608e-05  XNOR2_X1
j0_addMult9_MULT_mult_18_U423  0.0001171   5.863e-05   0.0002089    3.32e-05  XNOR2_X1
j2_addMult1_MULT_mult_18_U411  7.698e-05   9.053e-05   0.0002089    4.14e-05  XNOR2_X1
j2_addMult4_MULT_mult_18_U295  5.794e-05    0.000135   0.0002087   1.572e-05  INV_X1
j0_addMult6_MULT_mult_18_U434  8.328e-05   8.405e-05   0.0002083   4.094e-05  XNOR2_X1
j0_addMult6_MULT_mult_18_U427  7.512e-05   9.369e-05   0.0002082   3.941e-05  OAI22_X1
j2_addMult5_MULT_mult_18_U427  7.776e-05   9.197e-05   0.0002081   3.833e-05  OAI22_X1
j1_addMult1_MULT_mult_18_U462  0.0001342   5.004e-05   0.0002079   2.376e-05  OR3_X1
FE_RC_59_0                     9.955e-05   7.507e-05   0.0002078   3.319e-05  AOI21_X1
j2_addMult2_MULT_mult_18_U344  8.832e-05   8.285e-05   0.0002076    3.64e-05  OAI22_X1
j1_addMult7_MULT_mult_18_U434  8.337e-05   8.318e-05   0.0002075   4.094e-05  XNOR2_X1
j1_addMult7_MULT_mult_18_U479  9.104e-05    8.47e-05   0.0002073   3.152e-05  OAI21_X1
j0_addMult6_MULT_mult_18_U429  7.516e-05   9.264e-05   0.0002072   3.941e-05  OAI22_X1
j0_addMult6_MULT_mult_18_U344   8.86e-05    8.29e-05   0.0002071   3.563e-05  OAI22_X1
j0_addMult9_MULT_mult_18_U318  4.009e-05   0.0001527   0.0002069   1.407e-05  INV_X1
j0_addMult2_MULT_mult_18_U344  8.336e-05   8.624e-05   0.0002069   3.729e-05  OAI22_X1
j1_mult0_mult_18_U294          6.092e-05   0.0001319   0.0002068   1.395e-05  INV_X1
j1_addMult8_MULT_mult_18_U488  2.163e-05   0.0001651   0.0002067   2.004e-05  NAND2_X1
j2_addMult1_MULT_mult_18_U342  8.595e-05   8.545e-05   0.0002067   3.526e-05  OAI22_X1
j0_addMult2_MULT_mult_18_U488  2.107e-05   0.0001647   0.0002065   2.072e-05  NAND2_X1
j0_addMult4_MULT_mult_18_U475  0.0001159   5.103e-05   0.0002063   3.932e-05  AOI222_X1
j1_addMult3_MULT_mult_18_U403  0.0001344   3.364e-05   0.0002062   3.818e-05  XNOR2_X1
j2_addMult4_MULT_mult_18_U403  0.0001344    3.36e-05   0.0002062   3.818e-05  XNOR2_X1
j1_addMult4_MULT_mult_18_U346  8.848e-05   8.203e-05   0.0002061   3.563e-05  OAI22_X1
j1_addMult2_MULT_mult_18_U478  0.0001012    5.86e-05   0.0002061    4.63e-05  AOI222_X1
j2_addMult1_MULT_mult_18_U462  0.0001342   4.794e-05   0.0002061   2.394e-05  OR3_X1
j1_addMult0_MULT_mult_18_U340  8.594e-05   8.466e-05   0.0002059   3.526e-05  OAI22_X1
j1_addMult8_MULT_mult_18_U422  9.342e-05   6.996e-05   0.0002058   4.242e-05  OAI22_X1
j2_addMult3_MULT_mult_18_U295  5.891e-05   0.0001328   0.0002058   1.409e-05  INV_X1
j0_addMult4_MULT_mult_18_U295  5.894e-05    0.000132   0.0002058   1.487e-05  INV_X1
j0_addMult3_MULT_mult_18_U423  7.225e-05   9.162e-05   0.0002056    4.17e-05  XNOR2_X1
j0_addMult4_MULT_mult_18_U403  0.0001362    3.42e-05   0.0002056   3.521e-05  XNOR2_X1
j0_addMult3_MULT_mult_18_U443  7.789e-05   8.924e-05   0.0002055   3.833e-05  OAI22_X1
j2_addMult4_MULT_mult_18_U475  0.0001145   5.968e-05   0.0002054   3.127e-05  AOI222_X1
j0_addMult8_MULT_mult_18_U426  0.0001366   3.336e-05   0.0002054   3.538e-05  XNOR2_X1
j0_addMult2_MULT_mult_18_U403  0.0001344   3.268e-05   0.0002053   3.818e-05  XNOR2_X1
j1_addMult7_MULT_mult_18_U342  8.866e-05   8.093e-05   0.0002052   3.563e-05  OAI22_X1
j1_addMult6_MULT_mult_18_U465  6.474e-05   9.962e-05   0.0002051   4.077e-05  OAI21_X1
j2_addMult3_MULT_mult_18_U488  2.153e-05   0.0001635   0.0002049   1.987e-05  NAND2_X1
j0_addMult1_MULT_mult_18_U326  0.0001055   6.597e-05   0.0002048   3.334e-05  XNOR2_X1
j2_addMult6_MULT_mult_18_U403  0.0001361   3.338e-05   0.0002047   3.521e-05  XNOR2_X1
j0_addMult6_MULT_mult_18_U403  0.0001366   3.182e-05   0.0002047   3.625e-05  XNOR2_X1
j2_addMult8_MULT_mult_18_U403  0.0001367   3.177e-05   0.0002047   3.625e-05  XNOR2_X1
j1_addMult2_MULT_mult_18_U426  0.0001349   3.328e-05   0.0002045   3.628e-05  XNOR2_X1
j0_addMult1_MULT_mult_18_U488  2.235e-05   0.0001622   0.0002044   1.987e-05  NAND2_X1
j0_addMult3_MULT_mult_18_U295  5.895e-05   0.0001312   0.0002044   1.427e-05  INV_X1
j0_addMult0_MULT_mult_18_U340  8.849e-05   7.944e-05   0.0002043    3.64e-05  OAI22_X1
j1_mult0_mult_18_U403          0.0001363   3.282e-05   0.0002043   3.521e-05  XNOR2_X1
j0_addMult6_MULT_mult_18_U443  7.486e-05       9e-05   0.0002043   3.941e-05  OAI22_X1
j1_addMult2_MULT_mult_18_U294  5.979e-05   0.0001301   0.0002043   1.442e-05  INV_X1
j2_addMult8_MULT_mult_18_U340  8.863e-05   7.986e-05   0.0002041   3.563e-05  OAI22_X1
j1_addMult7_MULT_mult_18_U69   9.191e-05   5.918e-05   0.0002041   5.302e-05  FA_X1
j2_addMult0_MULT_mult_18_U403  0.0001363   3.258e-05    0.000204   3.521e-05  XNOR2_X1
j0_addMult3_MULT_mult_18_U403  0.0001356   3.304e-05    0.000204   3.538e-05  XNOR2_X1
j2_addMult3_MULT_mult_18_U426  0.0001349   3.279e-05    0.000204   3.628e-05  XNOR2_X1
j1_addMult9_MULT_mult_18_U426  0.0001366   3.203e-05    0.000204   3.538e-05  XNOR2_X1
j0_addMult3_MULT_mult_18_U438  8.216e-05    8.08e-05   0.0002038   4.087e-05  XNOR2_X1
j1_mult0_mult_18_U460          9.847e-05   6.947e-05   0.0002038   3.582e-05  XNOR2_X1
j2_addMult6_MULT_mult_18_U478  0.0001018   5.519e-05   0.0002038   4.677e-05  AOI222_X1
j0_mult0_mult_18_U429           7.55e-05   9.536e-05   0.0002036   3.276e-05  OAI22_X1
j2_addMult2_MULT_mult_18_U430   7.98e-05   8.286e-05   0.0002036   4.094e-05  XNOR2_X1
j2_addMult8_MULT_mult_18_U429  7.506e-05    8.91e-05   0.0002036   3.941e-05  OAI22_X1
j1_addMult6_MULT_mult_18_U403  0.0001361   3.218e-05   0.0002035   3.521e-05  XNOR2_X1
j1_mult0_mult_18_U488          2.564e-05   0.0001613   0.0002034   1.644e-05  NAND2_X1
j2_addMult0_MULT_mult_18_U475  0.0001174   4.954e-05   0.0002034   3.644e-05  AOI222_X1
j2_addMult4_MULT_mult_18_U346  8.343e-05   8.266e-05   0.0002034   3.729e-05  OAI22_X1
j0_addMult0_MULT_mult_18_U475  0.0001108    5.65e-05   0.0002032   3.591e-05  AOI222_X1
j0_addMult1_MULT_mult_18_U462  0.0001312   4.836e-05   0.0002032   2.364e-05  OR3_X1
j1_addMult6_MULT_mult_18_U478  0.0001078    5.37e-05   0.0002031   4.156e-05  AOI222_X1
j1_addMult4_MULT_mult_18_U403  0.0001355   3.209e-05    0.000203   3.538e-05  XNOR2_X1
j2_addMult6_MULT_mult_18_U294  5.869e-05   0.0001291   0.0002029   1.509e-05  INV_X1
j2_addMult5_MULT_mult_18_U430  8.224e-05   7.968e-05   0.0002028   4.087e-05  XNOR2_X1
j2_addMult2_MULT_mult_18_U443  7.576e-05   8.748e-05   0.0002028   3.954e-05  OAI22_X1
j1_addMult5_MULT_mult_18_U403  0.0001361   3.139e-05   0.0002027   3.521e-05  XNOR2_X1
j2_addMult5_MULT_mult_18_U403  0.0001355   3.174e-05   0.0002027   3.538e-05  XNOR2_X1
j0_mult0_mult_18_U433          7.564e-05   9.409e-05   0.0002025   3.276e-05  OAI22_X1
j2_addMult5_MULT_mult_18_U443  7.783e-05   8.613e-05   0.0002023   3.833e-05  OAI22_X1
j0_addMult5_MULT_mult_18_U403  0.0001361   3.094e-05   0.0002023   3.521e-05  XNOR2_X1
j1_addMult2_MULT_mult_18_U403  0.0001333   3.251e-05   0.0002022   3.642e-05  XNOR2_X1
j2_addMult9_MULT_mult_18_U488  2.193e-05   0.0001603   0.0002022   2.004e-05  NAND2_X1
j0_addMult3_MULT_mult_18_U436  8.226e-05     7.9e-05   0.0002021   4.087e-05  XNOR2_X1
j1_mult0_mult_18_U473          0.0001235   3.597e-05    0.000202   4.248e-05  AOI222_X1
j0_addMult3_MULT_mult_18_U339  8.868e-05   7.754e-05   0.0002019   3.563e-05  OAI22_X1
j2_addMult6_MULT_mult_18_U433  6.832e-05   9.279e-05   0.0002018   4.068e-05  OAI22_X1
j2_addMult7_MULT_mult_18_U488  2.303e-05   0.0001615   0.0002018    1.73e-05  NAND2_X1
j2_addMult2_MULT_mult_18_U294  5.867e-05   0.0001279   0.0002016   1.497e-05  INV_X1
j2_addMult3_MULT_mult_18_U403  0.0001332   3.187e-05   0.0002015   3.642e-05  XNOR2_X1
j0_addMult7_MULT_mult_18_U326  0.0001072   6.291e-05   0.0002014   3.126e-05  XNOR2_X1
j2_mult0_mult_18_U403          0.0001316   3.462e-05   0.0002013   3.504e-05  XNOR2_X1
j2_addMult2_MULT_mult_18_U427   7.58e-05   8.593e-05   0.0002013   3.954e-05  OAI22_X1
j0_addMult6_MULT_mult_18_U430   8.37e-05   7.643e-05   0.0002011   4.094e-05  XNOR2_X1
j2_addMult5_MULT_mult_18_U295  5.896e-05   0.0001277   0.0002009   1.427e-05  INV_X1
j1_addMult7_MULT_mult_18_U432  8.378e-05   7.572e-05   0.0002004   4.094e-05  XNOR2_X1
j0_addMult0_MULT_mult_18_U403   0.000132   3.169e-05   0.0002002    3.66e-05  XNOR2_X1
j1_addMult8_MULT_mult_18_U403  0.0001298   3.253e-05   0.0002002   3.784e-05  XNOR2_X1
j2_addMult2_MULT_mult_18_U403   0.000132   3.153e-05   0.0002001    3.66e-05  XNOR2_X1
j1_addMult6_MULT_mult_18_U488  2.312e-05   0.0001597   0.0002001    1.73e-05  NAND2_X1
j1_addMult1_MULT_mult_18_U422   9.29e-05   6.385e-05      0.0002   4.325e-05  OAI22_X1
j1_addMult9_MULT_mult_18_U488  2.207e-05   0.0001574      0.0002   2.046e-05  NAND2_X1
j1_addMult7_MULT_mult_18_U462  0.0001281   4.783e-05      0.0002     2.4e-05  OR3_X1
j0_mult0_mult_18_U427          7.554e-05   9.163e-05   0.0001999   3.276e-05  OAI22_X1
j1_addMult5_MULT_mult_18_U295  5.782e-05   0.0001268   0.0001998   1.512e-05  INV_X1
j0_addMult7_MULT_mult_18_U488   2.17e-05   0.0001579   0.0001997   2.004e-05  NAND2_X1
j1_addMult0_MULT_mult_18_U433  7.603e-05   9.085e-05   0.0001996   3.276e-05  OAI22_X1
j1_addMult2_MULT_mult_18_U443  7.094e-05   9.114e-05   0.0001996   3.752e-05  OAI22_X1
j1_addMult8_MULT_mult_18_U475  0.0001112   5.323e-05   0.0001996   3.512e-05  AOI222_X1
j2_addMult4_MULT_mult_18_U340  8.345e-05   7.884e-05   0.0001996   3.729e-05  OAI22_X1
j1_addMult9_MULT_mult_18_U294   5.64e-05   0.0001293   0.0001995   1.383e-05  INV_X1
FE_RC_34_0                     9.815e-05   6.789e-05   0.0001995   3.345e-05  AOI21_X1
j2_addMult1_MULT_mult_18_U488  2.151e-05   0.0001596   0.0001995    1.83e-05  NAND2_X1
j2_addMult7_MULT_mult_18_U342  7.994e-05   8.469e-05   0.0001994   3.481e-05  OAI22_X1
j0_mult0_mult_18_U294          5.755e-05   0.0001289   0.0001994   1.292e-05  INV_X1
j0_mult0_mult_18_U422          9.198e-05   6.382e-05   0.0001994   4.358e-05  OAI22_X1
j1_addMult3_MULT_mult_18_U488  2.114e-05   0.0001575   0.0001994   2.072e-05  NAND2_X1
j2_addMult5_MULT_mult_18_U428  8.243e-05   7.604e-05   0.0001993   4.087e-05  XNOR2_X1
j0_addMult0_MULT_mult_18_U430  8.001e-05   7.823e-05   0.0001992   4.094e-05  XNOR2_X1
j0_mult0_mult_18_U488          2.147e-05   0.0001594   0.0001992    1.83e-05  NAND2_X1
j1_addMult2_MULT_mult_18_U427  7.095e-05   9.056e-05    0.000199   3.752e-05  OAI22_X1
j0_addMult2_MULT_mult_18_U294  5.758e-05   0.0001267   0.0001989    1.46e-05  INV_X1
j0_addMult9_MULT_mult_18_U473  0.0001238   3.402e-05   0.0001989     4.1e-05  AOI222_X1
j0_addMult2_MULT_mult_18_U478  0.0001042    5.63e-05   0.0001988   3.833e-05  AOI222_X1
j2_addMult5_MULT_mult_18_U348  8.845e-05   7.467e-05   0.0001988   3.563e-05  OAI22_X1
j2_addMult8_MULT_mult_18_U432  8.389e-05    7.37e-05   0.0001985   4.094e-05  XNOR2_X1
j2_mult0_mult_18_U291          5.757e-05   0.0001277   0.0001985   1.316e-05  INV_X1
j0_addMult8_MULT_mult_18_U475  0.0001066   5.435e-05   0.0001984   3.748e-05  AOI222_X1
j2_addMult9_MULT_mult_18_U403  0.0001298    3.06e-05   0.0001983   3.784e-05  XNOR2_X1
j1_addMult7_MULT_mult_18_U422  9.223e-05   6.272e-05   0.0001982   4.329e-05  OAI22_X1
j1_addMult2_MULT_mult_18_U433  7.096e-05    8.97e-05   0.0001982   3.752e-05  OAI22_X1
j1_addMult3_MULT_mult_18_U427  7.056e-05   8.632e-05   0.0001981   4.118e-05  OAI22_X1
j2_addMult2_MULT_mult_18_U429  7.591e-05   8.245e-05   0.0001979   3.954e-05  OAI22_X1
j2_addMult9_MULT_mult_18_U294  5.763e-05    0.000127   0.0001977   1.316e-05  INV_X1
j2_addMult7_MULT_mult_18_U326  0.0001072   5.861e-05   0.0001976   3.174e-05  XNOR2_X1
j0_addMult2_MULT_mult_18_U434   7.31e-05   8.402e-05   0.0001975   4.042e-05  XNOR2_X1
j1_addMult2_MULT_mult_18_U488   2.16e-05    0.000156   0.0001975   1.987e-05  NAND2_X1
j2_addMult8_MULT_mult_18_U430  8.396e-05   7.254e-05   0.0001974   4.094e-05  XNOR2_X1
j2_addMult5_MULT_mult_18_U437  7.789e-05   8.115e-05   0.0001974   3.833e-05  OAI22_X1
j2_addMult2_MULT_mult_18_U478  0.0001015   5.257e-05   0.0001973   4.324e-05  AOI222_X1
j0_addMult2_MULT_mult_18_U443  7.033e-05   8.575e-05   0.0001973   4.118e-05  OAI22_X1
j1_addMult0_MULT_mult_18_U488  2.153e-05   0.0001574   0.0001972    1.83e-05  NAND2_X1
j0_addMult6_MULT_mult_18_U428  8.393e-05   7.221e-05   0.0001971   4.094e-05  XNOR2_X1
j1_addMult1_MULT_mult_18_U342  8.842e-05   7.224e-05   0.0001971    3.64e-05  OAI22_X1
j2_addMult7_MULT_mult_18_U462  0.0001272   4.561e-05    0.000197   2.421e-05  OR3_X1
j0_addMult3_MULT_mult_18_U427  7.782e-05   8.078e-05   0.0001969   3.833e-05  OAI22_X1
j2_addMult2_MULT_mult_18_U354  9.867e-05   5.416e-05   0.0001969   4.408e-05  OAI22_X1
j0_addMult6_MULT_mult_18_U436  8.393e-05   7.199e-05   0.0001969   4.094e-05  XNOR2_X1
j0_addMult8_MULT_mult_18_U488  2.351e-05   0.0001529   0.0001968   2.046e-05  NAND2_X1
j2_addMult4_MULT_mult_18_U488  2.203e-05   0.0001539   0.0001967   2.072e-05  NAND2_X1
j2_addMult0_MULT_mult_18_U429  6.828e-05   8.906e-05   0.0001967   3.934e-05  OAI22_X1
j2_addMult8_MULT_mult_18_U475  0.0001096   4.957e-05   0.0001966   3.738e-05  AOI222_X1
j1_addMult6_MULT_mult_18_U427   7.08e-05   8.564e-05   0.0001966   4.012e-05  OAI22_X1
j0_addMult6_MULT_mult_18_U432  8.396e-05   7.166e-05   0.0001966   4.094e-05  XNOR2_X1
j0_addMult3_MULT_mult_18_U430  8.255e-05   7.311e-05   0.0001965   4.087e-05  XNOR2_X1
FE_RC_78_0                     9.238e-05   7.093e-05   0.0001965   3.317e-05  AOI21_X1
j1_addMult2_MULT_mult_18_U429  7.099e-05   8.779e-05   0.0001963   3.752e-05  OAI22_X1
j0_addMult3_MULT_mult_18_U440  8.257e-05   7.282e-05   0.0001963   4.087e-05  XNOR2_X1
j2_addMult2_MULT_mult_18_U436  8.015e-05   7.514e-05   0.0001962   4.094e-05  XNOR2_X1
j0_addMult5_MULT_mult_18_U427  7.067e-05   8.543e-05   0.0001962   4.012e-05  OAI22_X1
j2_addMult5_MULT_mult_18_U444   8.26e-05   7.261e-05   0.0001961   4.087e-05  XNOR2_X1
j1_addMult6_MULT_mult_18_U429  7.081e-05   8.513e-05   0.0001961   4.012e-05  OAI22_X1
j1_addMult4_MULT_mult_18_U444  8.258e-05   7.251e-05    0.000196   4.087e-05  XNOR2_X1
FE_RC_73_0                     9.528e-05   6.836e-05   0.0001959   3.231e-05  AOI21_X1
j1_addMult4_MULT_mult_18_U432  8.259e-05   7.246e-05   0.0001959   4.087e-05  XNOR2_X1
j0_addMult6_MULT_mult_18_U440  8.398e-05   7.096e-05   0.0001959   4.094e-05  XNOR2_X1
j2_addMult5_MULT_mult_18_U436  8.261e-05    7.24e-05   0.0001959   4.087e-05  XNOR2_X1
j0_addMult3_MULT_mult_18_U444   8.26e-05    7.23e-05   0.0001958   4.087e-05  XNOR2_X1
j0_addMult1_MULT_mult_18_U480  0.0001068   6.165e-05   0.0001957   2.723e-05  NAND3_X1
j0_addMult3_MULT_mult_18_U446   8.26e-05    7.22e-05   0.0001957   4.087e-05  XNOR2_X1
j1_addMult6_MULT_mult_18_U294  5.646e-05    0.000124   0.0001956   1.515e-05  INV_X1
j2_addMult1_MULT_mult_18_U434   7.53e-05   7.974e-05   0.0001956   4.057e-05  XNOR2_X1
j0_addMult6_MULT_mult_18_U442    8.4e-05   7.058e-05   0.0001955   4.094e-05  XNOR2_X1
j0_addMult0_MULT_mult_18_U432  8.018e-05   7.439e-05   0.0001955   4.094e-05  XNOR2_X1
j1_addMult1_MULT_mult_18_U326  0.0001012   6.181e-05   0.0001955   3.244e-05  XNOR2_X1
j1_mult0_mult_18_U422          9.222e-05    5.91e-05   0.0001955   4.415e-05  OAI22_X1
j2_addMult5_MULT_mult_18_U339  8.847e-05   7.132e-05   0.0001954   3.563e-05  OAI22_X1
j0_addMult6_MULT_mult_18_U294  5.651e-05   0.0001234   0.0001954   1.545e-05  INV_X1
j2_addMult5_MULT_mult_18_U446  8.267e-05   7.134e-05   0.0001949   4.087e-05  XNOR2_X1
j1_addMult0_MULT_mult_18_U443  7.613e-05   8.582e-05   0.0001947   3.276e-05  OAI22_X1
j2_addMult6_MULT_mult_18_U488  2.178e-05    0.000156   0.0001947   1.688e-05  NAND2_X1
j1_addMult4_MULT_mult_18_U477  0.0001209   3.948e-05   0.0001947   3.433e-05  AOI222_X1
j1_addMult1_MULT_mult_18_U427  6.806e-05   9.148e-05   0.0001947   3.512e-05  OAI22_X1
j1_addMult8_MULT_mult_18_U429  7.006e-05   8.483e-05   0.0001946   3.972e-05  OAI22_X1
j0_addMult8_MULT_mult_18_U403  0.0001267   3.044e-05   0.0001946   3.749e-05  XNOR2_X1
j1_addMult5_MULT_mult_18_U488  2.179e-05   0.0001559   0.0001945   1.688e-05  NAND2_X1
j2_addMult2_MULT_mult_18_U432  8.023e-05   7.325e-05   0.0001944   4.094e-05  XNOR2_X1
j0_addMult6_MULT_mult_18_U446  8.407e-05    6.94e-05   0.0001944   4.094e-05  XNOR2_X1
j0_addMult6_MULT_mult_18_U433  7.544e-05   7.944e-05   0.0001943   3.941e-05  OAI22_X1
j0_mult0_mult_18_U425          7.568e-05   8.584e-05   0.0001943   3.276e-05  OAI22_X1
j2_addMult2_MULT_mult_18_U442  8.024e-05   7.309e-05   0.0001943   4.094e-05  XNOR2_X1
FE_RC_45_0                     8.518e-05   7.288e-05   0.0001942   3.615e-05  AOI21_X1
j1_mult0_mult_18_U465          6.283e-05   9.165e-05   0.0001942   3.972e-05  OAI21_X1
j0_addMult5_MULT_mult_18_U295  5.675e-05   0.0001227   0.0001942   1.469e-05  INV_X1
j1_addMult6_MULT_mult_18_U434  7.718e-05   7.641e-05   0.0001941   4.057e-05  XNOR2_X1
j2_addMult5_MULT_mult_18_U438  8.271e-05   7.056e-05   0.0001941   4.087e-05  XNOR2_X1
j2_addMult5_MULT_mult_18_U440  8.271e-05   7.054e-05   0.0001941   4.087e-05  XNOR2_X1
j1_addMult4_MULT_mult_18_U436  8.269e-05   7.053e-05   0.0001941   4.087e-05  XNOR2_X1
j0_addMult9_MULT_mult_18_U403  0.0001246   3.117e-05    0.000194   3.818e-05  XNOR2_X1
j1_addMult9_MULT_mult_18_U460  8.733e-05   7.021e-05   0.0001939   3.635e-05  XNOR2_X1
j2_addMult2_MULT_mult_18_U434  8.026e-05   7.261e-05   0.0001938   4.094e-05  XNOR2_X1
j0_addMult7_MULT_mult_18_U462  0.0001247   4.567e-05   0.0001938   2.339e-05  OR3_X1
j0_addMult1_MULT_mult_18_U380  0.0001028   5.282e-05   0.0001936   3.796e-05  XNOR2_X1
j0_addMult6_MULT_mult_18_U478  0.0001003   5.024e-05   0.0001936   4.308e-05  AOI222_X1
j2_addMult5_MULT_mult_18_U354  9.553e-05   5.326e-05   0.0001936   4.477e-05  OAI22_X1
j2_addMult1_MULT_mult_18_U469  9.463e-05   6.129e-05   0.0001936   3.763e-05  OAI222_X1
j1_addMult4_MULT_mult_18_U438  8.271e-05   6.996e-05   0.0001935   4.087e-05  XNOR2_X1
j0_addMult4_MULT_mult_18_U488  2.263e-05   0.0001539   0.0001934   1.688e-05  NAND2_X1
j2_addMult7_MULT_mult_18_U422   9.07e-05   5.851e-05   0.0001934   4.418e-05  OAI22_X1
j0_addMult7_MULT_mult_18_U469  9.417e-05   6.415e-05   0.0001934   3.505e-05  OAI222_X1
j1_addMult9_MULT_mult_18_U403  0.0001256   3.009e-05   0.0001931   3.749e-05  XNOR2_X1
j0_addMult2_MULT_mult_18_U430  7.338e-05   7.925e-05    0.000193   4.042e-05  XNOR2_X1
FE_RC_20_0                     0.0001022   5.765e-05   0.0001929   3.314e-05  AOI21_X1
j0_addMult6_MULT_mult_18_U431   7.54e-05   7.811e-05   0.0001929   3.941e-05  OAI22_X1
j1_addMult4_MULT_mult_18_U295  5.561e-05   0.0001215   0.0001929   1.572e-05  INV_X1
j1_addMult3_MULT_mult_18_U339  8.337e-05    7.21e-05   0.0001928   3.729e-05  OAI22_X1
j0_addMult1_MULT_mult_18_U357  0.0001037   5.105e-05   0.0001927   3.796e-05  XNOR2_X1
j2_addMult2_MULT_mult_18_U428  8.031e-05   7.149e-05   0.0001927   4.094e-05  XNOR2_X1
j2_mult0_mult_18_U422          9.228e-05   5.594e-05   0.0001927   4.447e-05  OAI22_X1
j2_addMult3_MULT_mult_18_U427  7.131e-05   8.361e-05   0.0001924   3.752e-05  OAI22_X1
j2_addMult7_MULT_mult_18_U434  7.722e-05   7.457e-05   0.0001923   4.057e-05  XNOR2_X1
j2_addMult1_MULT_mult_18_U326   0.000107    5.37e-05   0.0001923   3.161e-05  XNOR2_X1
j0_mult0_mult_18_U465          6.422e-05   8.711e-05   0.0001923   4.096e-05  OAI21_X1
j0_addMult4_MULT_mult_18_U432  7.786e-05   7.369e-05   0.0001923   4.072e-05  XNOR2_X1
j2_addMult2_MULT_mult_18_U446  8.033e-05   7.098e-05   0.0001923   4.094e-05  XNOR2_X1
j1_addMult1_MULT_mult_18_U45   6.919e-05   5.693e-05   0.0001921   6.602e-05  FA_X1
j2_addMult7_MULT_mult_18_U469  9.497e-05   6.058e-05   0.0001921   3.655e-05  OAI222_X1
j1_addMult5_MULT_mult_18_U427  6.856e-05   8.276e-05    0.000192   4.068e-05  OAI22_X1
j2_addMult7_MULT_mult_18_U380   0.000103   5.125e-05    0.000192   3.776e-05  XNOR2_X1
j1_addMult1_MULT_mult_18_U380  9.918e-05   5.501e-05   0.0001919   3.768e-05  XNOR2_X1
j2_addMult0_MULT_mult_18_U488  2.195e-05   0.0001533   0.0001917   1.644e-05  NAND2_X1
j0_addMult5_MULT_mult_18_U488  2.325e-05   0.0001511   0.0001917    1.73e-05  NAND2_X1
j1_addMult3_MULT_mult_18_U437  7.066e-05   7.979e-05   0.0001916   4.118e-05  OAI22_X1
j2_addMult1_MULT_mult_18_U443  7.624e-05   8.252e-05   0.0001915   3.276e-05  OAI22_X1
j1_addMult3_MULT_mult_18_U415  6.861e-05   8.225e-05   0.0001914   4.049e-05  XNOR2_X1
j0_addMult5_MULT_mult_18_U444  7.734e-05   7.342e-05   0.0001913   4.057e-05  XNOR2_X1
j2_addMult6_MULT_mult_18_U465   6.48e-05   8.632e-05   0.0001912   4.011e-05  OAI21_X1
j0_addMult9_MULT_mult_18_U427  6.646e-05   8.938e-05   0.0001912   3.531e-05  OAI22_X1
j2_addMult2_MULT_mult_18_U444  8.039e-05   6.978e-05   0.0001911   4.094e-05  XNOR2_X1
j0_addMult3_MULT_mult_18_U437  7.816e-05    7.46e-05   0.0001911   3.833e-05  OAI22_X1
j1_addMult7_MULT_mult_18_U326  0.0001012    5.75e-05    0.000191   3.231e-05  XNOR2_X1
j0_addMult2_MULT_mult_18_U407  7.361e-05   7.689e-05    0.000191   4.049e-05  XNOR2_X1
j2_addMult2_MULT_mult_18_U440   8.04e-05   6.958e-05   0.0001909   4.094e-05  XNOR2_X1
FE_RC_49_0                     0.0001007   5.729e-05   0.0001909   3.297e-05  AOI21_X1
j1_mult0_mult_18_U482          8.291e-05   7.171e-05   0.0001909   3.627e-05  XNOR2_X1
j2_addMult7_MULT_mult_18_U357  0.0001015   5.128e-05   0.0001906   3.776e-05  XNOR2_X1
j0_addMult7_MULT_mult_18_U342  7.711e-05   7.659e-05   0.0001905   3.683e-05  OAI22_X1
j0_addMult5_MULT_mult_18_U443  7.081e-05   7.958e-05   0.0001905   4.012e-05  OAI22_X1
j2_addMult0_MULT_mult_18_U409  7.531e-05   7.343e-05   0.0001905   4.177e-05  XNOR2_X1
j0_mult0_mult_18_U437          7.584e-05    8.19e-05   0.0001905   3.276e-05  OAI22_X1
j0_addMult7_MULT_mult_18_U432  7.614e-05   7.307e-05   0.0001905   4.124e-05  XNOR2_X1
j1_addMult3_MULT_mult_18_U376  9.524e-05   5.142e-05   0.0001904   4.376e-05  OAI22_X1
j0_addMult8_MULT_mult_18_U432  7.573e-05   7.286e-05   0.0001903    4.17e-05  XNOR2_X1
FE_RC_134_0                    9.961e-05   5.787e-05   0.0001902   3.277e-05  AOI21_X1
j1_addMult6_MULT_mult_18_U442  7.739e-05   7.227e-05   0.0001902   4.057e-05  XNOR2_X1
j0_addMult4_MULT_mult_18_U477  0.0001162   3.819e-05   0.0001902   3.581e-05  AOI222_X1
j1_addMult9_MULT_mult_18_U433  6.353e-05   8.938e-05   0.0001902    3.73e-05  OAI22_X1
j0_addMult1_MULT_mult_18_U411  7.188e-05   7.699e-05   0.0001901   4.125e-05  XNOR2_X1
j0_addMult4_MULT_mult_18_U340   7.72e-05   7.807e-05   0.0001901   3.484e-05  OAI22_X1
j0_addMult2_MULT_mult_18_U433  7.052e-05   7.837e-05   0.0001901   4.118e-05  OAI22_X1
FE_RC_117_0                    9.626e-05   5.676e-05   0.0001901   3.703e-05  AOI21_X1
FE_RC_82_0                     9.911e-05   5.761e-05   0.0001897   3.297e-05  AOI21_X1
j2_addMult4_MULT_mult_18_U443  7.083e-05   7.767e-05   0.0001897   4.118e-05  OAI22_X1
j1_addMult0_MULT_mult_18_U429  7.218e-05   7.817e-05   0.0001896   3.926e-05  OAI22_X1
j2_addMult8_MULT_mult_18_U433  6.779e-05   8.666e-05   0.0001895   3.503e-05  OAI22_X1
j1_addMult5_MULT_mult_18_U417  7.386e-05   7.382e-05   0.0001895   4.177e-05  XNOR2_X1
j0_addMult9_MULT_mult_18_U425   6.64e-05   8.773e-05   0.0001894   3.531e-05  OAI22_X1
FE_RC_41_0                     8.886e-05   6.415e-05   0.0001894   3.642e-05  AOI21_X1
j0_addMult2_MULT_mult_18_U411   7.37e-05   7.521e-05   0.0001894   4.049e-05  XNOR2_X1
FE_RC_16_0                     9.512e-05   6.224e-05   0.0001893   3.196e-05  AOI21_X1
j1_addMult5_MULT_mult_18_U376  9.192e-05   5.456e-05   0.0001892   4.274e-05  OAI22_X1
j1_addMult1_MULT_mult_18_U432  6.775e-05   8.051e-05   0.0001892   4.094e-05  XNOR2_X1
FE_RC_96_0                        0.0001    5.53e-05   0.0001892   3.384e-05  AOI21_X1
j0_addMult9_MULT_mult_18_U472  8.156e-05   7.506e-05   0.0001889    3.23e-05  AOI222_X1
j2_mult0_mult_18_U427          7.039e-05   8.162e-05   0.0001888   3.674e-05  OAI22_X1
j1_addMult9_MULT_mult_18_U473  0.0001091   3.562e-05   0.0001887   4.404e-05  AOI222_X1
j0_addMult5_MULT_mult_18_U440   7.75e-05   7.054e-05   0.0001886   4.057e-05  XNOR2_X1
j1_addMult3_MULT_mult_18_U428  7.366e-05   7.452e-05   0.0001886   4.042e-05  XNOR2_X1
j2_addMult6_MULT_mult_18_U444  7.808e-05   6.979e-05   0.0001886   4.072e-05  XNOR2_X1
FE_RC_100_0                    9.195e-05   6.387e-05   0.0001885   3.265e-05  AOI21_X1
j1_addMult9_MULT_mult_18_U422  9.142e-05   5.449e-05   0.0001884   4.254e-05  OAI22_X1
j0_addMult3_MULT_mult_18_U428  6.848e-05   7.907e-05   0.0001884   4.087e-05  XNOR2_X1
j0_addMult4_MULT_mult_18_U436  7.807e-05   6.956e-05   0.0001883   4.072e-05  XNOR2_X1
j1_addMult5_MULT_mult_18_U443  6.862e-05   7.901e-05   0.0001883   4.068e-05  OAI22_X1
j0_addMult5_MULT_mult_18_U437  7.082e-05   7.728e-05   0.0001882   4.012e-05  OAI22_X1
FE_RC_28_0                     0.0001001   5.423e-05   0.0001882   3.384e-05  AOI21_X1
j2_addMult6_MULT_mult_18_U442  7.811e-05   6.933e-05   0.0001881   4.072e-05  XNOR2_X1
j0_mult0_mult_18_U443          7.589e-05   7.947e-05   0.0001881   3.276e-05  OAI22_X1
j0_mult0_mult_18_U472           7.94e-05    7.64e-05    0.000188   3.222e-05  AOI222_X1
j2_addMult4_MULT_mult_18_U315  4.356e-05   0.0001321    0.000188   1.226e-05  INV_X1
j1_addMult0_MULT_mult_18_U437  7.625e-05   7.881e-05   0.0001878   3.276e-05  OAI22_X1
j2_addMult0_MULT_mult_18_U432    7.9e-05   6.764e-05   0.0001877   4.109e-05  XNOR2_X1
j0_addMult4_MULT_mult_18_U409  7.394e-05   7.195e-05   0.0001877   4.177e-05  XNOR2_X1
j2_addMult3_MULT_mult_18_U476  0.0001197   4.026e-05   0.0001876   2.758e-05  AOI222_X1
j1_addMult3_MULT_mult_18_U476  0.0001259   3.934e-05   0.0001876   2.236e-05  AOI222_X1
FE_RC_21_0                     8.935e-05   6.192e-05   0.0001875   3.627e-05  AOI21_X1
j2_mult0_mult_18_U472          8.317e-05    7.63e-05   0.0001875   2.807e-05  AOI222_X1
j0_addMult7_MULT_mult_18_U357  9.539e-05   5.437e-05   0.0001875   3.773e-05  XNOR2_X1
j2_addMult1_MULT_mult_18_U427  7.633e-05   7.832e-05   0.0001874   3.276e-05  OAI22_X1
j1_addMult5_MULT_mult_18_U428  7.817e-05   6.846e-05   0.0001874   4.072e-05  XNOR2_X1
j2_addMult4_MULT_mult_18_U436   7.37e-05   7.323e-05   0.0001873   4.042e-05  XNOR2_X1
j2_addMult1_MULT_mult_18_U437  7.632e-05   7.818e-05   0.0001873   3.276e-05  OAI22_X1
j0_addMult6_MULT_mult_18_U413  7.463e-05   7.118e-05   0.0001871   4.132e-05  XNOR2_X1
j2_addMult6_MULT_mult_18_U440  7.817e-05   6.823e-05   0.0001871   4.072e-05  XNOR2_X1
j0_addMult1_MULT_mult_18_U342  7.806e-05   7.224e-05    0.000187   3.673e-05  OAI22_X1
j1_addMult6_MULT_mult_18_U411  7.404e-05    7.11e-05   0.0001869   4.177e-05  XNOR2_X1
j1_addMult5_MULT_mult_18_U430   7.82e-05   6.798e-05   0.0001869   4.072e-05  XNOR2_X1
j1_addMult0_MULT_mult_18_U425  7.619e-05   7.776e-05   0.0001867   3.276e-05  OAI22_X1
FE_RC_92_0                     9.944e-05   5.403e-05   0.0001867   3.319e-05  AOI21_X1
j1_addMult4_MULT_mult_18_U293  5.458e-05   0.0001186   0.0001866   1.347e-05  INV_X1
FE_RC_86_0                     8.948e-05   6.075e-05   0.0001866   3.638e-05  AOI21_X1
j1_addMult6_MULT_mult_18_U446   7.76e-05   6.844e-05   0.0001866   4.057e-05  XNOR2_X1
j2_addMult3_MULT_mult_18_U443   7.14e-05   7.765e-05   0.0001866   3.752e-05  OAI22_X1
j0_addMult5_MULT_mult_18_U438  7.761e-05   6.838e-05   0.0001866   4.057e-05  XNOR2_X1
j1_addMult0_MULT_mult_18_U409  7.108e-05   7.404e-05   0.0001865    4.14e-05  XNOR2_X1
j2_addMult7_MULT_mult_18_U427  6.933e-05   8.324e-05   0.0001864   3.383e-05  OAI22_X1
j1_addMult7_MULT_mult_18_U443  6.789e-05   8.345e-05   0.0001864   3.503e-05  OAI22_X1
j2_addMult6_MULT_mult_18_U430  7.821e-05   6.741e-05   0.0001863   4.072e-05  XNOR2_X1
j2_addMult6_MULT_mult_18_U427  6.861e-05   7.704e-05   0.0001863   4.068e-05  OAI22_X1
j0_mult0_mult_18_U473          0.0001105   3.456e-05   0.0001863   4.128e-05  AOI222_X1
j1_addMult6_MULT_mult_18_U444  7.762e-05   6.809e-05   0.0001863   4.057e-05  XNOR2_X1
j2_addMult2_MULT_mult_18_U409  7.068e-05   7.442e-05   0.0001863   4.118e-05  XNOR2_X1
j1_addMult7_MULT_mult_18_U45   6.906e-05   5.147e-05   0.0001863   6.572e-05  FA_X1
j1_addMult8_MULT_mult_18_U430  7.637e-05    6.86e-05   0.0001862   4.124e-05  XNOR2_X1
j1_addMult3_MULT_mult_18_U309  4.382e-05   0.0001291   0.0001862   1.328e-05  INV_X1
j1_addMult5_MULT_mult_18_U444  7.825e-05   6.718e-05   0.0001861   4.072e-05  XNOR2_X1
j2_addMult1_MULT_mult_18_U409  7.809e-05   6.662e-05   0.0001861    4.14e-05  XNOR2_X1
j0_addMult8_MULT_mult_18_U340   7.83e-05    7.05e-05   0.0001861   3.726e-05  OAI22_X1
j1_addMult5_MULT_mult_18_U440  7.825e-05   6.709e-05   0.0001861   4.072e-05  XNOR2_X1
j0_addMult0_MULT_mult_18_U443  6.816e-05   8.276e-05    0.000186   3.512e-05  OAI22_X1
j2_addMult7_MULT_mult_18_U432  7.758e-05   6.786e-05    0.000186   4.057e-05  XNOR2_X1
j0_addMult5_MULT_mult_18_U423  7.409e-05   7.012e-05    0.000186   4.177e-05  XNOR2_X1
j1_addMult8_MULT_mult_18_U432  7.638e-05   6.834e-05    0.000186   4.124e-05  XNOR2_X1
j2_addMult6_MULT_mult_18_U428  7.823e-05   6.701e-05    0.000186   4.072e-05  XNOR2_X1
j1_addMult6_MULT_mult_18_U436  7.764e-05   6.774e-05   0.0001859   4.057e-05  XNOR2_X1
j2_addMult1_MULT_mult_18_U357  9.669e-05   5.143e-05   0.0001859   3.777e-05  XNOR2_X1
j2_addMult5_MULT_mult_18_U407  7.331e-05   7.089e-05   0.0001859    4.17e-05  XNOR2_X1
j2_addMult6_MULT_mult_18_U432  7.824e-05   6.691e-05   0.0001859   4.072e-05  XNOR2_X1
FE_RC_111_0                    9.609e-05   5.736e-05   0.0001858   3.231e-05  AOI21_X1
FE_RC_7_0                       9.43e-05   5.571e-05   0.0001858   3.574e-05  AOI21_X1
j2_mult0_mult_18_U443          7.042e-05   7.855e-05   0.0001857   3.674e-05  OAI22_X1
FE_RC_104_0                    9.857e-05   5.366e-05   0.0001857   3.345e-05  AOI21_X1
j2_addMult0_MULT_mult_18_U430  7.911e-05   6.546e-05   0.0001857   4.109e-05  XNOR2_X1
j0_addMult4_MULT_mult_18_U443  6.843e-05   7.652e-05   0.0001856   4.068e-05  OAI22_X1
j0_addMult1_MULT_mult_18_U431  7.127e-05   7.684e-05   0.0001856   3.752e-05  OAI22_X1
j1_addMult3_MULT_mult_18_U436  7.384e-05   7.137e-05   0.0001856   4.042e-05  XNOR2_X1
j1_addMult5_MULT_mult_18_U436  7.828e-05   6.661e-05   0.0001856   4.072e-05  XNOR2_X1
j1_addMult5_MULT_mult_18_U415  7.408e-05   6.975e-05   0.0001856   4.177e-05  XNOR2_X1
j0_addMult5_MULT_mult_18_U446  7.767e-05   6.727e-05   0.0001855   4.057e-05  XNOR2_X1
j2_addMult6_MULT_mult_18_U434  7.826e-05   6.651e-05   0.0001855   4.072e-05  XNOR2_X1
j1_addMult6_MULT_mult_18_U428  7.768e-05    6.72e-05   0.0001854   4.057e-05  XNOR2_X1
j2_addMult6_MULT_mult_18_U411  7.407e-05   6.959e-05   0.0001854   4.177e-05  XNOR2_X1
j2_addMult6_MULT_mult_18_U436  7.827e-05   6.642e-05   0.0001854   4.072e-05  XNOR2_X1
j1_addMult6_MULT_mult_18_U430  7.768e-05   6.707e-05   0.0001853   4.057e-05  XNOR2_X1
j0_addMult7_MULT_mult_18_U434  7.642e-05    6.76e-05   0.0001853   4.124e-05  XNOR2_X1
j1_addMult0_MULT_mult_18_U432  7.583e-05   6.884e-05   0.0001852   4.057e-05  XNOR2_X1
j2_addMult6_MULT_mult_18_U344  7.707e-05   7.332e-05   0.0001852   3.484e-05  OAI22_X1
j1_addMult6_MULT_mult_18_U432  7.769e-05   6.692e-05   0.0001852   4.057e-05  XNOR2_X1
j2_addMult6_MULT_mult_18_U409  7.408e-05   6.931e-05   0.0001852   4.177e-05  XNOR2_X1
FE_RC_50_0                     8.968e-05    5.92e-05   0.0001851   3.619e-05  AOI21_X1
j0_addMult3_MULT_mult_18_U422  8.772e-05   5.237e-05   0.0001851   4.496e-05  OAI22_X1
j2_addMult6_MULT_mult_18_U443  6.865e-05   7.564e-05    0.000185   4.068e-05  OAI22_X1
j0_addMult2_MULT_mult_18_U427  7.053e-05   7.326e-05    0.000185   4.118e-05  OAI22_X1
j2_addMult0_MULT_mult_18_U433  6.614e-05   8.303e-05   0.0001849   3.574e-05  OAI22_X1
j1_addMult3_MULT_mult_18_U438  7.388e-05    7.06e-05   0.0001849   4.042e-05  XNOR2_X1
j2_addMult1_MULT_mult_18_U380  9.469e-05   5.243e-05   0.0001849   3.777e-05  XNOR2_X1
FE_RC_55_0                     9.927e-05   5.283e-05   0.0001849   3.277e-05  AOI21_X1
FE_RC_36_0                     8.361e-05   6.505e-05   0.0001848   3.617e-05  AOI21_X1
j0_addMult5_MULT_mult_18_U348  8.004e-05   6.995e-05   0.0001848   3.481e-05  OAI22_X1
j2_addMult6_MULT_mult_18_U431  6.864e-05   7.547e-05   0.0001848   4.068e-05  OAI22_X1
j1_addMult6_MULT_mult_18_U440  7.771e-05    6.65e-05   0.0001848   4.057e-05  XNOR2_X1
j1_addMult6_MULT_mult_18_U443  7.101e-05   7.363e-05   0.0001848   4.012e-05  OAI22_X1
j0_addMult4_MULT_mult_18_U438  7.828e-05   6.574e-05   0.0001847   4.072e-05  XNOR2_X1
j2_addMult5_MULT_mult_18_U476  0.0001194   3.659e-05   0.0001847   2.874e-05  AOI222_X1
j1_addMult1_MULT_mult_18_U357   9.93e-05   4.773e-05   0.0001847   3.768e-05  XNOR2_X1
j0_addMult5_MULT_mult_18_U436  7.772e-05   6.636e-05   0.0001847   4.057e-05  XNOR2_X1
j1_addMult6_MULT_mult_18_U344  8.008e-05   6.973e-05   0.0001846   3.481e-05  OAI22_X1
j0_addMult7_MULT_mult_18_U380  9.427e-05   5.261e-05   0.0001846   3.773e-05  XNOR2_X1
j0_addMult2_MULT_mult_18_U421  7.393e-05   7.006e-05   0.0001845   4.049e-05  XNOR2_X1
j1_addMult1_MULT_mult_18_U434  6.776e-05   7.577e-05   0.0001845   4.094e-05  XNOR2_X1
FE_RC_127_0                    9.656e-05   5.088e-05   0.0001845   3.703e-05  AOI21_X1
j2_addMult8_MULT_mult_18_U315   4.57e-05   0.0001261   0.0001844   1.262e-05  INV_X1
j2_addMult1_MULT_mult_18_U432  7.588e-05   6.799e-05   0.0001844   4.057e-05  XNOR2_X1
j1_addMult3_MULT_mult_18_U443  7.076e-05   7.248e-05   0.0001844   4.118e-05  OAI22_X1
j0_addMult9_MULT_mult_18_U291  5.311e-05   0.0001184   0.0001843    1.28e-05  INV_X1
j1_addMult8_MULT_mult_18_U340  7.715e-05   7.034e-05   0.0001843   3.683e-05  OAI22_X1
j1_addMult4_MULT_mult_18_U413  7.335e-05   6.925e-05   0.0001843    4.17e-05  XNOR2_X1
j0_addMult6_MULT_mult_18_U419  7.474e-05   6.821e-05   0.0001843   4.132e-05  XNOR2_X1
j0_addMult3_MULT_mult_18_U476  0.0001193    3.61e-05   0.0001842   2.874e-05  AOI222_X1
j2_addMult4_MULT_mult_18_U444   7.39e-05   6.985e-05   0.0001842   4.042e-05  XNOR2_X1
j1_addMult6_MULT_mult_18_U433  7.106e-05   7.297e-05   0.0001842   4.012e-05  OAI22_X1
j1_addMult5_MULT_mult_18_U438  7.837e-05   6.501e-05   0.0001841   4.072e-05  XNOR2_X1
FE_RC_4_0                      9.549e-05   5.261e-05   0.0001841   3.598e-05  AOI21_X1
j1_addMult4_MULT_mult_18_U435  7.775e-05     6.8e-05   0.0001841   3.833e-05  OAI22_X1
FE_RC_5_0                      9.305e-05   5.502e-05   0.0001841   3.601e-05  AOI21_X1
j0_addMult9_MULT_mult_18_U429  6.653e-05   8.221e-05   0.0001841   3.531e-05  OAI22_X1
FE_RC_119_0                    9.527e-05   5.277e-05    0.000184   3.598e-05  AOI21_X1
FE_RC_113_0                    8.889e-05   5.867e-05    0.000184   3.642e-05  AOI21_X1
j0_addMult3_MULT_mult_18_U348  8.878e-05   5.957e-05    0.000184   3.563e-05  OAI22_X1
FE_RC_25_0                     9.803e-05   5.271e-05   0.0001839   3.319e-05  AOI21_X1
j1_addMult7_MULT_mult_18_U465  6.829e-05    8.15e-05   0.0001839   3.409e-05  OAI21_X1
j1_addMult3_MULT_mult_18_U430  7.395e-05   6.944e-05   0.0001838   4.042e-05  XNOR2_X1
j1_addMult3_MULT_mult_18_U440  7.395e-05    6.94e-05   0.0001838   4.042e-05  XNOR2_X1
j0_addMult1_MULT_mult_18_U427   6.89e-05   8.013e-05   0.0001837   3.472e-05  OAI22_X1
j2_addMult4_MULT_mult_18_U423  7.397e-05   6.927e-05   0.0001837   4.049e-05  XNOR2_X1
j1_addMult2_MULT_mult_18_U344  7.797e-05   6.894e-05   0.0001836   3.673e-05  OAI22_X1
j2_addMult4_MULT_mult_18_U421  7.397e-05   6.917e-05   0.0001836   4.049e-05  XNOR2_X1
j0_addMult1_MULT_mult_18_U432   7.45e-05   6.781e-05   0.0001836   4.131e-05  XNOR2_X1
j0_addMult1_MULT_mult_18_U437  6.889e-05   7.993e-05   0.0001835   3.472e-05  OAI22_X1
FE_RC_37_0                     9.764e-05   5.309e-05   0.0001835    3.28e-05  AOI21_X1
j1_addMult9_MULT_mult_18_U427  6.367e-05   8.256e-05   0.0001835    3.73e-05  OAI22_X1
j1_addMult5_MULT_mult_18_U407  7.419e-05   6.755e-05   0.0001835   4.177e-05  XNOR2_X1
j2_addMult2_MULT_mult_18_U411  7.085e-05   7.142e-05   0.0001835   4.118e-05  XNOR2_X1
j2_addMult8_MULT_mult_18_U409  7.491e-05    6.72e-05   0.0001834   4.132e-05  XNOR2_X1
j2_addMult6_MULT_mult_18_U446  7.839e-05   6.425e-05   0.0001834   4.072e-05  XNOR2_X1
j1_addMult6_MULT_mult_18_U413  7.425e-05   6.728e-05   0.0001833   4.177e-05  XNOR2_X1
j0_addMult3_MULT_mult_18_U407  7.343e-05   6.814e-05   0.0001833    4.17e-05  XNOR2_X1
j2_addMult4_MULT_mult_18_U432  7.399e-05   6.877e-05   0.0001832   4.042e-05  XNOR2_X1
j1_addMult7_MULT_mult_18_U357  9.834e-05   4.708e-05   0.0001832   3.775e-05  XNOR2_X1
j0_addMult1_MULT_mult_18_U434  7.452e-05    6.73e-05   0.0001831   4.131e-05  XNOR2_X1
j2_mult0_mult_18_U429          7.047e-05   7.587e-05   0.0001831   3.674e-05  OAI22_X1
j0_addMult2_MULT_mult_18_U419    7.4e-05   6.859e-05   0.0001831   4.049e-05  XNOR2_X1
j0_addMult4_MULT_mult_18_U446  7.833e-05   6.401e-05   0.0001831   4.072e-05  XNOR2_X1
j2_addMult6_MULT_mult_18_U413   7.42e-05   6.706e-05    0.000183   4.177e-05  XNOR2_X1
j0_addMult2_MULT_mult_18_U429  7.062e-05    7.12e-05    0.000183   4.118e-05  OAI22_X1
j1_addMult4_MULT_mult_18_U427  7.007e-05   7.942e-05   0.0001828   3.329e-05  OAI22_X1
j2_addMult6_MULT_mult_18_U417  7.422e-05   6.675e-05   0.0001827   4.177e-05  XNOR2_X1
j0_addMult0_MULT_mult_18_U433  6.824e-05   7.938e-05   0.0001827   3.512e-05  OAI22_X1
j2_addMult7_MULT_mult_18_U411  7.417e-05   6.678e-05   0.0001827   4.177e-05  XNOR2_X1
j1_addMult8_MULT_mult_18_U465  6.627e-05   7.628e-05   0.0001827   4.017e-05  OAI21_X1
j1_addMult9_MULT_mult_18_U472  7.998e-05   7.496e-05   0.0001827   2.771e-05  AOI222_X1
j0_addMult6_MULT_mult_18_U411  7.489e-05   6.643e-05   0.0001826   4.132e-05  XNOR2_X1
j2_addMult5_MULT_mult_18_U415  7.346e-05   6.745e-05   0.0001826    4.17e-05  XNOR2_X1
j0_addMult5_MULT_mult_18_U430  7.784e-05   6.415e-05   0.0001826   4.057e-05  XNOR2_X1
j0_addMult5_MULT_mult_18_U339  8.006e-05   6.761e-05   0.0001825   3.481e-05  OAI22_X1
j0_addMult8_MULT_mult_18_U430  7.611e-05   6.466e-05   0.0001825    4.17e-05  XNOR2_X1
j0_addMult5_MULT_mult_18_U428  7.784e-05   6.405e-05   0.0001825   4.057e-05  XNOR2_X1
j0_addMult2_MULT_mult_18_U446  7.403e-05   6.798e-05   0.0001824   4.042e-05  XNOR2_X1
j2_addMult4_MULT_mult_18_U427  7.235e-05   7.581e-05   0.0001824   3.423e-05  OAI22_X1
j1_addMult5_MULT_mult_18_U446  7.847e-05    6.32e-05   0.0001824   4.072e-05  XNOR2_X1
j2_addMult1_MULT_mult_18_U376  9.447e-05   5.014e-05   0.0001824   3.776e-05  OAI22_X1
j2_addMult8_MULT_mult_18_U437  6.794e-05   7.937e-05   0.0001823   3.503e-05  OAI22_X1
FE_RC_76_0                     9.159e-05   5.745e-05   0.0001823   3.326e-05  AOI21_X1
j0_addMult2_MULT_mult_18_U409  7.402e-05   6.777e-05   0.0001823   4.049e-05  XNOR2_X1
j2_addMult6_MULT_mult_18_U421  7.424e-05   6.625e-05   0.0001823   4.177e-05  XNOR2_X1
j0_mult0_mult_18_U431          7.598e-05   7.353e-05   0.0001823   3.276e-05  OAI22_X1
j1_addMult0_MULT_mult_18_U430  7.599e-05   6.569e-05   0.0001822   4.057e-05  XNOR2_X1
j0_addMult2_MULT_mult_18_U417  7.404e-05   6.751e-05    0.000182   4.049e-05  XNOR2_X1
j0_addMult5_MULT_mult_18_U407  7.432e-05   6.591e-05    0.000182   4.177e-05  XNOR2_X1
j1_addMult7_MULT_mult_18_U411  7.498e-05   6.567e-05    0.000182   4.132e-05  XNOR2_X1
j0_addMult6_MULT_mult_18_U439  7.558e-05   6.698e-05    0.000182   3.941e-05  OAI22_X1
FE_RC_46_0                     9.328e-05    5.55e-05   0.0001819   3.317e-05  AOI21_X1
j0_addMult3_MULT_mult_18_U405   7.35e-05    6.67e-05   0.0001819    4.17e-05  XNOR2_X1
FE_RC_83_0                     9.092e-05   5.477e-05   0.0001819   3.619e-05  AOI21_X1
j1_addMult3_MULT_mult_18_U312  4.518e-05   0.0001236   0.0001818   1.298e-05  INV_X1
j2_mult0_mult_18_U433          7.048e-05   7.458e-05   0.0001818   3.674e-05  OAI22_X1
FE_RC_23_0                     9.097e-05   5.403e-05   0.0001817   3.674e-05  AOI21_X1
FE_RC_88_0                     9.485e-05   5.364e-05   0.0001817   3.325e-05  AOI21_X1
j2_addMult9_MULT_mult_18_U472  7.958e-05   7.499e-05   0.0001817   2.716e-05  AOI222_X1
FE_RC_70_0                     9.758e-05   5.131e-05   0.0001817    3.28e-05  AOI21_X1
j0_addMult2_MULT_mult_18_U440  7.407e-05   6.718e-05   0.0001817   4.042e-05  XNOR2_X1
j2_addMult0_MULT_mult_18_U340  7.807e-05   6.888e-05   0.0001817   3.471e-05  OAI22_X1
j0_addMult2_MULT_mult_18_U444  7.407e-05   6.716e-05   0.0001817   4.042e-05  XNOR2_X1
j2_addMult9_MULT_mult_18_U473  0.0001104    3.12e-05   0.0001816   4.008e-05  AOI222_X1
j0_addMult6_MULT_mult_18_U409  7.497e-05   6.533e-05   0.0001816   4.132e-05  XNOR2_X1
j2_addMult5_MULT_mult_18_U405  7.354e-05   6.639e-05   0.0001816    4.17e-05  XNOR2_X1
j2_addMult6_MULT_mult_18_U429   6.87e-05   7.223e-05   0.0001816   4.068e-05  OAI22_X1
j2_addMult3_MULT_mult_18_U440  6.945e-05   7.082e-05   0.0001816   4.131e-05  XNOR2_X1
j2_addMult2_MULT_mult_18_U413  7.097e-05   6.943e-05   0.0001816   4.118e-05  XNOR2_X1
j0_addMult2_MULT_mult_18_U423  7.406e-05   6.701e-05   0.0001816   4.049e-05  XNOR2_X1
j2_addMult4_MULT_mult_18_U438  7.406e-05   6.708e-05   0.0001816   4.042e-05  XNOR2_X1
j0_addMult2_MULT_mult_18_U432  7.409e-05   6.705e-05   0.0001816   4.042e-05  XNOR2_X1
j1_addMult1_MULT_mult_18_U411  7.096e-05   6.939e-05   0.0001815   4.118e-05  XNOR2_X1
j1_addMult3_MULT_mult_18_U348  8.342e-05   6.081e-05   0.0001815   3.729e-05  OAI22_X1
j0_addMult2_MULT_mult_18_U428  7.409e-05   6.697e-05   0.0001815   4.042e-05  XNOR2_X1
j0_addMult8_MULT_mult_18_U464  8.352e-05   6.233e-05   0.0001815   3.562e-05  XNOR2_X1
j0_addMult9_MULT_mult_18_U465  5.372e-05   8.758e-05   0.0001814   4.014e-05  OAI21_X1
j1_addMult7_MULT_mult_18_U409  7.502e-05   6.498e-05   0.0001813   4.132e-05  XNOR2_X1
j1_addMult2_MULT_mult_18_U432  6.946e-05   7.055e-05   0.0001813   4.131e-05  XNOR2_X1
j1_addMult5_MULT_mult_18_U465   6.52e-05   7.595e-05   0.0001813   4.011e-05  OAI21_X1
j1_addMult5_MULT_mult_18_U421   7.43e-05   6.512e-05   0.0001812   4.177e-05  XNOR2_X1
j0_addMult2_MULT_mult_18_U413  7.408e-05   6.656e-05   0.0001811   4.049e-05  XNOR2_X1
j2_addMult7_MULT_mult_18_U409  7.429e-05   6.503e-05   0.0001811   4.177e-05  XNOR2_X1
j0_addMult5_MULT_mult_18_U476  0.0001193    3.49e-05   0.0001811   2.685e-05  AOI222_X1
j1_addMult6_MULT_mult_18_U409  7.437e-05   6.489e-05    0.000181   4.177e-05  XNOR2_X1
j2_addMult6_MULT_mult_18_U419  7.431e-05    6.49e-05    0.000181   4.177e-05  XNOR2_X1
j1_mult0_mult_18_U472          8.218e-05   6.957e-05   0.0001809   2.917e-05  AOI222_X1
j0_addMult6_MULT_mult_18_U417  7.497e-05   6.459e-05   0.0001809   4.132e-05  XNOR2_X1
j0_addMult2_MULT_mult_18_U442  7.412e-05   6.633e-05   0.0001809   4.042e-05  XNOR2_X1
j2_addMult5_MULT_mult_18_U417  7.356e-05   6.552e-05   0.0001808    4.17e-05  XNOR2_X1
j1_addMult6_MULT_mult_18_U419  7.439e-05   6.459e-05   0.0001808   4.177e-05  XNOR2_X1
FE_RC_120_0                    9.299e-05    5.17e-05   0.0001807   3.601e-05  AOI21_X1
j2_addMult0_MULT_mult_18_U407  7.585e-05   6.306e-05   0.0001807   4.177e-05  XNOR2_X1
j2_addMult2_MULT_mult_18_U407  7.102e-05   6.848e-05   0.0001807   4.118e-05  XNOR2_X1
j0_addMult6_MULT_mult_18_U407  7.503e-05   6.429e-05   0.0001806   4.132e-05  XNOR2_X1
j1_addMult2_MULT_mult_18_U407  7.246e-05   6.691e-05   0.0001806   4.125e-05  XNOR2_X1
FE_RC_129_0                    9.299e-05   5.159e-05   0.0001806   3.601e-05  AOI21_X1
j2_addMult5_MULT_mult_18_U413   7.36e-05   6.522e-05   0.0001805    4.17e-05  XNOR2_X1
j1_addMult6_MULT_mult_18_U407  7.441e-05   6.424e-05   0.0001804   4.177e-05  XNOR2_X1
j1_addMult6_MULT_mult_18_U417  7.441e-05   6.424e-05   0.0001804   4.177e-05  XNOR2_X1
j2_addMult0_MULT_mult_18_U443  6.619e-05   7.848e-05   0.0001804   3.574e-05  OAI22_X1
j0_addMult5_MULT_mult_18_U415  7.441e-05    6.42e-05   0.0001804   4.177e-05  XNOR2_X1
j0_addMult3_MULT_mult_18_U322  4.239e-05   9.243e-05   0.0001804   4.556e-05  XOR2_X1
j2_addMult5_MULT_mult_18_U421  7.358e-05   6.509e-05   0.0001804    4.17e-05  XNOR2_X1
j0_addMult6_MULT_mult_18_U405  7.504e-05   6.398e-05   0.0001804   4.132e-05  XNOR2_X1
j0_addMult1_MULT_mult_18_U443  6.895e-05   7.665e-05   0.0001803   3.472e-05  OAI22_X1
FE_RC_115_0                    9.184e-05   5.518e-05   0.0001803   3.326e-05  AOI21_X1
j0_addMult6_MULT_mult_18_U315  4.238e-05   0.0001249   0.0001803   1.293e-05  INV_X1
j1_addMult6_MULT_mult_18_U421  7.442e-05   6.407e-05   0.0001803   4.177e-05  XNOR2_X1
j2_addMult3_MULT_mult_18_U438   6.95e-05   6.945e-05   0.0001803   4.131e-05  XNOR2_X1
j1_addMult7_MULT_mult_18_U380    9.5e-05   4.749e-05   0.0001802   3.775e-05  XNOR2_X1
FE_RC_109_0                    9.071e-05   5.364e-05   0.0001802   3.587e-05  AOI21_X1
FE_RC_98_0                     8.651e-05   5.712e-05   0.0001802   3.658e-05  AOI21_X1
j2_addMult8_MULT_mult_18_U443  6.796e-05   7.718e-05   0.0001802   3.503e-05  OAI22_X1
FE_RC_80_0                     8.842e-05    5.56e-05   0.0001801    3.61e-05  AOI21_X1
j1_mult0_mult_18_U464          8.219e-05   6.141e-05   0.0001801   3.652e-05  XNOR2_X1
j2_addMult4_MULT_mult_18_U446  7.415e-05   6.551e-05   0.0001801   4.042e-05  XNOR2_X1
j2_addMult4_MULT_mult_18_U465   6.57e-05    7.33e-05     0.00018   4.105e-05  OAI21_X1
FE_RC_128_0                    9.099e-05   5.238e-05     0.00018   3.666e-05  AOI21_X1
FE_RC_57_0                     8.636e-05   5.663e-05   0.0001799   3.693e-05  AOI21_X1
j1_addMult3_MULT_mult_18_U444  7.418e-05   6.532e-05   0.0001799   4.042e-05  XNOR2_X1
j1_addMult2_MULT_mult_18_U417   7.25e-05   6.613e-05   0.0001799   4.125e-05  XNOR2_X1
j0_addMult9_MULT_mult_18_U433  6.657e-05   7.798e-05   0.0001799   3.531e-05  OAI22_X1
j1_addMult5_MULT_mult_18_U413   7.44e-05   6.361e-05   0.0001798   4.177e-05  XNOR2_X1
j2_addMult6_MULT_mult_18_U405  7.438e-05   6.361e-05   0.0001798   4.177e-05  XNOR2_X1
j2_addMult3_MULT_mult_18_U437  7.153e-05    7.07e-05   0.0001797   3.752e-05  OAI22_X1
j1_addMult3_MULT_mult_18_U431  7.219e-05   7.327e-05   0.0001797   3.423e-05  OAI22_X1
j1_addMult2_MULT_mult_18_U446  6.952e-05   6.883e-05   0.0001797   4.131e-05  XNOR2_X1
j0_addMult5_MULT_mult_18_U421  7.445e-05   6.342e-05   0.0001796   4.177e-05  XNOR2_X1
j1_addMult4_MULT_mult_18_U415  7.361e-05   6.422e-05   0.0001795    4.17e-05  XNOR2_X1
j1_addMult3_MULT_mult_18_U446   7.42e-05   6.488e-05   0.0001795   4.042e-05  XNOR2_X1
j1_addMult2_MULT_mult_18_U431  7.124e-05   7.074e-05   0.0001795   3.752e-05  OAI22_X1
j2_addMult5_MULT_mult_18_U435  7.818e-05   6.299e-05   0.0001795   3.833e-05  OAI22_X1
j1_addMult1_MULT_mult_18_U443  6.832e-05   7.603e-05   0.0001795   3.512e-05  OAI22_X1
j1_addMult3_MULT_mult_18_U421  6.901e-05   6.994e-05   0.0001794   4.049e-05  XNOR2_X1
j1_addMult2_MULT_mult_18_U419  7.253e-05   6.566e-05   0.0001794   4.125e-05  XNOR2_X1
j1_addMult2_MULT_mult_18_U465  6.605e-05   7.333e-05   0.0001794   4.002e-05  OAI21_X1
j2_addMult6_MULT_mult_18_U423  7.441e-05   6.318e-05   0.0001794   4.177e-05  XNOR2_X1
j0_addMult5_MULT_mult_18_U413  7.447e-05   6.305e-05   0.0001793   4.177e-05  XNOR2_X1
j1_addMult0_MULT_mult_18_U407  7.133e-05   6.656e-05   0.0001793    4.14e-05  XNOR2_X1
j0_addMult3_MULT_mult_18_U413  7.364e-05   6.393e-05   0.0001793    4.17e-05  XNOR2_X1
j0_addMult4_MULT_mult_18_U413  7.437e-05   6.312e-05   0.0001793   4.177e-05  XNOR2_X1
j0_addMult5_MULT_mult_18_U405  7.449e-05   6.279e-05   0.0001791   4.177e-05  XNOR2_X1
j0_addMult2_MULT_mult_18_U439  7.062e-05    6.72e-05    0.000179   4.118e-05  OAI22_X1
j0_addMult2_MULT_mult_18_U436  7.424e-05    6.43e-05    0.000179   4.042e-05  XNOR2_X1
j2_addMult5_MULT_mult_18_U293  5.003e-05   0.0001154   0.0001789   1.353e-05  INV_X1
j0_addMult3_MULT_mult_18_U421  7.368e-05    6.35e-05   0.0001789    4.17e-05  XNOR2_X1
j1_addMult6_MULT_mult_18_U423   7.45e-05   6.259e-05   0.0001789   4.177e-05  XNOR2_X1
j2_addMult3_MULT_mult_18_U436  6.955e-05   6.798e-05   0.0001788   4.131e-05  XNOR2_X1
j2_addMult3_MULT_mult_18_U415  7.258e-05   6.498e-05   0.0001788   4.125e-05  XNOR2_X1
j1_addMult4_MULT_mult_18_U409  7.366e-05   6.345e-05   0.0001788    4.17e-05  XNOR2_X1
j0_addMult4_MULT_mult_18_U415   7.44e-05   6.263e-05   0.0001788   4.177e-05  XNOR2_X1
j0_addMult5_MULT_mult_18_U465   6.54e-05   7.259e-05   0.0001788   4.077e-05  OAI21_X1
FE_RC_61_0                     8.705e-05   5.487e-05   0.0001788   3.684e-05  AOI21_X1
FE_RC_118_0                    9.104e-05   5.102e-05   0.0001787   3.666e-05  AOI21_X1
j0_addMult6_MULT_mult_18_U421  7.506e-05   6.233e-05   0.0001787   4.132e-05  XNOR2_X1
j1_addMult5_MULT_mult_18_U405  7.447e-05   6.238e-05   0.0001786   4.177e-05  XNOR2_X1
j0_addMult6_MULT_mult_18_U441  7.564e-05   6.356e-05   0.0001786   3.941e-05  OAI22_X1
j0_addMult3_MULT_mult_18_U417  7.368e-05   6.322e-05   0.0001786    4.17e-05  XNOR2_X1
j0_addMult3_MULT_mult_18_U376  8.956e-05   4.824e-05   0.0001785   4.075e-05  OAI22_X1
j1_addMult6_MULT_mult_18_U405  7.452e-05   6.226e-05   0.0001785   4.177e-05  XNOR2_X1
j2_addMult3_MULT_mult_18_U407  7.258e-05   6.471e-05   0.0001785   4.125e-05  XNOR2_X1
j2_addMult4_MULT_mult_18_U409  6.902e-05   6.902e-05   0.0001785   4.049e-05  XNOR2_X1
j2_addMult6_MULT_mult_18_U407  7.445e-05    6.23e-05   0.0001785   4.177e-05  XNOR2_X1
j0_addMult3_MULT_mult_18_U464  0.0001053   3.675e-05   0.0001784   3.638e-05  XNOR2_X1
j0_addMult1_MULT_mult_18_U409  7.256e-05    6.46e-05   0.0001784   4.125e-05  XNOR2_X1
j2_addMult8_MULT_mult_18_U407   7.52e-05   6.188e-05   0.0001784   4.132e-05  XNOR2_X1
j0_addMult5_MULT_mult_18_U417  7.452e-05   6.211e-05   0.0001784   4.177e-05  XNOR2_X1
j0_addMult6_MULT_mult_18_U444   6.64e-05   7.098e-05   0.0001783   4.094e-05  XNOR2_X1
j1_addMult5_MULT_mult_18_U437  6.879e-05   6.882e-05   0.0001783   4.068e-05  OAI22_X1
j2_addMult7_MULT_mult_18_U480  0.0001059   4.976e-05   0.0001782   2.263e-05  NAND3_X1
j1_addMult2_MULT_mult_18_U460  0.0001017   3.985e-05   0.0001782   3.665e-05  XNOR2_X1
j1_addMult5_MULT_mult_18_U423  7.447e-05   6.198e-05   0.0001782   4.177e-05  XNOR2_X1
FE_RC_94_0                     8.733e-05   5.405e-05   0.0001782   3.684e-05  AOI21_X1
j0_addMult5_MULT_mult_18_U431  6.923e-05   7.514e-05   0.0001782   3.383e-05  OAI22_X1
j1_addMult7_MULT_mult_18_U427  6.805e-05   7.509e-05   0.0001782   3.503e-05  OAI22_X1
j2_addMult9_MULT_mult_18_U315  4.601e-05   0.0001195   0.0001782   1.268e-05  INV_X1
FE_RC_64_0                     9.268e-05   5.279e-05   0.0001781   3.265e-05  AOI21_X1
j0_addMult9_MULT_mult_18_U443  6.659e-05    7.62e-05   0.0001781   3.531e-05  OAI22_X1
j2_addMult3_MULT_mult_18_U421  7.262e-05   6.423e-05   0.0001781   4.125e-05  XNOR2_X1
j0_addMult7_MULT_mult_18_U480  0.0001008   5.507e-05   0.0001781   2.222e-05  NAND3_X1
j2_addMult2_MULT_mult_18_U417  7.118e-05   6.568e-05    0.000178   4.118e-05  XNOR2_X1
j2_addMult0_MULT_mult_18_U437  6.624e-05   7.604e-05    0.000178   3.574e-05  OAI22_X1
j0_addMult3_MULT_mult_18_U415  7.371e-05   6.258e-05    0.000178    4.17e-05  XNOR2_X1
j0_addMult0_MULT_mult_18_U437  6.831e-05   7.456e-05    0.000178   3.512e-05  OAI22_X1
j1_addMult2_MULT_mult_18_U405  7.263e-05   6.405e-05   0.0001779   4.125e-05  XNOR2_X1
j1_addMult2_MULT_mult_18_U411  7.262e-05   6.403e-05   0.0001779   4.125e-05  XNOR2_X1
j1_addMult2_MULT_mult_18_U434  6.958e-05     6.7e-05   0.0001779   4.131e-05  XNOR2_X1
j2_addMult7_MULT_mult_18_U443  6.932e-05   7.468e-05   0.0001778   3.383e-05  OAI22_X1
j1_addMult2_MULT_mult_18_U428  6.958e-05   6.693e-05   0.0001778   4.131e-05  XNOR2_X1
j0_addMult4_MULT_mult_18_U346  7.725e-05   6.562e-05   0.0001777   3.484e-05  OAI22_X1
FE_RC_14_0                     8.471e-05   5.672e-05   0.0001776   3.622e-05  AOI21_X1
j1_addMult2_MULT_mult_18_U440  6.959e-05   6.674e-05   0.0001776   4.131e-05  XNOR2_X1
j2_addMult3_MULT_mult_18_U417  7.265e-05   6.374e-05   0.0001776   4.125e-05  XNOR2_X1
j1_addMult2_MULT_mult_18_U409  7.263e-05   6.375e-05   0.0001776   4.125e-05  XNOR2_X1
j1_addMult2_MULT_mult_18_U413  7.263e-05   6.375e-05   0.0001776   4.125e-05  XNOR2_X1
j2_addMult5_MULT_mult_18_U464  0.0001053   3.593e-05   0.0001776   3.638e-05  XNOR2_X1
j1_addMult7_MULT_mult_18_U431  7.559e-05   6.258e-05   0.0001776   3.941e-05  OAI22_X1
j1_addMult2_MULT_mult_18_U442  6.959e-05   6.664e-05   0.0001775   4.131e-05  XNOR2_X1
j1_addMult1_MULT_mult_18_U437  6.817e-05   7.424e-05   0.0001775   3.512e-05  OAI22_X1
FE_RC_121_0                    9.236e-05   4.965e-05   0.0001775   3.549e-05  AOI21_X1
j2_addMult2_MULT_mult_18_U421  7.122e-05   6.511e-05   0.0001775   4.118e-05  XNOR2_X1
j1_addMult2_MULT_mult_18_U430  6.959e-05   6.657e-05   0.0001775   4.131e-05  XNOR2_X1
j1_addMult3_MULT_mult_18_U407  6.907e-05    6.79e-05   0.0001775   4.049e-05  XNOR2_X1
j1_addMult8_MULT_mult_18_U443  6.528e-05   7.543e-05   0.0001774   3.669e-05  OAI22_X1
j1_addMult1_MULT_mult_18_U464  0.0001057   3.582e-05   0.0001774   3.589e-05  XNOR2_X1
j1_mult0_mult_18_U429          6.654e-05   7.512e-05   0.0001774   3.574e-05  OAI22_X1
j0_addMult0_MULT_mult_18_U464  0.0001057    3.58e-05   0.0001774   3.589e-05  XNOR2_X1
j0_addMult0_MULT_mult_18_U407   7.12e-05   6.497e-05   0.0001773   4.118e-05  XNOR2_X1
j2_addMult2_MULT_mult_18_U419  7.123e-05   6.488e-05   0.0001773   4.118e-05  XNOR2_X1
j1_addMult2_MULT_mult_18_U444   6.96e-05   6.631e-05   0.0001772   4.131e-05  XNOR2_X1
j2_addMult3_MULT_mult_18_U405  7.266e-05   6.326e-05   0.0001772   4.125e-05  XNOR2_X1
j2_addMult3_MULT_mult_18_U430   6.96e-05   6.624e-05   0.0001772   4.131e-05  XNOR2_X1
j1_addMult1_MULT_mult_18_U431   7.56e-05   6.187e-05    0.000177   3.954e-05  OAI22_X1
j2_addMult2_MULT_mult_18_U431  7.623e-05   6.123e-05    0.000177   3.954e-05  OAI22_X1
j2_addMult5_MULT_mult_18_U423  7.376e-05   6.155e-05    0.000177    4.17e-05  XNOR2_X1
j1_addMult7_MULT_mult_18_U464  0.0001052    3.56e-05    0.000177   3.616e-05  XNOR2_X1
FE_RC_3_0                      9.106e-05   4.911e-05   0.0001768   3.666e-05  AOI21_X1
j2_addMult2_MULT_mult_18_U441  7.624e-05   6.105e-05   0.0001768   3.954e-05  OAI22_X1
j2_mult0_mult_18_U425          7.042e-05   6.949e-05   0.0001767   3.674e-05  OAI22_X1
j2_addMult9_MULT_mult_18_U465  6.646e-05       7e-05   0.0001766   4.017e-05  OAI21_X1
j1_addMult2_MULT_mult_18_U436  6.962e-05   6.565e-05   0.0001766   4.131e-05  XNOR2_X1
j2_addMult4_MULT_mult_18_U415  6.908e-05   6.695e-05   0.0001765   4.049e-05  XNOR2_X1
j1_addMult9_MULT_mult_18_U465   6.15e-05    7.57e-05   0.0001765   3.932e-05  OAI21_X1
j0_addMult7_MULT_mult_18_U411  7.011e-05   6.574e-05   0.0001765   4.064e-05  XNOR2_X1
j0_addMult2_MULT_mult_18_U312  4.477e-05   0.0001187   0.0001765   1.298e-05  INV_X1
FE_RC_133_0                    9.378e-05   5.075e-05   0.0001765   3.192e-05  AOI21_X1
j0_addMult7_MULT_mult_18_U443   6.53e-05   7.441e-05   0.0001764   3.669e-05  OAI22_X1
j1_addMult3_MULT_mult_18_U417  6.911e-05   6.679e-05   0.0001764   4.049e-05  XNOR2_X1
j1_addMult2_MULT_mult_18_U421   7.27e-05   6.243e-05   0.0001764   4.125e-05  XNOR2_X1
j1_addMult5_MULT_mult_18_U476  0.0001155   3.674e-05   0.0001763   2.413e-05  AOI222_X1
FE_RC_6_0                       9.24e-05   4.842e-05   0.0001763   3.549e-05  AOI21_X1
j0_addMult9_MULT_mult_18_U308  4.468e-05   0.0001187   0.0001762   1.287e-05  INV_X1
j0_addMult1_MULT_mult_18_U475  0.0001015   3.709e-05   0.0001762    3.76e-05  AOI222_X1
j0_addMult1_MULT_mult_18_U473  9.365e-05   3.784e-05   0.0001762    4.47e-05  AOI222_X1
j2_addMult3_MULT_mult_18_U423  7.274e-05   6.215e-05   0.0001761   4.125e-05  XNOR2_X1
j2_addMult4_MULT_mult_18_U477  0.0001126     3.3e-05   0.0001761   3.056e-05  AOI222_X1
j2_addMult1_MULT_mult_18_U315  4.594e-05   0.0001178   0.0001761   1.232e-05  INV_X1
j2_addMult3_MULT_mult_18_U339  7.804e-05   6.127e-05    0.000176   3.673e-05  OAI22_X1
j2_addMult3_MULT_mult_18_U413  7.274e-05   6.204e-05    0.000176   4.125e-05  XNOR2_X1
j0_addMult0_MULT_mult_18_U409  7.128e-05   6.357e-05    0.000176   4.118e-05  XNOR2_X1
j1_addMult4_MULT_mult_18_U476  9.509e-05   3.946e-05    0.000176   4.147e-05  AOI222_X1
j0_addMult3_MULT_mult_18_U435   7.84e-05   5.925e-05    0.000176   3.833e-05  OAI22_X1
j2_addMult2_MULT_mult_18_U464  0.0001057   3.433e-05   0.0001759   3.589e-05  XNOR2_X1
j0_addMult8_MULT_mult_18_U433  6.392e-05   7.467e-05   0.0001759    3.73e-05  OAI22_X1
j2_addMult3_MULT_mult_18_U444  6.965e-05   6.492e-05   0.0001759   4.131e-05  XNOR2_X1
j0_addMult6_MULT_mult_18_U464  0.0001053   3.438e-05   0.0001758   3.616e-05  XNOR2_X1
j2_addMult3_MULT_mult_18_U428  6.965e-05   6.481e-05   0.0001758   4.131e-05  XNOR2_X1
j1_addMult7_MULT_mult_18_U315  4.693e-05   0.0001161   0.0001756   1.262e-05  INV_X1
j0_addMult2_MULT_mult_18_U405  6.914e-05   6.587e-05   0.0001755   4.049e-05  XNOR2_X1
j1_addMult1_MULT_mult_18_U409  7.132e-05   6.297e-05   0.0001755   4.118e-05  XNOR2_X1
j1_addMult2_MULT_mult_18_U423  7.276e-05   6.142e-05   0.0001754   4.125e-05  XNOR2_X1
j1_addMult4_MULT_mult_18_U464  0.0001054   3.356e-05   0.0001753   3.638e-05  XNOR2_X1
j0_addMult5_MULT_mult_18_U475  8.938e-05   3.795e-05   0.0001753   4.796e-05  AOI222_X1
j2_addMult4_MULT_mult_18_U413  6.913e-05   6.565e-05   0.0001753   4.049e-05  XNOR2_X1
j1_addMult3_MULT_mult_18_U40   6.027e-05    4.36e-05   0.0001752   7.138e-05  FA_X1
j0_addMult4_MULT_mult_18_U427  6.726e-05   7.252e-05   0.0001752   3.544e-05  OAI22_X1
j0_addMult8_MULT_mult_18_U429  6.675e-05   7.019e-05   0.0001751   3.818e-05  OAI22_X1
j2_addMult5_MULT_mult_18_U322  4.235e-05   8.717e-05   0.0001751   4.556e-05  XOR2_X1
j1_mult0_mult_18_U443          6.659e-05    7.27e-05    0.000175   3.574e-05  OAI22_X1
j2_addMult8_MULT_mult_18_U464  0.0001053   3.359e-05    0.000175   3.616e-05  XNOR2_X1
j0_addMult5_MULT_mult_18_U435  7.103e-05   6.385e-05    0.000175   4.012e-05  OAI22_X1
FE_RC_43_0                     9.199e-05    4.97e-05    0.000175   3.326e-05  AOI21_X1
j2_addMult0_MULT_mult_18_U465  6.325e-05   7.198e-05   0.0001749   3.972e-05  OAI21_X1
j2_addMult3_MULT_mult_18_U446  6.968e-05   6.394e-05   0.0001749   4.131e-05  XNOR2_X1
j0_mult0_mult_18_U435           7.61e-05   6.605e-05   0.0001749   3.276e-05  OAI22_X1
FE_RC_107_0                    9.353e-05   4.907e-05   0.0001749   3.229e-05  AOI21_X1
j0_addMult1_MULT_mult_18_U435  6.905e-05   7.107e-05   0.0001748   3.472e-05  OAI22_X1
j2_addMult9_MULT_mult_18_U429  6.537e-05   7.269e-05   0.0001747   3.669e-05  OAI22_X1
j1_addMult3_MULT_mult_18_U413  6.916e-05     6.5e-05   0.0001747   4.049e-05  XNOR2_X1
FE_RC_27_0                     8.804e-05   4.973e-05   0.0001746   3.684e-05  AOI21_X1
j0_addMult4_MULT_mult_18_U444  6.145e-05   7.245e-05   0.0001746   4.072e-05  XNOR2_X1
j1_addMult3_MULT_mult_18_U465  6.562e-05   6.782e-05   0.0001745   4.105e-05  OAI21_X1
j0_addMult8_MULT_mult_18_U476  9.803e-05   4.237e-05   0.0001744   3.406e-05  AOI222_X1
j1_mult0_mult_18_U427          6.659e-05   7.208e-05   0.0001744   3.574e-05  OAI22_X1
j1_addMult3_MULT_mult_18_U405  6.917e-05   6.473e-05   0.0001744   4.049e-05  XNOR2_X1
j2_addMult3_MULT_mult_18_U465  6.658e-05   6.779e-05   0.0001744   4.002e-05  OAI21_X1
j1_addMult9_MULT_mult_18_U443   6.38e-05   7.328e-05   0.0001744    3.73e-05  OAI22_X1
FE_RC_52_0                     9.341e-05   4.896e-05   0.0001743   3.192e-05  AOI21_X1
j2_addMult2_MULT_mult_18_U405  7.141e-05   6.168e-05   0.0001743   4.118e-05  XNOR2_X1
j1_addMult3_MULT_mult_18_U471   5.81e-05   3.605e-05   0.0001743   8.011e-05  OAI222_X1
j2_addMult2_MULT_mult_18_U423  7.142e-05   6.158e-05   0.0001742   4.118e-05  XNOR2_X1
j2_mult0_mult_18_U437          7.058e-05   6.685e-05   0.0001742   3.674e-05  OAI22_X1
j0_addMult6_MULT_mult_18_U465  5.555e-05   7.854e-05   0.0001742   4.006e-05  OAI21_X1
j1_addMult3_MULT_mult_18_U423  6.919e-05   6.424e-05   0.0001739   4.049e-05  XNOR2_X1
j1_addMult5_MULT_mult_18_U339  7.711e-05   6.191e-05   0.0001739   3.484e-05  OAI22_X1
j2_addMult2_MULT_mult_18_U439  7.627e-05   5.798e-05   0.0001738   3.954e-05  OAI22_X1
j0_mult0_mult_18_U439          7.613e-05   6.478e-05   0.0001737   3.276e-05  OAI22_X1
j0_addMult2_MULT_mult_18_U465  6.519e-05   6.742e-05   0.0001737   4.105e-05  OAI21_X1
j0_addMult7_MULT_mult_18_U409  7.026e-05   6.267e-05   0.0001736   4.064e-05  XNOR2_X1
FE_RC_62_0                     8.668e-05   5.024e-05   0.0001735   3.658e-05  AOI21_X1
j1_addMult4_MULT_mult_18_U473   0.000103   3.563e-05   0.0001735   3.488e-05  AOI222_X1
FE_RC_90_0                     8.648e-05   5.007e-05   0.0001735   3.693e-05  AOI21_X1
j0_addMult2_MULT_mult_18_U441  7.071e-05   6.143e-05   0.0001733   4.118e-05  OAI22_X1
j1_addMult8_MULT_mult_18_U437  6.538e-05   7.121e-05   0.0001733   3.669e-05  OAI22_X1
j2_addMult1_MULT_mult_18_U480  9.987e-05   5.043e-05   0.0001732   2.294e-05  NAND3_X1
j2_addMult6_MULT_mult_18_U312  4.474e-05   0.0001153   0.0001732   1.316e-05  INV_X1
j1_mult0_mult_18_U433          6.664e-05   7.065e-05    0.000173   3.574e-05  OAI22_X1
j2_addMult4_MULT_mult_18_U425  7.242e-05   6.634e-05    0.000173   3.423e-05  OAI22_X1
j0_addMult4_MULT_mult_18_U465  6.561e-05   6.714e-05   0.0001729   4.011e-05  OAI21_X1
j0_addMult4_MULT_mult_18_U421  5.941e-05   7.166e-05   0.0001728   4.177e-05  XNOR2_X1
j0_addMult7_MULT_mult_18_U473  9.352e-05   4.161e-05   0.0001728   3.762e-05  AOI222_X1
j0_addMult1_MULT_mult_18_U460  0.0001019   3.422e-05   0.0001728   3.665e-05  XNOR2_X1
j0_addMult8_MULT_mult_18_U443  6.394e-05   7.142e-05   0.0001727    3.73e-05  OAI22_X1
j2_addMult1_MULT_mult_18_U439  7.659e-05   6.328e-05   0.0001726   3.276e-05  OAI22_X1
j2_addMult6_MULT_mult_18_U439  6.887e-05   6.295e-05   0.0001725   4.068e-05  OAI22_X1
j1_addMult0_MULT_mult_18_U435  7.654e-05    6.31e-05   0.0001724   3.276e-05  OAI22_X1
j1_addMult3_MULT_mult_18_U435    7.1e-05   6.021e-05   0.0001724   4.118e-05  OAI22_X1
j2_addMult4_MULT_mult_18_U312  4.474e-05   0.0001147   0.0001724   1.298e-05  INV_X1
j1_addMult7_MULT_mult_18_U437  6.816e-05   6.914e-05   0.0001723   3.503e-05  OAI22_X1
j0_addMult8_MULT_mult_18_U409  6.641e-05   6.505e-05   0.0001722   4.079e-05  XNOR2_X1
j2_addMult3_MULT_mult_18_U293  5.008e-05   0.0001087   0.0001722   1.347e-05  INV_X1
j2_addMult9_MULT_mult_18_U433  6.546e-05   7.006e-05   0.0001722   3.669e-05  OAI22_X1
j2_addMult9_MULT_mult_18_U443  6.542e-05   7.004e-05   0.0001721   3.669e-05  OAI22_X1
j1_addMult5_MULT_mult_18_U475  9.188e-05   3.172e-05   0.0001721   4.849e-05  AOI222_X1
j1_addMult8_MULT_mult_18_U409  7.034e-05    6.11e-05   0.0001721   4.064e-05  XNOR2_X1
j2_addMult3_MULT_mult_18_U460  0.0001019    3.35e-05   0.0001721   3.665e-05  XNOR2_X1
j1_addMult8_MULT_mult_18_U407  7.034e-05   6.107e-05   0.0001721   4.064e-05  XNOR2_X1
j1_addMult0_MULT_mult_18_U465  6.526e-05   6.584e-05   0.0001721   4.096e-05  OAI21_X1
j1_addMult3_MULT_mult_18_U475  9.287e-05   3.549e-05   0.0001718    4.34e-05  AOI222_X1
j1_addMult0_MULT_mult_18_U441  7.655e-05   6.244e-05   0.0001717   3.276e-05  OAI22_X1
j0_addMult7_MULT_mult_18_U427  6.559e-05   6.936e-05   0.0001716   3.669e-05  OAI22_X1
j1_mult0_mult_18_U425          6.654e-05   6.931e-05   0.0001716   3.574e-05  OAI22_X1
FE_RC_135_0                    9.062e-05   4.825e-05   0.0001716   3.269e-05  AOI21_X1
j2_addMult9_MULT_mult_18_U437  6.543e-05   6.933e-05   0.0001715   3.669e-05  OAI22_X1
j1_mult0_mult_18_U437          6.665e-05   6.898e-05   0.0001714   3.574e-05  OAI22_X1
j1_addMult4_MULT_mult_18_U425  7.015e-05   6.788e-05   0.0001713   3.329e-05  OAI22_X1
j1_addMult0_MULT_mult_18_U299  5.054e-05    0.000105   0.0001713   1.577e-05  INV_X1
j2_addMult5_MULT_mult_18_U309  4.643e-05   0.0001112   0.0001713   1.364e-05  INV_X1
FE_RC_66_0                     8.453e-05   5.048e-05   0.0001712   3.622e-05  AOI21_X1
j2_mult0_mult_18_U482          9.632e-05   3.847e-05    0.000171   3.623e-05  XNOR2_X1
j2_addMult7_MULT_mult_18_U473  9.585e-05   3.478e-05   0.0001709   4.029e-05  AOI222_X1
j1_addMult1_MULT_mult_18_U475  0.0001017   3.879e-05   0.0001709   3.039e-05  AOI222_X1
FE_RC_39_0                      8.51e-05   4.973e-05   0.0001707    3.59e-05  AOI21_X1
j2_addMult8_MULT_mult_18_U435  6.815e-05    6.75e-05   0.0001707   3.503e-05  OAI22_X1
j2_addMult7_MULT_mult_18_U437  6.968e-05   6.716e-05   0.0001707   3.383e-05  OAI22_X1
j1_addMult7_MULT_mult_18_U480  0.0001011   4.647e-05   0.0001706   2.296e-05  NAND3_X1
j0_addMult4_MULT_mult_18_U423   5.94e-05   6.938e-05   0.0001706   4.177e-05  XNOR2_X1
j1_addMult6_MULT_mult_18_U431  7.125e-05   5.913e-05   0.0001705   4.012e-05  OAI22_X1
j2_addMult5_MULT_mult_18_U475  8.828e-05   3.392e-05   0.0001705   4.829e-05  AOI222_X1
j1_addMult4_MULT_mult_18_U474  8.153e-05   6.574e-05   0.0001703   2.306e-05  AOI222_X1
j2_addMult0_MULT_mult_18_U312  4.593e-05   0.0001106   0.0001702   1.371e-05  INV_X1
j1_addMult1_MULT_mult_18_U465  6.851e-05   6.784e-05   0.0001701   3.375e-05  OAI21_X1
j2_mult0_mult_18_U290          4.668e-05   0.0001099     0.00017   1.346e-05  INV_X1
j1_addMult4_MULT_mult_18_U315  4.353e-05   0.0001139     0.00017   1.256e-05  INV_X1
j0_addMult3_MULT_mult_18_U293  5.008e-05   0.0001063   0.0001699   1.353e-05  INV_X1
j1_addMult9_MULT_mult_18_U429  6.387e-05   6.866e-05   0.0001698    3.73e-05  OAI22_X1
j0_addMult3_MULT_mult_18_U475  8.826e-05   3.314e-05   0.0001697   4.829e-05  AOI222_X1
j1_addMult0_MULT_mult_18_U298  5.109e-05   0.0001027   0.0001696   1.577e-05  INV_X1
j0_addMult7_MULT_mult_18_U437   6.56e-05   6.728e-05   0.0001696   3.669e-05  OAI22_X1
j2_addMult1_MULT_mult_18_U441  7.666e-05   5.993e-05   0.0001693   3.276e-05  OAI22_X1
j1_addMult6_MULT_mult_18_U441   7.13e-05   5.788e-05   0.0001693   4.012e-05  OAI22_X1
FE_RC_102_0                    8.412e-05   4.886e-05   0.0001692   3.622e-05  AOI21_X1
j1_addMult5_MULT_mult_18_U348  7.709e-05   5.727e-05   0.0001692   3.484e-05  OAI22_X1
j1_addMult0_MULT_mult_18_U464  9.755e-05   3.527e-05   0.0001691   3.632e-05  XNOR2_X1
j2_addMult9_MULT_mult_18_U427  6.548e-05   6.692e-05   0.0001691   3.669e-05  OAI22_X1
FE_RC_32_0                     8.413e-05   4.871e-05   0.0001691   3.622e-05  AOI21_X1
j1_mult0_mult_18_U315          4.668e-05   0.0001101    0.000169    1.22e-05  INV_X1
j0_addMult1_MULT_mult_18_U315  4.598e-05   0.0001105    0.000169   1.256e-05  INV_X1
j1_addMult0_MULT_mult_18_U439   7.66e-05   5.961e-05    0.000169   3.276e-05  OAI22_X1
j1_addMult4_MULT_mult_18_U423  6.092e-05   6.619e-05   0.0001688    4.17e-05  XNOR2_X1
j1_addMult3_MULT_mult_18_U293  4.897e-05   0.0001074   0.0001687   1.232e-05  INV_X1
j1_addMult2_MULT_mult_18_U441  7.138e-05   5.973e-05   0.0001686   3.752e-05  OAI22_X1
j2_addMult3_MULT_mult_18_U475  8.886e-05   3.189e-05   0.0001685   4.775e-05  AOI222_X1
j1_addMult8_MULT_mult_18_U433  6.547e-05   6.633e-05   0.0001685   3.669e-05  OAI22_X1
j0_addMult1_MULT_mult_18_U312  4.479e-05   0.0001107   0.0001684   1.298e-05  INV_X1
j1_addMult7_MULT_mult_18_U473  9.192e-05   3.428e-05   0.0001683   4.215e-05  AOI222_X1
j2_addMult2_MULT_mult_18_U477  8.361e-05   4.421e-05   0.0001681   4.031e-05  AOI222_X1
j2_addMult1_MULT_mult_18_U473  9.538e-05   3.275e-05   0.0001681   3.996e-05  AOI222_X1
j2_addMult1_MULT_mult_18_U431  7.258e-05   5.626e-05   0.0001681   3.926e-05  OAI22_X1
j0_addMult8_MULT_mult_18_U407  6.658e-05   6.065e-05    0.000168   4.079e-05  XNOR2_X1
j0_addMult0_MULT_mult_18_U476  0.0001016     3.6e-05    0.000168   3.039e-05  AOI222_X1
FE_RC_69_0                     8.387e-05   4.794e-05    0.000168   3.617e-05  AOI21_X1
j0_mult0_mult_18_U464          9.759e-05   3.404e-05    0.000168   3.632e-05  XNOR2_X1
j0_addMult1_MULT_mult_18_U439  6.915e-05   6.404e-05   0.0001679   3.472e-05  OAI22_X1
j2_mult0_mult_18_U464          9.534e-05   3.609e-05   0.0001679   3.645e-05  XNOR2_X1
j1_addMult9_MULT_mult_18_U315  4.571e-05    0.000109   0.0001679   1.311e-05  INV_X1
j1_addMult0_MULT_mult_18_U476  9.901e-05   3.931e-05   0.0001678    2.95e-05  AOI222_X1
j1_addMult2_MULT_mult_18_U439  7.139e-05   5.885e-05   0.0001678   3.752e-05  OAI22_X1
j2_addMult6_MULT_mult_18_U295  4.441e-05   0.0001068   0.0001676   1.638e-05  INV_X1
j0_addMult0_MULT_mult_18_U425  6.837e-05   6.408e-05   0.0001676   3.512e-05  OAI22_X1
j2_addMult0_MULT_mult_18_U476  0.0001024   3.468e-05   0.0001675   3.039e-05  AOI222_X1
j2_mult0_mult_18_U308          4.675e-05   0.0001085   0.0001675   1.226e-05  INV_X1
j0_mult0_mult_18_U315          4.724e-05   0.0001079   0.0001675   1.232e-05  INV_X1
j1_addMult8_MULT_mult_18_U315  4.706e-05   0.0001077   0.0001674   1.268e-05  INV_X1
j1_addMult5_MULT_mult_18_U293  4.894e-05   0.0001055   0.0001674   1.292e-05  INV_X1
j2_addMult8_MULT_mult_18_U425  6.809e-05   6.425e-05   0.0001674   3.503e-05  OAI22_X1
j0_addMult4_MULT_mult_18_U425  6.723e-05   6.469e-05   0.0001674   3.544e-05  OAI22_X1
j1_addMult5_MULT_mult_18_U312  4.541e-05   0.0001086   0.0001672   1.316e-05  INV_X1
j2_mult0_mult_18_U431          7.067e-05   5.979e-05   0.0001672   3.674e-05  OAI22_X1
j0_addMult2_MULT_mult_18_U431  7.083e-05   5.512e-05   0.0001671   4.118e-05  OAI22_X1
j1_addMult9_MULT_mult_18_U437  6.394e-05   6.575e-05    0.000167    3.73e-05  OAI22_X1
j2_addMult4_MULT_mult_18_U435  7.127e-05    5.45e-05    0.000167   4.118e-05  OAI22_X1
j1_addMult1_MULT_mult_18_U435  6.834e-05   6.337e-05   0.0001668   3.512e-05  OAI22_X1
j2_addMult0_MULT_mult_18_U298  4.809e-05   0.0001026   0.0001668   1.608e-05  INV_X1
j2_addMult7_MULT_mult_18_U431  7.144e-05   5.516e-05   0.0001667   4.012e-05  OAI22_X1
j2_addMult7_MULT_mult_18_U475  9.855e-05   4.093e-05   0.0001667   2.724e-05  AOI222_X1
j2_addMult1_MULT_mult_18_U464  9.763e-05   3.272e-05   0.0001667   3.632e-05  XNOR2_X1
j2_addMult5_MULT_mult_18_U323  9.027e-05   4.426e-05   0.0001666   3.211e-05  XOR2_X1
j0_addMult3_MULT_mult_18_U323  9.023e-05   4.429e-05   0.0001666   3.211e-05  XOR2_X1
j0_addMult4_MULT_mult_18_U473  8.904e-05   4.798e-05   0.0001666   2.957e-05  AOI222_X1
j0_addMult0_MULT_mult_18_U315  4.595e-05   0.0001081   0.0001666    1.25e-05  INV_X1
j0_addMult3_MULT_mult_18_U315  4.427e-05   0.0001098   0.0001666   1.256e-05  INV_X1
j2_addMult3_MULT_mult_18_U435  7.173e-05   5.727e-05   0.0001665   3.752e-05  OAI22_X1
j0_addMult4_MULT_mult_18_U435  6.913e-05   5.647e-05   0.0001663   4.068e-05  OAI22_X1
j1_addMult6_MULT_mult_18_U439  7.132e-05   5.478e-05   0.0001662   4.012e-05  OAI22_X1
j2_addMult1_MULT_mult_18_U475  9.896e-05   3.776e-05   0.0001662    2.95e-05  AOI222_X1
j1_addMult9_MULT_mult_18_U431  6.394e-05   6.492e-05   0.0001662    3.73e-05  OAI22_X1
j0_addMult7_MULT_mult_18_U460  9.581e-05   3.431e-05   0.0001661   3.601e-05  XNOR2_X1
j1_addMult4_MULT_mult_18_U421  6.094e-05   6.336e-05    0.000166    4.17e-05  XNOR2_X1
j0_mult0_mult_18_U441          7.626e-05   5.697e-05    0.000166   3.276e-05  OAI22_X1
j2_addMult0_MULT_mult_18_U304  4.513e-05   0.0001054    0.000166   1.541e-05  INV_X1
j2_addMult0_MULT_mult_18_U315  4.575e-05    0.000108   0.0001659    1.22e-05  INV_X1
j1_addMult1_MULT_mult_18_U296  4.648e-05   0.0001032   0.0001659   1.614e-05  INV_X1
j1_addMult1_MULT_mult_18_U480  8.745e-05   5.672e-05   0.0001659    2.17e-05  NAND3_X1
j2_addMult2_MULT_mult_18_U323  9.058e-05   4.331e-05   0.0001658   3.195e-05  XOR2_X1
j2_addMult0_MULT_mult_18_U425  6.653e-05   6.357e-05   0.0001658   3.574e-05  OAI22_X1
j0_addMult3_MULT_mult_18_U465  5.606e-05   6.908e-05   0.0001658   4.064e-05  OAI21_X1
j1_addMult1_MULT_mult_18_U315  4.702e-05   0.0001063   0.0001658    1.25e-05  INV_X1
j0_addMult4_MULT_mult_18_U460  9.666e-05   3.324e-05   0.0001658   3.586e-05  XNOR2_X1
j0_addMult4_MULT_mult_18_U474  8.504e-05   5.378e-05   0.0001658   2.694e-05  AOI222_X1
j1_addMult2_MULT_mult_18_U295  4.556e-05   0.0001049   0.0001657   1.523e-05  INV_X1
j2_addMult6_MULT_mult_18_U460  9.665e-05   3.314e-05   0.0001656   3.586e-05  XNOR2_X1
j1_addMult9_MULT_mult_18_U425  6.383e-05   6.446e-05   0.0001656    3.73e-05  OAI22_X1
j0_addMult8_MULT_mult_18_U465   6.22e-05   6.404e-05   0.0001656   3.932e-05  OAI21_X1
j0_addMult9_MULT_mult_18_U482  9.494e-05   3.487e-05   0.0001655   3.568e-05  XNOR2_X1
j0_addMult4_MULT_mult_18_U298  4.701e-05   0.0001029   0.0001655   1.559e-05  INV_X1
j2_addMult6_MULT_mult_18_U315  4.235e-05   0.0001098   0.0001653   1.311e-05  INV_X1
j2_addMult3_MULT_mult_18_U348   7.81e-05   5.046e-05   0.0001653   3.673e-05  OAI22_X1
j2_addMult7_MULT_mult_18_U460  9.605e-05   3.322e-05   0.0001653     3.6e-05  XNOR2_X1
j2_addMult6_MULT_mult_18_U441  6.901e-05   5.548e-05   0.0001652   4.068e-05  OAI22_X1
j1_addMult1_MULT_mult_18_U312  4.606e-05   0.0001055   0.0001651   1.353e-05  INV_X1
j1_addMult6_MULT_mult_18_U460  9.606e-05   3.303e-05   0.0001651     3.6e-05  XNOR2_X1
j1_addMult4_MULT_mult_18_U323  9.025e-05   4.272e-05   0.0001651   3.211e-05  XOR2_X1
j1_addMult8_MULT_mult_18_U425  6.543e-05   6.293e-05    0.000165   3.669e-05  OAI22_X1
j0_addMult7_MULT_mult_18_U431  7.081e-05    5.45e-05    0.000165   3.972e-05  OAI22_X1
j0_addMult8_MULT_mult_18_U437  6.406e-05   6.366e-05    0.000165    3.73e-05  OAI22_X1
j0_addMult7_MULT_mult_18_U465  6.453e-05   6.632e-05    0.000165   3.417e-05  OAI21_X1
j1_addMult5_MULT_mult_18_U460  9.666e-05   3.228e-05   0.0001648   3.586e-05  XNOR2_X1
j2_addMult1_MULT_mult_18_U435  7.673e-05   5.531e-05   0.0001648   3.276e-05  OAI22_X1
j0_addMult9_MULT_mult_18_U437  6.674e-05   6.263e-05   0.0001647   3.531e-05  OAI22_X1
j2_addMult2_MULT_mult_18_U300  5.128e-05   9.821e-05   0.0001647   1.517e-05  INV_X1
j2_addMult4_MULT_mult_18_U473  9.633e-05   3.647e-05   0.0001647   3.186e-05  AOI222_X1
j2_addMult9_MULT_mult_18_U425  6.546e-05    6.25e-05   0.0001647   3.669e-05  OAI22_X1
j1_addMult5_MULT_mult_18_U473  8.453e-05   3.621e-05   0.0001646   4.388e-05  AOI222_X1
j0_addMult5_MULT_mult_18_U40   5.584e-05   3.501e-05   0.0001645   7.364e-05  FA_X1
j2_addMult0_MULT_mult_18_U299  4.918e-05   9.921e-05   0.0001645   1.608e-05  INV_X1
j1_addMult5_MULT_mult_18_U435  6.906e-05   5.461e-05   0.0001643   4.068e-05  OAI22_X1
j2_addMult7_MULT_mult_18_U465  6.388e-05   6.554e-05   0.0001643   3.489e-05  OAI21_X1
j1_addMult0_MULT_mult_18_U460  9.454e-05   3.353e-05   0.0001642    3.61e-05  XNOR2_X1
j0_addMult6_MULT_mult_18_U323  9.023e-05   4.227e-05   0.0001641   3.164e-05  XOR2_X1
j0_addMult5_MULT_mult_18_U460  9.609e-05    3.19e-05    0.000164     3.6e-05  XNOR2_X1
j0_addMult7_MULT_mult_18_U315  4.641e-05   0.0001048   0.0001639   1.268e-05  INV_X1
j2_mult0_mult_18_U435          7.074e-05   5.644e-05   0.0001639   3.674e-05  OAI22_X1
j1_addMult4_MULT_mult_18_U439  7.036e-05   6.026e-05   0.0001639   3.329e-05  OAI22_X1
j0_addMult6_MULT_mult_18_U423  5.936e-05   6.321e-05   0.0001639   4.132e-05  XNOR2_X1
j1_addMult8_MULT_mult_18_U460  9.589e-05    3.19e-05   0.0001638   3.601e-05  XNOR2_X1
j2_addMult5_MULT_mult_18_U431  7.072e-05   5.979e-05   0.0001638   3.329e-05  OAI22_X1
j0_addMult5_MULT_mult_18_U293  4.789e-05   0.0001026   0.0001636   1.311e-05  INV_X1
j0_addMult5_MULT_mult_18_U471  5.435e-05   3.422e-05   0.0001636   7.504e-05  OAI222_X1
j1_addMult2_MULT_mult_18_U303  5.061e-05   9.665e-05   0.0001636   1.632e-05  INV_X1
j2_mult0_mult_18_U441          7.072e-05   5.613e-05   0.0001636   3.674e-05  OAI22_X1
j1_addMult1_MULT_mult_18_U473  9.035e-05   3.152e-05   0.0001634   4.154e-05  AOI222_X1
j2_addMult0_MULT_mult_18_U435  6.642e-05   6.123e-05   0.0001634   3.574e-05  OAI22_X1
j2_addMult4_MULT_mult_18_U439  7.271e-05   5.636e-05   0.0001633   3.423e-05  OAI22_X1
j1_addMult7_MULT_mult_18_U441  6.833e-05   5.982e-05   0.0001632   3.503e-05  OAI22_X1
j2_addMult9_MULT_mult_18_U460  9.591e-05   3.118e-05   0.0001631   3.601e-05  XNOR2_X1
j2_addMult7_MULT_mult_18_U315  4.702e-05   0.0001039   0.0001631   1.214e-05  INV_X1
j2_addMult2_MULT_mult_18_U293  4.676e-05   0.0001018    0.000163   1.442e-05  INV_X1
j1_addMult3_MULT_mult_18_U464  9.459e-05   3.275e-05    0.000163   3.564e-05  XNOR2_X1
j1_addMult1_MULT_mult_18_U439  6.843e-05   5.938e-05   0.0001629   3.512e-05  OAI22_X1
j1_addMult1_MULT_mult_18_U293  4.671e-05   0.0001022   0.0001629   1.406e-05  INV_X1
j2_addMult3_MULT_mult_18_U431  6.942e-05   5.862e-05   0.0001628   3.472e-05  OAI22_X1
j0_addMult8_MULT_mult_18_U425  6.425e-05    6.11e-05   0.0001626    3.73e-05  OAI22_X1
j2_addMult2_MULT_mult_18_U312   4.26e-05   0.0001067   0.0001624    1.31e-05  INV_X1
j0_addMult4_MULT_mult_18_U293  4.671e-05   0.0001031   0.0001623    1.25e-05  INV_X1
j0_addMult9_MULT_mult_18_U431  6.677e-05   6.019e-05   0.0001623   3.531e-05  OAI22_X1
j2_mult0_mult_18_U439          7.075e-05   5.476e-05   0.0001622   3.674e-05  OAI22_X1
j2_addMult1_MULT_mult_18_U460  9.461e-05   3.149e-05   0.0001622    3.61e-05  XNOR2_X1
j0_addMult1_MULT_mult_18_U465   6.41e-05   6.427e-05   0.0001622   3.381e-05  OAI21_X1
j2_addMult2_MULT_mult_18_U299  4.761e-05   9.844e-05   0.0001622   1.613e-05  INV_X1
j2_addMult5_MULT_mult_18_U473   8.63e-05   3.631e-05   0.0001622   3.956e-05  AOI222_X1
j1_addMult5_MULT_mult_18_U471  4.998e-05    3.47e-05   0.0001621   7.744e-05  OAI222_X1
j0_addMult7_MULT_mult_18_U475  9.849e-05   3.433e-05   0.0001621   2.928e-05  AOI222_X1
j0_addMult0_MULT_mult_18_U460  9.324e-05   3.285e-05   0.0001621     3.6e-05  XNOR2_X1
j2_addMult6_MULT_mult_18_U300  4.828e-05   9.856e-05    0.000162   1.517e-05  INV_X1
j1_addMult0_MULT_mult_18_U315  4.602e-05   0.0001036    0.000162   1.232e-05  INV_X1
j0_mult0_mult_18_U460          9.462e-05   3.116e-05   0.0001619    3.61e-05  XNOR2_X1
j2_addMult4_MULT_mult_18_U293   4.67e-05   0.0001025   0.0001619   1.268e-05  INV_X1
j2_addMult4_MULT_mult_18_U464  9.463e-05   3.157e-05   0.0001618   3.564e-05  XNOR2_X1
j2_addMult2_MULT_mult_18_U460  9.324e-05   3.259e-05   0.0001618     3.6e-05  XNOR2_X1
j0_addMult2_MULT_mult_18_U464  9.464e-05   3.152e-05   0.0001618   3.564e-05  XNOR2_X1
j1_addMult8_MULT_mult_18_U476  9.846e-05   3.396e-05   0.0001617   2.928e-05  AOI222_X1
j1_addMult5_MULT_mult_18_U431  6.739e-05   5.877e-05   0.0001616   3.544e-05  OAI22_X1
j1_mult0_mult_18_U431          6.682e-05   5.897e-05   0.0001615   3.574e-05  OAI22_X1
j1_addMult5_MULT_mult_18_U464  8.856e-05   3.637e-05   0.0001615   3.652e-05  XNOR2_X1
j2_addMult2_MULT_mult_18_U315  4.513e-05   0.0001037   0.0001614   1.257e-05  INV_X1
j0_mult0_mult_18_U322          3.894e-05   7.658e-05   0.0001614   4.592e-05  XOR2_X1
j1_addMult2_MULT_mult_18_U300  4.871e-05   9.699e-05   0.0001614   1.572e-05  INV_X1
j2_addMult5_MULT_mult_18_U40   5.163e-05   3.823e-05   0.0001613   7.141e-05  FA_X1
j2_addMult1_MULT_mult_18_U465  6.378e-05   6.318e-05   0.0001613    3.43e-05  OAI21_X1
j1_addMult6_MULT_mult_18_U464  9.277e-05   3.196e-05   0.0001612   3.652e-05  XNOR2_X1
j2_addMult4_MULT_mult_18_U460  9.182e-05   3.325e-05   0.0001611   3.607e-05  XNOR2_X1
j2_addMult5_MULT_mult_18_U304  4.184e-05   0.0001029    0.000161   1.626e-05  INV_X1
j2_addMult7_MULT_mult_18_U464  9.278e-05   3.165e-05   0.0001609   3.652e-05  XNOR2_X1
j0_addMult3_MULT_mult_18_U473  8.624e-05   3.507e-05   0.0001609   3.956e-05  AOI222_X1
j0_addMult0_MULT_mult_18_U435  6.861e-05   5.707e-05   0.0001608   3.512e-05  OAI22_X1
j0_addMult8_MULT_mult_18_U315  4.537e-05   0.0001021   0.0001606   1.311e-05  INV_X1
j0_addMult6_MULT_mult_18_U300  4.738e-05   9.791e-05   0.0001605   1.523e-05  INV_X1
j1_addMult1_MULT_mult_18_U460  9.329e-05   3.118e-05   0.0001605     3.6e-05  XNOR2_X1
j2_addMult2_MULT_mult_18_U303  4.866e-05   9.561e-05   0.0001603   1.607e-05  INV_X1
j2_addMult8_MULT_mult_18_U465  5.593e-05   6.422e-05   0.0001602   4.006e-05  OAI21_X1
j1_addMult8_MULT_mult_18_U299  4.678e-05   9.663e-05   0.0001601   1.668e-05  INV_X1
j0_addMult1_MULT_mult_18_U441  6.927e-05   5.606e-05     0.00016   3.472e-05  OAI22_X1
j0_addMult9_MULT_mult_18_U441  6.679e-05   5.786e-05     0.00016   3.531e-05  OAI22_X1
j2_addMult7_MULT_mult_18_U441  6.985e-05   5.617e-05   0.0001599   3.383e-05  OAI22_X1
j0_addMult2_MULT_mult_18_U460  9.186e-05   3.192e-05   0.0001598   3.607e-05  XNOR2_X1
j0_mult0_mult_18_U295           4.56e-05   9.852e-05   0.0001598   1.571e-05  INV_X1
j2_addMult3_MULT_mult_18_U304  4.405e-05   9.938e-05   0.0001598   1.632e-05  INV_X1
j0_addMult5_MULT_mult_18_U464  9.281e-05   3.032e-05   0.0001596   3.652e-05  XNOR2_X1
j1_addMult3_MULT_mult_18_U460  9.187e-05   3.158e-05   0.0001595   3.607e-05  XNOR2_X1
j2_addMult5_MULT_mult_18_U460  9.106e-05   3.202e-05   0.0001595   3.638e-05  XNOR2_X1
j0_addMult8_MULT_mult_18_U312  4.255e-05   0.0001037   0.0001594   1.316e-05  INV_X1
j1_addMult4_MULT_mult_18_U309   4.62e-05   9.938e-05   0.0001592   1.364e-05  INV_X1
j0_addMult0_MULT_mult_18_U441  6.864e-05   5.544e-05   0.0001592   3.512e-05  OAI22_X1
j0_addMult9_MULT_mult_18_U464  9.119e-05   3.238e-05   0.0001592   3.559e-05  XNOR2_X1
j0_addMult2_MULT_mult_18_U295   4.45e-05   9.825e-05   0.0001591   1.638e-05  INV_X1
j1_addMult3_MULT_mult_18_U315  4.367e-05   0.0001031   0.0001591   1.226e-05  INV_X1
j1_addMult7_MULT_mult_18_U439  6.841e-05    5.56e-05    0.000159   3.503e-05  OAI22_X1
j0_addMult9_MULT_mult_18_U439   6.68e-05   5.694e-05    0.000159   3.531e-05  OAI22_X1
j0_addMult3_MULT_mult_18_U460  9.109e-05   3.148e-05    0.000159   3.638e-05  XNOR2_X1
j1_addMult6_MULT_mult_18_U295  4.449e-05   9.775e-05   0.0001589   1.668e-05  INV_X1
j2_addMult7_MULT_mult_18_U439  6.989e-05   5.516e-05   0.0001589   3.383e-05  OAI22_X1
j1_addMult2_MULT_mult_18_U464  9.179e-05   3.104e-05   0.0001589   3.603e-05  XNOR2_X1
j1_addMult2_MULT_mult_18_U299  4.664e-05   9.546e-05   0.0001588   1.674e-05  INV_X1
j0_addMult0_MULT_mult_18_U439  6.867e-05   5.503e-05   0.0001588   3.512e-05  OAI22_X1
j2_addMult7_MULT_mult_18_U435  6.988e-05   5.507e-05   0.0001588   3.383e-05  OAI22_X1
j1_addMult6_MULT_mult_18_U303  4.749e-05    9.51e-05   0.0001587   1.614e-05  INV_X1
j2_addMult3_MULT_mult_18_U464  9.178e-05   3.089e-05   0.0001587   3.603e-05  XNOR2_X1
j2_addMult8_MULT_mult_18_U476  9.287e-05   3.636e-05   0.0001587   2.946e-05  AOI222_X1
j2_mult0_mult_18_U292          4.447e-05   9.791e-05   0.0001587   1.626e-05  INV_X1
j1_addMult9_MULT_mult_18_U439  6.409e-05   5.719e-05   0.0001586    3.73e-05  OAI22_X1
j0_addMult0_MULT_mult_18_U465  5.577e-05    6.25e-05   0.0001585   4.025e-05  OAI21_X1
j0_addMult2_MULT_mult_18_U315   4.37e-05   0.0001025   0.0001585   1.226e-05  INV_X1
j2_addMult3_MULT_mult_18_U471  4.865e-05   3.252e-05   0.0001584   7.728e-05  OAI222_X1
j2_addMult4_MULT_mult_18_U474  8.091e-05   5.582e-05   0.0001584    2.17e-05  AOI222_X1
j2_addMult7_MULT_mult_18_U45   5.191e-05   4.114e-05   0.0001584   6.535e-05  FA_X1
j1_addMult7_MULT_mult_18_U296   4.43e-05   9.767e-05   0.0001584   1.644e-05  INV_X1
j0_addMult0_MULT_mult_18_U293  4.675e-05   9.907e-05   0.0001584   1.256e-05  INV_X1
j0_addMult7_MULT_mult_18_U441  6.562e-05   5.597e-05   0.0001583   3.669e-05  OAI22_X1
j0_addMult3_MULT_mult_18_U484  9.757e-05   3.891e-05   0.0001581   2.163e-05  NAND3_X1
j2_addMult3_MULT_mult_18_U473  8.531e-05    3.29e-05   0.0001581   3.989e-05  AOI222_X1
j0_addMult2_MULT_mult_18_U303  4.805e-05   9.346e-05    0.000158    1.65e-05  INV_X1
j2_addMult0_MULT_mult_18_U439  6.651e-05   5.572e-05    0.000158   3.574e-05  OAI22_X1
j2_addMult2_MULT_mult_18_U484  0.0001019   3.289e-05   0.0001579   2.307e-05  NAND3_X1
j1_mult0_mult_18_U296           4.54e-05   9.839e-05   0.0001579   1.409e-05  INV_X1
j0_addMult3_MULT_mult_18_U471  4.967e-05   3.319e-05   0.0001578   7.493e-05  OAI222_X1
j1_mult0_mult_18_U72           7.111e-05   3.669e-05   0.0001578   4.997e-05  HA_X1
j2_addMult9_MULT_mult_18_U435  6.569e-05   5.538e-05   0.0001578   3.669e-05  OAI22_X1
j1_addMult4_MULT_mult_18_U297   4.83e-05    9.32e-05   0.0001578   1.626e-05  INV_X1
j0_addMult3_MULT_mult_18_U431  7.096e-05   5.351e-05   0.0001578   3.329e-05  OAI22_X1
j0_addMult4_MULT_mult_18_U476  8.241e-05   3.396e-05   0.0001576   4.118e-05  AOI222_X1
j1_addMult4_MULT_mult_18_U460  9.114e-05   2.991e-05   0.0001574   3.638e-05  XNOR2_X1
j2_addMult5_MULT_mult_18_U465  5.618e-05    6.06e-05   0.0001574   4.064e-05  OAI21_X1
j2_addMult4_MULT_mult_18_U476  8.237e-05     3.6e-05   0.0001573   3.897e-05  AOI222_X1
j2_addMult6_MULT_mult_18_U303   4.91e-05   9.261e-05   0.0001573   1.559e-05  INV_X1
j2_addMult4_MULT_mult_18_U297  4.702e-05   9.371e-05   0.0001572    1.65e-05  INV_X1
j1_addMult2_MULT_mult_18_U304  4.404e-05    9.68e-05   0.0001572   1.632e-05  INV_X1
j0_addMult1_MULT_mult_18_U296  4.317e-05   9.841e-05   0.0001571   1.553e-05  INV_X1
j0_addMult1_MULT_mult_18_U45   5.192e-05    4.09e-05   0.0001571   6.429e-05  FA_X1
j0_mult0_mult_18_U296          4.426e-05   9.786e-05   0.0001571   1.494e-05  INV_X1
j2_addMult9_MULT_mult_18_U296  4.425e-05   9.791e-05   0.0001571   1.488e-05  INV_X1
j0_addMult1_MULT_mult_18_U464  9.183e-05   2.913e-05    0.000157   3.603e-05  XNOR2_X1
j2_addMult3_MULT_mult_18_U315  4.341e-05   0.0001016    0.000157   1.196e-05  INV_X1
j0_addMult8_MULT_mult_18_U298  4.685e-05   9.352e-05   0.0001569   1.656e-05  INV_X1
j2_addMult2_MULT_mult_18_U72   7.111e-05   3.636e-05   0.0001569    4.94e-05  HA_X1
j0_addMult4_MULT_mult_18_U297  4.804e-05   9.323e-05   0.0001569   1.559e-05  INV_X1
j2_addMult4_MULT_mult_18_U298  4.759e-05   9.276e-05   0.0001569    1.65e-05  INV_X1
j0_addMult8_MULT_mult_18_U299  4.677e-05   9.348e-05   0.0001568   1.656e-05  INV_X1
j0_addMult8_MULT_mult_18_U435  6.421e-05   5.531e-05   0.0001568    3.73e-05  OAI22_X1
j0_addMult4_MULT_mult_18_U439  6.756e-05   5.378e-05   0.0001568   3.544e-05  OAI22_X1
j0_addMult6_MULT_mult_18_U460   8.97e-05   3.106e-05   0.0001568     3.6e-05  XNOR2_X1
j0_addMult8_MULT_mult_18_U439  6.418e-05   5.526e-05   0.0001567    3.73e-05  OAI22_X1
j2_mult0_mult_18_U460          8.754e-05   3.291e-05   0.0001566   3.614e-05  XNOR2_X1
j0_addMult6_MULT_mult_18_U484  0.0001003   3.392e-05   0.0001566   2.238e-05  NAND3_X1
j1_addMult2_MULT_mult_18_U315  4.368e-05   0.0001009   0.0001566   1.196e-05  INV_X1
j0_addMult1_MULT_mult_18_U293  4.336e-05   9.815e-05   0.0001565   1.503e-05  INV_X1
j0_addMult0_MULT_mult_18_U304  4.288e-05   9.749e-05   0.0001564   1.607e-05  INV_X1
j1_addMult6_MULT_mult_18_U315  4.213e-05   0.0001011   0.0001564   1.311e-05  INV_X1
j0_addMult6_MULT_mult_18_U299  4.517e-05   9.541e-05   0.0001564   1.577e-05  INV_X1
j1_addMult1_MULT_mult_18_U441  6.873e-05   5.249e-05   0.0001563   3.512e-05  OAI22_X1
j2_addMult9_MULT_mult_18_U312  4.266e-05   0.0001006   0.0001563   1.298e-05  INV_X1
j0_addMult2_MULT_mult_18_U300  4.658e-05   9.413e-05   0.0001563   1.554e-05  INV_X1
j0_addMult7_MULT_mult_18_U296  4.202e-05   9.779e-05   0.0001563   1.644e-05  INV_X1
j2_addMult1_MULT_mult_18_U312  4.297e-05      0.0001   0.0001562   1.322e-05  INV_X1
j0_addMult5_MULT_mult_18_U312   4.38e-05   9.914e-05   0.0001562   1.323e-05  INV_X1
j0_addMult3_MULT_mult_18_U40    5.15e-05   3.321e-05   0.0001561   7.141e-05  FA_X1
j1_addMult4_MULT_mult_18_U298  4.807e-05   9.173e-05   0.0001561   1.626e-05  INV_X1
j1_addMult7_MULT_mult_18_U435  6.848e-05   5.249e-05    0.000156   3.503e-05  OAI22_X1
j0_addMult0_MULT_mult_18_U298  4.722e-05   9.236e-05    0.000156   1.638e-05  INV_X1
j2_addMult6_MULT_mult_18_U464  8.871e-05   3.068e-05   0.0001559   3.652e-05  XNOR2_X1
j0_addMult6_MULT_mult_18_U293  4.449e-05   9.717e-05   0.0001559   1.424e-05  INV_X1
j1_addMult8_MULT_mult_18_U435  6.574e-05   5.335e-05   0.0001558   3.669e-05  OAI22_X1
j1_addMult5_MULT_mult_18_U40   5.154e-05   3.228e-05   0.0001557   7.191e-05  FA_X1
j0_addMult6_MULT_mult_18_U477  7.712e-05   3.637e-05   0.0001557   4.222e-05  AOI222_X1
j2_addMult1_MULT_mult_18_U293  4.223e-05   9.959e-05   0.0001557   1.388e-05  INV_X1
j2_addMult8_MULT_mult_18_U439  6.845e-05   5.213e-05   0.0001556   3.503e-05  OAI22_X1
j0_addMult0_MULT_mult_18_U299  4.709e-05   9.214e-05   0.0001556   1.638e-05  INV_X1
j0_addMult7_MULT_mult_18_U464  8.951e-05   3.033e-05   0.0001556   3.571e-05  XNOR2_X1
j0_addMult7_MULT_mult_18_U439  6.589e-05    5.29e-05   0.0001555   3.669e-05  OAI22_X1
j2_addMult9_MULT_mult_18_U464  8.951e-05   3.023e-05   0.0001555   3.571e-05  XNOR2_X1
j2_addMult5_MULT_mult_18_U315  4.384e-05   9.904e-05   0.0001554   1.256e-05  INV_X1
j1_addMult7_MULT_mult_18_U475  9.276e-05    3.32e-05   0.0001554   2.946e-05  AOI222_X1
j1_addMult8_MULT_mult_18_U441  6.571e-05   5.299e-05   0.0001554   3.669e-05  OAI22_X1
j0_addMult2_MULT_mult_18_U299  4.794e-05   9.101e-05   0.0001554   1.644e-05  INV_X1
j1_addMult3_MULT_mult_18_U304  4.183e-05   9.698e-05   0.0001553    1.65e-05  INV_X1
j2_addMult8_MULT_mult_18_U441  6.846e-05   5.175e-05   0.0001552   3.503e-05  OAI22_X1
j2_addMult8_MULT_mult_18_U460  8.973e-05   2.951e-05   0.0001552     3.6e-05  XNOR2_X1
j1_addMult5_MULT_mult_18_U315  4.259e-05   9.943e-05   0.0001551   1.311e-05  INV_X1
j1_mult0_mult_18_U435          6.691e-05   5.243e-05   0.0001551   3.574e-05  OAI22_X1
j1_addMult9_MULT_mult_18_U441  6.412e-05   5.365e-05   0.0001551    3.73e-05  OAI22_X1
j1_addMult0_MULT_mult_18_U294  4.317e-05   9.874e-05   0.0001548   1.287e-05  INV_X1
j2_addMult9_MULT_mult_18_U441  6.576e-05   5.232e-05   0.0001548   3.669e-05  OAI22_X1
j1_mult0_mult_18_U441          6.694e-05   5.207e-05   0.0001547   3.574e-05  OAI22_X1
j1_addMult4_MULT_mult_18_U465  5.584e-05   5.825e-05   0.0001547   4.064e-05  OAI21_X1
j1_addMult8_MULT_mult_18_U464  8.953e-05   2.947e-05   0.0001547   3.571e-05  XNOR2_X1
j0_addMult7_MULT_mult_18_U312  4.262e-05   9.907e-05   0.0001547   1.298e-05  INV_X1
j2_addMult3_MULT_mult_18_U40   5.146e-05   3.402e-05   0.0001546   6.915e-05  FA_X1
j0_addMult4_MULT_mult_18_U294   4.43e-05   9.793e-05   0.0001546   1.232e-05  INV_X1
j1_addMult8_MULT_mult_18_U298  4.691e-05   9.096e-05   0.0001546   1.668e-05  INV_X1
j1_addMult7_MULT_mult_18_U460  8.975e-05   2.877e-05   0.0001545     3.6e-05  XNOR2_X1
j2_addMult5_MULT_mult_18_U471  4.958e-05   2.993e-05   0.0001544   7.493e-05  OAI222_X1
j2_addMult7_MULT_mult_18_U296  4.209e-05   9.585e-05   0.0001544    1.65e-05  INV_X1
j1_addMult7_MULT_mult_18_U466  9.509e-05     3.6e-05   0.0001543   2.322e-05  OR3_X1
j1_mult0_mult_18_U439          6.693e-05   5.165e-05   0.0001543   3.574e-05  OAI22_X1
j2_addMult4_MULT_mult_18_U294  4.425e-05   9.772e-05   0.0001543   1.232e-05  INV_X1
j0_addMult4_MULT_mult_18_U72   7.105e-05   3.379e-05   0.0001542    4.94e-05  HA_X1
j2_addMult0_MULT_mult_18_U72   7.102e-05   3.316e-05   0.0001541   4.997e-05  HA_X1
j0_addMult8_MULT_mult_18_U441  6.422e-05   5.262e-05   0.0001541    3.73e-05  OAI22_X1
j2_addMult2_MULT_mult_18_U304  4.293e-05   9.506e-05   0.0001541   1.607e-05  INV_X1
j0_addMult4_MULT_mult_18_U464  8.876e-05   2.878e-05   0.0001541   3.652e-05  XNOR2_X1
j0_addMult5_MULT_mult_18_U304  4.184e-05   9.605e-05    0.000154   1.614e-05  INV_X1
j1_addMult7_MULT_mult_18_U293  4.449e-05   9.557e-05    0.000154   1.394e-05  INV_X1
j2_addMult2_MULT_mult_18_U465  5.624e-05    5.74e-05   0.0001539   4.025e-05  OAI21_X1
j2_addMult0_MULT_mult_18_U441  6.656e-05   5.132e-05   0.0001536   3.574e-05  OAI22_X1
j2_addMult0_MULT_mult_18_U296   4.32e-05   9.474e-05   0.0001535   1.559e-05  INV_X1
j2_addMult6_MULT_mult_18_U304  4.291e-05     9.5e-05   0.0001535   1.559e-05  INV_X1
j1_addMult9_MULT_mult_18_U435  6.417e-05   5.197e-05   0.0001534    3.73e-05  OAI22_X1
j1_addMult0_MULT_mult_18_U296  4.319e-05   9.437e-05   0.0001534   1.583e-05  INV_X1
j1_addMult6_MULT_mult_18_U300  4.718e-05   9.071e-05   0.0001533   1.536e-05  INV_X1
j2_mult0_mult_18_U305          4.756e-05   9.246e-05   0.0001532   1.322e-05  INV_X1
j2_addMult1_MULT_mult_18_U45   5.178e-05   3.575e-05   0.0001532    6.57e-05  FA_X1
j0_addMult0_MULT_mult_18_U322  3.009e-05   7.556e-05   0.0001532   4.759e-05  XOR2_X1
j1_mult0_mult_18_U295          4.225e-05   9.464e-05   0.0001532   1.632e-05  INV_X1
j0_addMult3_MULT_mult_18_U304  4.185e-05   9.502e-05   0.0001531   1.626e-05  INV_X1
j1_addMult8_MULT_mult_18_U439  6.575e-05   5.062e-05   0.0001531   3.669e-05  OAI22_X1
j0_addMult9_MULT_mult_18_U293  3.979e-05   9.801e-05    0.000153   1.524e-05  INV_X1
j2_addMult0_MULT_mult_18_U293  4.451e-05   9.627e-05    0.000153    1.22e-05  INV_X1
j0_addMult8_MULT_mult_18_U304  4.183e-05   9.471e-05   0.0001529   1.638e-05  INV_X1
j2_addMult9_MULT_mult_18_U431   6.58e-05   5.032e-05   0.0001528   3.669e-05  OAI22_X1
j0_addMult0_MULT_mult_18_U296  4.316e-05   9.349e-05   0.0001528   1.613e-05  INV_X1
j0_addMult7_MULT_mult_18_U45   5.177e-05   3.554e-05   0.0001528   6.546e-05  FA_X1
j0_addMult5_MULT_mult_18_U473  8.022e-05   3.208e-05   0.0001527   4.042e-05  AOI222_X1
j2_addMult3_MULT_mult_18_U312  4.626e-05   9.242e-05   0.0001527   1.401e-05  INV_X1
j2_addMult3_MULT_mult_18_U484  9.357e-05   3.916e-05   0.0001527   1.992e-05  NAND3_X1
j2_addMult9_MULT_mult_18_U295  4.227e-05   9.389e-05   0.0001526   1.644e-05  INV_X1
j1_mult0_mult_18_U312          4.631e-05   9.255e-05   0.0001526   1.371e-05  INV_X1
j1_addMult1_MULT_mult_18_U466  9.426e-05   3.507e-05   0.0001525   2.322e-05  OR3_X1
j2_addMult4_MULT_mult_18_U72   7.101e-05   3.289e-05   0.0001525   4.863e-05  HA_X1
j2_addMult9_MULT_mult_18_U439  6.582e-05   4.997e-05   0.0001525   3.669e-05  OAI22_X1
j2_addMult0_MULT_mult_18_U294  4.319e-05   9.602e-05   0.0001523   1.311e-05  INV_X1
j1_addMult4_MULT_mult_18_U445  7.551e-05   3.677e-05   0.0001523   4.002e-05  OAI22_X1
j1_addMult2_MULT_mult_18_U309  4.706e-05   9.174e-05   0.0001521   1.334e-05  INV_X1
j2_addMult6_MULT_mult_18_U309  4.552e-05   9.257e-05   0.0001521   1.401e-05  INV_X1
j0_addMult9_MULT_mult_18_U292   4.34e-05   9.309e-05   0.0001521   1.559e-05  INV_X1
j1_addMult6_MULT_mult_18_U299  4.545e-05   9.092e-05    0.000152   1.559e-05  INV_X1
j0_addMult7_MULT_mult_18_U435  6.597e-05   4.921e-05   0.0001519   3.669e-05  OAI22_X1
j1_addMult2_MULT_mult_18_U293  4.339e-05   9.305e-05   0.0001518   1.539e-05  INV_X1
j1_addMult5_MULT_mult_18_U304  4.295e-05   9.325e-05   0.0001518   1.559e-05  INV_X1
j0_addMult6_MULT_mult_18_U303  4.625e-05   8.946e-05   0.0001518   1.607e-05  INV_X1
j2_addMult8_MULT_mult_18_U293  4.451e-05   9.478e-05   0.0001516   1.226e-05  INV_X1
j0_addMult9_MULT_mult_18_U435  6.688e-05   4.935e-05   0.0001515   3.531e-05  OAI22_X1
j0_addMult4_MULT_mult_18_U312  4.543e-05   9.287e-05   0.0001515   1.316e-05  INV_X1
j1_addMult8_MULT_mult_18_U304  4.182e-05   9.298e-05   0.0001514   1.662e-05  INV_X1
j2_mult0_mult_18_U465          5.374e-05   5.764e-05   0.0001514   4.003e-05  OAI21_X1
j1_addMult0_MULT_mult_18_U304  4.182e-05   9.317e-05   0.0001514   1.638e-05  INV_X1
j2_mult0_mult_18_U293          4.204e-05   9.432e-05   0.0001513   1.494e-05  INV_X1
j0_addMult2_MULT_mult_18_U304  4.184e-05   9.293e-05   0.0001513    1.65e-05  INV_X1
j1_addMult9_MULT_mult_18_U295  4.227e-05   9.224e-05   0.0001512   1.668e-05  INV_X1
j0_addMult5_MULT_mult_18_U315  4.289e-05   9.516e-05   0.0001512   1.311e-05  INV_X1
j1_addMult6_MULT_mult_18_U304  4.178e-05   9.323e-05   0.0001511   1.614e-05  INV_X1
j2_addMult2_MULT_mult_18_U295  4.226e-05   9.257e-05   0.0001511   1.626e-05  INV_X1
j1_mult0_mult_18_U293           4.34e-05   9.414e-05   0.0001511   1.353e-05  INV_X1
j2_addMult6_MULT_mult_18_U299  4.563e-05   8.978e-05    0.000151   1.559e-05  INV_X1
j0_addMult0_MULT_mult_18_U294   4.32e-05   9.518e-05    0.000151   1.257e-05  INV_X1
j2_addMult5_MULT_mult_18_U72   6.604e-05   3.433e-05    0.000151   5.058e-05  HA_X1
j0_mult0_mult_18_U293          4.338e-05   9.376e-05   0.0001509   1.377e-05  INV_X1
j1_addMult3_MULT_mult_18_U473  7.938e-05   3.276e-05   0.0001506   3.848e-05  AOI222_X1
j2_addMult1_MULT_mult_18_U296  4.206e-05   9.221e-05   0.0001504   1.614e-05  INV_X1
j1_addMult0_MULT_mult_18_U72   7.094e-05   3.022e-05   0.0001502   4.901e-05  HA_X1
j1_addMult9_MULT_mult_18_U296  4.317e-05   9.286e-05   0.0001499   1.391e-05  INV_X1
j2_addMult5_MULT_mult_18_U312  4.163e-05   9.465e-05   0.0001499   1.365e-05  INV_X1
j0_addMult4_MULT_mult_18_U315  4.257e-05   9.409e-05   0.0001498   1.311e-05  INV_X1
j2_addMult8_MULT_mult_18_U322  3.096e-05   7.218e-05   0.0001497   4.659e-05  XOR2_X1
j1_addMult9_MULT_mult_18_U72   7.091e-05   2.999e-05   0.0001497   4.882e-05  HA_X1
j2_addMult6_MULT_mult_18_U293  4.227e-05   9.324e-05   0.0001496   1.406e-05  INV_X1
j1_mult0_mult_18_U447          4.552e-05   8.431e-05   0.0001495   1.967e-05  NOR2_X1
j1_addMult0_MULT_mult_18_U293  4.226e-05    9.46e-05   0.0001494   1.256e-05  INV_X1
j2_addMult9_MULT_mult_18_U72   7.093e-05   2.981e-05   0.0001494   4.863e-05  HA_X1
j0_addMult4_MULT_mult_18_U447  4.905e-05   8.071e-05   0.0001494   1.962e-05  NOR2_X1
j1_addMult8_MULT_mult_18_U293  4.226e-05   9.478e-05   0.0001493   1.226e-05  INV_X1
j1_addMult6_MULT_mult_18_U484  9.419e-05   3.236e-05   0.0001492   2.266e-05  NAND3_X1
j1_addMult8_MULT_mult_18_U72   7.091e-05    2.96e-05   0.0001491   4.863e-05  HA_X1
j0_addMult9_MULT_mult_18_U290   4.34e-05   9.219e-05   0.0001491   1.347e-05  INV_X1
j0_addMult4_MULT_mult_18_U309  4.574e-05   8.929e-05    0.000149   1.401e-05  INV_X1
j0_addMult6_MULT_mult_18_U304  4.082e-05    9.18e-05   0.0001487   1.607e-05  INV_X1
j0_mult0_mult_18_U72           7.085e-05   2.882e-05   0.0001487   4.901e-05  HA_X1
j2_addMult7_MULT_mult_18_U312  4.287e-05   9.233e-05   0.0001485   1.334e-05  INV_X1
j1_addMult2_MULT_mult_18_U477  7.124e-05   4.046e-05   0.0001483   3.658e-05  AOI222_X1
j1_addMult2_MULT_mult_18_U378  4.625e-05   8.246e-05   0.0001478   1.912e-05  NOR2_X1
j0_addMult7_MULT_mult_18_U293  4.231e-05   9.158e-05   0.0001478   1.394e-05  INV_X1
j0_addMult8_MULT_mult_18_U72   7.082e-05   2.816e-05   0.0001478   4.882e-05  HA_X1
j1_addMult7_MULT_mult_18_U426  7.471e-05    3.53e-05   0.0001477   3.771e-05  XNOR2_X1
j2_addMult2_MULT_mult_18_U309  4.874e-05   8.496e-05   0.0001476   1.389e-05  INV_X1
j1_addMult6_MULT_mult_18_U293  4.226e-05   9.137e-05   0.0001476   1.394e-05  INV_X1
j2_addMult8_MULT_mult_18_U298  4.428e-05   8.694e-05   0.0001476   1.632e-05  INV_X1
j0_addMult5_MULT_mult_18_U484  9.427e-05   3.047e-05   0.0001474   2.266e-05  NAND3_X1
j0_mult0_mult_18_U312           4.28e-05    9.12e-05   0.0001472   1.322e-05  INV_X1
j1_addMult6_MULT_mult_18_U312  4.402e-05    8.98e-05    0.000147   1.323e-05  INV_X1
j2_addMult9_MULT_mult_18_U447  4.496e-05   8.252e-05   0.0001469   1.945e-05  NOR2_X1
j0_mult0_mult_18_U447           4.47e-05   8.272e-05   0.0001469   1.947e-05  NOR2_X1
j1_addMult0_MULT_mult_18_U312  4.277e-05   9.074e-05   0.0001467   1.322e-05  INV_X1
j2_addMult8_MULT_mult_18_U299  4.417e-05   8.615e-05   0.0001466   1.632e-05  INV_X1
j2_addMult8_MULT_mult_18_U304  4.073e-05   8.974e-05   0.0001465   1.607e-05  INV_X1
j1_addMult2_MULT_mult_18_U72   6.591e-05   2.888e-05   0.0001463   5.153e-05  HA_X1
j2_addMult5_MULT_mult_18_U484  9.323e-05   3.142e-05   0.0001463   2.163e-05  NAND3_X1
j0_addMult3_MULT_mult_18_U309  4.652e-05   8.607e-05   0.0001462   1.364e-05  INV_X1
j0_addMult7_MULT_mult_18_U466  8.755e-05   3.536e-05   0.0001461    2.32e-05  OR3_X1
j0_addMult2_MULT_mult_18_U293  4.229e-05   8.974e-05    0.000146     1.4e-05  INV_X1
j1_addMult2_MULT_mult_18_U312  4.702e-05   8.494e-05    0.000146   1.401e-05  INV_X1
j2_addMult8_MULT_mult_18_U296  4.094e-05    8.92e-05   0.0001459   1.577e-05  INV_X1
j2_addMult6_MULT_mult_18_U447  4.742e-05    7.88e-05   0.0001458   1.962e-05  NOR2_X1
FE_RC_97_0                     6.859e-05   4.543e-05   0.0001457   3.169e-05  AOI21_X1
j2_addMult2_MULT_mult_18_U378  4.422e-05    8.23e-05   0.0001455   1.896e-05  NOR2_X1
j1_addMult2_MULT_mult_18_U484  9.375e-05   3.147e-05   0.0001451   1.992e-05  NAND3_X1
j2_addMult0_MULT_mult_18_U378  4.651e-05   7.963e-05   0.0001451   1.898e-05  NOR2_X1
j0_addMult0_MULT_mult_18_U378  4.396e-05   8.214e-05   0.0001451   1.896e-05  NOR2_X1
j1_addMult4_MULT_mult_18_U312  4.176e-05   8.963e-05    0.000145   1.365e-05  INV_X1
j2_addMult6_MULT_mult_18_U484  9.054e-05   3.069e-05    0.000145   2.378e-05  NAND3_X1
j0_addMult8_MULT_mult_18_U293  4.228e-05   9.013e-05    0.000145   1.256e-05  INV_X1
j2_addMult7_MULT_mult_18_U466  8.837e-05   3.342e-05    0.000145   2.317e-05  OR3_X1
j2_addMult1_MULT_mult_18_U466  8.849e-05   3.316e-05   0.0001449   2.322e-05  OR3_X1
j1_addMult5_MULT_mult_18_U447  4.657e-05   7.866e-05   0.0001449   1.962e-05  NOR2_X1
j2_addMult3_MULT_mult_18_U72   6.588e-05   2.738e-05   0.0001448   5.153e-05  HA_X1
j2_addMult1_MULT_mult_18_U445  7.512e-05    3.47e-05   0.0001448   3.495e-05  OAI22_X1
j2_addMult7_MULT_mult_18_U293   4.23e-05   8.898e-05   0.0001447   1.346e-05  INV_X1
j1_addMult6_MULT_mult_18_U477  6.619e-05   3.704e-05   0.0001446   4.142e-05  AOI222_X1
j2_addMult3_MULT_mult_18_U447   4.77e-05   7.724e-05   0.0001446   1.969e-05  NOR2_X1
j0_addMult0_MULT_mult_18_U312   4.67e-05   8.427e-05   0.0001445   1.353e-05  INV_X1
j2_addMult3_MULT_mult_18_U378  4.578e-05   7.952e-05   0.0001444   1.912e-05  NOR2_X1
j2_addMult2_MULT_mult_18_U475  8.114e-05   3.641e-05   0.0001444   2.686e-05  AOI222_X1
j1_addMult8_MULT_mult_18_U447  4.533e-05   7.937e-05   0.0001441   1.945e-05  NOR2_X1
j0_addMult2_MULT_mult_18_U309   4.42e-05    8.66e-05   0.0001441   1.328e-05  INV_X1
j0_addMult9_MULT_mult_18_U460  7.902e-05   2.912e-05   0.0001439   3.581e-05  XNOR2_X1
j0_addMult6_MULT_mult_18_U295  4.004e-05   8.762e-05   0.0001439   1.626e-05  INV_X1
j1_addMult1_MULT_mult_18_U426  7.025e-05   3.591e-05   0.0001439   3.771e-05  XNOR2_X1
j0_addMult1_MULT_mult_18_U466  8.835e-05   3.207e-05   0.0001439   2.345e-05  OR3_X1
j1_addMult5_MULT_mult_18_U309  4.571e-05   8.401e-05   0.0001437   1.401e-05  INV_X1
j1_addMult5_MULT_mult_18_U484  9.053e-05    2.94e-05   0.0001437   2.378e-05  NAND3_X1
j1_addMult8_MULT_mult_18_U296  3.984e-05    8.73e-05   0.0001437   1.656e-05  INV_X1
j1_addMult4_MULT_mult_18_U294  4.099e-05   8.993e-05   0.0001436   1.269e-05  INV_X1
j1_addMult2_MULT_mult_18_U447  4.789e-05   7.601e-05   0.0001436   1.969e-05  NOR2_X1
j1_addMult2_MULT_mult_18_U475  8.462e-05   3.372e-05   0.0001435    2.52e-05  AOI222_X1
j0_addMult8_MULT_mult_18_U296  3.989e-05   8.687e-05   0.0001434   1.662e-05  INV_X1
j2_addMult8_MULT_mult_18_U294  4.095e-05   8.949e-05   0.0001434   1.293e-05  INV_X1
j0_addMult3_MULT_mult_18_U72   6.581e-05   2.665e-05    0.000143   5.058e-05  HA_X1
j2_addMult3_MULT_mult_18_U309  4.707e-05   8.246e-05   0.0001429   1.334e-05  INV_X1
j0_addMult6_MULT_mult_18_U309   4.57e-05   8.323e-05   0.0001427   1.377e-05  INV_X1
j0_addMult6_MULT_mult_18_U312  4.055e-05   8.864e-05   0.0001426    1.34e-05  INV_X1
FE_RC_38_0                     6.993e-05   4.162e-05   0.0001425   3.098e-05  AOI21_X1
j0_addMult9_MULT_mult_18_U305  4.432e-05   8.466e-05   0.0001424   1.341e-05  INV_X1
j0_addMult3_MULT_mult_18_U474  5.314e-05   4.045e-05   0.0001421   4.855e-05  AOI222_X1
j0_addMult2_MULT_mult_18_U484  8.786e-05   3.438e-05   0.0001418   1.959e-05  NAND3_X1
j2_addMult7_MULT_mult_18_U426  6.882e-05    3.53e-05   0.0001417   3.762e-05  XNOR2_X1
j1_addMult0_MULT_mult_18_U447  4.633e-05   7.575e-05   0.0001415   1.947e-05  NOR2_X1
j2_addMult1_MULT_mult_18_U403  6.839e-05    3.51e-05   0.0001413   3.783e-05  XNOR2_X1
j1_addMult6_MULT_mult_18_U447  4.578e-05    7.59e-05   0.0001412   1.947e-05  NOR2_X1
j2_addMult6_MULT_mult_18_U477  6.632e-05   3.392e-05    0.000141   4.073e-05  AOI222_X1
j2_addMult9_MULT_mult_18_U293  4.006e-05   8.765e-05   0.0001408   1.304e-05  INV_X1
j0_addMult5_MULT_mult_18_U474  5.344e-05   3.992e-05   0.0001407   4.734e-05  AOI222_X1
j0_addMult3_MULT_mult_18_U312  4.253e-05   8.451e-05   0.0001407   1.365e-05  INV_X1
j1_addMult7_MULT_mult_18_U312   4.45e-05    8.27e-05   0.0001407   1.347e-05  INV_X1
j1_addMult4_MULT_mult_18_U72   6.093e-05   3.022e-05   0.0001405    4.94e-05  HA_X1
j2_addMult8_MULT_mult_18_U447  4.225e-05   7.871e-05   0.0001405   1.955e-05  NOR2_X1
j0_addMult0_MULT_mult_18_U445   7.05e-05   3.504e-05   0.0001402   3.467e-05  OAI22_X1
j2_addMult0_MULT_mult_18_U397  4.476e-05   5.398e-05   0.0001396   4.081e-05  OAI22_X1
j2_addMult8_MULT_mult_18_U312  4.439e-05   8.169e-05   0.0001395   1.347e-05  INV_X1
j1_addMult8_MULT_mult_18_U294   3.99e-05   8.751e-05   0.0001395   1.214e-05  INV_X1
j2_addMult2_MULT_mult_18_U447   4.27e-05   7.728e-05   0.0001395   1.955e-05  NOR2_X1
j0_addMult0_MULT_mult_18_U72   6.091e-05    2.96e-05   0.0001395   4.901e-05  HA_X1
j1_addMult8_MULT_mult_18_U312   4.31e-05    8.34e-05   0.0001395   1.298e-05  INV_X1
FE_RC_29_0                     6.896e-05    3.87e-05   0.0001394   3.169e-05  AOI21_X1
j1_addMult5_MULT_mult_18_U393   4.39e-05   5.234e-05   0.0001391   4.287e-05  OAI22_X1
j2_addMult6_MULT_mult_18_U72   6.091e-05    2.93e-05    0.000139   4.882e-05  HA_X1
j0_addMult5_MULT_mult_18_U72   6.089e-05   2.915e-05   0.0001389   4.882e-05  HA_X1
j0_addMult2_MULT_mult_18_U72    6.09e-05   2.848e-05   0.0001388    4.94e-05  HA_X1
j1_addMult6_MULT_mult_18_U309  4.475e-05   8.017e-05   0.0001387   1.382e-05  INV_X1
j0_addMult5_MULT_mult_18_U378  4.494e-05   7.485e-05   0.0001387   1.892e-05  NOR2_X1
j2_addMult3_MULT_mult_18_U474  5.268e-05   3.754e-05   0.0001387   4.848e-05  AOI222_X1
j1_addMult3_MULT_mult_18_U72   6.088e-05    2.84e-05   0.0001387    4.94e-05  HA_X1
j0_addMult6_MULT_mult_18_U72   6.089e-05   2.896e-05   0.0001387   4.882e-05  HA_X1
j1_addMult6_MULT_mult_18_U378  4.494e-05   7.474e-05   0.0001386   1.892e-05  NOR2_X1
j1_addMult3_MULT_mult_18_U484  8.794e-05   3.092e-05   0.0001384   1.959e-05  NAND3_X1
j0_mult0_mult_18_U469          5.726e-05   4.365e-05   0.0001384   3.751e-05  OAI222_X1
j0_addMult8_MULT_mult_18_U294  3.985e-05   8.639e-05   0.0001383   1.208e-05  INV_X1
j0_addMult1_MULT_mult_18_U327  4.327e-05    7.16e-05   0.0001383   2.339e-05  NAND2_X1
j1_addMult7_MULT_mult_18_U403  6.664e-05   3.371e-05   0.0001382   3.781e-05  XNOR2_X1
j1_addMult4_MULT_mult_18_U447  4.288e-05   7.572e-05   0.0001382   1.956e-05  NOR2_X1
j0_addMult7_MULT_mult_18_U426  6.757e-05   3.278e-05   0.0001381   3.779e-05  XNOR2_X1
j2_addMult4_MULT_mult_18_U309  4.447e-05   8.035e-05   0.0001381   1.328e-05  INV_X1
j0_addMult5_MULT_mult_18_U322   3.25e-05   5.998e-05   0.0001381    4.56e-05  XOR2_X1
FE_RC_0_0                      6.496e-05   5.845e-05    0.000138   1.457e-05  INV_X1
j1_addMult9_MULT_mult_18_U293  4.006e-05    8.48e-05   0.0001378   1.292e-05  INV_X1
FE_RC_85_0                     6.955e-05   3.675e-05   0.0001378   3.147e-05  AOI21_X1
j0_mult0_mult_18_U378          4.513e-05   7.364e-05   0.0001377   1.896e-05  NOR2_X1
j0_addMult1_MULT_mult_18_U426  6.513e-05   3.478e-05   0.0001377   3.781e-05  XNOR2_X1
j2_mult0_mult_18_U470          5.385e-05   4.261e-05   0.0001376   4.114e-05  AOI222_X1
j1_addMult4_MULT_mult_18_U378  4.285e-05   7.555e-05   0.0001375   1.905e-05  NOR2_X1
j2_addMult2_MULT_mult_18_U397  4.438e-05    4.72e-05   0.0001373    4.57e-05  OAI22_X1
j0_addMult9_MULT_mult_18_U470  5.035e-05   4.383e-05   0.0001373   4.309e-05  AOI222_X1
j0_addMult6_MULT_mult_18_U475  7.237e-05   3.659e-05   0.0001371   2.817e-05  AOI222_X1
j2_addMult1_MULT_mult_18_U426  6.694e-05   3.256e-05   0.0001371   3.762e-05  XNOR2_X1
j0_addMult1_MULT_mult_18_U403  6.701e-05   3.228e-05   0.0001371   3.779e-05  XNOR2_X1
FE_RC_17_0                     6.413e-05   4.214e-05    0.000137   3.073e-05  AOI21_X1
j1_addMult5_MULT_mult_18_U378  4.491e-05   7.311e-05    0.000137   1.895e-05  NOR2_X1
j2_addMult0_MULT_mult_18_U447  4.788e-05   6.941e-05    0.000137   1.967e-05  NOR2_X1
j1_addMult3_MULT_mult_18_U447   4.63e-05   7.115e-05   0.0001369   1.945e-05  NOR2_X1
j2_addMult5_MULT_mult_18_U378  4.322e-05   7.462e-05   0.0001369   1.905e-05  NOR2_X1
j0_addMult5_MULT_mult_18_U309  4.476e-05   7.823e-05   0.0001368   1.382e-05  INV_X1
j1_addMult5_MULT_mult_18_U72   6.084e-05   2.691e-05   0.0001366   4.882e-05  HA_X1
j0_addMult2_MULT_mult_18_U477  6.888e-05   3.053e-05   0.0001365   3.707e-05  AOI222_X1
j0_addMult5_MULT_mult_18_U447  4.738e-05   6.937e-05   0.0001362   1.947e-05  NOR2_X1
j2_addMult5_MULT_mult_18_U474  5.309e-05   3.451e-05   0.0001361   4.855e-05  AOI222_X1
j2_addMult1_MULT_mult_18_U344  4.882e-05   5.376e-05   0.0001361   3.356e-05  OAI22_X1
j1_addMult9_MULT_mult_18_U312  4.358e-05   7.919e-05   0.0001359   1.316e-05  INV_X1
j1_mult0_mult_18_U378          4.632e-05   7.052e-05   0.0001358   1.898e-05  NOR2_X1
j2_mult0_mult_18_U72           6.081e-05   2.616e-05   0.0001358   4.882e-05  HA_X1
j2_addMult9_MULT_mult_18_U378  4.412e-05   7.256e-05   0.0001356   1.891e-05  NOR2_X1
j2_addMult8_MULT_mult_18_U72   6.081e-05   2.594e-05   0.0001356   4.882e-05  HA_X1
j0_addMult0_MULT_mult_18_U447  4.205e-05   7.394e-05   0.0001355   1.955e-05  NOR2_X1
j2_addMult7_MULT_mult_18_U403  6.604e-05   3.147e-05   0.0001354   3.793e-05  XNOR2_X1
j1_addMult5_MULT_mult_18_U474  5.334e-05   3.385e-05   0.0001351   4.795e-05  AOI222_X1
j1_addMult3_MULT_mult_18_U378   4.45e-05   7.167e-05   0.0001351   1.894e-05  NOR2_X1
j1_addMult3_MULT_mult_18_U474  5.434e-05   3.812e-05   0.0001351    4.26e-05  AOI222_X1
j2_addMult6_MULT_mult_18_U475  7.194e-05   3.384e-05    0.000135   2.917e-05  AOI222_X1
j1_addMult1_MULT_mult_18_U403  6.532e-05    3.18e-05   0.0001349   3.777e-05  XNOR2_X1
j0_addMult8_MULT_mult_18_U447  4.496e-05   7.017e-05   0.0001348   1.964e-05  NOR2_X1
j0_addMult9_MULT_mult_18_U72   6.075e-05   2.462e-05   0.0001348    4.94e-05  HA_X1
j2_addMult3_MULT_mult_18_U385  4.549e-05   4.857e-05   0.0001346   4.058e-05  OAI22_X1
j0_addMult2_MULT_mult_18_U447  4.533e-05    6.98e-05   0.0001346   1.945e-05  NOR2_X1
j0_addMult7_MULT_mult_18_U397  4.475e-05   4.809e-05   0.0001344    4.16e-05  OAI22_X1
j2_mult0_mult_18_U447          4.536e-05   6.952e-05   0.0001343   1.945e-05  NOR2_X1
j0_addMult9_MULT_mult_18_U322  3.075e-05    5.68e-05   0.0001343   4.676e-05  XOR2_X1
j0_addMult3_MULT_mult_18_U447  4.316e-05   7.154e-05   0.0001343   1.956e-05  NOR2_X1
j2_addMult9_MULT_mult_18_U385  4.464e-05     4.8e-05   0.0001342    4.16e-05  OAI22_X1
j2_addMult4_MULT_mult_18_U447  4.628e-05   6.835e-05   0.0001341   1.945e-05  NOR2_X1
j0_addMult2_MULT_mult_18_U378  4.486e-05   7.012e-05   0.0001339   1.894e-05  NOR2_X1
FE_RC_26_0                     6.393e-05   3.726e-05   0.0001339   3.271e-05  AOI21_X1
j1_addMult6_MULT_mult_18_U72   6.073e-05   2.434e-05   0.0001339   4.882e-05  HA_X1
j0_addMult6_MULT_mult_18_U338  7.949e-05   2.064e-05   0.0001337   3.355e-05  XOR2_X1
j1_mult0_mult_18_U385          4.474e-05    4.81e-05   0.0001336   4.081e-05  OAI22_X1
j0_addMult1_MULT_mult_18_U474  5.704e-05   3.992e-05   0.0001334   3.642e-05  AOI222_X1
j2_addMult3_MULT_mult_18_U323  6.661e-05   3.429e-05   0.0001334   3.245e-05  XOR2_X1
j0_addMult0_MULT_mult_18_U332  7.711e-05   2.209e-05   0.0001332   3.402e-05  XOR2_X1
j2_addMult9_MULT_mult_18_U383  4.466e-05   4.688e-05   0.0001331    4.16e-05  OAI22_X1
FE_RC_56_0                     6.318e-05   3.885e-05   0.0001331   3.103e-05  AOI21_X1
j0_addMult2_MULT_mult_18_U475   7.24e-05   3.557e-05   0.0001329   2.494e-05  AOI222_X1
j0_addMult4_MULT_mult_18_U323  6.641e-05   3.404e-05   0.0001329   3.246e-05  XOR2_X1
FE_RC_31_0                     6.508e-05   3.656e-05   0.0001328   3.115e-05  AOI21_X1
j2_mult0_mult_18_U378          4.262e-05   7.115e-05   0.0001327   1.891e-05  NOR2_X1
j2_addMult2_MULT_mult_18_U381  4.443e-05   4.246e-05   0.0001326    4.57e-05  OAI22_X1
j1_addMult8_MULT_mult_18_U378  4.424e-05   6.931e-05   0.0001325   1.891e-05  NOR2_X1
j2_addMult2_MULT_mult_18_U383  4.443e-05   4.232e-05   0.0001325    4.57e-05  OAI22_X1
j2_addMult4_MULT_mult_18_U378  4.585e-05   6.764e-05   0.0001324   1.894e-05  NOR2_X1
j1_mult0_mult_18_U383          4.475e-05   4.685e-05   0.0001324   4.081e-05  OAI22_X1
j2_addMult7_MULT_mult_18_U397  4.485e-05   4.591e-05   0.0001324   4.164e-05  OAI22_X1
j0_addMult6_MULT_mult_18_U447  4.561e-05   6.722e-05   0.0001324   1.955e-05  NOR2_X1
j2_addMult9_MULT_mult_18_U387  4.467e-05   4.611e-05   0.0001324    4.16e-05  OAI22_X1
j0_addMult4_MULT_mult_18_U378  4.524e-05   6.813e-05   0.0001323   1.895e-05  NOR2_X1
j1_addMult2_MULT_mult_18_U323  6.661e-05   3.321e-05   0.0001323   3.245e-05  XOR2_X1
j1_addMult0_MULT_mult_18_U378  4.452e-05   6.879e-05   0.0001323   1.896e-05  NOR2_X1
j0_addMult3_MULT_mult_18_U378  4.312e-05   7.002e-05   0.0001322   1.905e-05  NOR2_X1
j0_addMult0_MULT_mult_18_U381  4.581e-05   4.316e-05   0.0001321   4.317e-05  OAI22_X1
FE_RC_35_0                      6.42e-05   3.591e-05   0.0001321   3.199e-05  AOI21_X1
j0_addMult6_MULT_mult_18_U322  4.126e-05   4.493e-05   0.0001321   4.589e-05  XOR2_X1
j1_addMult4_MULT_mult_18_U322  4.197e-05   4.455e-05   0.0001321   4.556e-05  XOR2_X1
j1_mult0_mult_18_U381          4.475e-05   4.642e-05    0.000132   4.081e-05  OAI22_X1
j2_addMult3_MULT_mult_18_U383  4.554e-05   4.581e-05   0.0001319   4.052e-05  OAI22_X1
j1_addMult8_MULT_mult_18_U385  4.358e-05   4.468e-05   0.0001318   4.358e-05  OAI22_X1
j2_addMult8_MULT_mult_18_U332  7.946e-05    1.88e-05   0.0001318   3.355e-05  XOR2_X1
j0_addMult6_MULT_mult_18_U334  7.944e-05    1.88e-05   0.0001318   3.355e-05  XOR2_X1
j2_addMult6_MULT_mult_18_U378  4.504e-05   6.778e-05   0.0001318   1.895e-05  NOR2_X1
j0_addMult0_MULT_mult_18_U383   4.44e-05   4.167e-05   0.0001318    4.57e-05  OAI22_X1
j1_addMult8_MULT_mult_18_U397   4.47e-05   4.546e-05   0.0001318    4.16e-05  OAI22_X1
FE_RC_93_0                     6.444e-05   3.453e-05   0.0001317   3.271e-05  AOI21_X1
j2_addMult6_MULT_mult_18_U323  6.641e-05   3.276e-05   0.0001316   3.246e-05  XOR2_X1
j1_addMult6_MULT_mult_18_U475  6.922e-05   3.337e-05   0.0001316   2.902e-05  AOI222_X1
j2_addMult3_MULT_mult_18_U322  3.547e-05   4.993e-05   0.0001316   4.615e-05  XOR2_X1
j0_addMult8_MULT_mult_18_U378  4.458e-05   6.801e-05   0.0001316   1.897e-05  NOR2_X1
j2_addMult5_MULT_mult_18_U447  4.492e-05   6.706e-05   0.0001315   1.956e-05  NOR2_X1
j1_addMult0_MULT_mult_18_U397  4.504e-05   4.527e-05   0.0001315   4.117e-05  OAI22_X1
j1_mult0_mult_18_U391          4.475e-05    4.59e-05   0.0001315   4.081e-05  OAI22_X1
FE_RC_65_0                     6.501e-05   3.514e-05   0.0001313   3.115e-05  AOI21_X1
j1_addMult4_MULT_mult_18_U336  7.877e-05   1.849e-05   0.0001313   3.402e-05  XOR2_X1
j1_addMult1_MULT_mult_18_U385  4.446e-05   4.109e-05   0.0001312    4.57e-05  OAI22_X1
j2_addMult2_MULT_mult_18_U393  4.445e-05   4.109e-05   0.0001312    4.57e-05  OAI22_X1
j0_addMult4_MULT_mult_18_U326  6.629e-05   3.758e-05   0.0001312   2.737e-05  XNOR2_X1
j2_addMult1_MULT_mult_18_U350  4.883e-05   4.877e-05   0.0001312   3.356e-05  OAI22_X1
j1_mult0_mult_18_U393          4.476e-05   4.558e-05   0.0001311   4.081e-05  OAI22_X1
j0_addMult3_MULT_mult_18_U336  7.877e-05   1.826e-05    0.000131   3.402e-05  XOR2_X1
j2_addMult0_MULT_mult_18_U387  4.482e-05   4.537e-05    0.000131   4.081e-05  OAI22_X1
j0_addMult8_MULT_mult_18_U397  4.484e-05   4.413e-05   0.0001309   4.192e-05  OAI22_X1
j0_addMult9_MULT_mult_18_U447  4.229e-05   6.913e-05   0.0001309   1.943e-05  NOR2_X1
j1_mult0_mult_18_U397          4.476e-05   4.525e-05   0.0001308   4.081e-05  OAI22_X1
j1_addMult4_MULT_mult_18_U325  7.877e-05   1.798e-05   0.0001308   3.402e-05  XOR2_X1
j2_addMult1_MULT_mult_18_U346  4.883e-05   4.837e-05   0.0001308   3.356e-05  OAI22_X1
j0_addMult6_MULT_mult_18_U332  7.942e-05    1.77e-05   0.0001307   3.355e-05  XOR2_X1
j1_addMult5_MULT_mult_18_U323  6.642e-05   3.172e-05   0.0001306   3.246e-05  XOR2_X1
j1_addMult9_MULT_mult_18_U393  4.464e-05   4.402e-05   0.0001306   4.192e-05  OAI22_X1
j2_addMult2_MULT_mult_18_U385  4.445e-05   4.042e-05   0.0001306    4.57e-05  OAI22_X1
j0_addMult7_MULT_mult_18_U403  6.203e-05   3.082e-05   0.0001305   3.764e-05  XNOR2_X1
j2_addMult3_MULT_mult_18_U393  4.555e-05    4.44e-05   0.0001305   4.052e-05  OAI22_X1
FE_RC_60_0                     6.429e-05    3.34e-05   0.0001304   3.271e-05  AOI21_X1
j2_addMult2_MULT_mult_18_U325  7.708e-05    1.92e-05   0.0001303   3.402e-05  XOR2_X1
j1_addMult2_MULT_mult_18_U397  4.232e-05   4.752e-05   0.0001303   4.045e-05  OAI22_X1
j0_addMult6_MULT_mult_18_U378  4.096e-05    7.04e-05   0.0001303   1.892e-05  NOR2_X1
j1_addMult7_MULT_mult_18_U334  7.942e-05    1.73e-05   0.0001303   3.355e-05  XOR2_X1
j2_addMult5_MULT_mult_18_U336  7.876e-05   1.748e-05   0.0001303   3.402e-05  XOR2_X1
j0_addMult3_MULT_mult_18_U325  7.875e-05   1.749e-05   0.0001303   3.402e-05  XOR2_X1
j2_addMult2_MULT_mult_18_U387  4.446e-05   4.006e-05   0.0001302    4.57e-05  OAI22_X1
FE_OFC0_RSTn                   6.192e-06    9.91e-05   0.0001301   2.483e-05  CLKBUF_X3
j2_addMult5_MULT_mult_18_U332  7.875e-05    1.73e-05   0.0001301   3.402e-05  XOR2_X1
j1_addMult1_MULT_mult_18_U327  3.971e-05    6.47e-05   0.0001301   2.565e-05  NAND2_X1
j2_addMult5_MULT_mult_18_U325  7.875e-05   1.728e-05     0.00013   3.402e-05  XOR2_X1
FE_RC_18_0                     6.194e-05   3.677e-05     0.00013   3.128e-05  AOI21_X1
FE_RC_68_0                     6.439e-05   3.356e-05   0.0001299   3.199e-05  AOI21_X1
j1_addMult9_MULT_mult_18_U381  4.465e-05   4.335e-05   0.0001299   4.192e-05  OAI22_X1
j0_addMult5_MULT_mult_18_U383  4.392e-05   4.254e-05   0.0001299   4.342e-05  OAI22_X1
j0_addMult3_MULT_mult_18_U391  4.188e-05   4.548e-05   0.0001299   4.251e-05  OAI22_X1
j1_addMult1_MULT_mult_18_U383  4.589e-05   4.079e-05   0.0001298   4.317e-05  OAI22_X1
j0_addMult1_MULT_mult_18_U397  4.584e-05    4.34e-05   0.0001298   4.058e-05  OAI22_X1
j2_addMult2_MULT_mult_18_U322  4.189e-05   4.247e-05   0.0001298   4.544e-05  XOR2_X1
j2_addMult1_MULT_mult_18_U397  4.515e-05   4.348e-05   0.0001298   4.117e-05  OAI22_X1
j1_addMult0_MULT_mult_18_U326  6.626e-05   3.686e-05   0.0001298   2.666e-05  XNOR2_X1
j2_addMult2_MULT_mult_18_U332  7.708e-05   1.866e-05   0.0001298   3.402e-05  XOR2_X1
j1_addMult0_MULT_mult_18_U385  4.415e-05   4.285e-05   0.0001297   4.275e-05  OAI22_X1
j1_addMult0_MULT_mult_18_U387  4.507e-05   4.344e-05   0.0001297   4.117e-05  OAI22_X1
j1_addMult0_MULT_mult_18_U342  4.884e-05    4.72e-05   0.0001296   3.356e-05  OAI22_X1
j2_addMult2_MULT_mult_18_U338  7.708e-05    1.85e-05   0.0001296   3.402e-05  XOR2_X1
j2_addMult2_MULT_mult_18_U334  7.707e-05   1.827e-05   0.0001294   3.402e-05  XOR2_X1
FE_RC_132_0                    6.388e-05   3.468e-05   0.0001293   3.073e-05  AOI21_X1
FE_RC_101_0                    6.503e-05   3.312e-05   0.0001293   3.115e-05  AOI21_X1
j2_addMult2_MULT_mult_18_U298  3.246e-05   7.995e-05   0.0001292   1.679e-05  INV_X1
j2_addMult7_MULT_mult_18_U391  4.493e-05   4.244e-05    0.000129   4.164e-05  OAI22_X1
j1_addMult7_MULT_mult_18_U453  7.624e-05   2.063e-05    0.000129   3.212e-05  XNOR2_X1
j1_addMult9_MULT_mult_18_U378  4.348e-05   6.653e-05    0.000129   1.897e-05  NOR2_X1
j2_addMult0_MULT_mult_18_U326   6.62e-05   3.469e-05   0.0001288   2.795e-05  XNOR2_X1
j0_mult0_mult_18_U397          4.523e-05   4.243e-05   0.0001288   4.117e-05  OAI22_X1
j0_addMult8_MULT_mult_18_U391  4.485e-05   4.206e-05   0.0001288   4.192e-05  OAI22_X1
j2_addMult8_MULT_mult_18_U378   4.11e-05    6.88e-05   0.0001288   1.892e-05  NOR2_X1
j2_addMult9_MULT_mult_18_U381  4.471e-05   4.239e-05   0.0001287    4.16e-05  OAI22_X1
j2_addMult9_MULT_mult_18_U397  4.471e-05   4.235e-05   0.0001287    4.16e-05  OAI22_X1
j0_addMult8_MULT_mult_18_U393  4.485e-05   4.175e-05   0.0001285   4.192e-05  OAI22_X1
j2_addMult0_MULT_mult_18_U383  4.442e-05   3.964e-05   0.0001285   4.445e-05  OAI22_X1
j1_addMult8_MULT_mult_18_U326   6.62e-05   3.516e-05   0.0001285   2.713e-05  XNOR2_X1
j2_addMult1_MULT_mult_18_U387  4.424e-05   4.146e-05   0.0001284   4.275e-05  OAI22_X1
j1_addMult7_MULT_mult_18_U451  7.621e-05    2.01e-05   0.0001284   3.212e-05  XNOR2_X1
j1_addMult9_MULT_mult_18_U383  4.466e-05   4.186e-05   0.0001284   4.192e-05  OAI22_X1
j1_addMult0_MULT_mult_18_U391  4.508e-05   4.217e-05   0.0001284   4.117e-05  OAI22_X1
j0_addMult7_MULT_mult_18_U391  4.484e-05   4.189e-05   0.0001283    4.16e-05  OAI22_X1
j2_addMult7_MULT_mult_18_U327  4.229e-05   5.908e-05   0.0001283   2.691e-05  NAND2_X1
j2_addMult4_MULT_mult_18_U385  4.354e-05   4.185e-05   0.0001283   4.287e-05  OAI22_X1
j0_mult0_mult_18_U393          4.523e-05   4.176e-05   0.0001282   4.117e-05  OAI22_X1
j1_mult0_mult_18_U469          5.186e-05   3.632e-05   0.0001281   3.997e-05  OAI222_X1
j0_addMult6_MULT_mult_18_U397  3.784e-05   4.473e-05   0.0001281   4.556e-05  OAI22_X1
j1_addMult9_MULT_mult_18_U447  4.391e-05   6.451e-05   0.0001281   1.964e-05  NOR2_X1
j2_addMult2_MULT_mult_18_U391  4.589e-05   3.895e-05    0.000128   4.317e-05  OAI22_X1
j2_addMult9_MULT_mult_18_U393  4.472e-05   4.158e-05   0.0001279    4.16e-05  OAI22_X1
j1_addMult5_MULT_mult_18_U383  4.406e-05   4.095e-05   0.0001279   4.287e-05  OAI22_X1
j1_addMult9_MULT_mult_18_U397  4.468e-05   4.129e-05   0.0001279   4.192e-05  OAI22_X1
j1_addMult1_MULT_mult_18_U298  3.166e-05   7.916e-05   0.0001279   1.704e-05  INV_X1
FE_RC_89_0                     6.361e-05   3.321e-05   0.0001279   3.103e-05  AOI21_X1
j1_addMult8_MULT_mult_18_U391  4.475e-05    4.15e-05   0.0001278    4.16e-05  OAI22_X1
j1_addMult0_MULT_mult_18_U322  3.861e-05   4.331e-05   0.0001278   4.592e-05  XOR2_X1
j2_mult0_mult_18_U296           3.63e-05   7.533e-05   0.0001278   1.614e-05  INV_X1
j1_addMult1_MULT_mult_18_U334  7.645e-05   1.731e-05   0.0001278   3.402e-05  XOR2_X1
j2_addMult9_MULT_mult_18_U391  4.472e-05   4.142e-05   0.0001277    4.16e-05  OAI22_X1
j2_addMult2_MULT_mult_18_U379   4.59e-05   3.863e-05   0.0001277   4.317e-05  OAI22_X1
j1_addMult5_MULT_mult_18_U385  4.518e-05   4.153e-05   0.0001277   4.094e-05  OAI22_X1
j1_addMult0_MULT_mult_18_U344  4.885e-05   4.516e-05   0.0001276   3.356e-05  OAI22_X1
j2_addMult8_MULT_mult_18_U453  7.615e-05   1.924e-05   0.0001275   3.212e-05  XNOR2_X1
j0_mult0_mult_18_U383          4.524e-05   4.103e-05   0.0001274   4.117e-05  OAI22_X1
FE_RC_53_0                      6.01e-05   3.689e-05   0.0001273    3.03e-05  AOI21_X1
j2_addMult3_MULT_mult_18_U391  4.226e-05   4.459e-05   0.0001273   4.045e-05  OAI22_X1
j1_addMult0_MULT_mult_18_U350  4.884e-05   4.488e-05   0.0001273   3.356e-05  OAI22_X1
j2_addMult9_MULT_mult_18_U326  6.618e-05   3.394e-05   0.0001272   2.713e-05  XNOR2_X1
j0_mult0_mult_18_U381          4.524e-05   4.082e-05   0.0001272   4.117e-05  OAI22_X1
j1_addMult7_MULT_mult_18_U455  7.613e-05   1.898e-05   0.0001272   3.212e-05  XNOR2_X1
j0_addMult3_MULT_mult_18_U332  7.537e-05   1.771e-05   0.0001271   3.402e-05  XOR2_X1
j1_mult0_mult_18_U387          4.478e-05   4.146e-05   0.0001271   4.081e-05  OAI22_X1
j2_addMult7_MULT_mult_18_U381  4.496e-05   4.045e-05   0.0001271   4.164e-05  OAI22_X1
j2_addMult8_MULT_mult_18_U455  7.612e-05    1.88e-05    0.000127   3.212e-05  XNOR2_X1
j2_addMult8_MULT_mult_18_U451  7.612e-05    1.88e-05    0.000127   3.212e-05  XNOR2_X1
j0_mult0_mult_18_U385          4.525e-05   4.057e-05    0.000127   4.117e-05  OAI22_X1
j0_addMult6_MULT_mult_18_U329  7.608e-05   1.865e-05   0.0001269   3.212e-05  XNOR2_X1
j0_addMult7_MULT_mult_18_U381  4.486e-05   4.037e-05   0.0001268    4.16e-05  OAI22_X1
j1_addMult9_MULT_mult_18_U387  4.467e-05    4.02e-05   0.0001268   4.192e-05  OAI22_X1
j1_addMult8_MULT_mult_18_U395  4.476e-05    4.04e-05   0.0001268    4.16e-05  OAI22_X1
j1_addMult7_MULT_mult_18_U327  4.037e-05   6.102e-05   0.0001268   2.536e-05  NAND2_X1
j1_addMult3_MULT_mult_18_U383  4.334e-05   4.053e-05   0.0001267   4.287e-05  OAI22_X1
j0_addMult6_MULT_mult_18_U325  7.477e-05   1.839e-05   0.0001267   3.355e-05  XOR2_X1
j2_addMult7_MULT_mult_18_U387  4.397e-05   3.923e-05   0.0001266   4.342e-05  OAI22_X1
j1_addMult4_MULT_mult_18_U453  7.537e-05   1.951e-05   0.0001265   3.165e-05  XNOR2_X1
j2_addMult1_MULT_mult_18_U322  3.859e-05   4.202e-05   0.0001265   4.592e-05  XOR2_X1
j0_addMult4_MULT_mult_18_U393  4.522e-05   4.019e-05   0.0001264   4.094e-05  OAI22_X1
j2_addMult0_MULT_mult_18_U474  5.841e-05   3.948e-05   0.0001263   2.844e-05  AOI222_X1
j2_addMult5_MULT_mult_18_U449  7.535e-05   1.931e-05   0.0001263   3.165e-05  XNOR2_X1
j0_addMult4_MULT_mult_18_U385   4.41e-05   3.929e-05   0.0001263   4.287e-05  OAI22_X1
j0_addMult8_MULT_mult_18_U385  4.443e-05   3.903e-05   0.0001261   4.268e-05  OAI22_X1
FE_RC_13_0                     5.641e-05   3.821e-05   0.0001261   3.152e-05  AOI21_X1
j1_addMult3_MULT_mult_18_U340  4.601e-05   4.499e-05   0.0001261   3.507e-05  OAI22_X1
FE_RC_79_0                      5.99e-05   3.675e-05    0.000126   2.935e-05  AOI21_X1
j1_addMult4_MULT_mult_18_U472  5.931e-05     4.4e-05    0.000126   2.268e-05  AOI222_X1
j0_addMult5_MULT_mult_18_U393  4.399e-05   3.855e-05    0.000126   4.342e-05  OAI22_X1
j0_addMult5_MULT_mult_18_U385  4.499e-05   3.931e-05    0.000126   4.164e-05  OAI22_X1
j0_mult0_mult_18_U478          7.181e-05   2.155e-05   0.0001259   3.254e-05  AOI222_X1
j0_mult0_mult_18_U486          4.659e-05   4.079e-05   0.0001259   3.848e-05  OAI22_X1
j0_addMult3_MULT_mult_18_U449  7.531e-05   1.875e-05   0.0001257   3.165e-05  XNOR2_X1
FE_RC_105_0                     5.99e-05    3.53e-05   0.0001257    3.05e-05  AOI21_X1
j1_addMult9_MULT_mult_18_U385  4.468e-05     3.9e-05   0.0001256   4.192e-05  OAI22_X1
j1_addMult3_MULT_mult_18_U397  3.789e-05   4.051e-05   0.0001255   4.713e-05  OAI22_X1
j2_mult0_mult_18_U455          7.342e-05   2.081e-05   0.0001255    3.13e-05  XNOR2_X1
j0_addMult7_MULT_mult_18_U393  4.488e-05   3.897e-05   0.0001255    4.16e-05  OAI22_X1
j1_addMult8_MULT_mult_18_U393  4.478e-05   3.905e-05   0.0001254    4.16e-05  OAI22_X1
j1_addMult4_MULT_mult_18_U397  4.193e-05   4.095e-05   0.0001254   4.251e-05  OAI22_X1
j2_addMult7_MULT_mult_18_U393  4.496e-05   3.869e-05   0.0001253   4.164e-05  OAI22_X1
j0_addMult1_MULT_mult_18_U322  3.508e-05   4.273e-05   0.0001252   4.737e-05  XOR2_X1
j0_mult0_mult_18_U344          4.885e-05   4.276e-05   0.0001252   3.356e-05  OAI22_X1
j0_addMult6_MULT_mult_18_U385  3.789e-05    4.17e-05   0.0001252   4.556e-05  OAI22_X1
j0_addMult7_MULT_mult_18_U387  4.378e-05   3.774e-05   0.0001251   4.358e-05  OAI22_X1
j0_addMult1_MULT_mult_18_U387  4.593e-05   3.863e-05   0.0001251   4.052e-05  OAI22_X1
j2_addMult9_MULT_mult_18_U379  4.476e-05   3.869e-05    0.000125    4.16e-05  OAI22_X1
j2_addMult0_MULT_mult_18_U381  4.537e-05   3.683e-05    0.000125   4.281e-05  OAI22_X1
j0_mult0_mult_18_U340          4.884e-05   4.254e-05   0.0001249   3.356e-05  OAI22_X1
j2_addMult1_MULT_mult_18_U486  4.659e-05   3.986e-05   0.0001249   3.848e-05  OAI22_X1
j2_addMult2_MULT_mult_18_U395  4.452e-05    3.47e-05   0.0001249    4.57e-05  OAI22_X1
j0_addMult1_MULT_mult_18_U391  4.589e-05   3.841e-05   0.0001249   4.058e-05  OAI22_X1
j0_mult0_mult_18_U350          4.885e-05   4.244e-05   0.0001248   3.356e-05  OAI22_X1
j1_addMult8_MULT_mult_18_U322  3.427e-05   4.298e-05   0.0001248   4.753e-05  XOR2_X1
j2_addMult3_MULT_mult_18_U397  4.228e-05   4.206e-05   0.0001248   4.045e-05  OAI22_X1
j0_addMult7_MULT_mult_18_U327  4.199e-05   5.658e-05   0.0001247   2.611e-05  NAND2_X1
j0_addMult9_MULT_mult_18_U378  3.895e-05   6.677e-05   0.0001247   1.895e-05  NOR2_X1
j2_addMult5_MULT_mult_18_U329  7.526e-05   1.774e-05   0.0001247   3.165e-05  XNOR2_X1
j1_addMult8_MULT_mult_18_U387  4.479e-05   3.825e-05   0.0001246    4.16e-05  OAI22_X1
j0_addMult3_MULT_mult_18_U397  4.194e-05   4.015e-05   0.0001246   4.251e-05  OAI22_X1
j2_addMult0_MULT_mult_18_U385  4.392e-05   3.828e-05   0.0001246    4.24e-05  OAI22_X1
j0_addMult2_MULT_mult_18_U389  4.344e-05   3.819e-05   0.0001245   4.287e-05  OAI22_X1
j0_addMult0_MULT_mult_18_U453  7.338e-05   1.947e-05   0.0001245   3.165e-05  XNOR2_X1
j1_mult0_mult_18_U395           4.48e-05   3.885e-05   0.0001245   4.081e-05  OAI22_X1
j0_mult0_mult_18_U346          4.885e-05   4.204e-05   0.0001244   3.356e-05  OAI22_X1
j2_addMult9_MULT_mult_18_U469  5.255e-05   3.615e-05   0.0001244   3.571e-05  OAI222_X1
j0_addMult9_MULT_mult_18_U453  7.245e-05   1.944e-05   0.0001244   3.247e-05  XNOR2_X1
FE_RC_22_0                     6.017e-05   3.377e-05   0.0001243   3.041e-05  AOI21_X1
j2_addMult1_MULT_mult_18_U327   4.22e-05   5.551e-05   0.0001243   2.662e-05  NAND2_X1
FE_RC_108_0                    6.091e-05   3.364e-05   0.0001243   2.977e-05  AOI21_X1
j0_addMult0_MULT_mult_18_U451  7.337e-05   1.926e-05   0.0001243   3.165e-05  XNOR2_X1
j2_addMult4_MULT_mult_18_U326   6.61e-05   3.164e-05   0.0001243   2.654e-05  XNOR2_X1
j0_addMult9_MULT_mult_18_U451  7.245e-05   1.932e-05   0.0001242   3.247e-05  XNOR2_X1
j0_mult0_mult_18_U387          4.529e-05   3.778e-05   0.0001242   4.117e-05  OAI22_X1
j2_mult0_mult_18_U451          7.338e-05   1.956e-05   0.0001242    3.13e-05  XNOR2_X1
j0_addMult4_MULT_mult_18_U379  4.525e-05   3.804e-05   0.0001242   4.094e-05  OAI22_X1
j2_addMult1_MULT_mult_18_U391  4.521e-05   3.784e-05   0.0001242   4.117e-05  OAI22_X1
j0_addMult0_MULT_mult_18_U455  7.337e-05   1.916e-05   0.0001242   3.165e-05  XNOR2_X1
j1_addMult3_MULT_mult_18_U393  4.338e-05   3.789e-05   0.0001241   4.287e-05  OAI22_X1
j1_addMult5_MULT_mult_18_U485  6.942e-05    3.77e-05   0.0001241     1.7e-05  NAND2_X1
j1_addMult3_MULT_mult_18_U385  4.535e-05   3.922e-05   0.0001241   3.949e-05  OAI22_X1
j0_addMult4_MULT_mult_18_U381  4.525e-05   3.785e-05    0.000124   4.094e-05  OAI22_X1
j1_addMult1_MULT_mult_18_U453  7.257e-05   1.979e-05    0.000124   3.165e-05  XNOR2_X1
j2_addMult0_MULT_mult_18_U322  3.569e-05   4.154e-05   0.0001238   4.662e-05  XOR2_X1
FE_RC_44_0                      5.85e-05   3.523e-05   0.0001238   3.008e-05  AOI21_X1
j2_addMult3_MULT_mult_18_U387  4.226e-05   4.101e-05   0.0001238    4.05e-05  OAI22_X1
j2_addMult4_MULT_mult_18_U391  4.363e-05   3.721e-05   0.0001237   4.287e-05  OAI22_X1
j0_addMult6_MULT_mult_18_U383  3.791e-05   4.017e-05   0.0001236   4.556e-05  OAI22_X1
j0_addMult8_MULT_mult_18_U477  6.489e-05   2.477e-05   0.0001236   3.395e-05  AOI222_X1
j0_addMult8_MULT_mult_18_U387   4.49e-05   3.669e-05   0.0001235   4.192e-05  OAI22_X1
j2_mult0_mult_18_U449          7.335e-05   1.885e-05   0.0001235    3.13e-05  XNOR2_X1
j1_addMult1_MULT_mult_18_U451  7.255e-05   1.924e-05   0.0001234   3.165e-05  XNOR2_X1
j0_mult0_mult_18_U391           4.53e-05   3.696e-05   0.0001234   4.117e-05  OAI22_X1
j2_addMult7_MULT_mult_18_U379  4.401e-05   3.592e-05   0.0001234   4.342e-05  OAI22_X1
j1_addMult1_MULT_mult_18_U455  7.254e-05   1.914e-05   0.0001233   3.165e-05  XNOR2_X1
j1_mult0_mult_18_U389          4.481e-05   3.772e-05   0.0001233   4.081e-05  OAI22_X1
j0_addMult9_MULT_mult_18_U455  7.242e-05   1.842e-05   0.0001233   3.247e-05  XNOR2_X1
j1_addMult7_MULT_mult_18_U397  3.849e-05    4.32e-05   0.0001233   4.161e-05  OAI22_X1
j0_addMult4_MULT_mult_18_U391  4.415e-05   3.628e-05   0.0001233   4.287e-05  OAI22_X1
j0_addMult1_MULT_mult_18_U393  4.591e-05   3.678e-05   0.0001233   4.058e-05  OAI22_X1
j2_addMult2_MULT_mult_18_U329  7.334e-05   1.827e-05   0.0001233   3.165e-05  XNOR2_X1
j2_addMult0_MULT_mult_18_U393  4.487e-05   3.754e-05   0.0001232   4.081e-05  OAI22_X1
j0_addMult9_MULT_mult_18_U449  7.241e-05    1.83e-05   0.0001232   3.247e-05  XNOR2_X1
j1_addMult9_MULT_mult_18_U379   4.47e-05   3.657e-05   0.0001232   4.192e-05  OAI22_X1
j1_mult0_mult_18_U326          6.597e-05   2.924e-05   0.0001232   2.795e-05  XNOR2_X1
j0_addMult5_MULT_mult_18_U323  6.023e-05   3.138e-05   0.0001231   3.145e-05  XOR2_X1
j1_addMult0_MULT_mult_18_U346  4.884e-05   4.063e-05    0.000123   3.356e-05  OAI22_X1
j1_addMult0_MULT_mult_18_U379  4.514e-05   3.664e-05   0.0001229   4.117e-05  OAI22_X1
j1_addMult6_MULT_mult_18_U393  3.799e-05   3.942e-05   0.0001229   4.553e-05  OAI22_X1
FE_RC_71_0                      6.11e-05   3.206e-05   0.0001229   2.977e-05  AOI21_X1
j2_addMult1_MULT_mult_18_U381  4.524e-05   3.651e-05   0.0001229   4.117e-05  OAI22_X1
j0_addMult2_MULT_mult_18_U391  3.966e-05   3.973e-05   0.0001229   4.352e-05  OAI22_X1
j0_addMult7_MULT_mult_18_U379   4.38e-05    3.55e-05   0.0001229   4.358e-05  OAI22_X1
j2_addMult1_MULT_mult_18_U379  4.432e-05   3.576e-05   0.0001228   4.275e-05  OAI22_X1
j2_addMult2_MULT_mult_18_U301  3.615e-05   7.077e-05   0.0001228   1.589e-05  INV_X1
j2_addMult6_MULT_mult_18_U322  3.525e-05   4.122e-05   0.0001228   4.632e-05  XOR2_X1
j2_addMult0_MULT_mult_18_U379   4.49e-05   3.702e-05   0.0001227   4.081e-05  OAI22_X1
j2_mult0_mult_18_U453          7.332e-05   1.805e-05   0.0001227    3.13e-05  XNOR2_X1
j2_addMult5_MULT_mult_18_U397  4.199e-05   3.808e-05   0.0001226   4.251e-05  OAI22_X1
j2_addMult1_MULT_mult_18_U393  4.524e-05   3.617e-05   0.0001226   4.117e-05  OAI22_X1
j1_addMult0_MULT_mult_18_U389  4.515e-05   3.625e-05   0.0001226   4.117e-05  OAI22_X1
j0_addMult1_MULT_mult_18_U334  6.521e-05   2.356e-05   0.0001226   3.378e-05  XOR2_X1
j1_addMult6_MULT_mult_18_U397  3.799e-05   3.901e-05   0.0001225   4.553e-05  OAI22_X1
j0_addMult1_MULT_mult_18_U381  4.592e-05   3.603e-05   0.0001225   4.058e-05  OAI22_X1
j0_mult0_mult_18_U379          4.531e-05   3.603e-05   0.0001225   4.117e-05  OAI22_X1
j1_addMult9_MULT_mult_18_U391   4.47e-05   3.588e-05   0.0001225   4.192e-05  OAI22_X1
j0_addMult6_MULT_mult_18_U326  6.151e-05   3.331e-05   0.0001224   2.762e-05  XNOR2_X1
j2_addMult5_MULT_mult_18_U387  4.244e-05   3.824e-05   0.0001224   4.176e-05  OAI22_X1
j0_addMult1_MULT_mult_18_U379  4.595e-05   3.593e-05   0.0001224   4.052e-05  OAI22_X1
j1_addMult8_MULT_mult_18_U379  4.482e-05   3.594e-05   0.0001224    4.16e-05  OAI22_X1
j2_addMult9_MULT_mult_18_U322  3.424e-05   4.057e-05   0.0001223   4.753e-05  XOR2_X1
j1_addMult0_MULT_mult_18_U295  3.222e-05    7.35e-05   0.0001223   1.661e-05  INV_X1
j1_addMult8_MULT_mult_18_U389  4.482e-05    3.59e-05   0.0001223    4.16e-05  OAI22_X1
j1_mult0_mult_18_U470          4.349e-05   3.343e-05   0.0001223   4.537e-05  AOI222_X1
j2_addMult0_MULT_mult_18_U297  3.432e-05   7.098e-05   0.0001222   1.692e-05  INV_X1
j0_addMult7_MULT_mult_18_U322  3.422e-05   4.047e-05   0.0001222   4.753e-05  XOR2_X1
FE_RC_47_0                     6.067e-05   3.219e-05   0.0001222   2.935e-05  AOI21_X1
j1_addMult0_MULT_mult_18_U393  4.516e-05   3.586e-05   0.0001222   4.117e-05  OAI22_X1
j0_addMult8_MULT_mult_18_U379  4.491e-05   3.535e-05   0.0001222   4.192e-05  OAI22_X1
j2_addMult0_MULT_mult_18_U391  4.488e-05   3.638e-05   0.0001221   4.081e-05  OAI22_X1
j1_addMult6_MULT_mult_18_U323  6.021e-05   3.027e-05   0.0001219   3.145e-05  XOR2_X1
j0_addMult2_MULT_mult_18_U381  3.796e-05    3.68e-05   0.0001219   4.713e-05  OAI22_X1
j2_addMult4_MULT_mult_18_U393  4.561e-05   3.677e-05   0.0001219   3.949e-05  OAI22_X1
FE_RC_40_0                     5.781e-05   3.266e-05   0.0001218   3.128e-05  AOI21_X1
j1_mult0_mult_18_U322          3.562e-05   3.945e-05   0.0001217   4.662e-05  XOR2_X1
j0_addMult2_MULT_mult_18_U395  3.796e-05   3.653e-05   0.0001216   4.713e-05  OAI22_X1
j2_addMult3_MULT_mult_18_U325  6.884e-05    1.89e-05   0.0001215   3.378e-05  XOR2_X1
j1_addMult0_MULT_mult_18_U477  6.487e-05   2.226e-05   0.0001215   3.437e-05  AOI222_X1
j0_addMult8_MULT_mult_18_U395  4.492e-05   3.464e-05   0.0001215   4.192e-05  OAI22_X1
j0_addMult2_MULT_mult_18_U385  3.796e-05   3.636e-05   0.0001215   4.713e-05  OAI22_X1
j1_mult0_mult_18_U379          4.482e-05    3.58e-05   0.0001214   4.081e-05  OAI22_X1
j2_addMult7_MULT_mult_18_U395  4.502e-05   3.469e-05   0.0001214   4.164e-05  OAI22_X1
j2_addMult4_MULT_mult_18_U381  4.562e-05   3.623e-05   0.0001213   3.949e-05  OAI22_X1
j0_addMult8_MULT_mult_18_U389  4.492e-05   3.447e-05   0.0001213   4.192e-05  OAI22_X1
j0_addMult7_MULT_mult_18_U389  4.494e-05   3.474e-05   0.0001213    4.16e-05  OAI22_X1
FE_RC_112_0                    5.784e-05   3.213e-05   0.0001213   3.128e-05  AOI21_X1
j0_addMult3_MULT_mult_18_U329  7.059e-05    1.89e-05   0.0001211   3.165e-05  XNOR2_X1
j2_mult0_mult_18_U322          3.001e-05   4.406e-05   0.0001211   4.703e-05  XOR2_X1
j0_mult0_mult_18_U326           6.59e-05   2.852e-05   0.0001211   2.666e-05  XNOR2_X1
j0_addMult1_MULT_mult_18_U395  4.594e-05   3.448e-05    0.000121   4.058e-05  OAI22_X1
j1_addMult5_MULT_mult_18_U322  3.523e-05   3.943e-05    0.000121   4.632e-05  XOR2_X1
j0_addMult2_MULT_mult_18_U397  3.799e-05   3.584e-05    0.000121   4.713e-05  OAI22_X1
j1_addMult1_MULT_mult_18_U474  5.316e-05   3.685e-05   0.0001209   3.092e-05  AOI222_X1
j0_mult0_mult_18_U342          4.885e-05   3.852e-05   0.0001209   3.356e-05  OAI22_X1
j2_addMult3_MULT_mult_18_U379  4.228e-05   3.815e-05   0.0001209    4.05e-05  OAI22_X1
j2_addMult3_MULT_mult_18_U381  4.231e-05   3.817e-05   0.0001209   4.045e-05  OAI22_X1
j2_addMult5_MULT_mult_18_U381  4.204e-05   3.636e-05   0.0001209   4.251e-05  OAI22_X1
j2_addMult9_MULT_mult_18_U389  4.481e-05    3.45e-05   0.0001209    4.16e-05  OAI22_X1
j1_addMult2_MULT_mult_18_U385   4.24e-05   3.805e-05   0.0001209   4.045e-05  OAI22_X1
j0_addMult1_MULT_mult_18_U383  4.258e-05   3.781e-05   0.0001209    4.05e-05  OAI22_X1
j0_addMult2_MULT_mult_18_U393  3.797e-05   3.573e-05   0.0001208   4.713e-05  OAI22_X1
j0_addMult3_MULT_mult_18_U387  4.239e-05   3.667e-05   0.0001208   4.176e-05  OAI22_X1
j0_mult0_mult_18_U339          4.886e-05   3.828e-05   0.0001207   3.356e-05  OAI22_X1
j2_addMult0_MULT_mult_18_U485  7.333e-05   3.091e-05   0.0001206    1.64e-05  NAND2_X1
j1_addMult4_MULT_mult_18_U383   4.24e-05   3.639e-05   0.0001205   4.176e-05  OAI22_X1
j0_addMult6_MULT_mult_18_U301  3.262e-05   7.203e-05   0.0001205   1.589e-05  INV_X1
j1_addMult8_MULT_mult_18_U383   3.78e-05    3.68e-05   0.0001205    4.59e-05  OAI22_X1
j2_addMult6_MULT_mult_18_U383  3.816e-05   3.698e-05   0.0001204   4.529e-05  OAI22_X1
j2_addMult4_MULT_mult_18_U379  4.563e-05    3.53e-05   0.0001204   3.949e-05  OAI22_X1
FE_RC_74_0                     5.773e-05   3.139e-05   0.0001204   3.128e-05  AOI21_X1
j1_addMult9_MULT_mult_18_U326  6.143e-05   3.071e-05   0.0001203   2.821e-05  XNOR2_X1
j1_addMult8_MULT_mult_18_U474    5.3e-05   4.138e-05   0.0001203   2.593e-05  AOI222_X1
j0_addMult7_MULT_mult_18_U298  3.125e-05   7.169e-05   0.0001203   1.734e-05  INV_X1
j1_addMult3_MULT_mult_18_U381  3.794e-05   3.521e-05   0.0001203   4.713e-05  OAI22_X1
j2_addMult0_MULT_mult_18_U395  4.489e-05   3.454e-05   0.0001202   4.081e-05  OAI22_X1
j0_addMult2_MULT_mult_18_U323  5.977e-05   2.932e-05   0.0001202   3.113e-05  XOR2_X1
j0_addMult1_MULT_mult_18_U385  4.262e-05   3.715e-05   0.0001202   4.045e-05  OAI22_X1
FE_RC_77_0                     5.857e-05    3.15e-05   0.0001201   3.008e-05  AOI21_X1
j2_addMult4_MULT_mult_18_U486  4.428e-05   3.526e-05   0.0001201   4.058e-05  OAI22_X1
j1_addMult2_MULT_mult_18_U393  4.241e-05   3.723e-05   0.0001201   4.045e-05  OAI22_X1
j1_addMult3_MULT_mult_18_U323  5.978e-05   2.915e-05   0.0001201   3.113e-05  XOR2_X1
j1_addMult6_MULT_mult_18_U296    3.1e-05   7.219e-05   0.0001201   1.686e-05  INV_X1
j2_addMult6_MULT_mult_18_U397  3.817e-05   3.655e-05     0.00012   4.529e-05  OAI22_X1
j1_addMult0_MULT_mult_18_U470  4.851e-05   4.259e-05     0.00012    2.89e-05  AOI222_X1
j2_addMult4_MULT_mult_18_U348  4.608e-05   3.881e-05     0.00012   3.507e-05  OAI22_X1
j2_addMult6_MULT_mult_18_U385  3.817e-05   3.647e-05   0.0001199   4.529e-05  OAI22_X1
j2_addMult0_MULT_mult_18_U300  3.384e-05   6.915e-05   0.0001199   1.692e-05  INV_X1
j0_mult0_mult_18_U470          4.233e-05   3.406e-05   0.0001199   4.349e-05  AOI222_X1
j2_mult0_mult_18_U383          3.781e-05   3.936e-05   0.0001199   4.271e-05  OAI22_X1
j2_addMult4_MULT_mult_18_U323  5.976e-05   2.896e-05   0.0001198   3.113e-05  XOR2_X1
j0_addMult6_MULT_mult_18_U393  3.796e-05   3.627e-05   0.0001198   4.556e-05  OAI22_X1
j2_addMult8_MULT_mult_18_U383  3.797e-05   3.624e-05   0.0001198   4.556e-05  OAI22_X1
j1_addMult4_MULT_mult_18_U326  5.694e-05    3.58e-05   0.0001198   2.701e-05  XNOR2_X1
j0_addMult3_MULT_mult_18_U395   4.24e-05   3.546e-05   0.0001196   4.176e-05  OAI22_X1
j2_addMult1_MULT_mult_18_U348  4.885e-05    3.72e-05   0.0001196   3.356e-05  OAI22_X1
j2_addMult6_MULT_mult_18_U389  4.416e-05   3.251e-05   0.0001196   4.287e-05  OAI22_X1
j1_addMult2_MULT_mult_18_U383  4.241e-05   3.663e-05   0.0001195   4.045e-05  OAI22_X1
j0_addMult3_MULT_mult_18_U385  3.888e-05   3.976e-05   0.0001194   4.075e-05  OAI22_X1
j2_addMult8_MULT_mult_18_U397  3.843e-05   3.928e-05   0.0001193   4.161e-05  OAI22_X1
j2_addMult9_MULT_mult_18_U470  4.071e-05   3.749e-05   0.0001193   4.109e-05  AOI222_X1
j1_addMult2_MULT_mult_18_U381  4.241e-05   3.643e-05   0.0001193   4.045e-05  OAI22_X1
j0_addMult1_MULT_mult_18_U299  3.285e-05    7.16e-05   0.0001193   1.481e-05  INV_X1
j1_addMult4_MULT_mult_18_U387  4.241e-05   3.508e-05   0.0001192   4.176e-05  OAI22_X1
j1_addMult6_MULT_mult_18_U385  3.804e-05   3.568e-05   0.0001192   4.553e-05  OAI22_X1
j2_addMult6_MULT_mult_18_U393  3.818e-05   3.565e-05   0.0001191   4.529e-05  OAI22_X1
j2_mult0_mult_18_U385          3.781e-05   3.858e-05   0.0001191   4.271e-05  OAI22_X1
j1_addMult7_MULT_mult_18_U385  3.811e-05   3.542e-05   0.0001191   4.556e-05  OAI22_X1
j2_addMult7_MULT_mult_18_U383  3.889e-05   3.649e-05   0.0001191    4.37e-05  OAI22_X1
j2_addMult6_MULT_mult_18_U332  6.883e-05   1.651e-05    0.000119   3.366e-05  XOR2_X1
j2_addMult3_MULT_mult_18_U389  4.232e-05   3.621e-05    0.000119   4.045e-05  OAI22_X1
j0_addMult8_MULT_mult_18_U322  3.257e-05    3.87e-05    0.000119   4.771e-05  XOR2_X1
j2_addMult0_MULT_mult_18_U477  6.423e-05   1.821e-05    0.000119   3.651e-05  AOI222_X1
j2_addMult3_MULT_mult_18_U336  6.877e-05   1.637e-05   0.0001189   3.378e-05  XOR2_X1
j0_addMult1_MULT_mult_18_U298  3.287e-05   6.992e-05   0.0001189   1.613e-05  INV_X1
j0_addMult4_MULT_mult_18_U336  6.881e-05   1.644e-05   0.0001189   3.366e-05  XOR2_X1
j0_addMult7_MULT_mult_18_U395  4.498e-05   3.232e-05   0.0001189    4.16e-05  OAI22_X1
j1_addMult4_MULT_mult_18_U299  3.404e-05   6.799e-05   0.0001189   1.686e-05  INV_X1
j1_addMult0_MULT_mult_18_U474  5.518e-05   3.753e-05   0.0001189   2.614e-05  AOI222_X1
j1_addMult2_MULT_mult_18_U322  3.534e-05   3.733e-05   0.0001188   4.615e-05  XOR2_X1
j2_addMult6_MULT_mult_18_U387  3.819e-05   3.532e-05   0.0001188   4.529e-05  OAI22_X1
j0_addMult6_MULT_mult_18_U387  3.798e-05   3.525e-05   0.0001188   4.556e-05  OAI22_X1
j2_addMult1_MULT_mult_18_U474  5.303e-05   3.567e-05   0.0001187   3.001e-05  AOI222_X1
j0_addMult4_MULT_mult_18_U322   3.52e-05   3.719e-05   0.0001187   4.632e-05  XOR2_X1
j2_addMult5_MULT_mult_18_U391  4.206e-05   3.411e-05   0.0001187   4.251e-05  OAI22_X1
j1_addMult5_MULT_mult_18_U325  6.882e-05   1.617e-05   0.0001187   3.366e-05  XOR2_X1
j1_addMult2_MULT_mult_18_U326  6.136e-05   2.907e-05   0.0001186   2.821e-05  XNOR2_X1
j2_addMult3_MULT_mult_18_U332  6.877e-05   1.609e-05   0.0001186   3.378e-05  XOR2_X1
j1_addMult5_MULT_mult_18_U332  6.882e-05   1.611e-05   0.0001186   3.366e-05  XOR2_X1
j1_addMult2_MULT_mult_18_U325  6.876e-05   1.604e-05   0.0001186   3.378e-05  XOR2_X1
j0_addMult3_MULT_mult_18_U389    4.2e-05   3.398e-05   0.0001185   4.251e-05  OAI22_X1
j0_addMult3_MULT_mult_18_U383  3.851e-05   3.848e-05   0.0001185   4.149e-05  OAI22_X1
j2_addMult7_MULT_mult_18_U297  3.154e-05   6.966e-05   0.0001185   1.728e-05  INV_X1
j0_addMult3_MULT_mult_18_U393  3.851e-05   3.844e-05   0.0001184   4.149e-05  OAI22_X1
j2_addMult4_MULT_mult_18_U397  3.813e-05   3.317e-05   0.0001184   4.713e-05  OAI22_X1
j0_addMult3_MULT_mult_18_U381  4.201e-05    3.39e-05   0.0001184   4.251e-05  OAI22_X1
j0_addMult7_MULT_mult_18_U385  3.791e-05   3.458e-05   0.0001184    4.59e-05  OAI22_X1
j2_addMult6_MULT_mult_18_U338  6.882e-05    1.59e-05   0.0001184   3.366e-05  XOR2_X1
j1_addMult5_MULT_mult_18_U397  3.821e-05   3.484e-05   0.0001183   4.529e-05  OAI22_X1
j0_addMult7_MULT_mult_18_U383  3.886e-05   3.562e-05   0.0001183   4.385e-05  OAI22_X1
j2_addMult8_MULT_mult_18_U385  3.757e-05   3.729e-05   0.0001183   4.342e-05  OAI22_X1
j1_addMult9_MULT_mult_18_U469  4.781e-05   3.093e-05   0.0001183   3.952e-05  OAI222_X1
j1_addMult5_MULT_mult_18_U336  6.881e-05   1.578e-05   0.0001183   3.366e-05  XOR2_X1
j1_addMult6_MULT_mult_18_U391  3.891e-05   3.565e-05   0.0001183    4.37e-05  OAI22_X1
j2_addMult6_MULT_mult_18_U334  6.881e-05   1.577e-05   0.0001182   3.366e-05  XOR2_X1
j0_addMult2_MULT_mult_18_U383  3.799e-05    3.31e-05   0.0001182   4.713e-05  OAI22_X1
j2_addMult3_MULT_mult_18_U485  7.192e-05   3.125e-05   0.0001182     1.5e-05  NAND2_X1
j2_addMult5_MULT_mult_18_U379  4.248e-05   3.393e-05   0.0001182   4.176e-05  OAI22_X1
j1_addMult0_MULT_mult_18_U395   4.52e-05   3.177e-05   0.0001181   4.117e-05  OAI22_X1
j0_addMult2_MULT_mult_18_U296  3.101e-05   6.997e-05   0.0001181    1.71e-05  INV_X1
j1_addMult1_MULT_mult_18_U297  3.163e-05   6.938e-05   0.0001181   1.704e-05  INV_X1
j2_addMult1_MULT_mult_18_U385  3.829e-05   3.498e-05    0.000118   4.473e-05  OAI22_X1
j1_addMult2_MULT_mult_18_U391  4.239e-05   3.507e-05    0.000118    4.05e-05  OAI22_X1
j2_addMult1_MULT_mult_18_U395   4.53e-05   3.147e-05   0.0001179   4.117e-05  OAI22_X1
j1_addMult2_MULT_mult_18_U338  6.875e-05   1.537e-05   0.0001179   3.378e-05  XOR2_X1
j1_addMult9_MULT_mult_18_U470  4.007e-05   3.176e-05   0.0001179   4.602e-05  AOI222_X1
j0_addMult4_MULT_mult_18_U397   3.82e-05   3.434e-05   0.0001178   4.529e-05  OAI22_X1
j1_addMult9_MULT_mult_18_U395  4.473e-05   3.118e-05   0.0001178   4.192e-05  OAI22_X1
j2_addMult1_MULT_mult_18_U352  4.885e-05   3.541e-05   0.0001178   3.356e-05  OAI22_X1
j1_addMult6_MULT_mult_18_U383  3.806e-05   3.422e-05   0.0001178   4.553e-05  OAI22_X1
j2_addMult7_MULT_mult_18_U344  4.214e-05   4.186e-05   0.0001178    3.38e-05  OAI22_X1
j1_addMult0_MULT_mult_18_U383  3.823e-05   3.482e-05   0.0001178   4.473e-05  OAI22_X1
j1_addMult6_MULT_mult_18_U389  4.412e-05   3.016e-05   0.0001177   4.342e-05  OAI22_X1
j0_addMult6_MULT_mult_18_U391  3.887e-05   3.514e-05   0.0001177    4.37e-05  OAI22_X1
j1_addMult2_MULT_mult_18_U334  6.874e-05   1.516e-05   0.0001177   3.378e-05  XOR2_X1
j1_addMult4_MULT_mult_18_U300  3.461e-05   6.673e-05   0.0001177   1.632e-05  INV_X1
j1_addMult2_MULT_mult_18_U485  7.214e-05   3.051e-05   0.0001176     1.5e-05  NAND2_X1
j0_addMult4_MULT_mult_18_U325  6.877e-05   1.516e-05   0.0001176   3.366e-05  XOR2_X1
j0_addMult7_MULT_mult_18_U474    5.2e-05   3.542e-05   0.0001176   3.017e-05  AOI222_X1
j0_addMult0_MULT_mult_18_U385  3.747e-05   3.746e-05   0.0001176   4.263e-05  OAI22_X1
j2_addMult7_MULT_mult_18_U298  3.225e-05   6.802e-05   0.0001176   1.728e-05  INV_X1
j0_addMult7_MULT_mult_18_U297  3.153e-05   6.865e-05   0.0001175   1.734e-05  INV_X1
j2_addMult9_MULT_mult_18_U395  4.485e-05   3.106e-05   0.0001175    4.16e-05  OAI22_X1
j1_addMult2_MULT_mult_18_U332  6.874e-05   1.498e-05   0.0001175   3.378e-05  XOR2_X1
j0_mult0_mult_18_U395          4.537e-05   3.095e-05   0.0001175   4.117e-05  OAI22_X1
j2_addMult1_MULT_mult_18_U389   4.53e-05   3.102e-05   0.0001175   4.117e-05  OAI22_X1
j0_addMult8_MULT_mult_18_U474  5.254e-05   3.457e-05   0.0001174   3.034e-05  AOI222_X1
j2_addMult6_MULT_mult_18_U325  6.879e-05   1.497e-05   0.0001174   3.366e-05  XOR2_X1
j0_mult0_mult_18_U352          4.885e-05   3.496e-05   0.0001174   3.356e-05  OAI22_X1
j1_addMult7_MULT_mult_18_U383  3.901e-05   3.459e-05   0.0001173    4.37e-05  OAI22_X1
j0_addMult4_MULT_mult_18_U387   3.92e-05   3.483e-05   0.0001173   4.327e-05  OAI22_X1
j0_addMult3_MULT_mult_18_U379  4.243e-05   3.309e-05   0.0001173   4.176e-05  OAI22_X1
j2_addMult7_MULT_mult_18_U322  3.274e-05   3.832e-05   0.0001173    4.62e-05  XOR2_X1
j0_addMult9_MULT_mult_18_U397  3.818e-05   3.849e-05   0.0001173   4.058e-05  OAI22_X1
j2_addMult7_MULT_mult_18_U385  3.805e-05   3.364e-05   0.0001172   4.553e-05  OAI22_X1
j2_addMult8_MULT_mult_18_U381  3.889e-05   3.453e-05   0.0001171    4.37e-05  OAI22_X1
j0_addMult0_MULT_mult_18_U474  5.363e-05    3.67e-05    0.000117   2.671e-05  AOI222_X1
j0_addMult2_MULT_mult_18_U387  3.801e-05   3.189e-05    0.000117   4.713e-05  OAI22_X1
j0_addMult4_MULT_mult_18_U383   3.92e-05   3.455e-05    0.000117   4.327e-05  OAI22_X1
j2_addMult7_MULT_mult_18_U476  6.426e-05   1.888e-05   0.0001169   3.379e-05  AOI222_X1
j0_addMult5_MULT_mult_18_U397  3.808e-05   3.331e-05   0.0001169   4.553e-05  OAI22_X1
j1_addMult2_MULT_mult_18_U387  4.243e-05   3.404e-05   0.0001169   4.045e-05  OAI22_X1
j0_addMult3_MULT_mult_18_U326  6.128e-05   2.765e-05   0.0001169   2.797e-05  XNOR2_X1
j0_addMult6_MULT_mult_18_U381    3.8e-05   3.334e-05   0.0001169   4.556e-05  OAI22_X1
j0_addMult8_MULT_mult_18_U326  6.124e-05   2.735e-05   0.0001168   2.821e-05  XNOR2_X1
j2_addMult5_MULT_mult_18_U299  3.167e-05   6.801e-05   0.0001168    1.71e-05  INV_X1
j2_addMult7_MULT_mult_18_U389  4.513e-05       3e-05   0.0001168   4.164e-05  OAI22_X1
j0_addMult9_MULT_mult_18_U385  3.819e-05    3.79e-05   0.0001167   4.058e-05  OAI22_X1
j2_addMult4_MULT_mult_18_U383  3.983e-05   3.331e-05   0.0001167   4.352e-05  OAI22_X1
j1_addMult4_MULT_mult_18_U385  3.854e-05   3.658e-05   0.0001166   4.149e-05  OAI22_X1
j2_addMult7_MULT_mult_18_U474  5.256e-05   3.621e-05   0.0001165   2.777e-05  AOI222_X1
j1_addMult1_MULT_mult_18_U397  3.873e-05   3.758e-05   0.0001165   4.023e-05  OAI22_X1
j1_addMult5_MULT_mult_18_U391  3.823e-05   3.301e-05   0.0001165   4.529e-05  OAI22_X1
j0_addMult1_MULT_mult_18_U476  6.406e-05   1.829e-05   0.0001164   3.407e-05  AOI222_X1
j2_addMult5_MULT_mult_18_U485  6.787e-05   3.298e-05   0.0001164   1.556e-05  NAND2_X1
j0_addMult9_MULT_mult_18_U296  3.264e-05   6.756e-05   0.0001163   1.613e-05  INV_X1
j1_addMult5_MULT_mult_18_U326  6.124e-05   2.685e-05   0.0001163   2.821e-05  XNOR2_X1
j2_addMult1_MULT_mult_18_U383  3.909e-05   3.408e-05   0.0001163    4.31e-05  OAI22_X1
j1_addMult3_MULT_mult_18_U387  3.968e-05   3.305e-05   0.0001162   4.352e-05  OAI22_X1
j1_addMult8_MULT_mult_18_U477  6.502e-05   1.912e-05   0.0001162   3.208e-05  AOI222_X1
j1_addMult2_MULT_mult_18_U379  4.241e-05    3.33e-05   0.0001162    4.05e-05  OAI22_X1
j1_addMult3_MULT_mult_18_U298  3.151e-05   6.904e-05   0.0001161    1.56e-05  INV_X1
j2_mult0_mult_18_U393          3.783e-05   3.559e-05   0.0001161   4.271e-05  OAI22_X1
j2_addMult6_MULT_mult_18_U391  3.918e-05    3.36e-05   0.0001161   4.327e-05  OAI22_X1
j2_addMult1_MULT_mult_18_U476  6.422e-05   1.745e-05    0.000116   3.437e-05  AOI222_X1
j1_addMult3_MULT_mult_18_U391  3.798e-05   3.092e-05    0.000116   4.713e-05  OAI22_X1
j2_addMult6_MULT_mult_18_U296  3.122e-05   6.822e-05    0.000116   1.656e-05  INV_X1
j1_addMult0_MULT_mult_18_U381  3.904e-05   3.386e-05    0.000116    4.31e-05  OAI22_X1
j2_addMult6_MULT_mult_18_U485   6.94e-05   2.959e-05    0.000116     1.7e-05  NAND2_X1
j2_addMult6_MULT_mult_18_U326  6.122e-05   2.653e-05    0.000116   2.821e-05  XNOR2_X1
j2_addMult5_MULT_mult_18_U326  6.123e-05   2.675e-05   0.0001159   2.797e-05  XNOR2_X1
j1_addMult9_MULT_mult_18_U322  3.246e-05   3.569e-05   0.0001159   4.771e-05  XOR2_X1
j2_mult0_mult_18_U387          3.783e-05   3.531e-05   0.0001159   4.271e-05  OAI22_X1
j2_addMult3_MULT_mult_18_U395  4.232e-05   3.303e-05   0.0001158    4.05e-05  OAI22_X1
j2_addMult6_MULT_mult_18_U329  6.603e-05   1.781e-05   0.0001158     3.2e-05  XNOR2_X1
j0_addMult5_MULT_mult_18_U391  3.809e-05   3.223e-05   0.0001158   4.553e-05  OAI22_X1
j2_addMult2_MULT_mult_18_U326  6.123e-05   2.674e-05   0.0001158   2.785e-05  XNOR2_X1
j0_addMult8_MULT_mult_18_U350  3.978e-05    4.04e-05   0.0001158   3.564e-05  OAI22_X1
j0_addMult1_MULT_mult_18_U389  4.598e-05   2.927e-05   0.0001158   4.058e-05  OAI22_X1
j0_addMult3_MULT_mult_18_U296  3.099e-05   7.059e-05   0.0001158   1.422e-05  INV_X1
j2_addMult1_MULT_mult_18_U323  5.691e-05   2.859e-05   0.0001158   3.029e-05  XOR2_X1
j1_addMult0_MULT_mult_18_U323   5.69e-05   2.859e-05   0.0001158   3.029e-05  XOR2_X1
j2_addMult3_MULT_mult_18_U326  6.121e-05   2.636e-05   0.0001158   2.821e-05  XNOR2_X1
j1_addMult7_MULT_mult_18_U391  3.862e-05   3.552e-05   0.0001158   4.161e-05  OAI22_X1
j2_addMult0_MULT_mult_18_U332  6.607e-05   1.596e-05   0.0001157   3.366e-05  XOR2_X1
j1_addMult2_MULT_mult_18_U296  3.099e-05   6.829e-05   0.0001157   1.638e-05  INV_X1
j0_addMult9_MULT_mult_18_U381  3.819e-05   3.689e-05   0.0001157   4.058e-05  OAI22_X1
j1_addMult6_MULT_mult_18_U381  3.809e-05   3.194e-05   0.0001156   4.553e-05  OAI22_X1
j1_addMult3_MULT_mult_18_U300   3.22e-05   6.622e-05   0.0001155    1.71e-05  INV_X1
j2_addMult2_MULT_mult_18_U485  7.021e-05   2.891e-05   0.0001155   1.635e-05  NAND2_X1
j2_mult0_mult_18_U391          3.783e-05   3.492e-05   0.0001155   4.271e-05  OAI22_X1
j0_addMult7_MULT_mult_18_U344  3.929e-05   4.103e-05   0.0001155   3.513e-05  OAI22_X1
j1_addMult9_MULT_mult_18_U389  4.475e-05   2.878e-05   0.0001154   4.192e-05  OAI22_X1
j1_addMult5_MULT_mult_18_U387  3.921e-05   3.295e-05   0.0001154   4.327e-05  OAI22_X1
j2_addMult1_MULT_mult_18_U297   3.17e-05   6.663e-05   0.0001154   1.704e-05  INV_X1
j2_addMult4_MULT_mult_18_U387  3.984e-05     3.2e-05   0.0001154   4.352e-05  OAI22_X1
j1_addMult8_MULT_mult_18_U300  3.148e-05   6.652e-05   0.0001153   1.734e-05  INV_X1
j2_mult0_mult_18_U381          3.784e-05   3.476e-05   0.0001153   4.271e-05  OAI22_X1
j2_addMult6_MULT_mult_18_U381  3.822e-05   3.176e-05   0.0001153   4.529e-05  OAI22_X1
j2_mult0_mult_18_U397          3.784e-05   3.468e-05   0.0001152   4.271e-05  OAI22_X1
j1_addMult8_MULT_mult_18_U381  3.882e-05    3.25e-05   0.0001152   4.385e-05  OAI22_X1
j1_mult0_mult_18_U299          3.299e-05   6.612e-05   0.0001151   1.601e-05  INV_X1
j0_addMult2_MULT_mult_18_U379  3.973e-05   3.187e-05   0.0001151   4.352e-05  OAI22_X1
j1_addMult2_MULT_mult_18_U389  4.578e-05   2.877e-05   0.0001151   4.052e-05  OAI22_X1
j0_addMult0_MULT_mult_18_U397  3.871e-05    3.61e-05    0.000115   4.023e-05  OAI22_X1
j0_mult0_mult_18_U389          4.541e-05   2.846e-05    0.000115   4.117e-05  OAI22_X1
j1_addMult5_MULT_mult_18_U449  6.598e-05   1.701e-05    0.000115     3.2e-05  XNOR2_X1
j1_addMult0_MULT_mult_18_U352  4.887e-05   3.251e-05   0.0001149   3.356e-05  OAI22_X1
j0_addMult8_MULT_mult_18_U383  3.827e-05   3.299e-05   0.0001149   4.364e-05  OAI22_X1
j0_addMult9_MULT_mult_18_U383  3.819e-05   3.613e-05   0.0001149   4.058e-05  OAI22_X1
j2_addMult7_MULT_mult_18_U299  3.148e-05   6.793e-05   0.0001149   1.548e-05  INV_X1
j1_addMult6_MULT_mult_18_U395   3.81e-05   3.125e-05   0.0001149   4.553e-05  OAI22_X1
j0_addMult7_MULT_mult_18_U476  6.456e-05   1.823e-05   0.0001149   3.208e-05  AOI222_X1
j0_addMult0_MULT_mult_18_U300  3.176e-05     6.6e-05   0.0001148   1.704e-05  INV_X1
j0_addMult1_MULT_mult_18_U297  3.356e-05   6.507e-05   0.0001148   1.613e-05  INV_X1
j0_mult0_mult_18_U348          4.888e-05   3.228e-05   0.0001147   3.356e-05  OAI22_X1
j0_addMult5_MULT_mult_18_U340  4.215e-05    3.87e-05   0.0001147    3.38e-05  OAI22_X1
j0_addMult9_MULT_mult_18_U393  3.819e-05   3.587e-05   0.0001146   4.058e-05  OAI22_X1
j2_addMult6_MULT_mult_18_U379  3.919e-05   3.217e-05   0.0001146   4.327e-05  OAI22_X1
j1_addMult5_MULT_mult_18_U381  3.826e-05   3.108e-05   0.0001146   4.529e-05  OAI22_X1
j1_addMult4_MULT_mult_18_U391  3.856e-05   3.458e-05   0.0001146   4.149e-05  OAI22_X1
j0_addMult5_MULT_mult_18_U381   3.81e-05   3.096e-05   0.0001146   4.553e-05  OAI22_X1
j1_addMult3_MULT_mult_18_U379  3.969e-05   3.137e-05   0.0001146   4.352e-05  OAI22_X1
j0_addMult4_MULT_mult_18_U389  3.826e-05   3.098e-05   0.0001145   4.529e-05  OAI22_X1
j0_addMult8_MULT_mult_18_U297  3.159e-05   6.593e-05   0.0001145   1.698e-05  INV_X1
j2_addMult0_MULT_mult_18_U389  4.493e-05   2.876e-05   0.0001145   4.081e-05  OAI22_X1
j1_addMult5_MULT_mult_18_U395  3.921e-05     3.2e-05   0.0001145   4.327e-05  OAI22_X1
j2_addMult7_MULT_mult_18_U350   4.19e-05   3.879e-05   0.0001145    3.38e-05  OAI22_X1
j0_addMult5_MULT_mult_18_U387  3.897e-05   3.181e-05   0.0001145    4.37e-05  OAI22_X1
j0_addMult2_MULT_mult_18_U479   3.16e-05   4.063e-05   0.0001144   4.216e-05  OAI21_X1
j1_addMult4_MULT_mult_18_U395  4.246e-05   3.016e-05   0.0001144   4.176e-05  OAI22_X1
j0_addMult1_MULT_mult_18_U455  6.585e-05   1.655e-05   0.0001143   3.189e-05  XNOR2_X1
j1_addMult5_MULT_mult_18_U329  6.594e-05   1.634e-05   0.0001143     3.2e-05  XNOR2_X1
j0_addMult9_MULT_mult_18_U387   3.82e-05   3.549e-05   0.0001143   4.058e-05  OAI22_X1
j0_addMult8_MULT_mult_18_U381  3.865e-05   3.274e-05   0.0001143   4.286e-05  OAI22_X1
j2_addMult1_MULT_mult_18_U298  3.205e-05   6.515e-05   0.0001142   1.704e-05  INV_X1
j0_addMult5_MULT_mult_18_U479  2.915e-05   4.401e-05   0.0001142   4.108e-05  OAI21_X1
j1_addMult6_MULT_mult_18_U334  6.369e-05   1.688e-05   0.0001142   3.364e-05  XOR2_X1
j0_addMult3_MULT_mult_18_U485  6.788e-05   3.076e-05   0.0001142   1.556e-05  NAND2_X1
j2_addMult1_MULT_mult_18_U478  7.475e-05    2.06e-05   0.0001142   1.882e-05  AOI222_X1
j1_addMult2_MULT_mult_18_U395  4.246e-05   3.126e-05   0.0001142   4.045e-05  OAI22_X1
j1_addMult2_MULT_mult_18_U301   3.24e-05   6.502e-05   0.0001141   1.668e-05  INV_X1
j0_addMult9_MULT_mult_18_U391   3.82e-05   3.531e-05   0.0001141   4.058e-05  OAI22_X1
j1_addMult4_MULT_mult_18_U301   3.23e-05   6.467e-05   0.0001141    1.71e-05  INV_X1
j1_addMult6_MULT_mult_18_U387  3.811e-05    3.04e-05    0.000114   4.553e-05  OAI22_X1
j2_addMult3_MULT_mult_18_U449  6.587e-05   1.628e-05    0.000114   3.189e-05  XNOR2_X1
j0_mult0_mult_18_U323          5.688e-05   2.686e-05    0.000114   3.029e-05  XOR2_X1
j2_addMult5_MULT_mult_18_U383  3.862e-05   3.389e-05    0.000114   4.149e-05  OAI22_X1
j1_addMult0_MULT_mult_18_U348  4.885e-05   3.151e-05   0.0001139   3.356e-05  OAI22_X1
j1_addMult5_MULT_mult_18_U379  3.922e-05   3.139e-05   0.0001139   4.327e-05  OAI22_X1
j0_addMult5_MULT_mult_18_U336  6.369e-05   1.655e-05   0.0001139   3.364e-05  XOR2_X1
j1_addMult1_MULT_mult_18_U391  3.878e-05   3.487e-05   0.0001139   4.023e-05  OAI22_X1
j0_addMult3_MULT_mult_18_U299  3.173e-05   6.504e-05   0.0001139    1.71e-05  INV_X1
j0_addMult8_MULT_mult_18_U300  3.272e-05   6.412e-05   0.0001138   1.698e-05  INV_X1
j2_addMult3_MULT_mult_18_U329  6.585e-05   1.605e-05   0.0001138   3.189e-05  XNOR2_X1
j0_addMult7_MULT_mult_18_U299  3.254e-05   6.525e-05   0.0001138   1.596e-05  INV_X1
j0_addMult9_MULT_mult_18_U469  4.553e-05   3.154e-05   0.0001137   3.663e-05  OAI222_X1
j1_addMult0_MULT_mult_18_U300  3.233e-05   6.432e-05   0.0001137   1.704e-05  INV_X1
j0_addMult0_MULT_mult_18_U393  3.872e-05   3.466e-05   0.0001136   4.023e-05  OAI22_X1
j1_addMult2_MULT_mult_18_U329  6.584e-05   1.582e-05   0.0001135   3.189e-05  XNOR2_X1
j0_addMult4_MULT_mult_18_U453  6.587e-05   1.564e-05   0.0001135     3.2e-05  XNOR2_X1
j0_addMult0_MULT_mult_18_U485  7.019e-05   2.993e-05   0.0001135   1.337e-05  NAND2_X1
j1_addMult6_MULT_mult_18_U379  3.898e-05   3.074e-05   0.0001134    4.37e-05  OAI22_X1
j2_addMult7_MULT_mult_18_U334  6.366e-05    1.61e-05   0.0001134   3.364e-05  XOR2_X1
j1_addMult2_MULT_mult_18_U298  3.159e-05    6.45e-05   0.0001134   1.728e-05  INV_X1
j0_addMult1_MULT_mult_18_U453  6.579e-05   1.566e-05   0.0001133   3.189e-05  XNOR2_X1
j1_addMult6_MULT_mult_18_U325  6.367e-05   1.601e-05   0.0001133   3.364e-05  XOR2_X1
j2_addMult8_MULT_mult_18_U379  3.852e-05   3.319e-05   0.0001133   4.161e-05  OAI22_X1
j2_mult0_mult_18_U379          3.785e-05   3.275e-05   0.0001133   4.271e-05  OAI22_X1
j0_addMult7_MULT_mult_18_U350  3.931e-05   3.885e-05   0.0001133   3.513e-05  OAI22_X1
j0_addMult5_MULT_mult_18_U379  3.898e-05   3.061e-05   0.0001133    4.37e-05  OAI22_X1
j1_addMult4_MULT_mult_18_U389  4.206e-05   2.868e-05   0.0001133   4.251e-05  OAI22_X1
j1_addMult0_MULT_mult_18_U297  3.209e-05   6.411e-05   0.0001132   1.704e-05  INV_X1
j0_addMult2_MULT_mult_18_U322  3.163e-05   3.537e-05   0.0001132   4.623e-05  XOR2_X1
j1_addMult3_MULT_mult_18_U297  3.208e-05   6.546e-05   0.0001131    1.56e-05  INV_X1
j1_addMult4_MULT_mult_18_U381  3.896e-05   3.343e-05   0.0001131   4.075e-05  OAI22_X1
j0_addMult1_MULT_mult_18_U451  6.578e-05   1.547e-05   0.0001131   3.189e-05  XNOR2_X1
j0_addMult9_MULT_mult_18_U395   3.82e-05   3.433e-05   0.0001131   4.058e-05  OAI22_X1
j0_addMult6_MULT_mult_18_U379  3.892e-05   3.049e-05   0.0001131    4.37e-05  OAI22_X1
j2_addMult7_MULT_mult_18_U352   4.19e-05   3.733e-05    0.000113    3.38e-05  OAI22_X1
j1_addMult9_MULT_mult_18_U344  3.975e-05   3.759e-05    0.000113   3.564e-05  OAI22_X1
j1_addMult1_MULT_mult_18_U387  3.759e-05   3.276e-05    0.000113   4.263e-05  OAI22_X1
j1_addMult0_MULT_mult_18_U332  6.309e-05   1.671e-05    0.000113   3.318e-05  XOR2_X1
j2_addMult4_MULT_mult_18_U322  3.161e-05   3.513e-05    0.000113   4.623e-05  XOR2_X1
j0_addMult5_MULT_mult_18_U485  6.909e-05   2.807e-05   0.0001129   1.578e-05  NAND2_X1
j0_addMult1_MULT_mult_18_U344  3.998e-05   3.834e-05   0.0001129   3.462e-05  OAI22_X1
j2_addMult5_MULT_mult_18_U296  3.102e-05   6.767e-05   0.0001129   1.422e-05  INV_X1
j0_addMult2_MULT_mult_18_U298  2.933e-05   6.645e-05   0.0001129    1.71e-05  INV_X1
j1_addMult6_MULT_mult_18_U332  6.366e-05   1.556e-05   0.0001129   3.364e-05  XOR2_X1
j2_addMult7_MULT_mult_18_U486  4.035e-05   3.414e-05   0.0001129   3.837e-05  OAI22_X1
j0_addMult3_MULT_mult_18_U298  3.009e-05   6.782e-05   0.0001128   1.493e-05  INV_X1
j1_addMult7_MULT_mult_18_U387   3.78e-05    3.16e-05   0.0001128   4.342e-05  OAI22_X1
j2_addMult5_MULT_mult_18_U385  3.901e-05   3.305e-05   0.0001128   4.075e-05  OAI22_X1
j2_addMult6_MULT_mult_18_U395  3.826e-05   2.914e-05   0.0001127   4.529e-05  OAI22_X1
j2_addMult5_MULT_mult_18_U395   4.25e-05   2.841e-05   0.0001127   4.176e-05  OAI22_X1
j1_addMult7_MULT_mult_18_U381  3.867e-05   3.234e-05   0.0001126   4.161e-05  OAI22_X1
j2_addMult8_MULT_mult_18_U387  3.853e-05   3.247e-05   0.0001126   4.161e-05  OAI22_X1
j1_addMult6_MULT_mult_18_U326  5.671e-05   2.842e-05   0.0001126   2.748e-05  XNOR2_X1
j1_addMult8_MULT_mult_18_U297   3.27e-05   6.253e-05   0.0001126   1.734e-05  INV_X1
j1_addMult7_MULT_mult_18_U379  3.781e-05   3.126e-05   0.0001125   4.342e-05  OAI22_X1
FE_OFC1_RSTn                   7.998e-06   6.547e-05   0.0001125   3.898e-05  BUF_X2
j0_addMult0_MULT_mult_18_U387  3.874e-05   3.344e-05   0.0001124   4.023e-05  OAI22_X1
j0_addMult5_MULT_mult_18_U325  6.364e-05   1.511e-05   0.0001124   3.364e-05  XOR2_X1
j1_addMult6_MULT_mult_18_U322  3.226e-05   3.452e-05   0.0001124    4.56e-05  XOR2_X1
j1_addMult3_MULT_mult_18_U479  3.163e-05   3.852e-05   0.0001123   4.216e-05  OAI21_X1
j2_addMult8_MULT_mult_18_U391  3.854e-05   3.216e-05   0.0001123   4.161e-05  OAI22_X1
j0_addMult9_MULT_mult_18_U379   3.82e-05   3.343e-05   0.0001122   4.058e-05  OAI22_X1
j1_mult0_mult_18_U455          6.439e-05   1.581e-05   0.0001122     3.2e-05  XNOR2_X1
j2_addMult3_MULT_mult_18_U299  3.157e-05   6.327e-05   0.0001121   1.728e-05  INV_X1
j0_addMult0_MULT_mult_18_U297  3.207e-05   6.298e-05   0.0001121   1.704e-05  INV_X1
j2_addMult4_MULT_mult_18_U299  3.204e-05   6.307e-05   0.0001121   1.698e-05  INV_X1
j0_addMult5_MULT_mult_18_U332  6.364e-05    1.48e-05   0.0001121   3.364e-05  XOR2_X1
j1_addMult1_MULT_mult_18_U322  2.969e-05    3.48e-05   0.0001121   4.759e-05  XOR2_X1
j2_addMult0_MULT_mult_18_U451  6.257e-05   1.747e-05    0.000112     3.2e-05  XNOR2_X1
j1_addMult1_MULT_mult_18_U295  3.004e-05   6.767e-05    0.000112   1.433e-05  INV_X1
j1_addMult1_MULT_mult_18_U379   3.76e-05   3.179e-05    0.000112   4.263e-05  OAI22_X1
j1_mult0_mult_18_U451          6.437e-05   1.564e-05    0.000112     3.2e-05  XNOR2_X1
j1_addMult8_MULT_mult_18_U485  6.825e-05   3.177e-05   0.0001119   1.189e-05  NAND2_X1
j1_addMult6_MULT_mult_18_U338  6.363e-05   1.463e-05   0.0001119   3.364e-05  XOR2_X1
j0_addMult6_MULT_mult_18_U485   6.74e-05   2.849e-05   0.0001118   1.595e-05  NAND2_X1
j0_addMult8_MULT_mult_18_U332  6.337e-05   1.471e-05   0.0001118   3.376e-05  XOR2_X1
j1_addMult3_MULT_mult_18_U485  6.881e-05   2.901e-05   0.0001118   1.401e-05  NAND2_X1
j2_mult0_mult_18_U395          3.786e-05   3.126e-05   0.0001118   4.271e-05  OAI22_X1
j2_addMult0_MULT_mult_18_U453  6.436e-05   1.546e-05   0.0001118     3.2e-05  XNOR2_X1
j1_mult0_mult_18_U449          6.436e-05   1.546e-05   0.0001118     3.2e-05  XNOR2_X1
j1_mult0_mult_18_U453          6.436e-05   1.546e-05   0.0001118     3.2e-05  XNOR2_X1
j2_addMult4_MULT_mult_18_U301  2.902e-05   6.569e-05   0.0001118    1.71e-05  INV_X1
j0_mult0_mult_18_U479          3.378e-05   3.714e-05   0.0001118   4.088e-05  OAI21_X1
j0_addMult1_MULT_mult_18_U346  3.998e-05   3.715e-05   0.0001118   3.462e-05  OAI22_X1
j0_addMult8_MULT_mult_18_U344  3.981e-05    3.63e-05   0.0001118   3.564e-05  OAI22_X1
j0_addMult6_MULT_mult_18_U395  3.807e-05   2.807e-05   0.0001117   4.556e-05  OAI22_X1
j0_addMult3_MULT_mult_18_U340  3.858e-05   3.888e-05   0.0001117   3.423e-05  OAI22_X1
j2_addMult8_MULT_mult_18_U393  3.855e-05   3.146e-05   0.0001116   4.161e-05  OAI22_X1
j1_addMult9_MULT_mult_18_U451  6.204e-05   1.767e-05   0.0001116   3.191e-05  XNOR2_X1
j2_addMult0_MULT_mult_18_U455  6.255e-05   1.706e-05   0.0001116     3.2e-05  XNOR2_X1
j1_addMult4_MULT_mult_18_U393  3.898e-05   3.186e-05   0.0001116   4.075e-05  OAI22_X1
j0_addMult8_MULT_mult_18_U485  7.028e-05    2.85e-05   0.0001116   1.279e-05  NAND2_X1
j1_addMult1_MULT_mult_18_U299  2.996e-05   6.634e-05   0.0001115   1.523e-05  INV_X1
j0_addMult0_MULT_mult_18_U326   5.67e-05   2.783e-05   0.0001115   2.701e-05  XNOR2_X1
j1_addMult6_MULT_mult_18_U485  6.772e-05   2.797e-05   0.0001115   1.578e-05  NAND2_X1
j2_addMult5_MULT_mult_18_U389  4.214e-05   2.674e-05   0.0001114   4.251e-05  OAI22_X1
j1_addMult7_MULT_mult_18_U474  4.851e-05   3.266e-05   0.0001114    3.02e-05  AOI222_X1
j0_addMult8_MULT_mult_18_U346  3.981e-05    3.59e-05   0.0001114   3.564e-05  OAI22_X1
j2_addMult5_MULT_mult_18_U393  3.866e-05   3.118e-05   0.0001113   4.149e-05  OAI22_X1
j1_addMult3_MULT_mult_18_U322   3.16e-05   3.345e-05   0.0001113   4.623e-05  XOR2_X1
j1_addMult7_MULT_mult_18_U393   3.87e-05   3.095e-05   0.0001113   4.161e-05  OAI22_X1
j1_addMult8_MULT_mult_18_U332  6.147e-05   1.653e-05   0.0001112   3.318e-05  XOR2_X1
j1_addMult1_MULT_mult_18_U344  3.823e-05   3.734e-05    0.000111   3.547e-05  OAI22_X1
j2_addMult4_MULT_mult_18_U395  3.989e-05    2.76e-05    0.000111   4.352e-05  OAI22_X1
j1_addMult1_MULT_mult_18_U381  3.881e-05   3.193e-05    0.000111   4.023e-05  OAI22_X1
j0_addMult8_MULT_mult_18_U342  3.981e-05    3.55e-05    0.000111   3.564e-05  OAI22_X1
j2_addMult2_MULT_mult_18_U318  3.244e-05   6.529e-05    0.000111   1.322e-05  INV_X1
j2_addMult4_MULT_mult_18_U389  3.821e-05   2.555e-05   0.0001109   4.713e-05  OAI22_X1
j0_addMult9_MULT_mult_18_U326  5.663e-05     2.7e-05   0.0001109   2.725e-05  XNOR2_X1
j2_addMult4_MULT_mult_18_U325   6.26e-05   1.517e-05   0.0001108   3.306e-05  XOR2_X1
j2_mult0_mult_18_U469           4.47e-05   3.032e-05   0.0001108   3.582e-05  OAI222_X1
j2_addMult1_MULT_mult_18_U299  3.152e-05   6.372e-05   0.0001108   1.554e-05  INV_X1
j2_addMult5_MULT_mult_18_U340  3.849e-05   3.804e-05   0.0001108   3.423e-05  OAI22_X1
j2_addMult8_MULT_mult_18_U350  3.845e-05   3.782e-05   0.0001108   3.449e-05  OAI22_X1
j0_addMult7_MULT_mult_18_U346  3.932e-05   3.631e-05   0.0001108   3.513e-05  OAI22_X1
j1_addMult3_MULT_mult_18_U336   6.26e-05   1.505e-05   0.0001107   3.306e-05  XOR2_X1
j1_addMult3_MULT_mult_18_U395  3.972e-05   2.746e-05   0.0001107   4.352e-05  OAI22_X1
j0_addMult2_MULT_mult_18_U325   6.26e-05   1.501e-05   0.0001107   3.306e-05  XOR2_X1
j2_addMult0_MULT_mult_18_U346  3.918e-05   3.709e-05   0.0001107   3.439e-05  OAI22_X1
j2_addMult0_MULT_mult_18_U344  3.919e-05   3.709e-05   0.0001107   3.439e-05  OAI22_X1
j1_addMult4_MULT_mult_18_U379  3.899e-05   3.087e-05   0.0001106   4.075e-05  OAI22_X1
j1_addMult1_MULT_mult_18_U393  3.881e-05   3.152e-05   0.0001106   4.023e-05  OAI22_X1
j1_addMult3_MULT_mult_18_U325   6.26e-05   1.487e-05   0.0001105   3.306e-05  XOR2_X1
j2_addMult1_MULT_mult_18_U334  6.303e-05   1.421e-05   0.0001104   3.318e-05  XOR2_X1
j2_addMult1_MULT_mult_18_U318  3.188e-05   6.481e-05   0.0001104   1.371e-05  INV_X1
j1_addMult9_MULT_mult_18_U342  3.976e-05   3.494e-05   0.0001103   3.564e-05  OAI22_X1
j1_addMult1_MULT_mult_18_U350  3.824e-05   3.662e-05   0.0001103   3.547e-05  OAI22_X1
j1_addMult3_MULT_mult_18_U332  6.259e-05   1.466e-05   0.0001103   3.306e-05  XOR2_X1
j1_addMult9_MULT_mult_18_U346  3.977e-05   3.484e-05   0.0001103   3.564e-05  OAI22_X1
j1_addMult5_MULT_mult_18_U297  3.034e-05   6.497e-05   0.0001103   1.493e-05  INV_X1
j2_addMult8_MULT_mult_18_U474  4.967e-05   3.415e-05   0.0001102   2.643e-05  AOI222_X1
j0_addMult0_MULT_mult_18_U344   3.83e-05   3.646e-05   0.0001102   3.547e-05  OAI22_X1
j1_addMult8_MULT_mult_18_U344  3.933e-05   3.573e-05   0.0001102   3.513e-05  OAI22_X1
j2_addMult7_MULT_mult_18_U346  4.218e-05   3.415e-05   0.0001101    3.38e-05  OAI22_X1
j1_addMult7_MULT_mult_18_U322   3.06e-05   3.293e-05   0.0001101   4.659e-05  XOR2_X1
j1_addMult3_MULT_mult_18_U389  3.805e-05   2.492e-05   0.0001101   4.713e-05  OAI22_X1
j0_addMult6_MULT_mult_18_U451  4.578e-05    2.31e-05   0.0001101   4.118e-05  XNOR2_X1
j2_addMult4_MULT_mult_18_U336  6.259e-05   1.437e-05     0.00011   3.306e-05  XOR2_X1
j0_addMult0_MULT_mult_18_U379  3.877e-05   3.094e-05   0.0001099   4.023e-05  OAI22_X1
j0_addMult5_MULT_mult_18_U395  3.902e-05   2.722e-05   0.0001099    4.37e-05  OAI22_X1
j0_addMult7_MULT_mult_18_U295  2.894e-05   6.587e-05   0.0001099   1.506e-05  INV_X1
j1_addMult1_MULT_mult_18_U457  3.747e-05   3.313e-05   0.0001099   3.925e-05  OAI21_X1
j2_addMult8_MULT_mult_18_U326  5.657e-05   2.602e-05   0.0001098   2.725e-05  XNOR2_X1
j0_addMult7_MULT_mult_18_U334  6.145e-05   1.518e-05   0.0001098   3.318e-05  XOR2_X1
j0_addMult2_MULT_mult_18_U334  6.258e-05   1.416e-05   0.0001098   3.306e-05  XOR2_X1
j0_addMult2_MULT_mult_18_U338  6.258e-05   1.416e-05   0.0001098   3.306e-05  XOR2_X1
j2_mult0_mult_18_U326          5.662e-05    2.65e-05   0.0001098   2.666e-05  XNOR2_X1
j2_addMult0_MULT_mult_18_U295  2.892e-05   6.408e-05   0.0001097   1.674e-05  INV_X1
j1_addMult9_MULT_mult_18_U486  3.848e-05   3.034e-05   0.0001097   4.092e-05  OAI22_X1
j0_addMult2_MULT_mult_18_U326  5.659e-05   2.585e-05   0.0001097   2.725e-05  XNOR2_X1
j2_addMult1_MULT_mult_18_U451   6.04e-05   1.679e-05   0.0001097   3.249e-05  XNOR2_X1
j0_addMult7_MULT_mult_18_U486  3.789e-05   3.145e-05   0.0001097   4.034e-05  OAI22_X1
j1_addMult7_MULT_mult_18_U295  3.004e-05     6.5e-05   0.0001096   1.457e-05  INV_X1
j0_addMult6_MULT_mult_18_U389   3.77e-05   2.849e-05   0.0001096   4.342e-05  OAI22_X1
j2_addMult8_MULT_mult_18_U352  3.852e-05   3.656e-05   0.0001096   3.449e-05  OAI22_X1
j0_addMult0_MULT_mult_18_U391  3.878e-05   3.049e-05   0.0001095   4.023e-05  OAI22_X1
j1_addMult0_MULT_mult_18_U479  3.363e-05   3.499e-05   0.0001095   4.088e-05  OAI21_X1
j0_addMult2_MULT_mult_18_U332  6.258e-05   1.383e-05   0.0001095   3.306e-05  XOR2_X1
j2_addMult8_MULT_mult_18_U344  3.846e-05   3.647e-05   0.0001094   3.449e-05  OAI22_X1
j1_addMult1_MULT_mult_18_U486  3.708e-05   3.208e-05   0.0001094   4.024e-05  OAI22_X1
j1_addMult3_MULT_mult_18_U326  5.657e-05   2.559e-05   0.0001094   2.725e-05  XNOR2_X1
j1_addMult1_MULT_mult_18_U346  3.824e-05   3.568e-05   0.0001094   3.547e-05  OAI22_X1
j2_addMult9_MULT_mult_18_U486  3.788e-05   3.115e-05   0.0001094   4.034e-05  OAI22_X1
j0_addMult1_MULT_mult_18_U295  3.003e-05    6.51e-05   0.0001093   1.421e-05  INV_X1
j0_addMult2_MULT_mult_18_U485  6.752e-05   2.775e-05   0.0001093   1.401e-05  NAND2_X1
j0_addMult8_MULT_mult_18_U352  3.983e-05    3.38e-05   0.0001093   3.564e-05  OAI22_X1
j0_addMult2_MULT_mult_18_U329  5.986e-05   1.678e-05   0.0001092   3.261e-05  XNOR2_X1
j2_addMult3_MULT_mult_18_U340  3.995e-05   3.468e-05   0.0001092   3.462e-05  OAI22_X1
j2_addMult9_MULT_mult_18_U344  3.933e-05   3.477e-05   0.0001092   3.513e-05  OAI22_X1
j2_addMult8_MULT_mult_18_U485   6.76e-05   2.844e-05   0.0001092   1.318e-05  NAND2_X1
j1_addMult9_MULT_mult_18_U352  3.978e-05   3.375e-05   0.0001092   3.564e-05  OAI22_X1
j2_addMult7_MULT_mult_18_U335  2.439e-05    6.65e-05   0.0001091   1.823e-05  NAND2_X1
j2_addMult3_MULT_mult_18_U300  3.144e-05   6.095e-05   0.0001089   1.655e-05  INV_X1
j0_addMult5_MULT_mult_18_U326  5.652e-05   2.489e-05   0.0001089   2.748e-05  XNOR2_X1
j1_addMult8_MULT_mult_18_U342  3.933e-05   3.441e-05   0.0001089   3.513e-05  OAI22_X1
j2_addMult1_MULT_mult_18_U331  2.435e-05   6.609e-05   0.0001089   1.842e-05  NAND2_X1
j0_addMult4_MULT_mult_18_U395  3.926e-05   2.626e-05   0.0001088   4.327e-05  OAI22_X1
j1_addMult9_MULT_mult_18_U340  3.977e-05   3.336e-05   0.0001088   3.564e-05  OAI22_X1
j2_addMult8_MULT_mult_18_U346  3.846e-05   3.583e-05   0.0001088   3.449e-05  OAI22_X1
j1_addMult0_MULT_mult_18_U485  6.846e-05   2.857e-05   0.0001087   1.172e-05  NAND2_X1
j1_addMult3_MULT_mult_18_U296   2.88e-05   6.506e-05   0.0001087   1.488e-05  INV_X1
j2_addMult6_MULT_mult_18_U298  3.059e-05   6.167e-05   0.0001087   1.643e-05  INV_X1
j0_addMult8_MULT_mult_18_U295  2.893e-05   6.221e-05   0.0001087   1.752e-05  INV_X1
j2_addMult3_MULT_mult_18_U297  3.097e-05   6.244e-05   0.0001087   1.523e-05  INV_X1
j2_addMult8_MULT_mult_18_U449  4.588e-05   2.157e-05   0.0001086   4.118e-05  XNOR2_X1
j1_addMult7_MULT_mult_18_U297  2.919e-05   6.214e-05   0.0001086   1.728e-05  INV_X1
j2_addMult7_MULT_mult_18_U451  6.102e-05   1.557e-05   0.0001086   3.202e-05  XNOR2_X1
j1_addMult9_MULT_mult_18_U453   6.18e-05   1.489e-05   0.0001086   3.191e-05  XNOR2_X1
j0_addMult5_MULT_mult_18_U389  3.818e-05   2.487e-05   0.0001086   4.553e-05  OAI22_X1
j1_addMult7_MULT_mult_18_U344  3.849e-05   3.555e-05   0.0001085   3.449e-05  OAI22_X1
j1_addMult1_MULT_mult_18_U395  3.885e-05    2.94e-05   0.0001085   4.023e-05  OAI22_X1
j2_mult0_mult_18_U344          3.718e-05   3.622e-05   0.0001084   3.504e-05  OAI22_X1
j0_addMult5_MULT_mult_18_U449  6.102e-05   1.538e-05   0.0001084   3.202e-05  XNOR2_X1
j1_addMult8_MULT_mult_18_U350  3.933e-05   3.393e-05   0.0001084   3.513e-05  OAI22_X1
j1_addMult8_MULT_mult_18_U346  3.933e-05   3.392e-05   0.0001084   3.513e-05  OAI22_X1
j2_addMult9_MULT_mult_18_U340  3.933e-05   3.392e-05   0.0001084   3.513e-05  OAI22_X1
j1_addMult5_MULT_mult_18_U389  3.833e-05   2.475e-05   0.0001084   4.529e-05  OAI22_X1
j2_addMult4_MULT_mult_18_U479  3.191e-05   3.429e-05   0.0001084   4.216e-05  OAI21_X1
j1_addMult8_MULT_mult_18_U295  2.896e-05   6.205e-05   0.0001084   1.734e-05  INV_X1
j1_addMult5_MULT_mult_18_U340  3.886e-05    3.53e-05   0.0001083   3.416e-05  OAI22_X1
j0_addMult6_MULT_mult_18_U298  3.101e-05   6.058e-05   0.0001083   1.673e-05  INV_X1
j0_addMult5_MULT_mult_18_U300   3.08e-05   6.078e-05   0.0001083   1.673e-05  INV_X1
j1_addMult6_MULT_mult_18_U329  6.101e-05   1.523e-05   0.0001083   3.202e-05  XNOR2_X1
j1_mult0_mult_18_U344          3.933e-05   3.453e-05   0.0001082   3.439e-05  OAI22_X1
j2_addMult3_MULT_mult_18_U296  2.879e-05   6.515e-05   0.0001082   1.428e-05  INV_X1
j0_addMult9_MULT_mult_18_U389  3.822e-05   2.938e-05   0.0001082   4.058e-05  OAI22_X1
j2_addMult1_MULT_mult_18_U455  6.032e-05   1.535e-05   0.0001082   3.249e-05  XNOR2_X1
j0_mult0_mult_18_U453          6.029e-05   1.533e-05   0.0001081   3.249e-05  XNOR2_X1
j2_addMult0_MULT_mult_18_U350  3.901e-05   3.469e-05   0.0001081   3.439e-05  OAI22_X1
j1_addMult9_MULT_mult_18_U455  6.177e-05   1.442e-05   0.0001081   3.191e-05  XNOR2_X1
j1_addMult0_MULT_mult_18_U451  6.031e-05   1.524e-05    0.000108   3.249e-05  XNOR2_X1
j0_mult0_mult_18_U455          6.029e-05   1.523e-05    0.000108   3.249e-05  XNOR2_X1
j0_addMult1_MULT_mult_18_U486  3.802e-05   2.987e-05    0.000108   4.013e-05  OAI22_X1
j1_mult0_mult_18_U486          3.746e-05   3.176e-05    0.000108   3.876e-05  OAI22_X1
j1_addMult9_MULT_mult_18_U299  2.953e-05   6.223e-05    0.000108    1.62e-05  INV_X1
j1_addMult9_MULT_mult_18_U449  6.175e-05   1.428e-05   0.0001079   3.191e-05  XNOR2_X1
j0_addMult3_MULT_mult_18_U297  3.142e-05   6.157e-05   0.0001079   1.493e-05  INV_X1
j1_mult0_mult_18_U340          3.935e-05   3.407e-05   0.0001078   3.439e-05  OAI22_X1
j1_addMult0_MULT_mult_18_U455  6.029e-05   1.499e-05   0.0001078   3.249e-05  XNOR2_X1
j2_addMult3_MULT_mult_18_U298  3.029e-05   6.223e-05   0.0001078   1.523e-05  INV_X1
j0_addMult4_MULT_mult_18_U300  3.066e-05   6.107e-05   0.0001077   1.601e-05  INV_X1
j0_addMult5_MULT_mult_18_U329  6.098e-05   1.472e-05   0.0001077   3.202e-05  XNOR2_X1
j0_addMult4_MULT_mult_18_U486  3.701e-05   3.193e-05   0.0001077   3.872e-05  OAI22_X1
j0_addMult4_MULT_mult_18_U301  3.124e-05   5.999e-05   0.0001077   1.643e-05  INV_X1
j1_addMult4_MULT_mult_18_U318  3.302e-05   6.152e-05   0.0001076    1.31e-05  INV_X1
j2_addMult1_MULT_mult_18_U453  6.029e-05   1.485e-05   0.0001076   3.249e-05  XNOR2_X1
j2_addMult9_MULT_mult_18_U346  3.933e-05   3.315e-05   0.0001076   3.513e-05  OAI22_X1
j2_addMult7_MULT_mult_18_U453  6.093e-05   1.466e-05   0.0001076   3.202e-05  XNOR2_X1
j1_addMult7_MULT_mult_18_U476  5.491e-05   1.782e-05   0.0001076   3.488e-05  AOI222_X1
j1_addMult0_MULT_mult_18_U453  6.028e-05   1.481e-05   0.0001076   3.249e-05  XNOR2_X1
j0_addMult9_MULT_mult_18_U342  3.717e-05   3.483e-05   0.0001075   3.555e-05  OAI22_X1
j1_addMult8_MULT_mult_18_U453  5.848e-05   1.655e-05   0.0001075   3.249e-05  XNOR2_X1
j2_mult0_mult_18_U352          3.722e-05   3.524e-05   0.0001075   3.504e-05  OAI22_X1
j0_addMult9_MULT_mult_18_U486  3.623e-05    3.09e-05   0.0001074   4.031e-05  OAI22_X1
j2_addMult9_MULT_mult_18_U478  5.753e-05   2.166e-05   0.0001074   2.824e-05  AOI222_X1
j0_mult0_mult_18_U451          5.609e-05   1.886e-05   0.0001074   3.249e-05  XNOR2_X1
j2_addMult6_MULT_mult_18_U301  3.068e-05   6.066e-05   0.0001074   1.601e-05  INV_X1
j1_addMult9_MULT_mult_18_U350  3.978e-05   3.193e-05   0.0001074   3.564e-05  OAI22_X1
j2_mult0_mult_18_U486          3.584e-05   3.216e-05   0.0001073   3.933e-05  OAI22_X1
j2_addMult8_MULT_mult_18_U329  4.593e-05   2.022e-05   0.0001073   4.118e-05  XNOR2_X1
j2_addMult7_MULT_mult_18_U348  4.194e-05   3.159e-05   0.0001073    3.38e-05  OAI22_X1
j1_addMult7_MULT_mult_18_U486  3.707e-05   3.095e-05   0.0001073   3.924e-05  OAI22_X1
j0_addMult0_MULT_mult_18_U346  3.831e-05   3.343e-05   0.0001072   3.547e-05  OAI22_X1
j1_addMult0_MULT_mult_18_U318  3.146e-05   6.199e-05   0.0001072   1.371e-05  INV_X1
j1_addMult5_MULT_mult_18_U298  3.029e-05   6.194e-05   0.0001072   1.493e-05  INV_X1
j1_addMult4_MULT_mult_18_U486  3.702e-05   3.097e-05   0.0001071   3.913e-05  OAI22_X1
j2_mult0_mult_18_U340          3.718e-05   3.489e-05   0.0001071   3.504e-05  OAI22_X1
j1_addMult5_MULT_mult_18_U299  3.102e-05   5.965e-05   0.0001071   1.643e-05  INV_X1
j2_addMult8_MULT_mult_18_U395  3.862e-05   2.685e-05   0.0001071   4.161e-05  OAI22_X1
j1_addMult3_MULT_mult_18_U329  5.975e-05    1.47e-05   0.0001071   3.261e-05  XNOR2_X1
j0_addMult1_MULT_mult_18_U350  4.001e-05   3.242e-05   0.0001071   3.462e-05  OAI22_X1
j0_addMult6_MULT_mult_18_U449  4.592e-05   1.993e-05    0.000107   4.118e-05  XNOR2_X1
j1_addMult3_MULT_mult_18_U449  5.974e-05   1.445e-05   0.0001068   3.261e-05  XNOR2_X1
j2_addMult8_MULT_mult_18_U300  2.982e-05   5.964e-05   0.0001067   1.728e-05  INV_X1
j2_addMult8_MULT_mult_18_U389  3.862e-05   2.651e-05   0.0001067   4.161e-05  OAI22_X1
j2_addMult7_MULT_mult_18_U295  2.895e-05   6.308e-05   0.0001067    1.47e-05  INV_X1
j1_addMult7_MULT_mult_18_U299  3.071e-05   6.058e-05   0.0001067   1.541e-05  INV_X1
j0_addMult9_MULT_mult_18_U340  3.717e-05   3.399e-05   0.0001067   3.555e-05  OAI22_X1
j0_addMult1_MULT_mult_18_U337  2.406e-05    6.03e-05   0.0001067   2.233e-05  NAND2_X1
j1_addMult4_MULT_mult_18_U455  4.476e-05   2.046e-05   0.0001067   4.147e-05  XNOR2_X1
j0_addMult4_MULT_mult_18_U299  3.138e-05   5.794e-05   0.0001067   1.734e-05  INV_X1
j0_addMult5_MULT_mult_18_U297  3.146e-05   6.024e-05   0.0001066   1.493e-05  INV_X1
j2_addMult4_MULT_mult_18_U453  5.973e-05   1.428e-05   0.0001066   3.261e-05  XNOR2_X1
j1_mult0_mult_18_U339          3.935e-05   3.286e-05   0.0001066   3.439e-05  OAI22_X1
j1_addMult9_MULT_mult_18_U339  3.979e-05   3.116e-05   0.0001066   3.564e-05  OAI22_X1
j0_addMult9_MULT_mult_18_U339  3.716e-05   3.388e-05   0.0001066   3.555e-05  OAI22_X1
j2_addMult5_MULT_mult_18_U300  3.111e-05   5.904e-05   0.0001066   1.643e-05  INV_X1
j1_addMult5_MULT_mult_18_U296  2.878e-05   6.334e-05   0.0001066   1.446e-05  INV_X1
j2_addMult5_MULT_mult_18_U298  3.066e-05   6.095e-05   0.0001065   1.493e-05  INV_X1
j0_addMult0_MULT_mult_18_U389  3.881e-05   2.749e-05   0.0001065   4.023e-05  OAI22_X1
j2_addMult9_MULT_mult_18_U451   5.87e-05   1.534e-05   0.0001065   3.249e-05  XNOR2_X1
j0_addMult5_MULT_mult_18_U298  3.118e-05   6.039e-05   0.0001065   1.493e-05  INV_X1
j1_mult0_mult_18_U346          3.936e-05   3.275e-05   0.0001065   3.439e-05  OAI22_X1
j2_mult0_mult_18_U389          3.789e-05   2.589e-05   0.0001065   4.271e-05  OAI22_X1
j2_addMult5_MULT_mult_18_U453  4.477e-05   2.021e-05   0.0001065   4.147e-05  XNOR2_X1
j0_addMult7_MULT_mult_18_U451  5.844e-05   1.549e-05   0.0001064   3.249e-05  XNOR2_X1
j1_addMult7_MULT_mult_18_U389  3.878e-05   2.601e-05   0.0001064   4.161e-05  OAI22_X1
j1_addMult5_MULT_mult_18_U300  2.989e-05   5.941e-05   0.0001064    1.71e-05  INV_X1
j2_addMult9_MULT_mult_18_U350  3.935e-05   3.188e-05   0.0001064   3.513e-05  OAI22_X1
j2_addMult8_MULT_mult_18_U477  5.523e-05   1.616e-05   0.0001063   3.488e-05  AOI222_X1
j0_addMult0_MULT_mult_18_U395  3.882e-05   2.721e-05   0.0001063   4.023e-05  OAI22_X1
j1_addMult1_MULT_mult_18_U352  3.805e-05   3.271e-05   0.0001062   3.547e-05  OAI22_X1
j2_addMult9_MULT_mult_18_U339  3.933e-05   3.175e-05   0.0001062   3.513e-05  OAI22_X1
j2_addMult8_MULT_mult_18_U331  2.165e-05   6.568e-05   0.0001062   1.888e-05  NAND2_X1
j0_addMult0_MULT_mult_18_U350  3.833e-05    3.24e-05   0.0001062   3.547e-05  OAI22_X1
j2_addMult1_MULT_mult_18_U295  2.892e-05   6.262e-05   0.0001062   1.464e-05  INV_X1
j2_addMult5_MULT_mult_18_U451  4.479e-05   1.992e-05   0.0001062   4.147e-05  XNOR2_X1
j0_addMult3_MULT_mult_18_U300  3.109e-05   5.865e-05   0.0001062   1.643e-05  INV_X1
j0_addMult7_MULT_mult_18_U453  5.842e-05   1.512e-05    0.000106   3.249e-05  XNOR2_X1
j0_addMult0_MULT_mult_18_U342  3.832e-05   3.221e-05    0.000106   3.547e-05  OAI22_X1
j1_addMult3_MULT_mult_18_U299  2.937e-05    5.95e-05    0.000106    1.71e-05  INV_X1
j1_addMult8_MULT_mult_18_U451  5.842e-05   1.506e-05    0.000106   3.249e-05  XNOR2_X1
j2_addMult5_MULT_mult_18_U297  3.076e-05   6.025e-05   0.0001059   1.493e-05  INV_X1
j0_addMult2_MULT_mult_18_U301  2.898e-05   6.077e-05   0.0001059   1.614e-05  INV_X1
j2_addMult0_MULT_mult_18_U342  3.923e-05   3.228e-05   0.0001059   3.439e-05  OAI22_X1
j0_addMult8_MULT_mult_18_U348  3.985e-05    3.04e-05   0.0001059   3.564e-05  OAI22_X1
j2_addMult3_MULT_mult_18_U337  2.392e-05   5.954e-05   0.0001058   2.233e-05  NAND2_X1
j2_addMult9_MULT_mult_18_U455  5.867e-05   1.463e-05   0.0001058   3.249e-05  XNOR2_X1
j1_mult0_mult_18_U350          3.935e-05   3.203e-05   0.0001058   3.439e-05  OAI22_X1
j0_addMult9_MULT_mult_18_U344  3.716e-05   3.303e-05   0.0001057   3.555e-05  OAI22_X1
j1_addMult4_MULT_mult_18_U449  4.481e-05   1.944e-05   0.0001057   4.147e-05  XNOR2_X1
j1_mult0_mult_18_U478          5.694e-05     1.6e-05   0.0001057   3.277e-05  AOI222_X1
j1_addMult1_MULT_mult_18_U476  5.522e-05   1.742e-05   0.0001057   3.305e-05  AOI222_X1
j1_addMult7_MULT_mult_18_U395  3.879e-05   2.526e-05   0.0001057   4.161e-05  OAI22_X1
j2_addMult9_MULT_mult_18_U449  5.866e-05   1.446e-05   0.0001056   3.249e-05  XNOR2_X1
j0_addMult7_MULT_mult_18_U455  5.841e-05   1.466e-05   0.0001056   3.249e-05  XNOR2_X1
j2_addMult8_MULT_mult_18_U348  3.848e-05   3.259e-05   0.0001056   3.449e-05  OAI22_X1
j0_addMult5_MULT_mult_18_U299  2.928e-05   5.942e-05   0.0001055    1.68e-05  INV_X1
j2_addMult2_MULT_mult_18_U389  3.769e-05   2.514e-05   0.0001055   4.263e-05  OAI22_X1
j2_addMult9_MULT_mult_18_U453  5.866e-05   1.428e-05   0.0001054   3.249e-05  XNOR2_X1
j2_mult0_mult_18_U478          5.751e-05   1.724e-05   0.0001054   3.065e-05  AOI222_X1
j0_addMult0_MULT_mult_18_U329  4.184e-05   2.208e-05   0.0001054   4.147e-05  XNOR2_X1
j0_addMult7_MULT_mult_18_U457  3.227e-05   3.331e-05   0.0001054   3.979e-05  OAI21_X1
j1_mult0_mult_18_U331          2.391e-05   5.944e-05   0.0001054     2.2e-05  NAND2_X1
j0_addMult5_MULT_mult_18_U296  2.769e-05   6.344e-05   0.0001053   1.421e-05  INV_X1
j0_addMult7_MULT_mult_18_U337  2.421e-05   6.287e-05   0.0001053   1.821e-05  NAND2_X1
j0_addMult4_MULT_mult_18_U333  2.412e-05   6.016e-05   0.0001053   2.101e-05  NAND2_X1
j1_addMult7_MULT_mult_18_U449  4.602e-05   1.808e-05   0.0001053   4.118e-05  XNOR2_X1
j0_addMult6_MULT_mult_18_U453  4.598e-05   1.807e-05   0.0001052   4.118e-05  XNOR2_X1
j2_addMult9_MULT_mult_18_U342  3.934e-05   3.073e-05   0.0001052   3.513e-05  OAI22_X1
j1_addMult8_MULT_mult_18_U455  5.839e-05   1.428e-05   0.0001052   3.249e-05  XNOR2_X1
j2_addMult4_MULT_mult_18_U300  2.979e-05   5.918e-05   0.0001051   1.614e-05  INV_X1
j2_addMult5_MULT_mult_18_U455  4.484e-05   1.878e-05   0.0001051   4.147e-05  XNOR2_X1
j1_mult0_mult_18_U342          3.937e-05   3.132e-05   0.0001051   3.439e-05  OAI22_X1
j0_addMult3_MULT_mult_18_U453  4.483e-05   1.875e-05   0.0001051   4.147e-05  XNOR2_X1
j0_addMult3_MULT_mult_18_U451  4.483e-05   1.875e-05   0.0001051   4.147e-05  XNOR2_X1
j0_addMult6_MULT_mult_18_U318  3.272e-05   5.902e-05    0.000105   1.328e-05  INV_X1
j0_addMult9_MULT_mult_18_U478  5.721e-05   1.621e-05    0.000105   3.159e-05  AOI222_X1
j0_addMult9_MULT_mult_18_U350  3.716e-05    3.23e-05    0.000105   3.555e-05  OAI22_X1
j1_addMult4_MULT_mult_18_U451  4.484e-05   1.869e-05    0.000105   4.147e-05  XNOR2_X1
j2_mult0_mult_18_U329          4.187e-05   2.139e-05    0.000105    4.17e-05  XNOR2_X1
j1_addMult4_MULT_mult_18_U329  4.484e-05   1.864e-05    0.000105   4.147e-05  XNOR2_X1
j1_addMult7_MULT_mult_18_U346  3.853e-05    3.19e-05   0.0001049   3.449e-05  OAI22_X1
j1_addMult1_MULT_mult_18_U389  3.891e-05   2.563e-05   0.0001048   4.023e-05  OAI22_X1
j2_mult0_mult_18_U350          3.718e-05   3.254e-05   0.0001048   3.504e-05  OAI22_X1
j2_addMult0_MULT_mult_18_U352  3.899e-05   3.137e-05   0.0001048   3.439e-05  OAI22_X1
j1_addMult6_MULT_mult_18_U298  2.952e-05   5.838e-05   0.0001047    1.68e-05  INV_X1
j2_addMult9_MULT_mult_18_U352  3.935e-05   3.022e-05   0.0001047   3.513e-05  OAI22_X1
j0_addMult0_MULT_mult_18_U477  5.554e-05   1.611e-05   0.0001047   3.305e-05  AOI222_X1
j2_addMult8_MULT_mult_18_U297  2.965e-05   5.773e-05   0.0001047   1.728e-05  INV_X1
j1_addMult7_MULT_mult_18_U350  3.852e-05    3.16e-05   0.0001046   3.449e-05  OAI22_X1
j1_addMult7_MULT_mult_18_U298  2.954e-05   5.776e-05   0.0001046   1.728e-05  INV_X1
j0_addMult7_MULT_mult_18_U352  3.934e-05   3.008e-05   0.0001045   3.513e-05  OAI22_X1
j1_addMult7_MULT_mult_18_U329  4.605e-05    1.73e-05   0.0001045   4.118e-05  XNOR2_X1
j0_addMult9_MULT_mult_18_U346  3.717e-05    3.18e-05   0.0001045   3.555e-05  OAI22_X1
j1_mult0_mult_18_U335          2.392e-05   5.854e-05   0.0001045     2.2e-05  NAND2_X1
j0_mult0_mult_18_U331           2.42e-05   6.179e-05   0.0001044   1.842e-05  NAND2_X1
j0_addMult3_MULT_mult_18_U455  4.486e-05   1.805e-05   0.0001044   4.147e-05  XNOR2_X1
j0_addMult7_MULT_mult_18_U331  2.423e-05   6.189e-05   0.0001043   1.821e-05  NAND2_X1
j2_mult0_mult_18_U346          3.718e-05   3.201e-05   0.0001042   3.504e-05  OAI22_X1
j0_mult0_mult_18_U299          2.969e-05   5.824e-05   0.0001041    1.62e-05  INV_X1
j2_mult0_mult_18_U342          3.718e-05   3.189e-05   0.0001041   3.504e-05  OAI22_X1
j1_addMult9_MULT_mult_18_U329  3.785e-05   2.488e-05    0.000104   4.131e-05  XNOR2_X1
j2_addMult9_MULT_mult_18_U299  2.927e-05   5.836e-05   0.0001039   1.632e-05  INV_X1
j2_addMult1_MULT_mult_18_U335  2.443e-05   6.101e-05   0.0001039   1.842e-05  NAND2_X1
j2_addMult6_MULT_mult_18_U335  2.404e-05   5.878e-05   0.0001038   2.101e-05  NAND2_X1
j2_addMult8_MULT_mult_18_U342  3.849e-05   3.084e-05   0.0001038   3.449e-05  OAI22_X1
j0_addMult8_MULT_mult_18_U453  5.671e-05   1.519e-05   0.0001038   3.191e-05  XNOR2_X1
j2_addMult5_MULT_mult_18_U318  3.274e-05   5.795e-05   0.0001038    1.31e-05  INV_X1
j1_addMult5_MULT_mult_18_U333  2.402e-05   5.865e-05   0.0001037   2.101e-05  NAND2_X1
j0_addMult6_MULT_mult_18_U296  2.656e-05   6.049e-05   0.0001037   1.662e-05  INV_X1
j0_addMult8_MULT_mult_18_U451   5.67e-05   1.506e-05   0.0001037   3.191e-05  XNOR2_X1
j0_addMult4_MULT_mult_18_U348  3.896e-05   3.047e-05   0.0001036   3.416e-05  OAI22_X1
j0_mult0_mult_18_U449           5.59e-05    1.52e-05   0.0001036   3.249e-05  XNOR2_X1
j2_addMult9_MULT_mult_18_U337  2.436e-05   6.091e-05   0.0001035   1.821e-05  NAND2_X1
j0_addMult5_MULT_mult_18_U318  3.017e-05   6.048e-05   0.0001034    1.28e-05  INV_X1
j2_mult0_mult_18_U339          3.717e-05   3.118e-05   0.0001034   3.504e-05  OAI22_X1
j2_addMult7_MULT_mult_18_U323  4.878e-05   2.465e-05   0.0001034   2.995e-05  XOR2_X1
j1_mult0_mult_18_U337          2.393e-05   5.744e-05   0.0001034     2.2e-05  NAND2_X1
j0_addMult7_MULT_mult_18_U335  2.423e-05   6.077e-05   0.0001032   1.821e-05  NAND2_X1
j2_addMult9_MULT_mult_18_U331  2.436e-05   6.062e-05   0.0001032   1.821e-05  NAND2_X1
j0_addMult1_MULT_mult_18_U352  4.004e-05    2.85e-05   0.0001032   3.462e-05  OAI22_X1
j2_addMult3_MULT_mult_18_U335  2.189e-05   5.983e-05   0.0001031   2.142e-05  NAND2_X1
j1_addMult6_MULT_mult_18_U301  3.008e-05   5.702e-05   0.0001031   1.602e-05  INV_X1
j0_addMult8_MULT_mult_18_U455  5.668e-05   1.445e-05    0.000103   3.191e-05  XNOR2_X1
j2_addMult9_MULT_mult_18_U335  2.435e-05   6.044e-05    0.000103   1.821e-05  NAND2_X1
j0_addMult3_MULT_mult_18_U318  3.256e-05   5.734e-05    0.000103    1.31e-05  INV_X1
j2_addMult0_MULT_mult_18_U337  2.397e-05    5.68e-05   0.0001028     2.2e-05  NAND2_X1
j1_mult0_mult_18_U333          2.393e-05   5.682e-05   0.0001027     2.2e-05  NAND2_X1
j0_mult0_mult_18_U333          2.422e-05    6.01e-05   0.0001027   1.842e-05  NAND2_X1
j2_addMult0_MULT_mult_18_U333  2.397e-05   5.676e-05   0.0001027     2.2e-05  NAND2_X1
j2_addMult8_MULT_mult_18_U295   2.67e-05   5.891e-05   0.0001026   1.698e-05  INV_X1
j0_addMult1_MULT_mult_18_U457  3.544e-05   3.194e-05   0.0001026    3.52e-05  OAI21_X1
j0_addMult1_MULT_mult_18_U335  2.415e-05   5.609e-05   0.0001026   2.233e-05  NAND2_X1
j1_addMult8_MULT_mult_18_U479  2.731e-05   3.365e-05   0.0001025   4.149e-05  OAI21_X1
j2_addMult2_MULT_mult_18_U453  4.202e-05    1.89e-05   0.0001024   4.147e-05  XNOR2_X1
j1_addMult8_MULT_mult_18_U352  3.935e-05   2.785e-05   0.0001023   3.513e-05  OAI22_X1
j2_addMult2_MULT_mult_18_U449  4.202e-05   1.882e-05   0.0001023   4.147e-05  XNOR2_X1
j2_addMult7_MULT_mult_18_U457   3.23e-05    3.03e-05   0.0001023   3.969e-05  OAI21_X1
j2_addMult2_MULT_mult_18_U455  4.203e-05    1.87e-05   0.0001022   4.147e-05  XNOR2_X1
j0_mult0_mult_18_U318          3.122e-05   5.725e-05   0.0001022   1.371e-05  INV_X1
j2_addMult7_MULT_mult_18_U455  5.546e-05   1.466e-05   0.0001021   3.202e-05  XNOR2_X1
j2_addMult4_MULT_mult_18_U337  2.448e-05   5.928e-05    0.000102   1.826e-05  NAND2_X1
j0_addMult4_MULT_mult_18_U337  2.398e-05   5.698e-05    0.000102   2.101e-05  NAND2_X1
j1_addMult0_MULT_mult_18_U335  2.448e-05   5.904e-05   0.0001019   1.842e-05  NAND2_X1
j0_mult0_mult_18_U337          2.432e-05   5.915e-05   0.0001019   1.842e-05  NAND2_X1
j0_addMult8_MULT_mult_18_U399  3.233e-05   2.403e-05   0.0001019    4.55e-05  OAI22_X1
j2_addMult0_MULT_mult_18_U335  2.398e-05   5.586e-05   0.0001018     2.2e-05  NAND2_X1
j2_addMult0_MULT_mult_18_U348  3.926e-05   2.816e-05   0.0001018   3.439e-05  OAI22_X1
j2_addMult3_MULT_mult_18_U333  2.395e-05   5.549e-05   0.0001018   2.233e-05  NAND2_X1
j2_addMult2_MULT_mult_18_U451  4.205e-05   1.823e-05   0.0001018   4.147e-05  XNOR2_X1
j2_addMult7_MULT_mult_18_U337  2.435e-05   5.915e-05   0.0001017   1.823e-05  NAND2_X1
j0_addMult1_MULT_mult_18_U333  2.193e-05   5.834e-05   0.0001017   2.142e-05  NAND2_X1
j1_addMult8_MULT_mult_18_U333  2.445e-05   5.898e-05   0.0001016   1.821e-05  NAND2_X1
j0_addMult4_MULT_mult_18_U331  2.417e-05   5.642e-05   0.0001016   2.101e-05  NAND2_X1
j1_addMult6_MULT_mult_18_U335  2.444e-05   5.892e-05   0.0001016   1.823e-05  NAND2_X1
j2_addMult9_MULT_mult_18_U479  2.739e-05    3.26e-05   0.0001015   4.149e-05  OAI21_X1
j2_addMult7_MULT_mult_18_U478   6.42e-05   1.755e-05   0.0001014   1.965e-05  AOI222_X1
j0_addMult0_MULT_mult_18_U449  4.206e-05   1.786e-05   0.0001014   4.147e-05  XNOR2_X1
j0_addMult1_MULT_mult_18_U331  2.396e-05   5.509e-05   0.0001014   2.233e-05  NAND2_X1
j2_addMult2_MULT_mult_18_U296  2.661e-05   5.791e-05   0.0001013   1.674e-05  INV_X1
j0_addMult7_MULT_mult_18_U348  3.937e-05   2.667e-05   0.0001012   3.513e-05  OAI22_X1
j0_addMult0_MULT_mult_18_U348  3.835e-05   2.733e-05   0.0001011   3.547e-05  OAI22_X1
j1_addMult1_MULT_mult_18_U348  3.828e-05   2.738e-05   0.0001011   3.547e-05  OAI22_X1
j2_addMult4_MULT_mult_18_U333  2.442e-05   5.841e-05   0.0001011   1.826e-05  NAND2_X1
j1_addMult3_MULT_mult_18_U337  2.451e-05   5.829e-05   0.0001011   1.826e-05  NAND2_X1
j1_addMult7_MULT_mult_18_U352  3.853e-05   2.803e-05    0.000101   3.449e-05  OAI22_X1
j1_addMult6_MULT_mult_18_U479  2.963e-05   3.028e-05    0.000101   4.108e-05  OAI21_X1
j1_addMult4_MULT_mult_18_U479  2.771e-05   3.247e-05    0.000101    4.08e-05  OAI21_X1
j1_addMult2_MULT_mult_18_U479  2.843e-05   3.172e-05   0.0001009    4.08e-05  OAI21_X1
j2_addMult5_MULT_mult_18_U331  2.179e-05   5.984e-05   0.0001009   1.927e-05  NAND2_X1
j1_addMult7_MULT_mult_18_U457  3.228e-05   2.887e-05   0.0001009   3.971e-05  OAI21_X1
j1_addMult7_MULT_mult_18_U318  2.897e-05   5.824e-05   0.0001008   1.359e-05  INV_X1
j2_addMult4_MULT_mult_18_U331  2.443e-05    5.81e-05   0.0001008   1.826e-05  NAND2_X1
j2_addMult8_MULT_mult_18_U333  2.029e-05   6.061e-05   0.0001008   1.988e-05  NAND2_X1
j2_addMult1_MULT_mult_18_U337  2.445e-05   5.789e-05   0.0001008   1.842e-05  NAND2_X1
j2_addMult4_MULT_mult_18_U472  4.478e-05   3.666e-05   0.0001007   1.931e-05  AOI222_X1
j1_addMult9_MULT_mult_18_U478  5.669e-05   1.613e-05   0.0001007   2.792e-05  AOI222_X1
j1_addMult1_MULT_mult_18_U449  4.105e-05    1.81e-05   0.0001006   4.147e-05  XNOR2_X1
j0_addMult2_MULT_mult_18_U335  2.437e-05   5.798e-05   0.0001006   1.826e-05  NAND2_X1
j2_addMult8_MULT_mult_18_U318  2.888e-05   5.809e-05   0.0001006   1.359e-05  INV_X1
j2_addMult0_MULT_mult_18_U479  2.689e-05   3.203e-05   0.0001005   4.156e-05  OAI21_X1
j1_addMult3_MULT_mult_18_U333  2.452e-05   5.767e-05   0.0001005   1.826e-05  NAND2_X1
j1_addMult0_MULT_mult_18_U337  2.449e-05   5.752e-05   0.0001004   1.842e-05  NAND2_X1
j0_mult0_mult_18_U335          2.436e-05   5.763e-05   0.0001004   1.842e-05  NAND2_X1
j2_addMult1_MULT_mult_18_U457  3.233e-05    2.92e-05   0.0001004   3.883e-05  OAI21_X1
j1_addMult7_MULT_mult_18_U348  3.856e-05   2.726e-05   0.0001003   3.449e-05  OAI22_X1
j1_addMult9_MULT_mult_18_U348  3.983e-05   2.478e-05   0.0001002   3.564e-05  OAI22_X1
j0_addMult0_MULT_mult_18_U479  2.776e-05   3.075e-05   0.0001002   4.173e-05  OAI21_X1
j0_addMult0_MULT_mult_18_U295  2.673e-05   5.629e-05   0.0001002   1.722e-05  INV_X1
j1_addMult2_MULT_mult_18_U335    2.4e-05    5.38e-05   0.0001001   2.233e-05  NAND2_X1
j0_addMult6_MULT_mult_18_U479  2.772e-05   3.115e-05   0.0001001   4.124e-05  OAI21_X1
j2_addMult0_MULT_mult_18_U331  2.187e-05   5.725e-05   0.0001001   2.099e-05  NAND2_X1
j0_addMult4_MULT_mult_18_U479  2.751e-05   3.087e-05   0.0001001   4.172e-05  OAI21_X1
j0_mult0_mult_18_U476          4.903e-05    1.99e-05   0.0001001   3.116e-05  AOI222_X1
j1_addMult1_MULT_mult_18_U329  4.108e-05   1.747e-05      0.0001   4.147e-05  XNOR2_X1
j1_addMult6_MULT_mult_18_U318  3.011e-05   5.711e-05      0.0001    1.28e-05  INV_X1
j0_addMult9_MULT_mult_18_U329  4.095e-05   1.811e-05      0.0001   4.095e-05  XNOR2_X1
j0_addMult0_MULT_mult_18_U352  3.842e-05   2.607e-05   9.996e-05   3.547e-05  OAI22_X1
j1_addMult0_MULT_mult_18_U333   2.45e-05    5.69e-05   9.981e-05   1.842e-05  NAND2_X1
j2_addMult9_MULT_mult_18_U333  2.439e-05   5.718e-05   9.978e-05   1.821e-05  NAND2_X1
j1_mult0_mult_18_U352          3.942e-05   2.595e-05   9.976e-05   3.439e-05  OAI22_X1
j1_addMult5_MULT_mult_18_U337  2.405e-05   5.467e-05   9.973e-05   2.101e-05  NAND2_X1
j0_addMult8_MULT_mult_18_U479  2.698e-05   3.153e-05   9.965e-05   4.113e-05  OAI21_X1
j2_addMult7_MULT_mult_18_U331  2.454e-05    5.68e-05   9.957e-05   1.823e-05  NAND2_X1
j2_addMult8_MULT_mult_18_U479  2.789e-05   3.039e-05   9.952e-05   4.124e-05  OAI21_X1
j2_addMult2_MULT_mult_18_U479   2.77e-05   3.003e-05   9.947e-05   4.173e-05  OAI21_X1
j1_addMult8_MULT_mult_18_U348  3.936e-05   2.494e-05   9.943e-05   3.513e-05  OAI22_X1
j0_addMult1_MULT_mult_18_U348  4.004e-05   2.476e-05   9.942e-05   3.462e-05  OAI22_X1
j1_addMult9_MULT_mult_18_U323  4.338e-05   2.351e-05    9.94e-05   3.251e-05  XOR2_X1
j1_addMult3_MULT_mult_18_U318  3.012e-05   5.623e-05    9.94e-05   1.304e-05  INV_X1
j2_addMult9_MULT_mult_18_U348  3.938e-05   2.487e-05   9.937e-05   3.513e-05  OAI22_X1
j1_addMult4_MULT_mult_18_U348  3.854e-05   2.659e-05   9.936e-05   3.423e-05  OAI22_X1
j0_addMult5_MULT_mult_18_U337   2.45e-05   5.658e-05   9.931e-05   1.823e-05  NAND2_X1
j1_addMult7_MULT_mult_18_U333  2.178e-05   5.851e-05   9.917e-05   1.888e-05  NAND2_X1
j1_addMult8_MULT_mult_18_U335  2.448e-05   5.634e-05   9.904e-05   1.821e-05  NAND2_X1
j0_addMult8_MULT_mult_18_U323  4.335e-05   2.314e-05   9.901e-05   3.251e-05  XOR2_X1
j2_addMult6_MULT_mult_18_U451  3.974e-05   1.798e-05   9.897e-05   4.125e-05  XNOR2_X1
j2_addMult0_MULT_mult_18_U470  3.632e-05   3.395e-05   9.894e-05   2.867e-05  AOI222_X1
j0_addMult8_MULT_mult_18_U333  2.222e-05   5.519e-05   9.877e-05   2.136e-05  NAND2_X1
j2_addMult5_MULT_mult_18_U479  2.762e-05   3.031e-05   9.873e-05    4.08e-05  OAI21_X1
j2_addMult6_MULT_mult_18_U479  2.761e-05   2.938e-05   9.871e-05   4.172e-05  OAI21_X1
j1_mult0_mult_18_U348          3.944e-05   2.483e-05   9.866e-05   3.439e-05  OAI22_X1
j1_addMult8_MULT_mult_18_U337  2.448e-05   5.592e-05   9.861e-05   1.821e-05  NAND2_X1
j1_addMult5_MULT_mult_18_U479  2.754e-05   2.931e-05   9.857e-05   4.172e-05  OAI21_X1
j1_addMult5_MULT_mult_18_U453  3.975e-05   1.753e-05   9.853e-05   4.125e-05  XNOR2_X1
j2_addMult6_MULT_mult_18_U318  3.015e-05   5.541e-05   9.848e-05   1.292e-05  INV_X1
j0_addMult0_MULT_mult_18_U334  3.786e-05   2.396e-05   9.833e-05   3.651e-05  XOR2_X1
j1_addMult2_MULT_mult_18_U453  3.966e-05   1.732e-05   9.831e-05   4.132e-05  XNOR2_X1
j2_addMult8_MULT_mult_18_U470  3.691e-05   3.326e-05    9.83e-05   2.812e-05  AOI222_X1
j2_addMult0_MULT_mult_18_U323  4.422e-05   2.195e-05   9.829e-05   3.212e-05  XOR2_X1
j1_addMult2_MULT_mult_18_U455  3.967e-05   1.726e-05   9.825e-05   4.132e-05  XNOR2_X1
j1_addMult2_MULT_mult_18_U331  2.195e-05   5.482e-05   9.819e-05   2.142e-05  NAND2_X1
j0_addMult0_MULT_mult_18_U331  2.172e-05   5.729e-05   9.809e-05   1.908e-05  NAND2_X1
j2_addMult6_MULT_mult_18_U331    2.2e-05   5.589e-05   9.794e-05   2.005e-05  NAND2_X1
j2_mult0_mult_18_U479          2.629e-05   3.072e-05   9.793e-05   4.092e-05  OAI21_X1
j1_mult0_mult_18_U323          4.421e-05   2.157e-05    9.79e-05   3.212e-05  XOR2_X1
j2_addMult3_MULT_mult_18_U451  3.968e-05   1.688e-05   9.789e-05   4.132e-05  XNOR2_X1
j0_addMult9_MULT_mult_18_U348  3.715e-05   2.518e-05   9.787e-05   3.555e-05  OAI22_X1
j2_addMult3_MULT_mult_18_U318  3.011e-05   5.419e-05   9.783e-05   1.352e-05  INV_X1
j2_addMult6_MULT_mult_18_U453  3.979e-05   1.677e-05    9.78e-05   4.125e-05  XNOR2_X1
j1_addMult9_MULT_mult_18_U479  2.708e-05   2.958e-05   9.779e-05   4.113e-05  OAI21_X1
j2_addMult2_MULT_mult_18_U333  2.174e-05   5.689e-05   9.771e-05   1.908e-05  NAND2_X1
j2_addMult5_MULT_mult_18_U335  2.182e-05   5.662e-05   9.771e-05   1.927e-05  NAND2_X1
j1_addMult8_MULT_mult_18_U323  4.404e-05   2.264e-05   9.766e-05   3.097e-05  XOR2_X1
j1_addMult7_MULT_mult_18_U323  4.458e-05   2.192e-05   9.764e-05   3.113e-05  XOR2_X1
j0_addMult1_MULT_mult_18_U323  4.355e-05   2.158e-05    9.76e-05   3.248e-05  XOR2_X1
j2_addMult3_MULT_mult_18_U455   3.97e-05   1.653e-05   9.755e-05   4.132e-05  XNOR2_X1
j2_addMult3_MULT_mult_18_U453   3.97e-05   1.647e-05    9.75e-05   4.132e-05  XNOR2_X1
j0_addMult0_MULT_mult_18_U323  4.407e-05   2.261e-05   9.748e-05    3.08e-05  XOR2_X1
j2_addMult6_MULT_mult_18_U449   3.98e-05   1.641e-05   9.746e-05   4.125e-05  XNOR2_X1
j2_addMult5_MULT_mult_18_U338  4.088e-05   2.007e-05   9.746e-05   3.651e-05  XOR2_X1
j1_addMult5_MULT_mult_18_U318  3.026e-05   5.425e-05   9.744e-05   1.292e-05  INV_X1
j2_addMult6_MULT_mult_18_U337  2.199e-05   5.536e-05    9.74e-05   2.005e-05  NAND2_X1
j0_addMult9_MULT_mult_18_U352  3.714e-05   2.472e-05    9.74e-05   3.555e-05  OAI22_X1
j0_addMult4_MULT_mult_18_U451  3.978e-05   1.635e-05   9.738e-05   4.125e-05  XNOR2_X1
j0_addMult9_MULT_mult_18_U323  4.448e-05   2.177e-05   9.738e-05   3.114e-05  XOR2_X1
j1_addMult2_MULT_mult_18_U451  3.971e-05   1.631e-05   9.734e-05   4.132e-05  XNOR2_X1
j1_addMult5_MULT_mult_18_U455  3.981e-05   1.626e-05   9.732e-05   4.125e-05  XNOR2_X1
j1_addMult7_MULT_mult_18_U338  4.215e-05   1.943e-05   9.729e-05   3.571e-05  XOR2_X1
j0_addMult3_MULT_mult_18_U479  2.767e-05   2.877e-05   9.725e-05    4.08e-05  OAI21_X1
j1_addMult2_MULT_mult_18_U318   3.03e-05   5.341e-05   9.724e-05   1.352e-05  INV_X1
j0_addMult5_MULT_mult_18_U333  2.453e-05   5.446e-05   9.722e-05   1.823e-05  NAND2_X1
j2_addMult7_MULT_mult_18_U329  3.673e-05   1.922e-05   9.719e-05   4.124e-05  XNOR2_X1
j0_mult0_mult_18_U399          3.244e-05       2e-05   9.719e-05   4.474e-05  OAI22_X1
j2_mult0_mult_18_U311          3.024e-05   5.365e-05   9.718e-05   1.328e-05  INV_X1
j2_addMult8_MULT_mult_18_U323  4.457e-05   2.147e-05   9.717e-05   3.113e-05  XOR2_X1
j2_addMult3_MULT_mult_18_U479  2.856e-05   2.775e-05   9.711e-05    4.08e-05  OAI21_X1
j1_addMult7_MULT_mult_18_U336  4.216e-05   1.923e-05    9.71e-05   3.571e-05  XOR2_X1
j2_addMult8_MULT_mult_18_U325  4.217e-05   1.921e-05   9.708e-05   3.571e-05  XOR2_X1
j2_addMult6_MULT_mult_18_U455  3.982e-05   1.597e-05   9.704e-05   4.125e-05  XNOR2_X1
j2_mult0_mult_18_U348          3.715e-05   2.478e-05   9.697e-05   3.504e-05  OAI22_X1
j0_addMult4_MULT_mult_18_U329  3.981e-05   1.587e-05   9.693e-05   4.125e-05  XNOR2_X1
j1_addMult5_MULT_mult_18_U451  3.982e-05   1.584e-05   9.691e-05   4.125e-05  XNOR2_X1
j0_addMult4_MULT_mult_18_U335  2.209e-05   5.473e-05   9.688e-05   2.005e-05  NAND2_X1
FE_RC_51_0                     3.101e-05   2.683e-05   9.687e-05   3.903e-05  AOI21_X1
j0_addMult7_MULT_mult_18_U323  4.403e-05   2.186e-05   9.686e-05   3.097e-05  XOR2_X1
j0_addMult4_MULT_mult_18_U318  3.034e-05   5.354e-05    9.68e-05   1.292e-05  INV_X1
j1_addMult7_MULT_mult_18_U325  4.219e-05   1.886e-05   9.675e-05   3.571e-05  XOR2_X1
j0_addMult4_MULT_mult_18_U449  3.982e-05   1.567e-05   9.673e-05   4.125e-05  XNOR2_X1
j0_addMult6_MULT_mult_18_U336  4.216e-05   1.886e-05   9.672e-05   3.571e-05  XOR2_X1
j1_addMult9_MULT_mult_18_U333   2.24e-05   5.283e-05   9.659e-05   2.136e-05  NAND2_X1
j1_addMult2_MULT_mult_18_U449  3.974e-05   1.546e-05   9.653e-05   4.132e-05  XNOR2_X1
j0_addMult6_MULT_mult_18_U455  3.625e-05   1.902e-05   9.645e-05   4.118e-05  XNOR2_X1
j2_addMult4_MULT_mult_18_U318  3.028e-05   5.312e-05   9.645e-05   1.304e-05  INV_X1
j1_addMult4_MULT_mult_18_U338  4.094e-05   1.897e-05   9.642e-05   3.651e-05  XOR2_X1
j2_mult0_mult_18_U323          4.455e-05   2.158e-05   9.642e-05   3.029e-05  XOR2_X1
j2_addMult8_MULT_mult_18_U334  4.221e-05   1.849e-05    9.64e-05   3.571e-05  XOR2_X1
j1_mult0_mult_18_U479          2.699e-05   2.784e-05   9.639e-05   4.156e-05  OAI21_X1
j1_addMult9_MULT_mult_18_U335  2.239e-05   5.254e-05   9.629e-05   2.136e-05  NAND2_X1
j1_addMult1_MULT_mult_18_U323  4.403e-05   2.145e-05   9.629e-05    3.08e-05  XOR2_X1
j0_addMult2_MULT_mult_18_U318  3.029e-05   5.293e-05   9.627e-05   1.304e-05  INV_X1
j2_addMult9_MULT_mult_18_U323    4.4e-05   2.128e-05   9.626e-05   3.097e-05  XOR2_X1
j0_addMult3_MULT_mult_18_U338  4.095e-05   1.858e-05   9.604e-05   3.651e-05  XOR2_X1
j0_addMult3_MULT_mult_18_U334  4.095e-05   1.857e-05   9.603e-05   3.651e-05  XOR2_X1
j2_addMult5_MULT_mult_18_U334  4.096e-05   1.851e-05   9.598e-05   3.651e-05  XOR2_X1
j1_addMult4_MULT_mult_18_U334  4.096e-05   1.849e-05   9.595e-05   3.651e-05  XOR2_X1
j0_addMult1_MULT_mult_18_U318  2.903e-05    5.34e-05   9.591e-05   1.347e-05  INV_X1
j1_addMult4_MULT_mult_18_U332  4.098e-05   1.828e-05   9.577e-05   3.651e-05  XOR2_X1
j1_addMult7_MULT_mult_18_U332  4.225e-05   1.775e-05    9.57e-05   3.571e-05  XOR2_X1
j2_addMult8_MULT_mult_18_U338  4.225e-05   1.775e-05    9.57e-05   3.571e-05  XOR2_X1
j2_addMult8_MULT_mult_18_U336  4.225e-05   1.772e-05   9.568e-05   3.571e-05  XOR2_X1
j1_addMult1_MULT_mult_18_U318   2.91e-05   5.315e-05   9.566e-05   1.341e-05  INV_X1
j1_addMult9_MULT_mult_18_U399  3.223e-05   1.787e-05   9.559e-05    4.55e-05  OAI22_X1
j2_addMult7_MULT_mult_18_U452  2.526e-05    4.94e-05   9.556e-05    2.09e-05  NOR2_X1
j1_addMult9_MULT_mult_18_U331   2.24e-05   5.179e-05   9.556e-05   2.136e-05  NAND2_X1
j0_addMult8_MULT_mult_18_U470  3.542e-05   3.771e-05   9.554e-05   2.242e-05  AOI222_X1
j1_addMult5_MULT_mult_18_U335  2.199e-05   5.341e-05   9.545e-05   2.005e-05  NAND2_X1
j1_addMult2_MULT_mult_18_U337  2.197e-05   5.192e-05   9.531e-05   2.142e-05  NAND2_X1
j1_addMult1_MULT_mult_18_U333  2.179e-05   5.435e-05   9.523e-05   1.908e-05  NAND2_X1
j1_mult0_mult_18_U318          2.892e-05    5.25e-05   9.519e-05   1.377e-05  INV_X1
j2_addMult0_MULT_mult_18_U318  2.901e-05   5.231e-05   9.509e-05   1.377e-05  INV_X1
j0_addMult0_MULT_mult_18_U336  3.802e-05   2.054e-05   9.507e-05   3.651e-05  XOR2_X1
j2_mult0_mult_18_U338          3.805e-05   1.987e-05   9.503e-05   3.711e-05  XOR2_X1
j1_addMult4_MULT_mult_18_U335  2.176e-05   5.389e-05   9.492e-05   1.927e-05  NAND2_X1
j0_addMult7_MULT_mult_18_U478  5.995e-05   1.782e-05   9.487e-05   1.709e-05  AOI222_X1
FE_RC_106_0                    3.096e-05    2.47e-05   9.485e-05   3.919e-05  AOI21_X1
j2_addMult6_MULT_mult_18_U333  2.201e-05   5.274e-05   9.481e-05   2.005e-05  NAND2_X1
j1_addMult5_MULT_mult_18_U331    2.2e-05   5.273e-05   9.478e-05   2.005e-05  NAND2_X1
j0_addMult9_MULT_mult_18_U479  2.552e-05   2.806e-05   9.477e-05   4.118e-05  OAI21_X1
j0_addMult8_MULT_mult_18_U337  2.225e-05   5.114e-05   9.474e-05   2.136e-05  NAND2_X1
j0_addMult4_MULT_mult_18_U472  4.271e-05   3.175e-05   9.472e-05   2.026e-05  AOI222_X1
j1_addMult2_MULT_mult_18_U333  2.198e-05    5.13e-05    9.47e-05   2.142e-05  NAND2_X1
j0_addMult1_MULT_mult_18_U450  2.509e-05   4.932e-05   9.459e-05   2.017e-05  NOR2_X1
j1_mult0_mult_18_U329          3.796e-05   1.533e-05   9.454e-05   4.125e-05  XNOR2_X1
j0_addMult5_MULT_mult_18_U455  3.689e-05   1.628e-05   9.441e-05   4.124e-05  XNOR2_X1
j0_addMult1_MULT_mult_18_U328  2.398e-05   4.791e-05   9.422e-05   2.233e-05  NAND2_X1
j0_addMult8_MULT_mult_18_U329   3.82e-05   1.467e-05   9.418e-05   4.131e-05  XNOR2_X1
j0_addMult8_MULT_mult_18_U449   3.82e-05   1.465e-05   9.416e-05   4.131e-05  XNOR2_X1
j0_addMult0_MULT_mult_18_U318  2.982e-05   5.084e-05   9.407e-05   1.341e-05  INV_X1
j1_addMult6_MULT_mult_18_U451  3.691e-05   1.587e-05   9.402e-05   4.124e-05  XNOR2_X1
j1_addMult0_MULT_mult_18_U454  2.504e-05   4.808e-05   9.393e-05   2.081e-05  NOR2_X1
j0_addMult3_MULT_mult_18_U331  2.172e-05   5.294e-05   9.392e-05   1.927e-05  NAND2_X1
j0_addMult8_MULT_mult_18_U331  2.047e-05   5.286e-05    9.38e-05   2.047e-05  NAND2_X1
j2_addMult7_MULT_mult_18_U318  2.921e-05   5.081e-05   9.379e-05   1.377e-05  INV_X1
j2_addMult2_MULT_mult_18_U337  2.176e-05   5.293e-05   9.378e-05   1.908e-05  NAND2_X1
j2_mult0_mult_18_U332           3.81e-05   1.853e-05   9.374e-05   3.711e-05  XOR2_X1
j2_addMult0_MULT_mult_18_U449  3.506e-05   1.737e-05   9.368e-05   4.125e-05  XNOR2_X1
j1_addMult9_MULT_mult_18_U337  2.244e-05   4.979e-05   9.359e-05   2.136e-05  NAND2_X1
j2_addMult8_MULT_mult_18_U448  2.287e-05    4.97e-05   9.351e-05   2.094e-05  NOR2_X1
j0_addMult8_MULT_mult_18_U335  2.226e-05   4.982e-05   9.344e-05   2.136e-05  NAND2_X1
j2_addMult3_MULT_mult_18_U331  2.197e-05   5.004e-05   9.344e-05   2.142e-05  NAND2_X1
j1_addMult1_MULT_mult_18_U325  3.809e-05   1.877e-05   9.337e-05   3.651e-05  XOR2_X1
j1_addMult8_MULT_mult_18_U318  2.782e-05   5.274e-05   9.336e-05    1.28e-05  INV_X1
j0_addMult1_MULT_mult_18_U478  6.106e-05   1.647e-05   9.332e-05   1.579e-05  AOI222_X1
j0_addMult5_MULT_mult_18_U451  3.694e-05   1.513e-05   9.331e-05   4.124e-05  XNOR2_X1
j1_addMult7_MULT_mult_18_U478  6.027e-05   1.553e-05   9.329e-05   1.749e-05  AOI222_X1
j1_addMult6_MULT_mult_18_U453  3.694e-05   1.507e-05   9.325e-05   4.124e-05  XNOR2_X1
j1_addMult1_MULT_mult_18_U478  6.044e-05   1.661e-05   9.321e-05   1.616e-05  AOI222_X1
j2_addMult7_MULT_mult_18_U449  3.692e-05   1.504e-05   9.319e-05   4.124e-05  XNOR2_X1
j0_addMult0_MULT_mult_18_U325   3.81e-05   1.857e-05   9.318e-05   3.651e-05  XOR2_X1
j0_addMult0_MULT_mult_18_U338   3.81e-05   1.854e-05   9.316e-05   3.651e-05  XOR2_X1
j2_addMult2_MULT_mult_18_U336  3.811e-05    1.85e-05   9.313e-05   3.651e-05  XOR2_X1
j0_addMult0_MULT_mult_18_U470  3.588e-05    3.16e-05   9.312e-05   2.564e-05  AOI222_X1
j1_addMult3_MULT_mult_18_U451  3.507e-05   1.717e-05    9.31e-05   4.087e-05  XNOR2_X1
j2_mult0_mult_18_U334          3.814e-05   1.774e-05   9.299e-05   3.711e-05  XOR2_X1
j0_addMult3_MULT_mult_18_U335  2.186e-05   5.184e-05   9.298e-05   1.927e-05  NAND2_X1
j1_addMult7_MULT_mult_18_U335  2.047e-05   5.263e-05   9.298e-05   1.988e-05  NAND2_X1
j2_mult0_mult_18_U325          3.813e-05   1.769e-05   9.294e-05   3.711e-05  XOR2_X1
j2_addMult0_MULT_mult_18_U329   3.51e-05   1.653e-05   9.288e-05   4.125e-05  XNOR2_X1
j1_addMult6_MULT_mult_18_U449  3.696e-05   1.465e-05   9.284e-05   4.124e-05  XNOR2_X1
j1_addMult6_MULT_mult_18_U455  3.696e-05    1.46e-05    9.28e-05   4.124e-05  XNOR2_X1
j0_addMult2_MULT_mult_18_U449  3.508e-05   1.682e-05   9.277e-05   4.087e-05  XNOR2_X1
j2_mult0_mult_18_U336          3.815e-05   1.749e-05   9.276e-05   3.711e-05  XOR2_X1
j2_addMult7_MULT_mult_18_U454  2.528e-05   4.656e-05   9.274e-05    2.09e-05  NOR2_X1
j0_addMult5_MULT_mult_18_U453  3.696e-05   1.444e-05   9.264e-05   4.124e-05  XNOR2_X1
j1_addMult7_MULT_mult_18_U330  3.081e-05   3.849e-05   9.263e-05   2.333e-05  NAND3_X1
j0_mult0_mult_18_U328          2.425e-05   4.984e-05    9.25e-05   1.842e-05  NAND2_X1
j0_addMult6_MULT_mult_18_U331  2.188e-05   5.173e-05   9.248e-05   1.888e-05  NAND2_X1
j0_addMult2_MULT_mult_18_U399  2.718e-05   1.569e-05   9.246e-05   4.959e-05  OAI22_X1
j2_addMult5_MULT_mult_18_U333  2.034e-05   5.224e-05   9.245e-05   1.987e-05  NAND2_X1
j1_addMult0_MULT_mult_18_U449  3.591e-05   1.552e-05   9.237e-05   4.094e-05  XNOR2_X1
j1_addMult1_MULT_mult_18_U336  3.716e-05   1.866e-05   9.233e-05   3.651e-05  XOR2_X1
j1_addMult8_MULT_mult_18_U470   3.66e-05   3.248e-05   9.231e-05   2.324e-05  AOI222_X1
j0_addMult1_MULT_mult_18_U449  3.168e-05   1.921e-05   9.221e-05   4.132e-05  XNOR2_X1
j1_addMult8_MULT_mult_18_U331  2.049e-05   5.464e-05   9.215e-05   1.702e-05  NAND2_X1
j1_addMult3_MULT_mult_18_U399  2.709e-05   1.542e-05   9.209e-05   4.959e-05  OAI22_X1
j1_addMult3_MULT_mult_18_U453  3.512e-05   1.592e-05   9.191e-05   4.087e-05  XNOR2_X1
j0_addMult2_MULT_mult_18_U451  3.512e-05   1.591e-05    9.19e-05   4.087e-05  XNOR2_X1
j0_addMult7_MULT_mult_18_U318  2.794e-05   5.115e-05   9.189e-05    1.28e-05  INV_X1
j0_addMult6_MULT_mult_18_U337  2.192e-05   5.108e-05   9.187e-05   1.888e-05  NAND2_X1
j1_addMult1_MULT_mult_18_U330  2.879e-05   3.848e-05   9.187e-05    2.46e-05  NAND3_X1
j1_addMult0_MULT_mult_18_U329  3.593e-05   1.498e-05   9.185e-05   4.094e-05  XNOR2_X1
j0_addMult5_MULT_mult_18_U399  2.781e-05   1.596e-05   9.185e-05   4.807e-05  OAI22_X1
j2_addMult1_MULT_mult_18_U449  3.593e-05   1.495e-05   9.182e-05   4.094e-05  XNOR2_X1
j0_addMult6_MULT_mult_18_U333   2.19e-05   5.101e-05   9.178e-05   1.888e-05  NAND2_X1
j1_mult0_mult_18_U328          2.412e-05   4.556e-05   9.168e-05     2.2e-05  NAND2_X1
j2_addMult4_MULT_mult_18_U455  3.514e-05   1.565e-05   9.165e-05   4.087e-05  XNOR2_X1
j1_addMult3_MULT_mult_18_U335  2.051e-05   5.411e-05    9.16e-05   1.697e-05  NAND2_X1
j2_addMult1_MULT_mult_18_U329  3.594e-05    1.47e-05   9.158e-05   4.094e-05  XNOR2_X1
FE_RC_87_0                     3.216e-05   1.941e-05   9.147e-05    3.99e-05  AOI21_X1
j1_addMult1_MULT_mult_18_U338   3.72e-05   1.771e-05   9.142e-05   3.651e-05  XOR2_X1
FE_RC_116_0                    3.477e-05   2.148e-05   9.139e-05   3.513e-05  AOI21_X1
j0_addMult9_MULT_mult_18_U334    3.7e-05   1.927e-05   9.137e-05    3.51e-05  XOR2_X1
j0_addMult6_MULT_mult_18_U399  2.719e-05   1.599e-05   9.128e-05    4.81e-05  OAI22_X1
j2_addMult2_MULT_mult_18_U331  2.178e-05    5.04e-05   9.127e-05   1.908e-05  NAND2_X1
j2_addMult4_MULT_mult_18_U449  3.047e-05   1.991e-05   9.125e-05   4.087e-05  XNOR2_X1
j2_addMult0_MULT_mult_18_U328  2.414e-05   4.506e-05    9.12e-05     2.2e-05  NAND2_X1
j1_addMult4_MULT_mult_18_U331  2.026e-05   5.105e-05   9.118e-05   1.987e-05  NAND2_X1
j0_addMult2_MULT_mult_18_U455  3.516e-05   1.514e-05   9.117e-05   4.087e-05  XNOR2_X1
j2_addMult9_MULT_mult_18_U454  2.471e-05   4.557e-05   9.112e-05   2.084e-05  NOR2_X1
j0_addMult9_MULT_mult_18_U311  2.792e-05   5.029e-05   9.107e-05   1.286e-05  INV_X1
FE_RC_84_0                     3.157e-05   2.047e-05   9.106e-05   3.903e-05  AOI21_X1
j1_addMult1_MULT_mult_18_U332  3.721e-05   1.731e-05   9.103e-05   3.651e-05  XOR2_X1
j0_addMult1_MULT_mult_18_U336  3.625e-05   1.866e-05   9.102e-05   3.611e-05  XOR2_X1
j0_addMult1_MULT_mult_18_U330  2.761e-05   3.876e-05   9.098e-05   2.461e-05  NAND3_X1
FE_RC_1_0                      3.474e-05   2.102e-05   9.089e-05   3.513e-05  AOI21_X1
j0_mult0_mult_18_U448          2.458e-05   4.549e-05   9.088e-05   2.081e-05  NOR2_X1
j1_addMult7_MULT_mult_18_U331  2.048e-05   5.052e-05   9.087e-05   1.988e-05  NAND2_X1
j0_addMult9_MULT_mult_18_U338  3.702e-05   1.867e-05    9.08e-05    3.51e-05  XOR2_X1
j1_addMult9_MULT_mult_18_U338  3.781e-05   1.691e-05    9.08e-05   3.607e-05  XOR2_X1
j2_mult0_mult_18_U476          4.035e-05   2.109e-05   9.071e-05   2.927e-05  AOI222_X1
j0_addMult9_MULT_mult_18_U337  2.058e-05   5.222e-05   9.061e-05   1.781e-05  NAND2_X1
j1_addMult7_MULT_mult_18_U337  2.049e-05   5.022e-05   9.059e-05   1.988e-05  NAND2_X1
j0_addMult8_MULT_mult_18_U318  2.806e-05   4.945e-05   9.056e-05   1.304e-05  INV_X1
j1_addMult3_MULT_mult_18_U478  4.019e-05    1.97e-05   9.054e-05   3.065e-05  AOI222_X1
j1_addMult3_MULT_mult_18_U455  3.519e-05   1.446e-05   9.052e-05   4.087e-05  XNOR2_X1
FE_RC_24_0                     3.304e-05   1.891e-05    9.05e-05   3.854e-05  AOI21_X1
j0_addMult2_MULT_mult_18_U453  3.519e-05   1.444e-05    9.05e-05   4.087e-05  XNOR2_X1
FE_RC_126_0                    3.478e-05   2.058e-05   9.049e-05   3.513e-05  AOI21_X1
j0_addMult4_MULT_mult_18_U452  2.563e-05   4.442e-05   9.046e-05   2.041e-05  NOR2_X1
j1_addMult4_MULT_mult_18_U337  2.027e-05    5.03e-05   9.044e-05   1.987e-05  NAND2_X1
j0_addMult9_MULT_mult_18_U332  3.704e-05    1.83e-05   9.044e-05    3.51e-05  XOR2_X1
j0_addMult1_MULT_mult_18_U452  2.523e-05   4.491e-05   9.032e-05   2.017e-05  NOR2_X1
j2_addMult4_MULT_mult_18_U296  2.435e-05   5.342e-05   9.031e-05   1.254e-05  INV_X1
FE_RC_75_0                     3.085e-05   2.025e-05    9.03e-05   3.919e-05  AOI21_X1
j2_addMult8_MULT_mult_18_U335  2.038e-05   5.002e-05   9.028e-05   1.988e-05  NAND2_X1
j2_addMult9_MULT_mult_18_U318  2.797e-05   4.948e-05   9.025e-05    1.28e-05  INV_X1
j2_addMult4_MULT_mult_18_U327  2.481e-05   3.594e-05   9.024e-05   2.949e-05  NAND2_X1
j1_addMult9_MULT_mult_18_U318  2.788e-05    4.93e-05   9.022e-05   1.304e-05  INV_X1
FE_RC_114_0                    3.084e-05   2.014e-05   9.017e-05   3.919e-05  AOI21_X1
j0_addMult9_MULT_mult_18_U325  3.705e-05   1.802e-05   9.017e-05    3.51e-05  XOR2_X1
j1_addMult5_MULT_mult_18_U334  3.645e-05   1.778e-05   9.014e-05   3.591e-05  XOR2_X1
j2_mult0_mult_18_U335          2.041e-05   5.198e-05   9.013e-05   1.774e-05  NAND2_X1
FE_RC_42_0                     3.104e-05   1.982e-05   9.006e-05   3.919e-05  AOI21_X1
j0_addMult2_MULT_mult_18_U337  2.041e-05   5.266e-05   9.004e-05   1.697e-05  NAND2_X1
j1_addMult9_MULT_mult_18_U334  3.785e-05   1.608e-05   9.001e-05   3.607e-05  XOR2_X1
j0_addMult4_MULT_mult_18_U332  3.645e-05   1.762e-05   8.998e-05   3.591e-05  XOR2_X1
j0_addMult0_MULT_mult_18_U333  2.028e-05   4.999e-05   8.994e-05   1.967e-05  NAND2_X1
j1_mult0_mult_18_U476          4.258e-05   1.686e-05   8.993e-05   3.049e-05  AOI222_X1
j0_addMult9_MULT_mult_18_U336  3.706e-05   1.774e-05    8.99e-05    3.51e-05  XOR2_X1
j2_addMult8_MULT_mult_18_U337  2.038e-05   4.962e-05   8.988e-05   1.988e-05  NAND2_X1
j0_addMult4_MULT_mult_18_U328  2.442e-05   4.444e-05   8.987e-05   2.101e-05  NAND2_X1
j0_addMult1_MULT_mult_18_U454  2.526e-05   4.442e-05   8.985e-05   2.017e-05  NOR2_X1
j0_addMult1_MULT_mult_18_U329  3.175e-05   1.677e-05   8.984e-05   4.132e-05  XNOR2_X1
j2_addMult1_MULT_mult_18_U333  2.052e-05   5.212e-05   8.984e-05    1.72e-05  NAND2_X1
j2_addMult6_MULT_mult_18_U336  3.647e-05   1.746e-05   8.984e-05   3.591e-05  XOR2_X1
j2_addMult9_MULT_mult_18_U329   3.36e-05   1.529e-05   8.983e-05   4.094e-05  XNOR2_X1
j0_addMult7_MULT_mult_18_U328  2.442e-05   4.716e-05    8.98e-05   1.821e-05  NAND2_X1
j2_addMult2_MULT_mult_18_U335  2.029e-05   4.978e-05   8.974e-05   1.967e-05  NAND2_X1
j1_addMult9_MULT_mult_18_U332  3.787e-05   1.578e-05   8.972e-05   3.607e-05  XOR2_X1
j2_addMult3_MULT_mult_18_U338  3.637e-05   1.724e-05   8.972e-05   3.611e-05  XOR2_X1
j2_addMult7_MULT_mult_18_U450   2.55e-05   4.328e-05   8.969e-05    2.09e-05  NOR2_X1
j2_addMult0_MULT_mult_18_U452  2.515e-05    4.43e-05   8.968e-05   2.024e-05  NOR2_X1
j1_mult0_mult_18_U325          3.749e-05   1.616e-05   8.955e-05   3.591e-05  XOR2_X1
j1_addMult9_MULT_mult_18_U336  3.788e-05    1.56e-05   8.955e-05   3.607e-05  XOR2_X1
j0_mult0_mult_18_U454          2.472e-05   4.398e-05   8.951e-05   2.081e-05  NOR2_X1
j1_mult0_mult_18_U332          3.749e-05   1.611e-05   8.951e-05   3.591e-05  XOR2_X1
j0_mult0_mult_18_U452          2.472e-05   4.397e-05    8.95e-05   2.081e-05  NOR2_X1
j1_addMult8_MULT_mult_18_U449  3.327e-05   1.529e-05    8.95e-05   4.094e-05  XNOR2_X1
j0_addMult5_MULT_mult_18_U478  3.937e-05   1.692e-05   8.944e-05   3.315e-05  AOI222_X1
j1_addMult8_MULT_mult_18_U328  2.466e-05   4.653e-05   8.941e-05   1.821e-05  NAND2_X1
j1_mult0_mult_18_U336           3.75e-05   1.593e-05   8.934e-05   3.591e-05  XOR2_X1
j0_addMult7_MULT_mult_18_U449  3.328e-05   1.512e-05   8.934e-05   4.094e-05  XNOR2_X1
j2_addMult1_MULT_mult_18_U328   2.47e-05   4.621e-05   8.932e-05   1.842e-05  NAND2_X1
j1_mult0_mult_18_U338          3.751e-05   1.586e-05   8.928e-05   3.591e-05  XOR2_X1
FE_RC_63_0                     2.995e-05   2.026e-05   8.927e-05   3.907e-05  AOI21_X1
j2_addMult0_MULT_mult_18_U454  2.499e-05     4.4e-05   8.924e-05   2.024e-05  NOR2_X1
j1_addMult0_MULT_mult_18_U331  2.058e-05   5.144e-05   8.922e-05    1.72e-05  NAND2_X1
j0_addMult8_MULT_mult_18_U328  2.269e-05   4.513e-05   8.918e-05   2.136e-05  NAND2_X1
j2_addMult7_MULT_mult_18_U333  2.071e-05   5.101e-05   8.912e-05   1.739e-05  NAND2_X1
j0_mult0_mult_18_U450          2.467e-05   4.363e-05   8.911e-05   2.081e-05  NOR2_X1
j1_addMult1_MULT_mult_18_U458  4.825e-05   1.796e-05   8.911e-05   2.289e-05  OR3_X1
j0_addMult7_MULT_mult_18_U329  3.329e-05   1.487e-05    8.91e-05   4.094e-05  XNOR2_X1
j1_mult0_mult_18_U334          3.752e-05   1.565e-05   8.907e-05   3.591e-05  XOR2_X1
j0_addMult7_MULT_mult_18_U454   2.47e-05   4.353e-05   8.907e-05   2.084e-05  NOR2_X1
j2_addMult9_MULT_mult_18_U452  2.478e-05   4.343e-05   8.906e-05   2.084e-05  NOR2_X1
j2_addMult9_MULT_mult_18_U328   2.46e-05   4.624e-05   8.905e-05   1.821e-05  NAND2_X1
j0_addMult7_MULT_mult_18_U333  2.036e-05   5.164e-05   8.902e-05   1.702e-05  NAND2_X1
j0_addMult0_MULT_mult_18_U337  2.024e-05   4.911e-05   8.902e-05   1.967e-05  NAND2_X1
j0_addMult4_MULT_mult_18_U455  3.103e-05   1.672e-05     8.9e-05   4.125e-05  XNOR2_X1
j0_addMult4_MULT_mult_18_U334  3.651e-05   1.643e-05   8.885e-05   3.591e-05  XOR2_X1
j1_addMult1_MULT_mult_18_U335  2.034e-05   4.883e-05   8.884e-05   1.967e-05  NAND2_X1
j0_addMult9_MULT_mult_18_U476  4.116e-05   1.789e-05   8.882e-05   2.977e-05  AOI222_X1
j1_addMult5_MULT_mult_18_U338  3.654e-05   1.629e-05   8.873e-05   3.591e-05  XOR2_X1
j0_addMult7_MULT_mult_18_U452  2.472e-05   4.311e-05   8.868e-05   2.084e-05  NOR2_X1
j1_addMult0_MULT_mult_18_U328  2.475e-05    4.55e-05   8.867e-05   1.842e-05  NAND2_X1
j1_addMult2_MULT_mult_18_U336  3.644e-05   1.603e-05   8.858e-05   3.611e-05  XOR2_X1
j2_addMult4_MULT_mult_18_U335  2.053e-05   5.106e-05   8.856e-05   1.697e-05  NAND2_X1
j2_addMult3_MULT_mult_18_U334  3.644e-05   1.599e-05   8.854e-05   3.611e-05  XOR2_X1
j1_addMult1_MULT_mult_18_U337  2.034e-05   4.849e-05    8.85e-05   1.967e-05  NAND2_X1
j0_addMult0_MULT_mult_18_U448  2.272e-05   4.488e-05   8.847e-05   2.087e-05  NOR2_X1
j2_addMult4_MULT_mult_18_U452  2.505e-05   4.258e-05   8.845e-05   2.082e-05  NOR2_X1
FE_RC_54_0                     2.649e-05    2.31e-05   8.843e-05   3.884e-05  AOI21_X1
FE_RC_48_0                     3.122e-05    1.82e-05   8.834e-05   3.892e-05  AOI21_X1
j2_addMult7_MULT_mult_18_U328  2.484e-05   4.525e-05   8.831e-05   1.823e-05  NAND2_X1
j1_addMult9_MULT_mult_18_U325  3.794e-05   1.429e-05    8.83e-05   3.607e-05  XOR2_X1
j1_addMult8_MULT_mult_18_U329  3.334e-05     1.4e-05   8.827e-05   4.094e-05  XNOR2_X1
j1_addMult5_MULT_mult_18_U478  3.405e-05   2.004e-05   8.815e-05   3.406e-05  AOI222_X1
j2_addMult1_MULT_mult_18_U450  2.537e-05   4.197e-05   8.815e-05   2.081e-05  NOR2_X1
j0_addMult1_MULT_mult_18_U338  3.642e-05   1.555e-05   8.808e-05   3.611e-05  XOR2_X1
j0_addMult0_MULT_mult_18_U335  2.026e-05   4.812e-05   8.805e-05   1.967e-05  NAND2_X1
j1_addMult4_MULT_mult_18_U333  2.029e-05   4.783e-05   8.798e-05   1.987e-05  NAND2_X1
j0_addMult5_MULT_mult_18_U335  2.071e-05   4.983e-05   8.793e-05   1.739e-05  NAND2_X1
j1_addMult3_MULT_mult_18_U448  2.514e-05   4.192e-05   8.788e-05   2.082e-05  NOR2_X1
j1_addMult9_MULT_mult_18_U328  2.273e-05   4.374e-05   8.783e-05   2.136e-05  NAND2_X1
j0_addMult4_MULT_mult_18_U327  2.479e-05   3.516e-05   8.781e-05   2.785e-05  NAND2_X1
j2_addMult1_MULT_mult_18_U454  2.536e-05   4.163e-05    8.78e-05   2.081e-05  NOR2_X1
FE_RC_81_0                     3.112e-05   1.768e-05   8.773e-05   3.892e-05  AOI21_X1
j2_addMult4_MULT_mult_18_U328  2.453e-05    4.49e-05    8.77e-05   1.826e-05  NAND2_X1
j0_addMult3_MULT_mult_18_U337  2.039e-05   4.743e-05   8.769e-05   1.987e-05  NAND2_X1
j2_addMult5_MULT_mult_18_U337   2.04e-05   4.736e-05   8.763e-05   1.987e-05  NAND2_X1
j0_addMult1_MULT_mult_18_U325  3.645e-05   1.498e-05   8.754e-05   3.611e-05  XOR2_X1
j0_addMult0_MULT_mult_18_U399  2.808e-05   1.545e-05   8.745e-05   4.393e-05  OAI22_X1
j1_addMult6_MULT_mult_18_U336  3.382e-05   1.753e-05   8.722e-05   3.587e-05  XOR2_X1
j1_addMult8_MULT_mult_18_U452  2.495e-05   4.141e-05    8.72e-05   2.084e-05  NOR2_X1
j2_mult0_mult_18_U331          2.044e-05   4.901e-05   8.719e-05   1.774e-05  NAND2_X1
j2_addMult7_MULT_mult_18_U332  3.381e-05   1.743e-05   8.711e-05   3.587e-05  XOR2_X1
j1_mult0_mult_18_U454           2.47e-05   4.215e-05   8.708e-05   2.024e-05  NOR2_X1
j0_addMult9_MULT_mult_18_U335  2.061e-05   4.862e-05   8.704e-05   1.781e-05  NAND2_X1
j1_addMult8_MULT_mult_18_U450  2.494e-05   4.118e-05   8.696e-05   2.084e-05  NOR2_X1
j1_addMult0_MULT_mult_18_U452  2.531e-05   4.083e-05   8.695e-05   2.081e-05  NOR2_X1
j2_addMult9_MULT_mult_18_U450  2.487e-05   4.122e-05   8.694e-05   2.084e-05  NOR2_X1
j0_mult0_mult_18_U477           3.01e-05   2.328e-05   8.691e-05   3.354e-05  AOI222_X1
j1_addMult0_MULT_mult_18_U450  2.532e-05   4.078e-05   8.691e-05   2.081e-05  NOR2_X1
j0_addMult3_MULT_mult_18_U333   2.04e-05   4.655e-05   8.681e-05   1.987e-05  NAND2_X1
j0_addMult6_MULT_mult_18_U335  2.056e-05   4.633e-05   8.677e-05   1.988e-05  NAND2_X1
j2_addMult8_MULT_mult_18_U354   2.86e-05   1.631e-05   8.669e-05   4.179e-05  OAI22_X1
j2_addMult1_MULT_mult_18_U452   2.54e-05   4.041e-05   8.662e-05   2.081e-05  NOR2_X1
j1_addMult1_MULT_mult_18_U331  2.035e-05   4.649e-05   8.651e-05   1.967e-05  NAND2_X1
j2_addMult6_MULT_mult_18_U450  2.335e-05   4.249e-05   8.648e-05   2.063e-05  NOR2_X1
j0_addMult2_MULT_mult_18_U331  2.044e-05   4.904e-05   8.645e-05   1.697e-05  NAND2_X1
j0_addMult9_MULT_mult_18_U333  2.062e-05   4.801e-05   8.645e-05   1.781e-05  NAND2_X1
j1_addMult9_MULT_mult_18_U476  4.261e-05   1.741e-05   8.639e-05   2.637e-05  AOI222_X1
FE_RC_99_0                      3.01e-05   1.723e-05   8.639e-05   3.907e-05  AOI21_X1
j2_addMult4_MULT_mult_18_U451  3.066e-05   1.478e-05    8.63e-05   4.087e-05  XNOR2_X1
FE_RC_58_0                      3.03e-05   1.745e-05   8.628e-05   3.853e-05  AOI21_X1
j0_addMult4_MULT_mult_18_U454  2.377e-05   4.182e-05   8.621e-05   2.063e-05  NOR2_X1
j0_addMult1_MULT_mult_18_U458  4.601e-05   1.706e-05   8.621e-05   2.314e-05  OR3_X1
j0_addMult7_MULT_mult_18_U450  2.481e-05   4.052e-05   8.618e-05   2.084e-05  NOR2_X1
j2_addMult3_MULT_mult_18_U328  2.219e-05   4.257e-05   8.618e-05   2.142e-05  NAND2_X1
j0_addMult5_MULT_mult_18_U334  3.388e-05   1.641e-05   8.616e-05   3.587e-05  XOR2_X1
j1_mult0_mult_18_U452          2.473e-05   4.118e-05   8.614e-05   2.024e-05  NOR2_X1
j1_addMult8_MULT_mult_18_U454  2.497e-05   4.032e-05   8.613e-05   2.084e-05  NOR2_X1
j0_addMult5_MULT_mult_18_U338  3.389e-05   1.634e-05   8.609e-05   3.587e-05  XOR2_X1
j2_addMult2_MULT_mult_18_U450  2.302e-05   4.219e-05   8.608e-05   2.087e-05  NOR2_X1
j0_addMult0_MULT_mult_18_U354  2.853e-05   1.548e-05   8.607e-05   4.206e-05  OAI22_X1
j1_addMult2_MULT_mult_18_U328  2.222e-05   4.237e-05   8.601e-05   2.142e-05  NAND2_X1
j2_mult0_mult_18_U337          2.045e-05   4.781e-05     8.6e-05   1.774e-05  NAND2_X1
j0_addMult4_MULT_mult_18_U296  2.329e-05   5.106e-05   8.598e-05   1.163e-05  INV_X1
j0_mult0_mult_18_U327          2.476e-05   3.192e-05   8.593e-05   2.926e-05  NAND2_X1
FE_RC_30_0                      3.01e-05   1.676e-05   8.592e-05   3.907e-05  AOI21_X1
j0_mult0_mult_18_U329          2.968e-05   1.523e-05   8.585e-05   4.094e-05  XNOR2_X1
j2_addMult6_MULT_mult_18_U454  2.335e-05    4.18e-05   8.578e-05   2.063e-05  NOR2_X1
j2_addMult9_MULT_mult_18_U448   2.49e-05       4e-05   8.575e-05   2.084e-05  NOR2_X1
j1_addMult5_MULT_mult_18_U454  2.311e-05   4.198e-05   8.572e-05   2.063e-05  NOR2_X1
j2_mult0_mult_18_U333          2.044e-05   4.742e-05    8.56e-05   1.774e-05  NAND2_X1
j2_addMult5_MULT_mult_18_U454  2.359e-05   4.118e-05    8.56e-05   2.082e-05  NOR2_X1
j0_addMult3_MULT_mult_18_U478  3.457e-05   1.623e-05   8.555e-05   3.475e-05  AOI222_X1
FE_RC_72_0                      2.68e-05   1.954e-05   8.551e-05   3.918e-05  AOI21_X1
j0_addMult5_MULT_mult_18_U448  2.568e-05   3.893e-05   8.551e-05    2.09e-05  NOR2_X1
j1_addMult6_MULT_mult_18_U331  2.069e-05   4.735e-05   8.544e-05   1.739e-05  NAND2_X1
j1_addMult2_MULT_mult_18_U448  2.346e-05   4.168e-05   8.543e-05   2.029e-05  NOR2_X1
j2_addMult0_MULT_mult_18_U450  2.513e-05   4.007e-05   8.543e-05   2.024e-05  NOR2_X1
j2_addMult4_MULT_mult_18_U329  3.069e-05   1.384e-05    8.54e-05   4.087e-05  XNOR2_X1
j2_addMult7_MULT_mult_18_U330  2.728e-05    3.49e-05   8.537e-05    2.32e-05  NAND3_X1
j2_addMult8_MULT_mult_18_U328  2.057e-05   4.492e-05   8.537e-05   1.988e-05  NAND2_X1
j2_addMult0_MULT_mult_18_U336  3.174e-05   1.767e-05   8.532e-05   3.591e-05  XOR2_X1
j1_addMult6_MULT_mult_18_U337  2.068e-05   4.724e-05   8.531e-05   1.739e-05  NAND2_X1
j1_addMult5_MULT_mult_18_U328  2.224e-05   4.286e-05   8.515e-05   2.005e-05  NAND2_X1
j1_addMult3_MULT_mult_18_U331  2.058e-05   4.756e-05   8.511e-05   1.697e-05  NAND2_X1
j0_addMult4_MULT_mult_18_U450  2.388e-05   4.056e-05   8.508e-05   2.063e-05  NOR2_X1
j0_addMult2_MULT_mult_18_U333  2.045e-05   4.765e-05   8.507e-05   1.697e-05  NAND2_X1
j2_mult0_mult_18_U354          2.681e-05   1.564e-05   8.506e-05   4.261e-05  OAI22_X1
FE_RC_91_0                     3.013e-05   1.633e-05   8.499e-05   3.853e-05  AOI21_X1
j1_addMult5_MULT_mult_18_U448  2.493e-05   3.963e-05   8.498e-05   2.041e-05  NOR2_X1
j0_mult0_mult_18_U336          3.275e-05   1.712e-05   8.494e-05   3.507e-05  XOR2_X1
FE_RC_136_0                    2.726e-05    1.76e-05   8.485e-05       4e-05  AOI21_X1
j2_addMult1_MULT_mult_18_U330  2.706e-05   3.581e-05   8.483e-05   2.196e-05  NAND3_X1
j2_addMult7_MULT_mult_18_U336  3.393e-05     1.5e-05   8.481e-05   3.587e-05  XOR2_X1
j2_addMult3_MULT_mult_18_U478  3.206e-05   1.651e-05   8.473e-05   3.616e-05  AOI222_X1
j2_addMult0_MULT_mult_18_U334  3.176e-05   1.702e-05   8.469e-05   3.591e-05  XOR2_X1
j0_addMult9_MULT_mult_18_U331  2.063e-05   4.621e-05   8.466e-05   1.781e-05  NAND2_X1
j2_addMult3_MULT_mult_18_U454  2.346e-05   4.086e-05   8.461e-05   2.029e-05  NOR2_X1
j2_addMult1_MULT_mult_18_U336  3.279e-05   1.672e-05   8.458e-05   3.507e-05  XOR2_X1
j2_addMult5_MULT_mult_18_U328  2.207e-05    4.32e-05   8.454e-05   1.927e-05  NAND2_X1
j2_addMult6_MULT_mult_18_U328  2.229e-05   4.216e-05   8.449e-05   2.005e-05  NAND2_X1
j0_addMult5_MULT_mult_18_U331  2.073e-05   4.637e-05   8.449e-05   1.739e-05  NAND2_X1
j2_addMult8_MULT_mult_18_U450  2.099e-05   4.289e-05   8.448e-05   2.061e-05  NOR2_X1
j2_addMult9_MULT_mult_18_U476   4.14e-05   1.613e-05   8.444e-05   2.691e-05  AOI222_X1
j2_addMult5_MULT_mult_18_U478  3.454e-05   1.503e-05   8.432e-05   3.475e-05  AOI222_X1
j1_addMult6_MULT_mult_18_U333  2.072e-05   4.616e-05   8.427e-05   1.739e-05  NAND2_X1
j1_addMult4_MULT_mult_18_U450  2.316e-05   4.026e-05   8.425e-05   2.082e-05  NOR2_X1
j2_addMult0_MULT_mult_18_U338  3.179e-05   1.625e-05   8.395e-05   3.591e-05  XOR2_X1
j1_mult0_mult_18_U448          2.479e-05   3.891e-05   8.394e-05   2.024e-05  NOR2_X1
FE_RC_95_0                     2.785e-05   1.581e-05   8.391e-05   4.025e-05  AOI21_X1
j2_addMult3_MULT_mult_18_U448  2.535e-05   3.834e-05   8.386e-05   2.017e-05  NOR2_X1
j1_addMult4_MULT_mult_18_U448  2.318e-05   3.985e-05   8.386e-05   2.082e-05  NOR2_X1
j1_addMult8_MULT_mult_18_U327  2.474e-05   3.067e-05   8.374e-05   2.832e-05  NAND2_X1
FE_RC_33_0                     2.746e-05   1.641e-05   8.373e-05   3.985e-05  AOI21_X1
FE_RC_130_0                    3.093e-05   1.757e-05   8.367e-05   3.517e-05  AOI21_X1
j2_addMult6_MULT_mult_18_U448  2.342e-05   3.958e-05   8.363e-05   2.063e-05  NOR2_X1
j2_addMult2_MULT_mult_18_U328  2.196e-05   4.258e-05   8.362e-05   1.908e-05  NAND2_X1
j0_addMult8_MULT_mult_18_U454   2.35e-05   3.974e-05   8.359e-05   2.035e-05  NOR2_X1
j0_addMult3_MULT_mult_18_U328  2.175e-05   4.253e-05   8.356e-05   1.927e-05  NAND2_X1
j1_mult0_mult_18_U450          2.481e-05   3.849e-05   8.354e-05   2.024e-05  NOR2_X1
j2_addMult0_MULT_mult_18_U325  3.181e-05   1.576e-05   8.348e-05   3.591e-05  XOR2_X1
j1_addMult7_MULT_mult_18_U448  2.352e-05   3.893e-05    8.34e-05   2.094e-05  NOR2_X1
FE_RC_103_0                    2.752e-05   1.601e-05   8.339e-05   3.985e-05  AOI21_X1
j2_addMult9_MULT_mult_18_U327  2.473e-05   3.032e-05   8.337e-05   2.832e-05  NAND2_X1
j1_addMult9_MULT_mult_18_U450  2.339e-05    3.95e-05   8.324e-05   2.035e-05  NOR2_X1
j0_mult0_mult_18_U325          3.286e-05   1.528e-05    8.32e-05   3.507e-05  XOR2_X1
j2_addMult3_MULT_mult_18_U452   2.35e-05   3.937e-05   8.317e-05   2.029e-05  NOR2_X1
j0_addMult7_MULT_mult_18_U330  2.595e-05   3.525e-05   8.312e-05   2.191e-05  NAND3_X1
j1_addMult5_MULT_mult_18_U450  2.318e-05   3.925e-05   8.306e-05   2.063e-05  NOR2_X1
j2_addMult3_MULT_mult_18_U450  2.351e-05    3.92e-05   8.301e-05   2.029e-05  NOR2_X1
j0_mult0_mult_18_U338          3.286e-05   1.506e-05   8.299e-05   3.507e-05  XOR2_X1
j2_addMult8_MULT_mult_18_U454  2.104e-05    4.13e-05   8.294e-05   2.061e-05  NOR2_X1
j1_addMult0_MULT_mult_18_U336  3.288e-05   1.493e-05   8.288e-05   3.507e-05  XOR2_X1
j0_addMult3_MULT_mult_18_U452  2.322e-05    3.88e-05   8.285e-05   2.082e-05  NOR2_X1
j0_addMult8_MULT_mult_18_U452  2.354e-05   3.893e-05   8.282e-05   2.035e-05  NOR2_X1
j1_addMult0_MULT_mult_18_U338  3.289e-05   1.484e-05   8.279e-05   3.507e-05  XOR2_X1
j1_addMult0_MULT_mult_18_U327   2.47e-05   2.881e-05   8.276e-05   2.926e-05  NAND2_X1
j1_addMult9_MULT_mult_18_U454  2.337e-05   3.904e-05   8.275e-05   2.035e-05  NOR2_X1
j2_addMult1_MULT_mult_18_U338  3.289e-05   1.475e-05   8.271e-05   3.507e-05  XOR2_X1
j1_addMult0_MULT_mult_18_U325   3.29e-05   1.466e-05   8.263e-05   3.507e-05  XOR2_X1
FE_RC_67_0                     2.761e-05   1.513e-05    8.26e-05   3.985e-05  AOI21_X1
j0_addMult2_MULT_mult_18_U336  3.202e-05   1.568e-05   8.257e-05   3.487e-05  XOR2_X1
j2_addMult1_MULT_mult_18_U325   3.29e-05   1.458e-05   8.255e-05   3.507e-05  XOR2_X1
j2_addMult5_MULT_mult_18_U452   2.37e-05   3.802e-05   8.254e-05   2.082e-05  NOR2_X1
j1_addMult1_MULT_mult_18_U448  2.306e-05   3.854e-05   8.246e-05   2.087e-05  NOR2_X1
FE_RC_9_0                      2.947e-05   1.698e-05   8.229e-05   3.584e-05  AOI21_X1
j0_addMult6_MULT_mult_18_U454  2.381e-05   3.754e-05   8.229e-05   2.094e-05  NOR2_X1
j1_addMult0_MULT_mult_18_U334  3.292e-05   1.419e-05   8.218e-05   3.507e-05  XOR2_X1
j2_addMult4_MULT_mult_18_U454  2.152e-05   3.902e-05   8.203e-05   2.148e-05  NOR2_X1
j2_addMult6_MULT_mult_18_U452  2.347e-05   3.788e-05   8.199e-05   2.063e-05  NOR2_X1
j1_addMult7_MULT_mult_18_U450  2.152e-05   3.982e-05   8.195e-05   2.061e-05  NOR2_X1
j0_addMult5_MULT_mult_18_U454  2.188e-05   3.872e-05   8.191e-05   2.132e-05  NOR2_X1
FE_RC_110_0                    2.675e-05   1.596e-05   8.189e-05   3.918e-05  AOI21_X1
j2_addMult1_MULT_mult_18_U332  3.294e-05   1.383e-05   8.184e-05   3.507e-05  XOR2_X1
j0_addMult3_MULT_mult_18_U450  2.325e-05   3.775e-05   8.182e-05   2.082e-05  NOR2_X1
j0_addMult6_MULT_mult_18_U450    2.4e-05   3.687e-05   8.182e-05   2.094e-05  NOR2_X1
j0_addMult6_MULT_mult_18_U328  2.216e-05   4.075e-05   8.178e-05   1.888e-05  NAND2_X1
j0_addMult7_MULT_mult_18_U332  3.011e-05    1.66e-05   8.177e-05   3.507e-05  XOR2_X1
j2_addMult2_MULT_mult_18_U327  2.301e-05   3.186e-05   8.176e-05   2.688e-05  NAND2_X1
j0_addMult8_MULT_mult_18_U450  2.358e-05   3.782e-05   8.175e-05   2.035e-05  NOR2_X1
j1_addMult4_MULT_mult_18_U327  2.128e-05   3.184e-05   8.168e-05   2.856e-05  NAND2_X1
j2_addMult0_MULT_mult_18_U313  1.596e-05   5.454e-05   8.163e-05   1.112e-05  INV_X1
j1_addMult5_MULT_mult_18_U452  2.324e-05   3.772e-05    8.16e-05   2.063e-05  NOR2_X1
j1_addMult3_MULT_mult_18_U334  3.208e-05   1.458e-05   8.152e-05   3.487e-05  XOR2_X1
j1_addMult4_MULT_mult_18_U454  2.325e-05   3.744e-05   8.151e-05   2.082e-05  NOR2_X1
j0_addMult1_MULT_mult_18_U448  2.355e-05   3.767e-05   8.151e-05   2.029e-05  NOR2_X1
FE_RC_19_0                      2.61e-05   1.586e-05   8.139e-05   3.943e-05  AOI21_X1
j2_addMult5_MULT_mult_18_U450  2.373e-05   3.682e-05   8.137e-05   2.082e-05  NOR2_X1
j1_addMult2_MULT_mult_18_U454   2.36e-05   3.747e-05   8.136e-05   2.029e-05  NOR2_X1
j0_addMult3_MULT_mult_18_U454  2.325e-05   3.728e-05   8.135e-05   2.082e-05  NOR2_X1
j0_addMult6_MULT_mult_18_U448  2.399e-05   3.641e-05   8.134e-05   2.094e-05  NOR2_X1
j0_addMult1_MULT_mult_18_U332   2.91e-05   1.611e-05   8.132e-05   3.611e-05  XOR2_X1
j1_addMult9_MULT_mult_18_U448  2.342e-05   3.753e-05    8.13e-05   2.035e-05  NOR2_X1
FE_RC_11_0                     3.001e-05   1.551e-05   8.126e-05   3.573e-05  AOI21_X1
j1_addMult9_MULT_mult_18_U452  2.343e-05   3.743e-05   8.121e-05   2.035e-05  NOR2_X1
j0_addMult4_MULT_mult_18_U448    2.4e-05   3.657e-05    8.12e-05   2.063e-05  NOR2_X1
j1_addMult3_MULT_mult_18_U338   3.21e-05    1.42e-05   8.116e-05   3.487e-05  XOR2_X1
j2_addMult4_MULT_mult_18_U338   3.21e-05   1.419e-05   8.115e-05   3.487e-05  XOR2_X1
j1_addMult7_MULT_mult_18_U328  2.069e-05   4.056e-05   8.114e-05   1.988e-05  NAND2_X1
FE_RC_15_0                     2.605e-05   1.605e-05   8.103e-05   3.893e-05  AOI21_X1
FE_RC_123_0                    2.933e-05   1.584e-05   8.102e-05   3.584e-05  AOI21_X1
j2_addMult2_MULT_mult_18_U452  2.316e-05   3.694e-05   8.097e-05   2.087e-05  NOR2_X1
j2_addMult2_MULT_mult_18_U454  2.316e-05   3.687e-05    8.09e-05   2.087e-05  NOR2_X1
j0_addMult9_MULT_mult_18_U328  2.073e-05   4.236e-05    8.09e-05   1.781e-05  NAND2_X1
j1_addMult3_MULT_mult_18_U454   2.16e-05   3.762e-05    8.07e-05   2.148e-05  NOR2_X1
j1_mult0_mult_18_U327          2.469e-05   2.931e-05   8.068e-05   2.669e-05  NAND2_X1
j0_addMult7_MULT_mult_18_U325  3.016e-05   1.545e-05   8.068e-05   3.507e-05  XOR2_X1
j0_addMult4_MULT_mult_18_U338  2.863e-05   1.609e-05   8.063e-05   3.591e-05  XOR2_X1
j2_addMult9_MULT_mult_18_U338  3.047e-05   1.507e-05   8.061e-05   3.507e-05  XOR2_X1
FE_RC_124_0                    2.856e-05   1.664e-05   8.053e-05   3.533e-05  AOI21_X1
FE_RC_125_0                    2.952e-05   1.526e-05   8.051e-05   3.573e-05  AOI21_X1
j1_addMult8_MULT_mult_18_U325  3.017e-05   1.527e-05    8.05e-05   3.507e-05  XOR2_X1
j0_addMult0_MULT_mult_18_U328  2.045e-05   4.028e-05    8.04e-05   1.967e-05  NAND2_X1
j0_addMult6_MULT_mult_18_U452  2.398e-05   3.547e-05   8.039e-05   2.094e-05  NOR2_X1
j2_addMult9_MULT_mult_18_U332  3.049e-05   1.479e-05   8.035e-05   3.507e-05  XOR2_X1
j1_addMult3_MULT_mult_18_U450  2.164e-05   3.718e-05    8.03e-05   2.148e-05  NOR2_X1
j1_addMult2_MULT_mult_18_U450  2.362e-05   3.635e-05   8.026e-05   2.029e-05  NOR2_X1
j1_addMult1_MULT_mult_18_U454  2.115e-05   3.842e-05   8.024e-05   2.067e-05  NOR2_X1
j1_addMult2_MULT_mult_18_U452  2.364e-05   3.628e-05    8.02e-05   2.029e-05  NOR2_X1
FE_RC_12_0                     2.819e-05   1.656e-05   8.019e-05   3.544e-05  AOI21_X1
j1_addMult8_MULT_mult_18_U336  3.019e-05   1.484e-05    8.01e-05   3.507e-05  XOR2_X1
j2_addMult0_MULT_mult_18_U327  2.469e-05   2.871e-05   8.009e-05   2.669e-05  NAND2_X1
j0_addMult7_MULT_mult_18_U336  3.018e-05   1.482e-05   8.007e-05   3.507e-05  XOR2_X1
j1_addMult8_MULT_mult_18_U334   3.02e-05   1.475e-05   8.001e-05   3.507e-05  XOR2_X1
j2_addMult2_MULT_mult_18_U448  2.319e-05   3.593e-05   7.999e-05   2.087e-05  NOR2_X1
FE_RC_122_0                    2.862e-05   1.578e-05   7.998e-05   3.558e-05  AOI21_X1
j2_addMult1_MULT_mult_18_U458  4.136e-05   1.578e-05   7.997e-05   2.284e-05  OR3_X1
FE_RC_2_0                      2.833e-05   1.541e-05   7.992e-05   3.618e-05  AOI21_X1
j2_addMult0_MULT_mult_18_U448  2.344e-05   3.607e-05   7.991e-05    2.04e-05  NOR2_X1
FE_RC_131_0                    2.864e-05   1.567e-05   7.989e-05   3.558e-05  AOI21_X1
j2_addMult7_MULT_mult_18_U338  2.657e-05   1.744e-05   7.989e-05   3.587e-05  XOR2_X1
j2_addMult9_MULT_mult_18_U334  3.051e-05   1.419e-05   7.977e-05   3.507e-05  XOR2_X1
j2_addMult5_MULT_mult_18_U327  2.298e-05   3.009e-05   7.972e-05   2.665e-05  NAND2_X1
j2_addMult9_MULT_mult_18_U325  3.052e-05   1.401e-05    7.96e-05   3.507e-05  XOR2_X1
j0_addMult5_MULT_mult_18_U452  2.194e-05   3.634e-05   7.959e-05   2.132e-05  NOR2_X1
FE_RC_8_0                      2.864e-05   1.535e-05   7.957e-05   3.558e-05  AOI21_X1
j2_addMult7_MULT_mult_18_U458   4.11e-05   1.567e-05   7.956e-05   2.279e-05  OR3_X1
j0_addMult2_MULT_mult_18_U452  2.133e-05   3.674e-05   7.955e-05   2.148e-05  NOR2_X1
j2_addMult9_MULT_mult_18_U336  3.053e-05   1.383e-05   7.943e-05   3.507e-05  XOR2_X1
j1_addMult8_MULT_mult_18_U338  3.023e-05     1.4e-05    7.93e-05   3.507e-05  XOR2_X1
j0_addMult7_MULT_mult_18_U458  4.119e-05   1.531e-05   7.928e-05   2.279e-05  OR3_X1
j0_addMult8_MULT_mult_18_U334  2.814e-05   1.493e-05   7.914e-05   3.607e-05  XOR2_X1
j0_addMult0_MULT_mult_18_U450  2.099e-05   3.748e-05   7.914e-05   2.067e-05  NOR2_X1
j0_addMult7_MULT_mult_18_U338  3.023e-05   1.384e-05   7.914e-05   3.507e-05  XOR2_X1
j1_addMult6_MULT_mult_18_U454  2.158e-05   3.619e-05   7.909e-05   2.132e-05  NOR2_X1
j0_addMult3_MULT_mult_18_U327  2.297e-05   2.943e-05   7.904e-05   2.665e-05  NAND2_X1
j1_addMult7_MULT_mult_18_U458  4.126e-05     1.5e-05   7.904e-05   2.279e-05  OR3_X1
j1_addMult7_MULT_mult_18_U454   2.16e-05   3.679e-05   7.899e-05   2.061e-05  NOR2_X1
j1_addMult4_MULT_mult_18_U296  2.103e-05   4.644e-05   7.898e-05   1.151e-05  INV_X1
j0_addMult8_MULT_mult_18_U336  2.814e-05   1.475e-05   7.896e-05   3.607e-05  XOR2_X1
j1_addMult3_MULT_mult_18_U452  2.167e-05    3.58e-05   7.895e-05   2.148e-05  NOR2_X1
j0_addMult8_MULT_mult_18_U325  2.814e-05   1.459e-05   7.881e-05   3.607e-05  XOR2_X1
j2_addMult7_MULT_mult_18_U448  2.196e-05   3.551e-05   7.879e-05   2.132e-05  NOR2_X1
j1_addMult4_MULT_mult_18_U328  2.049e-05   3.836e-05   7.872e-05   1.987e-05  NAND2_X1
j0_addMult8_MULT_mult_18_U338  2.815e-05   1.447e-05   7.869e-05   3.607e-05  XOR2_X1
j2_addMult8_MULT_mult_18_U452  2.116e-05    3.69e-05   7.867e-05   2.061e-05  NOR2_X1
j0_addMult6_MULT_mult_18_U327  2.294e-05   2.832e-05   7.862e-05   2.735e-05  NAND2_X1
j1_addMult1_MULT_mult_18_U328  2.049e-05   3.841e-05   7.857e-05   1.967e-05  NAND2_X1
j1_addMult6_MULT_mult_18_U452  2.161e-05   3.559e-05   7.851e-05   2.132e-05  NOR2_X1
j0_addMult5_MULT_mult_18_U328  2.092e-05   4.016e-05   7.847e-05   1.739e-05  NAND2_X1
j0_addMult2_MULT_mult_18_U450  2.138e-05   3.557e-05   7.843e-05   2.148e-05  NOR2_X1
j2_addMult6_MULT_mult_18_U327  2.296e-05   2.929e-05   7.843e-05   2.618e-05  NAND2_X1
j2_addMult4_MULT_mult_18_U450  2.154e-05   3.538e-05    7.84e-05   2.148e-05  NOR2_X1
j0_mult0_mult_18_U334          2.715e-05   1.615e-05   7.837e-05   3.507e-05  XOR2_X1
j1_addMult6_MULT_mult_18_U450  2.162e-05   3.537e-05   7.831e-05   2.132e-05  NOR2_X1
j1_addMult9_MULT_mult_18_U327  2.297e-05   2.909e-05   7.824e-05   2.618e-05  NAND2_X1
j0_addMult0_MULT_mult_18_U454  2.101e-05   3.642e-05   7.811e-05   2.067e-05  NOR2_X1
j0_addMult9_MULT_mult_18_U327  2.126e-05   2.876e-05   7.811e-05   2.809e-05  NAND2_X1
j1_addMult5_MULT_mult_18_U327  2.295e-05   2.887e-05     7.8e-05   2.618e-05  NAND2_X1
j2_addMult4_MULT_mult_18_U332  2.792e-05   1.515e-05   7.794e-05   3.487e-05  XOR2_X1
j1_addMult7_MULT_mult_18_U452  2.166e-05   3.552e-05   7.778e-05   2.061e-05  NOR2_X1
j2_mult0_mult_18_U328          2.064e-05   3.934e-05   7.772e-05   1.774e-05  NAND2_X1
j2_addMult1_MULT_mult_18_U448  2.186e-05   3.437e-05   7.764e-05   2.141e-05  NOR2_X1
j0_addMult0_MULT_mult_18_U452  2.103e-05   3.585e-05   7.756e-05   2.067e-05  NOR2_X1
j1_addMult6_MULT_mult_18_U328   2.09e-05   3.923e-05   7.753e-05   1.739e-05  NAND2_X1
j2_addMult7_MULT_mult_18_U325  2.656e-05   1.508e-05   7.751e-05   3.587e-05  XOR2_X1
j2_addMult5_MULT_mult_18_U448  2.183e-05   3.503e-05    7.75e-05   2.064e-05  NOR2_X1
j2_mult0_mult_18_U454          2.138e-05   3.502e-05   7.748e-05   2.109e-05  NOR2_X1
j1_addMult6_MULT_mult_18_U448  2.164e-05   3.449e-05   7.745e-05   2.132e-05  NOR2_X1
j2_addMult3_MULT_mult_18_U327  2.295e-05   2.823e-05   7.735e-05   2.618e-05  NAND2_X1
j2_mult0_mult_18_U452          2.135e-05   3.485e-05   7.729e-05   2.109e-05  NOR2_X1
j0_addMult3_MULT_mult_18_U448  2.138e-05   3.523e-05   7.724e-05   2.064e-05  NOR2_X1
j0_addMult8_MULT_mult_18_U327  2.298e-05   2.802e-05   7.718e-05   2.618e-05  NAND2_X1
j0_addMult2_MULT_mult_18_U448  2.143e-05    3.42e-05   7.712e-05   2.148e-05  NOR2_X1
j1_addMult4_MULT_mult_18_U452  2.137e-05   3.506e-05   7.706e-05   2.064e-05  NOR2_X1
j2_addMult4_MULT_mult_18_U334  2.794e-05   1.418e-05   7.699e-05   3.487e-05  XOR2_X1
FE_RC_10_0                     2.673e-05   1.547e-05   7.698e-05   3.479e-05  AOI21_X1
j0_addMult7_MULT_mult_18_U448  2.141e-05   3.411e-05   7.698e-05   2.146e-05  NOR2_X1
j1_addMult1_MULT_mult_18_U452  2.125e-05   3.499e-05   7.691e-05   2.067e-05  NOR2_X1
j1_addMult0_MULT_mult_18_U448  2.183e-05   3.362e-05   7.687e-05   2.141e-05  NOR2_X1
j0_addMult9_MULT_mult_18_U448  2.155e-05   3.437e-05   7.683e-05   2.091e-05  NOR2_X1
j0_mult0_mult_18_U332          2.716e-05   1.457e-05    7.68e-05   3.507e-05  XOR2_X1
j2_mult0_mult_18_U448          2.138e-05   3.419e-05   7.666e-05   2.109e-05  NOR2_X1
j0_addMult8_MULT_mult_18_U448  2.213e-05   3.399e-05   7.665e-05   2.053e-05  NOR2_X1
j0_addMult5_MULT_mult_18_U327  2.123e-05    2.78e-05   7.664e-05   2.762e-05  NAND2_X1
j0_addMult9_MULT_mult_18_U454  2.156e-05   3.414e-05   7.661e-05   2.091e-05  NOR2_X1
j0_addMult5_MULT_mult_18_U450  2.206e-05   3.302e-05    7.64e-05   2.132e-05  NOR2_X1
j2_addMult4_MULT_mult_18_U448  2.168e-05   3.308e-05   7.624e-05   2.148e-05  NOR2_X1
j1_addMult3_MULT_mult_18_U328  2.079e-05   3.833e-05    7.61e-05   1.697e-05  NAND2_X1
j0_addMult2_MULT_mult_18_U454  2.145e-05   3.312e-05   7.605e-05   2.148e-05  NOR2_X1
j0_addMult9_MULT_mult_18_U450  2.159e-05   3.349e-05   7.599e-05   2.091e-05  NOR2_X1
j0_addMult2_MULT_mult_18_U328  2.069e-05    3.82e-05   7.585e-05   1.697e-05  NAND2_X1
j0_addMult9_MULT_mult_18_U452  2.159e-05   3.331e-05   7.581e-05   2.091e-05  NOR2_X1
j1_addMult8_MULT_mult_18_U448  2.157e-05   3.272e-05   7.575e-05   2.146e-05  NOR2_X1
j2_mult0_mult_18_U450          2.142e-05   3.321e-05   7.572e-05   2.109e-05  NOR2_X1
j0_addMult7_MULT_mult_18_U324  2.445e-05   3.295e-05   7.562e-05   1.821e-05  NAND2_X1
j1_addMult2_MULT_mult_18_U327  2.292e-05   2.647e-05   7.557e-05   2.618e-05  NAND2_X1
j0_addMult2_MULT_mult_18_U327  2.117e-05   2.601e-05   7.528e-05   2.809e-05  NAND2_X1
j1_addMult6_MULT_mult_18_U327  2.119e-05   2.631e-05   7.513e-05   2.762e-05  NAND2_X1
j2_mult0_mult_18_U327          2.116e-05   2.463e-05   7.505e-05   2.926e-05  NAND2_X1
j1_addMult1_MULT_mult_18_U450  2.129e-05   3.302e-05   7.499e-05   2.067e-05  NOR2_X1
j1_mult0_mult_18_U324          2.423e-05   2.872e-05   7.496e-05     2.2e-05  NAND2_X1
j2_addMult8_MULT_mult_18_U327  2.121e-05   2.547e-05   7.476e-05   2.809e-05  NAND2_X1
j1_addMult3_MULT_mult_18_U327  2.118e-05   2.549e-05   7.476e-05   2.809e-05  NAND2_X1
j0_addMult0_MULT_mult_18_U327  2.116e-05   2.491e-05   7.463e-05   2.856e-05  NAND2_X1
j0_mult0_mult_18_U303          1.872e-05   3.828e-05   7.433e-05   1.733e-05  INV_X1
j0_mult0_mult_18_U301          1.868e-05   3.771e-05   7.372e-05   1.733e-05  INV_X1
j1_mult0_mult_18_U313          1.594e-05    4.64e-05   7.347e-05   1.112e-05  INV_X1
j0_mult0_mult_18_U300          1.828e-05   3.726e-05   7.288e-05   1.733e-05  INV_X1
j2_addMult1_MULT_mult_18_U303  1.869e-05   3.673e-05   7.275e-05   1.733e-05  INV_X1
j2_addMult9_MULT_mult_18_U313  1.605e-05   4.589e-05   7.265e-05    1.07e-05  INV_X1
j2_addMult3_MULT_mult_18_U324  2.221e-05    2.88e-05   7.243e-05   2.142e-05  NAND2_X1
j1_addMult2_MULT_mult_18_U313  1.482e-05   4.585e-05   7.228e-05   1.161e-05  INV_X1
j2_addMult0_MULT_mult_18_U324  2.424e-05   2.578e-05   7.202e-05     2.2e-05  NAND2_X1
j2_addMult2_MULT_mult_18_U313  1.603e-05   4.501e-05   7.198e-05   1.094e-05  INV_X1
j0_addMult1_MULT_mult_18_U324   2.45e-05   2.506e-05   7.189e-05   2.233e-05  NAND2_X1
j2_addMult7_MULT_mult_18_U324  2.463e-05   2.884e-05    7.17e-05   1.823e-05  NAND2_X1
j2_mult0_mult_18_U477          2.386e-05   1.722e-05   7.169e-05   3.061e-05  AOI222_X1
j2_addMult7_MULT_mult_18_U300  1.696e-05   3.666e-05   7.156e-05   1.794e-05  INV_X1
j1_addMult9_MULT_mult_18_U324  2.268e-05    2.74e-05   7.144e-05   2.136e-05  NAND2_X1
j0_addMult5_MULT_mult_18_U317   1.56e-05   3.899e-05   7.127e-05   1.668e-05  INV_X1
j0_mult0_mult_18_U324          2.464e-05     2.8e-05   7.106e-05   1.842e-05  NAND2_X1
j1_addMult9_MULT_mult_18_U313  1.625e-05     4.4e-05   7.101e-05   1.076e-05  INV_X1
j1_addMult0_MULT_mult_18_U301  1.748e-05   3.555e-05   7.092e-05   1.788e-05  INV_X1
j0_addMult9_MULT_mult_18_U477  2.379e-05   1.595e-05    7.07e-05   3.096e-05  AOI222_X1
j1_addMult9_MULT_mult_18_U477  2.269e-05   1.848e-05   7.069e-05   2.953e-05  AOI222_X1
j0_addMult5_MULT_mult_18_U314  1.558e-05   3.834e-05   7.061e-05   1.668e-05  INV_X1
j2_addMult9_MULT_mult_18_U324  2.467e-05   2.754e-05   7.042e-05   1.821e-05  NAND2_X1
j1_addMult0_MULT_mult_18_U317   1.56e-05   3.826e-05   7.042e-05   1.656e-05  INV_X1
j2_addMult0_MULT_mult_18_U301  1.694e-05   3.581e-05   7.033e-05   1.758e-05  INV_X1
j0_addMult7_MULT_mult_18_U317  1.561e-05   3.832e-05   7.025e-05   1.632e-05  INV_X1
j0_addMult7_MULT_mult_18_U313  1.606e-05   4.348e-05   7.024e-05    1.07e-05  INV_X1
j0_addMult7_MULT_mult_18_U300    1.7e-05   3.509e-05   7.009e-05     1.8e-05  INV_X1
j2_addMult1_MULT_mult_18_U324  2.482e-05   2.673e-05   6.997e-05   1.842e-05  NAND2_X1
j2_addMult6_MULT_mult_18_U324  2.222e-05   2.765e-05   6.992e-05   2.005e-05  NAND2_X1
j0_addMult4_MULT_mult_18_U317  1.559e-05   3.809e-05   6.988e-05    1.62e-05  INV_X1
j1_addMult8_MULT_mult_18_U301  1.714e-05   3.465e-05   6.979e-05     1.8e-05  INV_X1
j1_mult0_mult_18_U477          2.356e-05   1.491e-05   6.971e-05   3.124e-05  AOI222_X1
j1_addMult5_MULT_mult_18_U314   1.56e-05   3.788e-05   6.968e-05    1.62e-05  INV_X1
j0_addMult8_MULT_mult_18_U301   1.79e-05   3.383e-05   6.967e-05   1.794e-05  INV_X1
j2_addMult4_MULT_mult_18_U311  1.561e-05   3.743e-05   6.966e-05   1.662e-05  INV_X1
j2_addMult1_MULT_mult_18_U300  1.692e-05   3.483e-05   6.964e-05   1.788e-05  INV_X1
j1_addMult3_MULT_mult_18_U303  1.759e-05   3.398e-05   6.952e-05   1.794e-05  INV_X1
j0_mult0_mult_18_U311          1.562e-05   3.726e-05   6.944e-05   1.656e-05  INV_X1
j1_addMult5_MULT_mult_18_U317  1.558e-05   3.765e-05   6.943e-05    1.62e-05  INV_X1
j0_mult0_mult_18_U316           1.56e-05   3.724e-05   6.941e-05   1.656e-05  INV_X1
j1_addMult8_MULT_mult_18_U324  2.482e-05   2.637e-05    6.94e-05   1.821e-05  NAND2_X1
j2_addMult1_MULT_mult_18_U313  1.609e-05   4.244e-05   6.936e-05   1.082e-05  INV_X1
j0_mult0_mult_18_U314          1.561e-05   3.718e-05   6.935e-05   1.656e-05  INV_X1
j2_addMult1_MULT_mult_18_U317  1.561e-05   3.717e-05   6.934e-05   1.656e-05  INV_X1
j0_addMult1_MULT_mult_18_U300  1.703e-05    3.46e-05   6.927e-05   1.764e-05  INV_X1
j0_addMult7_MULT_mult_18_U316   1.56e-05   3.734e-05   6.927e-05   1.632e-05  INV_X1
j2_addMult7_MULT_mult_18_U316  1.568e-05   3.688e-05   6.925e-05   1.668e-05  INV_X1
j2_addMult9_MULT_mult_18_U316  1.562e-05   3.727e-05   6.921e-05   1.632e-05  INV_X1
j1_addMult8_MULT_mult_18_U316  1.559e-05   3.728e-05    6.92e-05   1.632e-05  INV_X1
j2_addMult7_MULT_mult_18_U311  1.562e-05    3.68e-05   6.911e-05   1.668e-05  INV_X1
j2_addMult0_MULT_mult_18_U317  1.559e-05   3.754e-05   6.904e-05    1.59e-05  INV_X1
j0_addMult1_MULT_mult_18_U313   1.61e-05   4.184e-05     6.9e-05   1.106e-05  INV_X1
j2_addMult9_MULT_mult_18_U314  1.559e-05   3.708e-05     6.9e-05   1.632e-05  INV_X1
j2_addMult3_MULT_mult_18_U317  1.561e-05   3.754e-05   6.893e-05   1.578e-05  INV_X1
j1_addMult0_MULT_mult_18_U314  1.561e-05   3.675e-05   6.892e-05   1.656e-05  INV_X1
j1_addMult6_MULT_mult_18_U316  1.564e-05   3.655e-05   6.887e-05   1.668e-05  INV_X1
j1_addMult0_MULT_mult_18_U316  1.563e-05   3.663e-05   6.882e-05   1.656e-05  INV_X1
j1_addMult3_MULT_mult_18_U317  1.562e-05   3.656e-05   6.881e-05   1.662e-05  INV_X1
j2_addMult6_MULT_mult_18_U316  1.562e-05    3.68e-05   6.863e-05    1.62e-05  INV_X1
j0_addMult8_MULT_mult_18_U313  1.656e-05   4.128e-05    6.86e-05   1.076e-05  INV_X1
j0_addMult7_MULT_mult_18_U311  1.563e-05   3.662e-05   6.857e-05   1.632e-05  INV_X1
j2_addMult1_MULT_mult_18_U311  1.569e-05   3.622e-05   6.847e-05   1.656e-05  INV_X1
j2_addMult1_MULT_mult_18_U316  1.565e-05   3.626e-05   6.847e-05   1.656e-05  INV_X1
j1_addMult4_MULT_mult_18_U324  2.194e-05   2.726e-05   6.847e-05   1.927e-05  NAND2_X1
j0_addMult1_MULT_mult_18_U311   1.56e-05   3.703e-05   6.842e-05   1.578e-05  INV_X1
j0_addMult4_MULT_mult_18_U311  1.561e-05   3.656e-05   6.838e-05    1.62e-05  INV_X1
j0_addMult1_MULT_mult_18_U317  1.564e-05   3.689e-05   6.832e-05   1.578e-05  INV_X1
j1_mult0_mult_18_U317          1.565e-05   3.676e-05   6.831e-05    1.59e-05  INV_X1
j1_addMult8_MULT_mult_18_U314  1.563e-05   3.633e-05   6.829e-05   1.632e-05  INV_X1
j2_addMult9_MULT_mult_18_U317  1.564e-05   3.631e-05   6.827e-05   1.632e-05  INV_X1
j2_addMult4_MULT_mult_18_U314  1.563e-05   3.601e-05   6.826e-05   1.662e-05  INV_X1
j0_mult0_mult_18_U317          1.562e-05   3.605e-05   6.824e-05   1.656e-05  INV_X1
j0_addMult2_MULT_mult_18_U316  1.562e-05   3.596e-05    6.82e-05   1.662e-05  INV_X1
j0_addMult1_MULT_mult_18_U316  1.561e-05   3.678e-05   6.818e-05   1.578e-05  INV_X1
j2_addMult7_MULT_mult_18_U317  1.564e-05   3.583e-05   6.816e-05   1.668e-05  INV_X1
j0_addMult4_MULT_mult_18_U324  2.238e-05   2.565e-05   6.808e-05   2.005e-05  NAND2_X1
j1_addMult3_MULT_mult_18_U314  1.563e-05   3.574e-05     6.8e-05   1.662e-05  INV_X1
j2_addMult9_MULT_mult_18_U477  2.328e-05   1.598e-05   6.797e-05   2.871e-05  AOI222_X1
j1_mult0_mult_18_U311          1.567e-05    3.64e-05   6.797e-05    1.59e-05  INV_X1
j1_addMult7_MULT_mult_18_U294   1.77e-05    3.93e-05   6.794e-05   1.094e-05  INV_X1
j2_addMult9_MULT_mult_18_U311  1.564e-05   3.592e-05   6.788e-05   1.632e-05  INV_X1
j2_addMult0_MULT_mult_18_U316   1.56e-05   3.636e-05   6.787e-05    1.59e-05  INV_X1
j2_addMult0_MULT_mult_18_U314  1.561e-05   3.635e-05   6.786e-05    1.59e-05  INV_X1
j2_addMult4_MULT_mult_18_U317  1.565e-05   3.557e-05   6.784e-05   1.662e-05  INV_X1
j2_addMult3_MULT_mult_18_U314   1.56e-05   3.645e-05   6.783e-05   1.578e-05  INV_X1
j1_addMult1_MULT_mult_18_U294  1.771e-05   3.896e-05   6.768e-05     1.1e-05  INV_X1
j2_addMult3_MULT_mult_18_U313  1.475e-05   4.122e-05   6.758e-05   1.161e-05  INV_X1
j1_addMult8_MULT_mult_18_U317  1.562e-05   3.562e-05   6.756e-05   1.632e-05  INV_X1
j1_addMult2_MULT_mult_18_U316  1.559e-05   3.617e-05   6.754e-05   1.578e-05  INV_X1
j0_mult0_mult_18_U313          1.641e-05   4.015e-05   6.738e-05   1.082e-05  INV_X1
j0_addMult6_MULT_mult_18_U324  2.181e-05   2.662e-05   6.731e-05   1.888e-05  NAND2_X1
j0_addMult4_MULT_mult_18_U314  1.566e-05   3.541e-05   6.727e-05    1.62e-05  INV_X1
j1_addMult5_MULT_mult_18_U324  2.226e-05   2.495e-05   6.726e-05   2.005e-05  NAND2_X1
j1_mult0_mult_18_U314          1.566e-05   3.551e-05   6.708e-05    1.59e-05  INV_X1
j1_mult0_mult_18_U316          1.568e-05    3.55e-05   6.708e-05    1.59e-05  INV_X1
j0_addMult6_MULT_mult_18_U313   1.39e-05   4.239e-05   6.705e-05   1.076e-05  INV_X1
j0_addMult3_MULT_mult_18_U311  1.448e-05   3.654e-05   6.691e-05   1.589e-05  INV_X1
j1_addMult0_MULT_mult_18_U324   2.49e-05   2.352e-05   6.684e-05   1.842e-05  NAND2_X1
j2_addMult4_MULT_mult_18_U324  2.076e-05   2.908e-05   6.682e-05   1.697e-05  NAND2_X1
j1_addMult6_MULT_mult_18_U313  1.378e-05   4.224e-05   6.677e-05   1.076e-05  INV_X1
j1_addMult8_MULT_mult_18_U313  1.603e-05   3.989e-05   6.663e-05    1.07e-05  INV_X1
j2_addMult3_MULT_mult_18_U311  1.446e-05   3.627e-05    6.65e-05   1.577e-05  INV_X1
j0_addMult8_MULT_mult_18_U316  1.446e-05   3.627e-05    6.65e-05   1.577e-05  INV_X1
j0_addMult8_MULT_mult_18_U324  2.249e-05   2.248e-05   6.632e-05   2.136e-05  NAND2_X1
j0_addMult3_MULT_mult_18_U313  1.483e-05   4.011e-05   6.625e-05   1.131e-05  INV_X1
j2_addMult2_MULT_mult_18_U314  1.449e-05   3.554e-05   6.599e-05   1.595e-05  INV_X1
j1_addMult0_MULT_mult_18_U313  1.623e-05   3.876e-05   6.582e-05   1.082e-05  INV_X1
j1_addMult9_MULT_mult_18_U303  1.469e-05   3.292e-05   6.579e-05   1.818e-05  INV_X1
j2_addMult5_MULT_mult_18_U324  2.206e-05   2.443e-05   6.576e-05   1.927e-05  NAND2_X1
j1_addMult9_MULT_mult_18_U314  1.459e-05   3.535e-05   6.571e-05   1.577e-05  INV_X1
j1_addMult1_MULT_mult_18_U300  1.462e-05    3.32e-05    6.57e-05   1.788e-05  INV_X1
j0_addMult1_MULT_mult_18_U314  1.453e-05   3.533e-05   6.563e-05   1.577e-05  INV_X1
j0_addMult5_MULT_mult_18_U303  1.628e-05   3.194e-05   6.562e-05   1.739e-05  INV_X1
j1_addMult2_MULT_mult_18_U324  2.227e-05   2.187e-05   6.556e-05   2.142e-05  NAND2_X1
j1_addMult5_MULT_mult_18_U311  1.447e-05   3.529e-05   6.554e-05   1.577e-05  INV_X1
j0_addMult8_MULT_mult_18_U317  1.446e-05   3.525e-05   6.549e-05   1.577e-05  INV_X1
j2_addMult7_MULT_mult_18_U313  1.621e-05   3.846e-05   6.543e-05   1.076e-05  INV_X1
j1_addMult9_MULT_mult_18_U317  1.454e-05   3.511e-05   6.542e-05   1.577e-05  INV_X1
j2_addMult8_MULT_mult_18_U324  2.062e-05   2.492e-05   6.542e-05   1.988e-05  NAND2_X1
j0_addMult0_MULT_mult_18_U311   1.45e-05   3.494e-05   6.539e-05   1.595e-05  INV_X1
j0_addMult3_MULT_mult_18_U316  1.447e-05   3.503e-05   6.539e-05   1.589e-05  INV_X1
j2_addMult6_MULT_mult_18_U314  1.447e-05   3.514e-05   6.538e-05   1.577e-05  INV_X1
j2_addMult5_MULT_mult_18_U316   1.45e-05   3.487e-05   6.526e-05   1.589e-05  INV_X1
j2_addMult6_MULT_mult_18_U317  1.449e-05   3.498e-05   6.524e-05   1.577e-05  INV_X1
j1_addMult7_MULT_mult_18_U314  1.452e-05   3.461e-05   6.521e-05   1.607e-05  INV_X1
j0_addMult4_MULT_mult_18_U316  1.449e-05    3.49e-05   6.517e-05   1.577e-05  INV_X1
j2_addMult2_MULT_mult_18_U317  1.447e-05   3.471e-05   6.513e-05   1.595e-05  INV_X1
j2_addMult5_MULT_mult_18_U311  1.452e-05   3.467e-05   6.508e-05   1.589e-05  INV_X1
j0_addMult6_MULT_mult_18_U317  1.448e-05   3.445e-05   6.501e-05   1.607e-05  INV_X1
j2_addMult3_MULT_mult_18_U316  1.453e-05    3.47e-05   6.501e-05   1.577e-05  INV_X1
j0_addMult5_MULT_mult_18_U324  2.097e-05   2.643e-05   6.479e-05   1.739e-05  NAND2_X1
j2_addMult8_MULT_mult_18_U316  1.337e-05   3.513e-05   6.477e-05   1.626e-05  INV_X1
j1_addMult4_MULT_mult_18_U316  1.449e-05   3.424e-05   6.462e-05   1.589e-05  INV_X1
j2_addMult8_MULT_mult_18_U311  1.459e-05   3.393e-05   6.459e-05   1.607e-05  INV_X1
j0_addMult8_MULT_mult_18_U314  1.451e-05   3.421e-05   6.449e-05   1.577e-05  INV_X1
j2_addMult7_MULT_mult_18_U303  1.636e-05   3.069e-05   6.445e-05   1.739e-05  INV_X1
j0_addMult6_MULT_mult_18_U314  1.448e-05   3.374e-05    6.43e-05   1.607e-05  INV_X1
j1_addMult9_MULT_mult_18_U311  1.459e-05   3.385e-05   6.421e-05   1.577e-05  INV_X1
j1_addMult4_MULT_mult_18_U314  1.335e-05   3.447e-05    6.42e-05   1.638e-05  INV_X1
j2_addMult8_MULT_mult_18_U309  1.396e-05   3.916e-05   6.418e-05   1.106e-05  INV_X1
j1_addMult2_MULT_mult_18_U314  1.448e-05   3.379e-05   6.405e-05   1.577e-05  INV_X1
j1_addMult1_MULT_mult_18_U314  1.451e-05   3.357e-05   6.403e-05   1.595e-05  INV_X1
j2_addMult2_MULT_mult_18_U324  2.198e-05   2.294e-05   6.401e-05   1.908e-05  NAND2_X1
j2_addMult0_MULT_mult_18_U311  1.453e-05   3.365e-05   6.396e-05   1.577e-05  INV_X1
j0_addMult6_MULT_mult_18_U311  1.449e-05   3.336e-05   6.393e-05   1.607e-05  INV_X1
j1_addMult5_MULT_mult_18_U316   1.45e-05   3.363e-05    6.39e-05   1.577e-05  INV_X1
j1_addMult3_MULT_mult_18_U313  1.391e-05   3.891e-05   6.376e-05   1.094e-05  INV_X1
j2_addMult2_MULT_mult_18_U311  1.447e-05   3.331e-05   6.374e-05   1.595e-05  INV_X1
j2_addMult8_MULT_mult_18_U301  1.456e-05   3.116e-05   6.366e-05   1.794e-05  INV_X1
j2_addMult6_MULT_mult_18_U311  1.453e-05   3.333e-05   6.363e-05   1.577e-05  INV_X1
j1_addMult3_MULT_mult_18_U324  2.081e-05   2.578e-05   6.356e-05   1.697e-05  NAND2_X1
j2_addMult5_MULT_mult_18_U313  1.487e-05   3.728e-05   6.347e-05   1.131e-05  INV_X1
j1_addMult2_MULT_mult_18_U317  1.449e-05   3.316e-05   6.343e-05   1.577e-05  INV_X1
j2_addMult5_MULT_mult_18_U317  1.335e-05   3.367e-05   6.341e-05   1.638e-05  INV_X1
j1_addMult9_MULT_mult_18_U316   1.46e-05   3.303e-05    6.34e-05   1.577e-05  INV_X1
j0_addMult1_MULT_mult_18_U303  1.496e-05   3.027e-05   6.329e-05   1.806e-05  INV_X1
j1_addMult2_MULT_mult_18_U311  1.452e-05   3.292e-05   6.322e-05   1.577e-05  INV_X1
j2_addMult9_MULT_mult_18_U303   1.56e-05   2.965e-05    6.32e-05   1.794e-05  INV_X1
j2_mult0_mult_18_U299          1.524e-05   3.024e-05   6.319e-05    1.77e-05  INV_X1
j1_addMult7_MULT_mult_18_U303  1.477e-05   3.075e-05   6.316e-05   1.764e-05  INV_X1
j1_addMult9_MULT_mult_18_U301  1.492e-05   3.001e-05   6.311e-05   1.818e-05  INV_X1
j0_addMult7_MULT_mult_18_U303  1.511e-05   2.998e-05   6.304e-05   1.794e-05  INV_X1
j0_addMult3_MULT_mult_18_U324  2.213e-05   2.163e-05   6.304e-05   1.927e-05  NAND2_X1
j0_addMult9_MULT_mult_18_U297  1.483e-05   3.031e-05   6.284e-05    1.77e-05  INV_X1
j0_addMult3_MULT_mult_18_U314  1.334e-05   3.311e-05   6.283e-05   1.638e-05  INV_X1
j2_mult0_mult_18_U309          1.337e-05   3.285e-05   6.279e-05   1.656e-05  INV_X1
j1_addMult1_MULT_mult_18_U317  1.336e-05   3.304e-05   6.278e-05   1.638e-05  INV_X1
j1_mult0_mult_18_U303          1.481e-05   3.016e-05   6.274e-05   1.776e-05  INV_X1
j0_addMult3_MULT_mult_18_U303  1.489e-05   3.018e-05   6.272e-05   1.764e-05  INV_X1
j0_addMult2_MULT_mult_18_U324  2.066e-05   2.497e-05    6.26e-05   1.697e-05  NAND2_X1
j1_addMult7_MULT_mult_18_U313  1.386e-05   3.784e-05   6.246e-05   1.076e-05  INV_X1
j1_addMult5_MULT_mult_18_U303  1.541e-05    2.92e-05   6.238e-05   1.776e-05  INV_X1
j1_addMult1_MULT_mult_18_U303  1.501e-05    2.94e-05   6.236e-05   1.794e-05  INV_X1
j1_addMult9_MULT_mult_18_U300  1.485e-05   2.922e-05   6.225e-05   1.818e-05  INV_X1
j2_addMult9_MULT_mult_18_U300  1.466e-05   2.964e-05   6.224e-05   1.794e-05  INV_X1
j0_addMult0_MULT_mult_18_U301  1.466e-05   2.964e-05   6.218e-05   1.788e-05  INV_X1
j1_addMult7_MULT_mult_18_U300   1.49e-05   2.932e-05   6.216e-05   1.794e-05  INV_X1
j1_addMult3_MULT_mult_18_U311  1.336e-05   3.252e-05   6.215e-05   1.626e-05  INV_X1
j2_addMult3_MULT_mult_18_U303  1.501e-05   2.907e-05   6.215e-05   1.806e-05  INV_X1
j0_addMult9_MULT_mult_18_U324  2.082e-05   2.345e-05   6.209e-05   1.781e-05  NAND2_X1
j2_addMult7_MULT_mult_18_U309  1.513e-05   3.545e-05    6.19e-05   1.131e-05  INV_X1
j1_addMult1_MULT_mult_18_U324  2.059e-05   2.163e-05   6.189e-05   1.967e-05  NAND2_X1
j1_addMult6_MULT_mult_18_U314  1.335e-05   3.238e-05   6.188e-05   1.614e-05  INV_X1
j2_addMult8_MULT_mult_18_U313  1.369e-05   3.737e-05   6.182e-05   1.076e-05  INV_X1
j1_addMult7_MULT_mult_18_U316  1.339e-05   3.214e-05   6.179e-05   1.626e-05  INV_X1
j2_addMult5_MULT_mult_18_U303  1.482e-05   2.932e-05   6.179e-05   1.764e-05  INV_X1
j2_mult0_mult_18_U310          1.335e-05   3.184e-05   6.175e-05   1.656e-05  INV_X1
j0_mult0_mult_18_U309          1.747e-05   3.288e-05   6.173e-05   1.137e-05  INV_X1
j2_addMult5_MULT_mult_18_U314  1.339e-05   3.196e-05   6.173e-05   1.638e-05  INV_X1
j1_mult0_mult_18_U300           1.48e-05   2.915e-05   6.171e-05   1.776e-05  INV_X1
j2_mult0_mult_18_U297          1.506e-05   2.893e-05    6.17e-05    1.77e-05  INV_X1
j2_addMult9_MULT_mult_18_U301  1.469e-05   2.905e-05   6.168e-05   1.794e-05  INV_X1
j1_addMult7_MULT_mult_18_U317  1.338e-05   3.199e-05   6.164e-05   1.626e-05  INV_X1
j1_addMult4_MULT_mult_18_U313  1.494e-05   3.534e-05   6.159e-05   1.131e-05  INV_X1
j2_addMult6_MULT_mult_18_U313  1.373e-05   3.707e-05   6.156e-05   1.076e-05  INV_X1
j0_addMult9_MULT_mult_18_U299  1.494e-05   2.892e-05   6.156e-05    1.77e-05  INV_X1
j1_addMult4_MULT_mult_18_U311  1.338e-05   3.176e-05   6.152e-05   1.638e-05  INV_X1
j1_addMult7_MULT_mult_18_U324   2.08e-05   2.083e-05    6.15e-05   1.988e-05  NAND2_X1
j1_addMult3_MULT_mult_18_U294   1.55e-05   3.521e-05   6.148e-05   1.076e-05  INV_X1
j0_addMult0_MULT_mult_18_U316  1.335e-05   3.174e-05   6.147e-05   1.638e-05  INV_X1
j0_addMult5_MULT_mult_18_U316  1.339e-05   3.192e-05   6.145e-05   1.614e-05  INV_X1
j2_addMult1_MULT_mult_18_U309  1.746e-05   3.257e-05   6.141e-05   1.137e-05  INV_X1
j1_addMult1_MULT_mult_18_U316  1.337e-05   3.165e-05    6.14e-05   1.638e-05  INV_X1
j2_addMult8_MULT_mult_18_U314  1.346e-05   3.167e-05   6.139e-05   1.626e-05  INV_X1
j1_mult0_mult_18_U301          1.457e-05   2.894e-05   6.127e-05   1.776e-05  INV_X1
j0_addMult9_MULT_mult_18_U300   1.47e-05   2.882e-05   6.123e-05    1.77e-05  INV_X1
j0_addMult5_MULT_mult_18_U311  1.336e-05   3.172e-05   6.122e-05   1.614e-05  INV_X1
j0_addMult9_MULT_mult_18_U310   1.34e-05   3.155e-05   6.121e-05   1.626e-05  INV_X1
j2_mult0_mult_18_U300          1.488e-05   2.862e-05   6.121e-05    1.77e-05  INV_X1
j0_addMult7_MULT_mult_18_U314  1.338e-05   3.122e-05   6.116e-05   1.656e-05  INV_X1
j2_addMult8_MULT_mult_18_U317  1.337e-05   3.148e-05   6.112e-05   1.626e-05  INV_X1
j1_addMult5_MULT_mult_18_U313  1.372e-05    3.66e-05   6.108e-05   1.076e-05  INV_X1
j0_addMult2_MULT_mult_18_U311  1.337e-05   3.135e-05   6.098e-05   1.626e-05  INV_X1
j0_addMult0_MULT_mult_18_U314  1.338e-05   3.121e-05   6.097e-05   1.638e-05  INV_X1
j1_addMult1_MULT_mult_18_U311  1.336e-05    3.12e-05   6.094e-05   1.638e-05  INV_X1
j1_addMult3_MULT_mult_18_U316  1.343e-05   3.124e-05   6.093e-05   1.626e-05  INV_X1
j1_addMult8_MULT_mult_18_U311  1.343e-05   3.093e-05   6.093e-05   1.656e-05  INV_X1
j2_addMult7_MULT_mult_18_U314   1.34e-05   3.137e-05   6.092e-05   1.614e-05  INV_X1
j1_addMult4_MULT_mult_18_U317  1.338e-05   3.111e-05   6.088e-05   1.638e-05  INV_X1
j0_addMult8_MULT_mult_18_U311  1.354e-05    3.12e-05   6.083e-05   1.608e-05  INV_X1
j1_addMult6_MULT_mult_18_U317  1.337e-05   3.128e-05   6.079e-05   1.614e-05  INV_X1
j1_addMult6_MULT_mult_18_U311  1.337e-05   3.122e-05   6.074e-05   1.614e-05  INV_X1
j2_mult0_mult_18_U307          1.336e-05   3.078e-05    6.07e-05   1.656e-05  INV_X1
j0_addMult0_MULT_mult_18_U317  1.337e-05   3.093e-05   6.068e-05   1.638e-05  INV_X1
j2_addMult1_MULT_mult_18_U314  1.341e-05   3.099e-05   6.066e-05   1.626e-05  INV_X1
j2_mult0_mult_18_U306          1.369e-05   3.617e-05   6.062e-05   1.076e-05  INV_X1
j2_addMult4_MULT_mult_18_U316  1.341e-05   3.093e-05    6.06e-05   1.626e-05  INV_X1
j2_addMult2_MULT_mult_18_U316  1.338e-05   3.083e-05   6.059e-05   1.638e-05  INV_X1
j0_addMult3_MULT_mult_18_U317  1.337e-05   3.083e-05   6.059e-05   1.638e-05  INV_X1
j0_addMult2_MULT_mult_18_U317   1.34e-05   3.091e-05   6.058e-05   1.626e-05  INV_X1
j0_addMult9_MULT_mult_18_U309  1.338e-05   3.085e-05   6.049e-05   1.626e-05  INV_X1
j0_addMult9_MULT_mult_18_U307  1.337e-05   3.076e-05    6.04e-05   1.626e-05  INV_X1
j0_addMult2_MULT_mult_18_U314  1.337e-05   3.071e-05   6.034e-05   1.626e-05  INV_X1
j1_addMult0_MULT_mult_18_U309  1.751e-05   3.143e-05   6.031e-05   1.137e-05  INV_X1
j0_addMult9_MULT_mult_18_U303  1.336e-05   3.064e-05   6.027e-05   1.626e-05  INV_X1
j1_addMult7_MULT_mult_18_U311   1.34e-05   3.058e-05   6.025e-05   1.626e-05  INV_X1
j0_addMult0_MULT_mult_18_U324  2.045e-05   2.011e-05   6.023e-05   1.967e-05  NAND2_X1
j1_addMult0_MULT_mult_18_U311  1.341e-05   3.054e-05   6.022e-05   1.626e-05  INV_X1
j2_mult0_mult_18_U303          1.338e-05   3.024e-05   6.019e-05   1.656e-05  INV_X1
j0_addMult2_MULT_mult_18_U313  1.396e-05    3.52e-05    6.01e-05   1.094e-05  INV_X1
j0_addMult4_MULT_mult_18_U313  1.376e-05   3.554e-05   6.007e-05   1.076e-05  INV_X1
j0_addMult6_MULT_mult_18_U316  1.337e-05   3.038e-05   6.002e-05   1.626e-05  INV_X1
j2_mult0_mult_18_U324          2.064e-05   2.158e-05   5.995e-05   1.774e-05  NAND2_X1
j0_addMult9_MULT_mult_18_U306  1.369e-05   3.527e-05    5.99e-05   1.094e-05  INV_X1
j2_mult0_mult_18_U302          1.351e-05   3.449e-05     5.9e-05     1.1e-05  INV_X1
j0_addMult0_MULT_mult_18_U313  1.395e-05   3.406e-05   5.883e-05   1.082e-05  INV_X1
j0_addMult5_MULT_mult_18_U313  1.401e-05    3.39e-05   5.866e-05   1.076e-05  INV_X1
j1_addMult1_MULT_mult_18_U313  1.394e-05    3.38e-05   5.856e-05   1.082e-05  INV_X1
j1_addMult6_MULT_mult_18_U324  2.103e-05   2.011e-05   5.854e-05   1.739e-05  NAND2_X1
j2_addMult4_MULT_mult_18_U313  1.381e-05   3.274e-05   5.748e-05   1.094e-05  INV_X1
j0_addMult5_MULT_mult_18_U294  1.438e-05   3.132e-05   5.702e-05   1.131e-05  INV_X1
j0_addMult8_MULT_mult_18_U309  1.424e-05   3.167e-05   5.643e-05   1.052e-05  INV_X1
j2_addMult5_MULT_mult_18_U294  1.327e-05   3.099e-05   5.532e-05   1.106e-05  INV_X1
j1_addMult7_MULT_mult_18_U309  1.395e-05    2.95e-05   5.451e-05   1.106e-05  INV_X1
j0_addMult1_MULT_mult_18_U309  1.403e-05   2.973e-05    5.44e-05   1.064e-05  INV_X1
j0_addMult1_MULT_mult_18_U294  1.328e-05    2.98e-05   5.379e-05    1.07e-05  INV_X1
j2_addMult7_MULT_mult_18_U294  1.328e-05   2.944e-05    5.36e-05   1.088e-05  INV_X1
j1_addMult5_MULT_mult_18_U294  1.329e-05   2.928e-05   5.351e-05   1.094e-05  INV_X1
j0_addMult7_MULT_mult_18_U294  1.332e-05   2.914e-05   5.346e-05     1.1e-05  INV_X1
j2_addMult1_MULT_mult_18_U294   1.33e-05   2.899e-05   5.329e-05     1.1e-05  INV_X1
j2_addMult3_MULT_mult_18_U294  1.329e-05   2.924e-05   5.317e-05   1.064e-05  INV_X1
j0_addMult3_MULT_mult_18_U294  1.328e-05   2.877e-05   5.311e-05   1.106e-05  INV_X1
j1_addMult9_MULT_mult_18_U309  1.427e-05   2.765e-05   5.245e-05   1.052e-05  INV_X1
j0_addMult7_MULT_mult_18_U309  1.408e-05   2.729e-05   5.213e-05   1.076e-05  INV_X1
j2_addMult9_MULT_mult_18_U309  1.409e-05   2.716e-05   5.201e-05   1.076e-05  INV_X1
j1_mult0_mult_18_U309          1.434e-05   2.626e-05   5.154e-05   1.094e-05  INV_X1
j0_addMult0_MULT_mult_18_U309   1.42e-05   2.645e-05   5.141e-05   1.076e-05  INV_X1
j2_addMult0_MULT_mult_18_U309  1.429e-05   2.577e-05     5.1e-05   1.094e-05  INV_X1
j1_addMult1_MULT_mult_18_U309  1.403e-05   2.533e-05   5.012e-05   1.076e-05  INV_X1
j1_addMult8_MULT_mult_18_U309  1.416e-05   2.446e-05   4.939e-05   1.076e-05  INV_X1
j0_addMult9_MULT_mult_18_U302   1.36e-05   2.441e-05   4.901e-05     1.1e-05  INV_X1
j0_addMult0_ADD_add_16_U1_1            0           0   4.811e-05   4.811e-05  FA_X1
j1_addMult4_ADD_add_16_U1_2            0           0   4.811e-05   4.811e-05  FA_X1
j2_addMult2_ADD_add_16_U1_2            0           0   4.811e-05   4.811e-05  FA_X1
j2_addMult8_ADD_add_16_U1_2            0           0   4.811e-05   4.811e-05  FA_X1
j2_addMult9_ADD_add_16_U1_2            0           0   4.811e-05   4.811e-05  FA_X1
j1_addMult9_ADD_add_16_U1_2            0           0   4.811e-05   4.811e-05  FA_X1
j2_addMult6_ADD_add_16_U1_1            0           0   4.811e-05   4.811e-05  FA_X1
j1_addMult9_ADD_add_16_U1_1            0           0   4.811e-05   4.811e-05  FA_X1
j2_addMult4_ADD_add_16_U1_2            0           0   4.811e-05   4.811e-05  FA_X1
j0_addMult1_ADD_add_16_U1_2            0           0   4.811e-05   4.811e-05  FA_X1
j0_addMult8_ADD_add_16_U1_2            0           0   4.811e-05   4.811e-05  FA_X1
j2_addMult5_ADD_add_16_U1_1            0           0   4.811e-05   4.811e-05  FA_X1
j1_addMult1_ADD_add_16_U1_2            0           0   4.811e-05   4.811e-05  FA_X1
j2_addMult3_ADD_add_16_U1_2            0           0   4.811e-05   4.811e-05  FA_X1
j1_addMult7_ADD_add_16_U1_2            0           0   4.811e-05   4.811e-05  FA_X1
j1_addMult1_ADD_add_16_U1_1            0           0   4.811e-05   4.811e-05  FA_X1
j1_addMult0_ADD_add_16_U1_1            0           0   4.811e-05   4.811e-05  FA_X1
j1_addMult6_ADD_add_16_U1_1            0           0   4.811e-05   4.811e-05  FA_X1
j2_addMult5_ADD_add_16_U1_2            0           0   4.811e-05   4.811e-05  FA_X1
j1_addMult2_ADD_add_16_U1_1            0           0   4.811e-05   4.811e-05  FA_X1
j1_addMult5_ADD_add_16_U1_2            0           0   4.811e-05   4.811e-05  FA_X1
j0_addMult9_ADD_add_16_U1_2            0           0   4.811e-05   4.811e-05  FA_X1
j1_addMult5_ADD_add_16_U1_1            0           0   4.811e-05   4.811e-05  FA_X1
j1_addMult6_ADD_add_16_U1_2            0           0   4.811e-05   4.811e-05  FA_X1
j2_addMult4_ADD_add_16_U1_1            0           0   4.811e-05   4.811e-05  FA_X1
j1_addMult4_ADD_add_16_U1_1            0           0   4.811e-05   4.811e-05  FA_X1
j0_addMult4_ADD_add_16_U1_1            0           0   4.811e-05   4.811e-05  FA_X1
j1_addMult8_ADD_add_16_U1_1            0           0   4.811e-05   4.811e-05  FA_X1
j2_addMult1_ADD_add_16_U1_2            0           0   4.811e-05   4.811e-05  FA_X1
j2_addMult1_ADD_add_16_U1_1            0           0   4.811e-05   4.811e-05  FA_X1
j2_addMult7_ADD_add_16_U1_2            0           0   4.811e-05   4.811e-05  FA_X1
j2_addMult0_ADD_add_16_U1_2            0           0   4.811e-05   4.811e-05  FA_X1
j0_addMult3_ADD_add_16_U1_2            0           0   4.811e-05   4.811e-05  FA_X1
j0_addMult6_ADD_add_16_U1_1            0           0   4.811e-05   4.811e-05  FA_X1
j2_addMult9_ADD_add_16_U1_1            0           0   4.811e-05   4.811e-05  FA_X1
j0_addMult6_ADD_add_16_U1_2            0           0   4.811e-05   4.811e-05  FA_X1
j2_addMult7_ADD_add_16_U1_1            0           0   4.811e-05   4.811e-05  FA_X1
j0_addMult0_ADD_add_16_U1_2            0           0   4.811e-05   4.811e-05  FA_X1
j0_addMult2_ADD_add_16_U1_1            0           0   4.811e-05   4.811e-05  FA_X1
j0_addMult1_ADD_add_16_U1_1            0           0   4.811e-05   4.811e-05  FA_X1
j2_addMult6_ADD_add_16_U1_2            0           0   4.811e-05   4.811e-05  FA_X1
j2_addMult8_ADD_add_16_U1_1            0           0   4.811e-05   4.811e-05  FA_X1
j0_addMult3_ADD_add_16_U1_1            0           0   4.811e-05   4.811e-05  FA_X1
j0_addMult2_ADD_add_16_U1_2            0           0   4.811e-05   4.811e-05  FA_X1
j1_addMult8_ADD_add_16_U1_2            0           0   4.811e-05   4.811e-05  FA_X1
j2_addMult0_ADD_add_16_U1_1            0           0   4.811e-05   4.811e-05  FA_X1
j2_addMult3_ADD_add_16_U1_1            0           0   4.811e-05   4.811e-05  FA_X1
j1_addMult3_ADD_add_16_U1_1            0           0   4.811e-05   4.811e-05  FA_X1
j1_addMult2_ADD_add_16_U1_2            0           0   4.811e-05   4.811e-05  FA_X1
j1_addMult3_ADD_add_16_U1_2            0           0   4.811e-05   4.811e-05  FA_X1
j1_addMult7_ADD_add_16_U1_1            0           0   4.811e-05   4.811e-05  FA_X1
j0_addMult7_ADD_add_16_U1_1            0           0   4.811e-05   4.811e-05  FA_X1
j0_addMult9_ADD_add_16_U1_1            0           0   4.811e-05   4.811e-05  FA_X1
j0_addMult7_ADD_add_16_U1_2            0           0   4.811e-05   4.811e-05  FA_X1
j0_addMult5_ADD_add_16_U1_2            0           0   4.811e-05   4.811e-05  FA_X1
j0_addMult4_ADD_add_16_U1_2            0           0   4.811e-05   4.811e-05  FA_X1
j0_addMult8_ADD_add_16_U1_1            0           0   4.811e-05   4.811e-05  FA_X1
j1_addMult0_ADD_add_16_U1_2            0           0   4.811e-05   4.811e-05  FA_X1
j0_addMult5_ADD_add_16_U1_1            0           0   4.811e-05   4.811e-05  FA_X1
j2_addMult2_ADD_add_16_U1_1            0           0   4.811e-05   4.811e-05  FA_X1
j0_addMult2_MULT_mult_18_U457          0           0   4.351e-05   4.351e-05  OAI21_X1
j2_addMult4_MULT_mult_18_U457          0           0   4.351e-05   4.351e-05  OAI21_X1
j1_addMult3_MULT_mult_18_U457          0           0   4.351e-05   4.351e-05  OAI21_X1
j2_addMult4_MULT_mult_18_U461          0           0   4.332e-05   4.332e-05  OAI21_X1
j0_addMult2_MULT_mult_18_U461          0           0   4.332e-05   4.332e-05  OAI21_X1
j0_addMult9_MULT_mult_18_U461          0           0   4.332e-05   4.332e-05  OAI21_X1
j1_addMult3_MULT_mult_18_U461          0           0   4.332e-05   4.332e-05  OAI21_X1
j1_addMult8_MULT_mult_18_U461          0           0   4.313e-05   4.313e-05  OAI21_X1
j2_addMult9_MULT_mult_18_U461          0           0   4.313e-05   4.313e-05  OAI21_X1
j2_addMult2_MULT_mult_18_U457          0           0   4.295e-05   4.295e-05  OAI21_X1
j0_addMult0_MULT_mult_18_U457          0           0   4.295e-05   4.295e-05  OAI21_X1
j0_addMult8_MULT_mult_18_U461          0           0   4.295e-05   4.295e-05  OAI21_X1
j1_addMult9_MULT_mult_18_U461          0           0   4.295e-05   4.295e-05  OAI21_X1
j0_addMult9_MULT_mult_18_U457          0           0   4.285e-05   4.285e-05  OAI21_X1
j2_addMult9_MULT_mult_18_U457          0           0   4.266e-05   4.266e-05  OAI21_X1
j1_addMult5_MULT_mult_18_U457          0           0   4.266e-05   4.266e-05  OAI21_X1
j2_addMult6_MULT_mult_18_U457          0           0   4.266e-05   4.266e-05  OAI21_X1
j0_addMult4_MULT_mult_18_U457          0           0   4.266e-05   4.266e-05  OAI21_X1
j1_addMult8_MULT_mult_18_U457          0           0   4.266e-05   4.266e-05  OAI21_X1
j2_addMult8_MULT_mult_18_U457          0           0   4.257e-05   4.257e-05  OAI21_X1
j0_addMult6_MULT_mult_18_U457          0           0   4.257e-05   4.257e-05  OAI21_X1
j0_addMult5_MULT_mult_18_U457          0           0   4.256e-05   4.256e-05  OAI21_X1
j1_addMult6_MULT_mult_18_U457          0           0   4.256e-05   4.256e-05  OAI21_X1
j2_addMult0_MULT_mult_18_U457          0           0   4.248e-05   4.248e-05  OAI21_X1
j1_mult0_mult_18_U457                  0           0   4.248e-05   4.248e-05  OAI21_X1
j0_mult0_mult_18_U457                  0           0   4.246e-05   4.246e-05  OAI21_X1
j2_addMult2_MULT_mult_18_U461          0           0   4.246e-05   4.246e-05  OAI21_X1
j0_addMult0_MULT_mult_18_U461          0           0   4.246e-05   4.246e-05  OAI21_X1
j1_addMult0_MULT_mult_18_U457          0           0   4.246e-05   4.246e-05  OAI21_X1
j1_addMult2_MULT_mult_18_U461          0           0   4.237e-05   4.237e-05  OAI21_X1
j2_addMult3_MULT_mult_18_U461          0           0   4.237e-05   4.237e-05  OAI21_X1
j2_addMult8_MULT_mult_18_U461          0           0   4.228e-05   4.228e-05  OAI21_X1
j0_addMult6_MULT_mult_18_U461          0           0   4.228e-05   4.228e-05  OAI21_X1
j0_mult0_mult_18_U461                  0           0   4.218e-05   4.218e-05  OAI21_X1
j1_addMult0_MULT_mult_18_U461          0           0   4.218e-05   4.218e-05  OAI21_X1
j2_mult0_mult_18_U457                  0           0   4.209e-05   4.209e-05  OAI21_X1
j1_addMult9_MULT_mult_18_U457          0           0   4.199e-05   4.199e-05  OAI21_X1
j0_addMult3_MULT_mult_18_U457          0           0   4.199e-05   4.199e-05  OAI21_X1
j2_addMult5_MULT_mult_18_U457          0           0   4.199e-05   4.199e-05  OAI21_X1
j1_addMult4_MULT_mult_18_U457          0           0   4.199e-05   4.199e-05  OAI21_X1
j0_addMult8_MULT_mult_18_U457          0           0   4.199e-05   4.199e-05  OAI21_X1
j1_addMult1_MULT_mult_18_U483          0           0   4.196e-05   4.196e-05  MUX2_X1
j0_addMult1_MULT_mult_18_U483          0           0   4.196e-05   4.196e-05  MUX2_X1
j1_addMult7_MULT_mult_18_U483          0           0   4.196e-05   4.196e-05  MUX2_X1
j0_addMult7_MULT_mult_18_U483          0           0   4.196e-05   4.196e-05  MUX2_X1
j2_addMult1_MULT_mult_18_U483          0           0   4.196e-05   4.196e-05  MUX2_X1
j2_addMult7_MULT_mult_18_U483          0           0   4.196e-05   4.196e-05  MUX2_X1
j1_addMult4_MULT_mult_18_U461          0           0   4.181e-05   4.181e-05  OAI21_X1
j0_addMult3_MULT_mult_18_U461          0           0   4.181e-05   4.181e-05  OAI21_X1
j2_addMult5_MULT_mult_18_U461          0           0   4.181e-05   4.181e-05  OAI21_X1
j2_addMult6_MULT_mult_18_U461          0           0   4.171e-05   4.171e-05  OAI21_X1
j0_addMult5_MULT_mult_18_U461          0           0   4.171e-05   4.171e-05  OAI21_X1
j1_mult0_mult_18_U461                  0           0   4.171e-05   4.171e-05  OAI21_X1
j0_addMult4_MULT_mult_18_U461          0           0   4.171e-05   4.171e-05  OAI21_X1
j1_addMult6_MULT_mult_18_U461          0           0   4.171e-05   4.171e-05  OAI21_X1
j2_addMult0_MULT_mult_18_U461          0           0   4.171e-05   4.171e-05  OAI21_X1
j1_addMult5_MULT_mult_18_U461          0           0   4.171e-05   4.171e-05  OAI21_X1
j2_mult0_mult_18_U461                  0           0   4.162e-05   4.162e-05  OAI21_X1
j1_addMult2_MULT_mult_18_U457          0           0   4.153e-05   4.153e-05  OAI21_X1
j2_addMult3_MULT_mult_18_U457          0           0   4.153e-05   4.153e-05  OAI21_X1
j0_mult0_mult_18_U483                  0           0   3.776e-05   3.776e-05  MUX2_X1
j2_addMult4_MULT_mult_18_U483          0           0   3.776e-05   3.776e-05  MUX2_X1
j1_addMult9_MULT_mult_18_U483          0           0   3.776e-05   3.776e-05  MUX2_X1
j0_addMult4_MULT_mult_18_U483          0           0   3.776e-05   3.776e-05  MUX2_X1
j1_mult0_mult_18_U483                  0           0   3.776e-05   3.776e-05  MUX2_X1
j2_addMult9_MULT_mult_18_U483          0           0   3.776e-05   3.776e-05  MUX2_X1
j1_addMult4_MULT_mult_18_U483          0           0   3.776e-05   3.776e-05  MUX2_X1
j0_addMult9_MULT_mult_18_U483          0           0   3.776e-05   3.776e-05  MUX2_X1
j2_mult0_mult_18_U483                  0           0   3.776e-05   3.776e-05  MUX2_X1
FE_DBTC75_C0_0                         0           0   3.721e-05   3.721e-05  INV_X2
FE_DBTC73_C1_0                         0           0   3.721e-05   3.721e-05  INV_X2
FE_DBTC61_C7_0                         0           0   3.721e-05   3.721e-05  INV_X2
j2_addMult3_MULT_mult_18_U472          0           0   3.637e-05   3.637e-05  AOI222_X1
j0_addMult3_MULT_mult_18_U472          0           0   3.606e-05   3.606e-05  AOI222_X1
j2_addMult5_MULT_mult_18_U472          0           0   3.606e-05   3.606e-05  AOI222_X1
j0_addMult5_MULT_mult_18_U472          0           0   3.493e-05   3.493e-05  AOI222_X1
j1_addMult5_MULT_mult_18_U472          0           0   3.395e-05   3.395e-05  AOI222_X1
j1_addMult3_MULT_mult_18_U472          0           0   3.185e-05   3.185e-05  AOI222_X1
j1_addMult6_MULT_mult_18_U474          0           0    2.86e-05    2.86e-05  AOI222_X1
j2_addMult4_MULT_mult_18_U458          0           0   2.821e-05   2.821e-05  OR3_X1
j0_addMult2_MULT_mult_18_U458          0           0   2.821e-05   2.821e-05  OR3_X1
j1_addMult3_MULT_mult_18_U458          0           0   2.821e-05   2.821e-05  OR3_X1
j1_addMult8_MULT_mult_18_U458          0           0   2.791e-05   2.791e-05  OR3_X1
j2_addMult9_MULT_mult_18_U458          0           0   2.791e-05   2.791e-05  OR3_X1
j0_addMult0_MULT_mult_18_U458          0           0   2.782e-05   2.782e-05  OR3_X1
j2_addMult2_MULT_mult_18_U458          0           0   2.782e-05   2.782e-05  OR3_X1
j0_addMult9_MULT_mult_18_U458          0           0   2.782e-05   2.782e-05  OR3_X1
j2_addMult8_MULT_mult_18_U458          0           0   2.781e-05   2.781e-05  OR3_X1
j0_addMult6_MULT_mult_18_U458          0           0   2.781e-05   2.781e-05  OR3_X1
j0_addMult5_MULT_mult_18_U458          0           0   2.781e-05   2.781e-05  OR3_X1
j1_addMult6_MULT_mult_18_U458          0           0   2.781e-05   2.781e-05  OR3_X1
j1_addMult5_MULT_mult_18_U458          0           0   2.772e-05   2.772e-05  OR3_X1
j2_addMult6_MULT_mult_18_U458          0           0   2.772e-05   2.772e-05  OR3_X1
j0_addMult4_MULT_mult_18_U458          0           0   2.772e-05   2.772e-05  OR3_X1
j0_addMult7_MULT_mult_18_U378          0           0   2.762e-05   2.762e-05  NOR2_X1
j2_mult0_mult_18_U458                  0           0    2.76e-05    2.76e-05  OR3_X1
j1_addMult0_MULT_mult_18_U458          0           0   2.756e-05   2.756e-05  OR3_X1
j0_mult0_mult_18_U458                  0           0   2.756e-05   2.756e-05  OR3_X1
j2_addMult7_MULT_mult_18_U378          0           0   2.753e-05   2.753e-05  NOR2_X1
j1_addMult7_MULT_mult_18_U378          0           0   2.753e-05   2.753e-05  NOR2_X1
j2_addMult0_MULT_mult_18_U458          0           0   2.747e-05   2.747e-05  OR3_X1
j1_mult0_mult_18_U458                  0           0   2.747e-05   2.747e-05  OR3_X1
j0_addMult8_MULT_mult_18_U458          0           0   2.726e-05   2.726e-05  OR3_X1
j1_addMult9_MULT_mult_18_U458          0           0   2.726e-05   2.726e-05  OR3_X1
j1_addMult2_MULT_mult_18_U474          0           0   2.719e-05   2.719e-05  AOI222_X1
j1_addMult9_MULT_mult_18_U474          0           0   2.716e-05   2.716e-05  AOI222_X1
j1_addMult1_MULT_mult_18_U378          0           0   2.715e-05   2.715e-05  NOR2_X1
j2_addMult1_MULT_mult_18_U378          0           0   2.715e-05   2.715e-05  NOR2_X1
j0_addMult3_MULT_mult_18_U458          0           0   2.691e-05   2.691e-05  OR3_X1
j2_addMult5_MULT_mult_18_U458          0           0   2.691e-05   2.691e-05  OR3_X1
j1_addMult4_MULT_mult_18_U458          0           0   2.691e-05   2.691e-05  OR3_X1
j2_addMult6_MULT_mult_18_U466          0           0   2.688e-05   2.688e-05  OR3_X1
j1_addMult5_MULT_mult_18_U466          0           0   2.688e-05   2.688e-05  OR3_X1
j0_addMult4_MULT_mult_18_U466          0           0   2.688e-05   2.688e-05  OR3_X1
j1_addMult3_MULT_mult_18_U466          0           0   2.683e-05   2.683e-05  OR3_X1
j0_addMult2_MULT_mult_18_U466          0           0   2.683e-05   2.683e-05  OR3_X1
j2_addMult4_MULT_mult_18_U466          0           0   2.683e-05   2.683e-05  OR3_X1
j0_addMult6_MULT_mult_18_U474          0           0   2.677e-05   2.677e-05  AOI222_X1
j2_addMult2_MULT_mult_18_U474          0           0   2.661e-05   2.661e-05  AOI222_X1
j1_addMult6_MULT_mult_18_U466          0           0   2.653e-05   2.653e-05  OR3_X1
j0_addMult5_MULT_mult_18_U466          0           0   2.653e-05   2.653e-05  OR3_X1
j1_mult0_mult_18_U466                  0           0   2.649e-05   2.649e-05  OR3_X1
j2_addMult0_MULT_mult_18_U466          0           0   2.649e-05   2.649e-05  OR3_X1
j1_addMult8_MULT_mult_18_U466          0           0   2.649e-05   2.649e-05  OR3_X1
j2_addMult9_MULT_mult_18_U466          0           0   2.649e-05   2.649e-05  OR3_X1
j0_addMult0_MULT_mult_18_U466          0           0   2.644e-05   2.644e-05  OR3_X1
j2_addMult2_MULT_mult_18_U466          0           0   2.644e-05   2.644e-05  OR3_X1
j0_addMult6_MULT_mult_18_U466          0           0   2.644e-05   2.644e-05  OR3_X1
j2_addMult8_MULT_mult_18_U466          0           0   2.644e-05   2.644e-05  OR3_X1
j0_addMult9_MULT_mult_18_U474          0           0   2.641e-05   2.641e-05  AOI222_X1
j2_addMult3_MULT_mult_18_U458          0           0   2.632e-05   2.632e-05  OR3_X1
j1_addMult2_MULT_mult_18_U458          0           0   2.632e-05   2.632e-05  OR3_X1
j2_mult0_mult_18_U466                  0           0   2.629e-05   2.629e-05  OR3_X1
j2_addMult3_MULT_mult_18_U477          0           0   2.627e-05   2.627e-05  AOI222_X1
j0_mult0_mult_18_U466                  0           0   2.618e-05   2.618e-05  OR3_X1
j1_addMult0_MULT_mult_18_U466          0           0   2.618e-05   2.618e-05  OR3_X1
j0_addMult8_MULT_mult_18_U466          0           0   2.614e-05   2.614e-05  OR3_X1
j1_addMult9_MULT_mult_18_U466          0           0   2.614e-05   2.614e-05  OR3_X1
j2_addMult6_MULT_mult_18_U474          0           0   2.603e-05   2.603e-05  AOI222_X1
j0_addMult3_MULT_mult_18_U466          0           0   2.594e-05   2.594e-05  OR3_X1
j2_addMult5_MULT_mult_18_U466          0           0   2.594e-05   2.594e-05  OR3_X1
j1_addMult4_MULT_mult_18_U466          0           0   2.594e-05   2.594e-05  OR3_X1
j2_addMult3_MULT_mult_18_U466          0           0    2.58e-05    2.58e-05  OR3_X1
j1_addMult2_MULT_mult_18_U466          0           0    2.58e-05    2.58e-05  OR3_X1
j0_addMult1_MULT_mult_18_U378          0           0   2.573e-05   2.573e-05  NOR2_X1
j1_addMult3_MULT_mult_18_U462          0           0    2.56e-05    2.56e-05  OR3_X1
j2_addMult4_MULT_mult_18_U462          0           0    2.56e-05    2.56e-05  OR3_X1
j0_addMult2_MULT_mult_18_U462          0           0    2.56e-05    2.56e-05  OR3_X1
j0_addMult9_MULT_mult_18_U466          0           0   2.559e-05   2.559e-05  OR3_X1
j1_addMult8_MULT_mult_18_U462          0           0   2.541e-05   2.541e-05  OR3_X1
j2_addMult9_MULT_mult_18_U462          0           0   2.541e-05   2.541e-05  OR3_X1
j1_addMult2_MULT_mult_18_U472          0           0   2.534e-05   2.534e-05  AOI222_X1
j0_addMult9_MULT_mult_18_U462          0           0    2.53e-05    2.53e-05  OR3_X1
j1_addMult2_MULT_mult_18_U462          0           0   2.526e-05   2.526e-05  OR3_X1
j2_addMult3_MULT_mult_18_U462          0           0   2.526e-05   2.526e-05  OR3_X1
j0_addMult7_MULT_mult_18_U424          0           0   2.519e-05   2.519e-05  NOR2_X1
j0_addMult8_MULT_mult_18_U462          0           0   2.501e-05   2.501e-05  OR3_X1
j1_addMult9_MULT_mult_18_U462          0           0   2.501e-05   2.501e-05  OR3_X1
j0_addMult2_MULT_mult_18_U474          0           0   2.491e-05   2.491e-05  AOI222_X1
j2_addMult9_MULT_mult_18_U474          0           0   2.488e-05   2.488e-05  AOI222_X1
j0_addMult0_MULT_mult_18_U462          0           0   2.486e-05   2.486e-05  OR3_X1
j2_addMult2_MULT_mult_18_U462          0           0   2.486e-05   2.486e-05  OR3_X1
j1_addMult4_MULT_mult_18_U462          0           0   2.473e-05   2.473e-05  OR3_X1
j2_addMult5_MULT_mult_18_U462          0           0   2.473e-05   2.473e-05  OR3_X1
j0_addMult3_MULT_mult_18_U462          0           0   2.473e-05   2.473e-05  OR3_X1
j1_addMult7_MULT_mult_18_U424          0           0   2.472e-05   2.472e-05  NOR2_X1
j1_addMult1_MULT_mult_18_U424          0           0   2.472e-05   2.472e-05  NOR2_X1
j1_addMult0_MULT_mult_18_U462          0           0   2.462e-05   2.462e-05  OR3_X1
j0_mult0_mult_18_U462                  0           0   2.462e-05   2.462e-05  OR3_X1
j2_mult0_mult_18_U462                  0           0   2.453e-05   2.453e-05  OR3_X1
j2_addMult7_MULT_mult_18_U424          0           0   2.442e-05   2.442e-05  NOR2_X1
j2_addMult6_MULT_mult_18_U462          0           0   2.438e-05   2.438e-05  OR3_X1
j0_addMult4_MULT_mult_18_U462          0           0   2.438e-05   2.438e-05  OR3_X1
j1_addMult5_MULT_mult_18_U462          0           0   2.438e-05   2.438e-05  OR3_X1
j2_addMult8_MULT_mult_18_U462          0           0   2.437e-05   2.437e-05  OR3_X1
j0_addMult6_MULT_mult_18_U462          0           0   2.437e-05   2.437e-05  OR3_X1
j0_addMult5_MULT_mult_18_U462          0           0   2.433e-05   2.433e-05  OR3_X1
j1_addMult6_MULT_mult_18_U462          0           0   2.433e-05   2.433e-05  OR3_X1
j2_addMult0_MULT_mult_18_U462          0           0   2.428e-05   2.428e-05  OR3_X1
j1_mult0_mult_18_U462                  0           0   2.428e-05   2.428e-05  OR3_X1
j0_addMult1_MULT_mult_18_U424          0           0   2.396e-05   2.396e-05  NOR2_X1
j0_addMult3_MULT_mult_18_U477          0           0    2.39e-05    2.39e-05  AOI222_X1
j2_addMult5_MULT_mult_18_U477          0           0    2.39e-05    2.39e-05  AOI222_X1
j1_addMult5_MULT_mult_18_U477          0           0   2.382e-05   2.382e-05  AOI222_X1
j2_addMult1_MULT_mult_18_U424          0           0   2.377e-05   2.377e-05  NOR2_X1
j1_mult0_mult_18_U474                  0           0   2.354e-05   2.354e-05  AOI222_X1
j0_mult0_mult_18_U474                  0           0   2.339e-05   2.339e-05  AOI222_X1
j1_addMult9_MULT_mult_18_U475          0           0   2.312e-05   2.312e-05  AOI222_X1
j1_addMult3_MULT_mult_18_U477          0           0   2.303e-05   2.303e-05  AOI222_X1
j2_mult0_mult_18_U474                  0           0   2.294e-05   2.294e-05  AOI222_X1
j0_addMult7_MULT_mult_18_U447          0           0   2.285e-05   2.285e-05  NOR2_X1
j0_addMult1_MULT_mult_18_U401          0           0   2.285e-05   2.285e-05  NOR2_X1
j2_addMult1_MULT_mult_18_U447          0           0   2.275e-05   2.275e-05  NOR2_X1
j2_addMult7_MULT_mult_18_U447          0           0   2.275e-05   2.275e-05  NOR2_X1
j0_addMult5_MULT_mult_18_U477          0           0   2.249e-05   2.249e-05  AOI222_X1
j0_addMult7_MULT_mult_18_U401          0           0   2.238e-05   2.238e-05  NOR2_X1
j1_addMult1_MULT_mult_18_U447          0           0   2.199e-05   2.199e-05  NOR2_X1
j1_addMult1_MULT_mult_18_U401          0           0   2.199e-05   2.199e-05  NOR2_X1
j1_addMult7_MULT_mult_18_U447          0           0   2.199e-05   2.199e-05  NOR2_X1
j2_addMult1_MULT_mult_18_U401          0           0    2.18e-05    2.18e-05  NOR2_X1
j1_mult0_mult_18_U475                  0           0   2.175e-05   2.175e-05  AOI222_X1
j2_addMult7_MULT_mult_18_U401          0           0   2.171e-05   2.171e-05  NOR2_X1
j2_addMult0_MULT_mult_18_U478          0           0   2.154e-05   2.154e-05  AOI222_X1
j2_addMult6_MULT_mult_18_U472          0           0   2.151e-05   2.151e-05  AOI222_X1
j1_addMult7_MULT_mult_18_U401          0           0   2.124e-05   2.124e-05  NOR2_X1
j2_addMult2_MULT_mult_18_U472          0           0   2.093e-05   2.093e-05  AOI222_X1
j0_addMult1_MULT_mult_18_U447          0           0   2.077e-05   2.077e-05  NOR2_X1
j2_addMult9_MULT_mult_18_U475          0           0   2.059e-05   2.059e-05  AOI222_X1
j1_addMult6_MULT_mult_18_U472          0           0   2.055e-05   2.055e-05  AOI222_X1
j0_addMult9_MULT_mult_18_U475          0           0    2.04e-05    2.04e-05  AOI222_X1
FE_DBTC59_C8_0                         0           0    2.02e-05    2.02e-05  INV_X2
FE_DBTC71_C2_0                         0           0    2.02e-05    2.02e-05  INV_X2
j2_addMult7_MULT_mult_18_U477          0           0   1.969e-05   1.969e-05  AOI222_X1
j0_addMult6_MULT_mult_18_U472          0           0   1.952e-05   1.952e-05  AOI222_X1
j2_mult0_mult_18_U475                  0           0   1.932e-05   1.932e-05  AOI222_X1
j0_mult0_mult_18_U475                  0           0   1.931e-05   1.931e-05  AOI222_X1
j0_addMult0_MULT_mult_18_U478          0           0   1.906e-05   1.906e-05  AOI222_X1
j1_addMult1_MULT_mult_18_U477          0           0   1.901e-05   1.901e-05  AOI222_X1
j0_addMult2_MULT_mult_18_U472          0           0   1.892e-05   1.892e-05  AOI222_X1
j2_addMult8_MULT_mult_18_U478          0           0   1.887e-05   1.887e-05  AOI222_X1
j1_addMult7_MULT_mult_18_U477          0           0   1.884e-05   1.884e-05  AOI222_X1
j1_mult0_mult_18_U297                  0           0    1.86e-05    1.86e-05  INV_X1
j2_mult0_mult_18_U298                  0           0    1.86e-05    1.86e-05  INV_X1
j2_mult0_mult_18_U295                  0           0    1.86e-05    1.86e-05  INV_X1
j0_addMult5_MULT_mult_18_U301          0           0    1.86e-05    1.86e-05  INV_X1
j1_mult0_mult_18_U298                  0           0    1.86e-05    1.86e-05  INV_X1
j1_mult0_mult_18_U304                  0           0    1.86e-05    1.86e-05  INV_X1
j0_addMult1_MULT_mult_18_U301          0           0    1.86e-05    1.86e-05  INV_X1
j0_addMult9_MULT_mult_18_U294          0           0    1.86e-05    1.86e-05  INV_X1
FE_DBTC76_C0_1                         0           0    1.86e-05    1.86e-05  INV_X1
FE_DBTC74_C1_1                         0           0    1.86e-05    1.86e-05  INV_X1
FE_DBTC72_C2_1                         0           0    1.86e-05    1.86e-05  INV_X1
j0_addMult9_MULT_mult_18_U295          0           0    1.86e-05    1.86e-05  INV_X1
j2_addMult2_MULT_mult_18_U297          0           0    1.86e-05    1.86e-05  INV_X1
j2_addMult1_MULT_mult_18_U304          0           0    1.86e-05    1.86e-05  INV_X1
j2_addMult1_MULT_mult_18_U301          0           0    1.86e-05    1.86e-05  INV_X1
FE_DBTC69_C3_0                         0           0    1.86e-05    1.86e-05  INV_X1
j0_addMult4_MULT_mult_18_U303          0           0    1.86e-05    1.86e-05  INV_X1
j2_addMult3_MULT_mult_18_U301          0           0    1.86e-05    1.86e-05  INV_X1
j1_addMult6_MULT_mult_18_U297          0           0    1.86e-05    1.86e-05  INV_X1
j1_addMult1_MULT_mult_18_U304          0           0    1.86e-05    1.86e-05  INV_X1
j1_addMult1_MULT_mult_18_U301          0           0    1.86e-05    1.86e-05  INV_X1
j2_addMult9_MULT_mult_18_U297          0           0    1.86e-05    1.86e-05  INV_X1
j2_addMult9_MULT_mult_18_U298          0           0    1.86e-05    1.86e-05  INV_X1
j2_addMult6_MULT_mult_18_U297          0           0    1.86e-05    1.86e-05  INV_X1
j2_addMult9_MULT_mult_18_U304          0           0    1.86e-05    1.86e-05  INV_X1
j2_addMult0_MULT_mult_18_U303          0           0    1.86e-05    1.86e-05  INV_X1
j0_addMult8_MULT_mult_18_U303          0           0    1.86e-05    1.86e-05  INV_X1
j1_addMult8_MULT_mult_18_U303          0           0    1.86e-05    1.86e-05  INV_X1
j2_mult0_mult_18_U294                  0           0    1.86e-05    1.86e-05  INV_X1
j0_addMult4_MULT_mult_18_U304          0           0    1.86e-05    1.86e-05  INV_X1
j0_addMult7_MULT_mult_18_U301          0           0    1.86e-05    1.86e-05  INV_X1
j0_addMult7_MULT_mult_18_U304          0           0    1.86e-05    1.86e-05  INV_X1
j1_addMult0_MULT_mult_18_U303          0           0    1.86e-05    1.86e-05  INV_X1
j2_addMult5_MULT_mult_18_U301          0           0    1.86e-05    1.86e-05  INV_X1
j2_addMult4_MULT_mult_18_U303          0           0    1.86e-05    1.86e-05  INV_X1
j2_addMult4_MULT_mult_18_U304          0           0    1.86e-05    1.86e-05  INV_X1
j2_addMult8_MULT_mult_18_U303          0           0    1.86e-05    1.86e-05  INV_X1
j2_addMult7_MULT_mult_18_U304          0           0    1.86e-05    1.86e-05  INV_X1
j0_addMult1_MULT_mult_18_U304          0           0    1.86e-05    1.86e-05  INV_X1
FE_DBTC58_C9_1                         0           0    1.86e-05    1.86e-05  INV_X1
j1_addMult4_MULT_mult_18_U303          0           0    1.86e-05    1.86e-05  INV_X1
j1_addMult9_MULT_mult_18_U304          0           0    1.86e-05    1.86e-05  INV_X1
j0_mult0_mult_18_U297                  0           0    1.86e-05    1.86e-05  INV_X1
j1_addMult4_MULT_mult_18_U304          0           0    1.86e-05    1.86e-05  INV_X1
j0_addMult0_MULT_mult_18_U303          0           0    1.86e-05    1.86e-05  INV_X1
FE_DBTC55_C10_0                        0           0    1.86e-05    1.86e-05  INV_X1
FE_DBTC56_C10_1                        0           0    1.86e-05    1.86e-05  INV_X1
j2_addMult7_MULT_mult_18_U301          0           0    1.86e-05    1.86e-05  INV_X1
FE_DBTC57_C9_0                         0           0    1.86e-05    1.86e-05  INV_X1
j1_addMult2_MULT_mult_18_U297          0           0    1.86e-05    1.86e-05  INV_X1
FE_DBTC67_C4_0                         0           0    1.86e-05    1.86e-05  INV_X1
j1_addMult7_MULT_mult_18_U304          0           0    1.86e-05    1.86e-05  INV_X1
FE_DBTC60_C8_1                         0           0    1.86e-05    1.86e-05  INV_X1
j1_addMult5_MULT_mult_18_U301          0           0    1.86e-05    1.86e-05  INV_X1
j0_addMult2_MULT_mult_18_U297          0           0    1.86e-05    1.86e-05  INV_X1
FE_DBTC63_C6_0                         0           0    1.86e-05    1.86e-05  INV_X1
FE_DBTC65_C5_0                         0           0    1.86e-05    1.86e-05  INV_X1
FE_DBTC66_C5_1                         0           0    1.86e-05    1.86e-05  INV_X1
j1_addMult3_MULT_mult_18_U301          0           0    1.86e-05    1.86e-05  INV_X1
j1_addMult7_MULT_mult_18_U301          0           0    1.86e-05    1.86e-05  INV_X1
j1_addMult9_MULT_mult_18_U297          0           0    1.86e-05    1.86e-05  INV_X1
j1_addMult9_MULT_mult_18_U298          0           0    1.86e-05    1.86e-05  INV_X1
j0_mult0_mult_18_U304                  0           0    1.86e-05    1.86e-05  INV_X1
j0_addMult3_MULT_mult_18_U301          0           0    1.86e-05    1.86e-05  INV_X1
j0_addMult9_MULT_mult_18_U298          0           0    1.86e-05    1.86e-05  INV_X1
j0_mult0_mult_18_U298                  0           0    1.86e-05    1.86e-05  INV_X1
j0_addMult6_MULT_mult_18_U297          0           0    1.86e-05    1.86e-05  INV_X1
j1_addMult8_MULT_mult_18_U478          0           0   1.851e-05   1.851e-05  AOI222_X1
j0_addMult7_MULT_mult_18_U477          0           0   1.846e-05   1.846e-05  AOI222_X1
j0_addMult8_MULT_mult_18_U478          0           0   1.845e-05   1.845e-05  AOI222_X1
j0_addMult1_MULT_mult_18_U477          0           0    1.83e-05    1.83e-05  AOI222_X1
j1_addMult0_MULT_mult_18_U478          0           0   1.784e-05   1.784e-05  AOI222_X1
j2_addMult1_MULT_mult_18_U477          0           0   1.783e-05   1.783e-05  AOI222_X1
j1_addMult4_MULT_mult_18_U478          0           0   1.661e-05   1.661e-05  AOI222_X1
j2_addMult4_MULT_mult_18_U478          0           0   1.596e-05   1.596e-05  AOI222_X1
j0_addMult4_MULT_mult_18_U478          0           0   1.509e-05   1.509e-05  AOI222_X1
j2_addMult3_MULT_mult_18_U459          0           0   1.254e-05   1.254e-05  NAND2_X1
j1_addMult2_MULT_mult_18_U459          0           0   1.254e-05   1.254e-05  NAND2_X1
j0_addMult1_MULT_mult_18_U459          0           0   1.254e-05   1.254e-05  NAND2_X1
j0_addMult3_MULT_mult_18_U459          0           0   1.124e-05   1.124e-05  NAND2_X1
j1_addMult4_MULT_mult_18_U459          0           0   1.124e-05   1.124e-05  NAND2_X1
j2_addMult5_MULT_mult_18_U459          0           0   1.124e-05   1.124e-05  NAND2_X1
j2_mult0_mult_18_U484                  0           0    1.05e-05    1.05e-05  NAND3_X1
j0_addMult9_MULT_mult_18_U463          0           0   1.047e-05   1.047e-05  NAND2_X1
j0_mult0_mult_18_U463                  0           0   1.042e-05   1.042e-05  NAND2_X1
j2_addMult1_MULT_mult_18_U463          0           0   1.042e-05   1.042e-05  NAND2_X1
j1_addMult0_MULT_mult_18_U463          0           0   1.042e-05   1.042e-05  NAND2_X1
j1_mult0_mult_18_U484                  0           0    1.04e-05    1.04e-05  NAND3_X1
j2_addMult3_MULT_mult_18_U480          0           0   1.031e-05   1.031e-05  NAND3_X1
j1_addMult2_MULT_mult_18_U480          0           0   1.031e-05   1.031e-05  NAND3_X1
j2_addMult0_MULT_mult_18_U484          0           0   1.014e-05   1.014e-05  NAND3_X1
FE_DBTC68_C4_1                         0           0    1.01e-05    1.01e-05  INV_X1
FE_DBTC64_C6_1                         0           0    1.01e-05    1.01e-05  INV_X1
FE_DBTC62_C7_1                         0           0    1.01e-05    1.01e-05  INV_X1
FE_DBTC70_C3_1                         0           0    1.01e-05    1.01e-05  INV_X1
j2_mult0_mult_18_U330                  0           0   1.008e-05   1.008e-05  NAND3_X1
j0_addMult4_MULT_mult_18_U484          0           0   1.007e-05   1.007e-05  NAND3_X1
j2_addMult0_MULT_mult_18_U459          0           0   1.005e-05   1.005e-05  NAND2_X1
j1_mult0_mult_18_U459                  0           0   1.005e-05   1.005e-05  NAND2_X1
j1_addMult1_MULT_mult_18_U484          0           0    9.88e-06    9.88e-06  NAND3_X1
j0_addMult8_MULT_mult_18_U459          0           0   9.854e-06   9.854e-06  NAND2_X1
j1_addMult9_MULT_mult_18_U459          0           0   9.854e-06   9.854e-06  NAND2_X1
j1_addMult6_MULT_mult_18_U463          0           0   9.839e-06   9.839e-06  NAND2_X1
j2_addMult7_MULT_mult_18_U463          0           0   9.839e-06   9.839e-06  NAND2_X1
j0_addMult5_MULT_mult_18_U463          0           0   9.839e-06   9.839e-06  NAND2_X1
j0_addMult3_MULT_mult_18_U480          0           0   9.796e-06   9.796e-06  NAND3_X1
j2_addMult5_MULT_mult_18_U480          0           0   9.796e-06   9.796e-06  NAND3_X1
j1_addMult4_MULT_mult_18_U480          0           0   9.796e-06   9.796e-06  NAND3_X1
j1_addMult9_MULT_mult_18_U480          0           0   9.757e-06   9.757e-06  NAND3_X1
j0_addMult8_MULT_mult_18_U480          0           0   9.757e-06   9.757e-06  NAND3_X1
j2_mult0_mult_18_U480                  0           0   9.739e-06   9.739e-06  NAND3_X1
j2_addMult7_MULT_mult_18_U484          0           0   9.698e-06   9.698e-06  NAND3_X1
j0_addMult0_MULT_mult_18_U330          0           0   9.686e-06   9.686e-06  NAND3_X1
j2_addMult2_MULT_mult_18_U330          0           0   9.686e-06   9.686e-06  NAND3_X1
j0_addMult3_MULT_mult_18_U330          0           0    9.68e-06    9.68e-06  NAND3_X1
j1_addMult4_MULT_mult_18_U330          0           0    9.68e-06    9.68e-06  NAND3_X1
j2_addMult5_MULT_mult_18_U330          0           0    9.68e-06    9.68e-06  NAND3_X1
j0_mult0_mult_18_U459                  0           0   9.655e-06   9.655e-06  NAND2_X1
j0_addMult0_MULT_mult_18_U459          0           0   9.655e-06   9.655e-06  NAND2_X1
j1_addMult1_MULT_mult_18_U459          0           0   9.655e-06   9.655e-06  NAND2_X1
j2_addMult2_MULT_mult_18_U459          0           0   9.655e-06   9.655e-06  NAND2_X1
j1_addMult0_MULT_mult_18_U459          0           0   9.655e-06   9.655e-06  NAND2_X1
j2_addMult1_MULT_mult_18_U459          0           0   9.655e-06   9.655e-06  NAND2_X1
j0_addMult0_MULT_mult_18_U484          0           0   9.655e-06   9.655e-06  NAND3_X1
j0_addMult9_MULT_mult_18_U484          0           0   9.642e-06   9.642e-06  NAND3_X1
j1_addMult7_MULT_mult_18_U484          0           0   9.636e-06   9.636e-06  NAND3_X1
j0_addMult4_MULT_mult_18_U459          0           0   9.457e-06   9.457e-06  NAND2_X1
j2_addMult6_MULT_mult_18_U459          0           0   9.457e-06   9.457e-06  NAND2_X1
j0_addMult9_MULT_mult_18_U459          0           0   9.457e-06   9.457e-06  NAND2_X1
j1_addMult5_MULT_mult_18_U459          0           0   9.457e-06   9.457e-06  NAND2_X1
j2_addMult8_MULT_mult_18_U484          0           0   9.439e-06   9.439e-06  NAND3_X1
j1_addMult4_MULT_mult_18_U484          0           0   9.404e-06   9.404e-06  NAND3_X1
j0_addMult8_MULT_mult_18_U330          0           0   9.387e-06   9.387e-06  NAND3_X1
j1_addMult9_MULT_mult_18_U330          0           0   9.387e-06   9.387e-06  NAND3_X1
j1_addMult2_MULT_mult_18_U330          0           0   9.376e-06   9.376e-06  NAND3_X1
j2_addMult3_MULT_mult_18_U330          0           0   9.376e-06   9.376e-06  NAND3_X1
j0_addMult5_MULT_mult_18_U330          0           0    9.37e-06    9.37e-06  NAND3_X1
j1_addMult6_MULT_mult_18_U330          0           0    9.37e-06    9.37e-06  NAND3_X1
j1_addMult9_MULT_mult_18_U484          0           0   9.357e-06   9.357e-06  NAND3_X1
j2_addMult6_MULT_mult_18_U330          0           0   9.302e-06   9.302e-06  NAND3_X1
j0_addMult4_MULT_mult_18_U330          0           0   9.302e-06   9.302e-06  NAND3_X1
j1_addMult5_MULT_mult_18_U330          0           0   9.302e-06   9.302e-06  NAND3_X1
j0_mult0_mult_18_U480                  0           0   9.276e-06   9.276e-06  NAND3_X1
j1_addMult0_MULT_mult_18_U480          0           0   9.276e-06   9.276e-06  NAND3_X1
j2_addMult0_MULT_mult_18_U330          0           0   9.271e-06   9.271e-06  NAND3_X1
j1_mult0_mult_18_U330                  0           0   9.271e-06   9.271e-06  NAND3_X1
j0_addMult2_MULT_mult_18_U459          0           0   9.255e-06   9.255e-06  NAND2_X1
j1_addMult3_MULT_mult_18_U459          0           0   9.255e-06   9.255e-06  NAND2_X1
j2_addMult4_MULT_mult_18_U459          0           0   9.255e-06   9.255e-06  NAND2_X1
j0_addMult7_MULT_mult_18_U484          0           0   9.224e-06   9.224e-06  NAND3_X1
j2_addMult9_MULT_mult_18_U484          0           0   9.224e-06   9.224e-06  NAND3_X1
j2_addMult5_MULT_mult_18_U463          0           0   9.224e-06   9.224e-06  NAND2_X1
j0_addMult3_MULT_mult_18_U463          0           0   9.224e-06   9.224e-06  NAND2_X1
j1_addMult4_MULT_mult_18_U463          0           0   9.224e-06   9.224e-06  NAND2_X1
j0_addMult6_MULT_mult_18_U330          0           0   9.224e-06   9.224e-06  NAND3_X1
j2_addMult8_MULT_mult_18_U330          0           0   9.224e-06   9.224e-06  NAND3_X1
j1_addMult6_MULT_mult_18_U480          0           0   9.161e-06   9.161e-06  NAND3_X1
j0_addMult5_MULT_mult_18_U480          0           0   9.161e-06   9.161e-06  NAND3_X1
j0_addMult6_MULT_mult_18_U463          0           0   9.147e-06   9.147e-06  NAND2_X1
j2_addMult8_MULT_mult_18_U463          0           0   9.147e-06   9.147e-06  NAND2_X1
j1_addMult7_MULT_mult_18_U463          0           0   9.147e-06   9.147e-06  NAND2_X1
j2_addMult0_MULT_mult_18_U480          0           0   9.135e-06   9.135e-06  NAND3_X1
j1_mult0_mult_18_U480                  0           0   9.135e-06   9.135e-06  NAND3_X1
j0_addMult8_MULT_mult_18_U484          0           0   9.108e-06   9.108e-06  NAND3_X1
j2_addMult8_MULT_mult_18_U480          0           0   9.088e-06   9.088e-06  NAND3_X1
j0_addMult6_MULT_mult_18_U480          0           0   9.088e-06   9.088e-06  NAND3_X1
j2_addMult1_MULT_mult_18_U484          0           0   9.046e-06   9.046e-06  NAND3_X1
j0_mult0_mult_18_U484                  0           0   9.046e-06   9.046e-06  NAND3_X1
j1_addMult8_MULT_mult_18_U480          0           0   9.034e-06   9.034e-06  NAND3_X1
j2_addMult9_MULT_mult_18_U480          0           0   9.034e-06   9.034e-06  NAND3_X1
j1_addMult8_MULT_mult_18_U484          0           0   9.011e-06   9.011e-06  NAND3_X1
j2_mult0_mult_18_U463                  0           0   8.993e-06   8.993e-06  NAND2_X1
j0_addMult9_MULT_mult_18_U330          0           0   8.952e-06   8.952e-06  NAND3_X1
j1_addMult5_MULT_mult_18_U480          0           0   8.934e-06   8.934e-06  NAND3_X1
j0_addMult4_MULT_mult_18_U480          0           0   8.934e-06   8.934e-06  NAND3_X1
j2_addMult6_MULT_mult_18_U480          0           0   8.934e-06   8.934e-06  NAND3_X1
j0_addMult1_MULT_mult_18_U484          0           0   8.919e-06   8.919e-06  NAND3_X1
j1_addMult8_MULT_mult_18_U330          0           0   8.919e-06   8.919e-06  NAND3_X1
j2_addMult9_MULT_mult_18_U330          0           0   8.919e-06   8.919e-06  NAND3_X1
j0_mult0_mult_18_U330                  0           0   8.912e-06   8.912e-06  NAND3_X1
j1_addMult0_MULT_mult_18_U330          0           0   8.912e-06   8.912e-06  NAND3_X1
j1_addMult0_MULT_mult_18_U484          0           0   8.907e-06   8.907e-06  NAND3_X1
j1_addMult3_MULT_mult_18_U463          0           0   8.888e-06   8.888e-06  NAND2_X1
j2_addMult4_MULT_mult_18_U463          0           0   8.888e-06   8.888e-06  NAND2_X1
j0_addMult2_MULT_mult_18_U463          0           0   8.888e-06   8.888e-06  NAND2_X1
j0_addMult6_MULT_mult_18_U459          0           0   8.851e-06   8.851e-06  NAND2_X1
j0_addMult5_MULT_mult_18_U459          0           0   8.851e-06   8.851e-06  NAND2_X1
j2_addMult8_MULT_mult_18_U459          0           0   8.851e-06   8.851e-06  NAND2_X1
j1_addMult7_MULT_mult_18_U459          0           0   8.851e-06   8.851e-06  NAND2_X1
j1_addMult6_MULT_mult_18_U459          0           0   8.851e-06   8.851e-06  NAND2_X1
j2_addMult7_MULT_mult_18_U459          0           0   8.851e-06   8.851e-06  NAND2_X1
j0_addMult9_MULT_mult_18_U480          0           0   8.819e-06   8.819e-06  NAND3_X1
j2_addMult4_MULT_mult_18_U330          0           0   8.806e-06   8.806e-06  NAND3_X1
j0_addMult2_MULT_mult_18_U330          0           0   8.806e-06   8.806e-06  NAND3_X1
j1_addMult3_MULT_mult_18_U330          0           0   8.806e-06   8.806e-06  NAND3_X1
j2_addMult4_MULT_mult_18_U484          0           0   8.798e-06   8.798e-06  NAND3_X1
j0_addMult7_MULT_mult_18_U463          0           0   8.658e-06   8.658e-06  NAND2_X1
j1_addMult8_MULT_mult_18_U463          0           0   8.658e-06   8.658e-06  NAND2_X1
j2_addMult9_MULT_mult_18_U463          0           0   8.658e-06   8.658e-06  NAND2_X1
j0_addMult7_MULT_mult_18_U459          0           0   8.645e-06   8.645e-06  NAND2_X1
j2_addMult9_MULT_mult_18_U459          0           0   8.645e-06   8.645e-06  NAND2_X1
j2_mult0_mult_18_U459                  0           0   8.645e-06   8.645e-06  NAND2_X1
j1_addMult8_MULT_mult_18_U459          0           0   8.645e-06   8.645e-06  NAND2_X1
j0_addMult0_MULT_mult_18_U480          0           0   8.627e-06   8.627e-06  NAND3_X1
j2_addMult2_MULT_mult_18_U480          0           0   8.627e-06   8.627e-06  NAND3_X1
j0_addMult0_MULT_mult_18_U463          0           0   8.577e-06   8.577e-06  NAND2_X1
j2_addMult2_MULT_mult_18_U463          0           0   8.577e-06   8.577e-06  NAND2_X1
j1_addMult1_MULT_mult_18_U463          0           0   8.577e-06   8.577e-06  NAND2_X1
j1_addMult3_MULT_mult_18_U480          0           0   8.004e-06   8.004e-06  NAND3_X1
j2_addMult4_MULT_mult_18_U480          0           0   8.004e-06   8.004e-06  NAND3_X1
j0_addMult2_MULT_mult_18_U480          0           0   8.004e-06   8.004e-06  NAND3_X1
j0_mult0_mult_18_U485                  0           0   7.887e-06   7.887e-06  NAND2_X1
j2_addMult1_MULT_mult_18_U485          0           0   7.887e-06   7.887e-06  NAND2_X1
j2_addMult7_MULT_mult_18_U485          0           0   7.695e-06   7.695e-06  NAND2_X1
j2_addMult6_MULT_mult_18_U463          0           0   7.613e-06   7.613e-06  NAND2_X1
j0_addMult8_MULT_mult_18_U463          0           0   7.613e-06   7.613e-06  NAND2_X1
j1_addMult5_MULT_mult_18_U463          0           0   7.613e-06   7.613e-06  NAND2_X1
j0_addMult4_MULT_mult_18_U463          0           0   7.613e-06   7.613e-06  NAND2_X1
j1_addMult9_MULT_mult_18_U463          0           0   7.613e-06   7.613e-06  NAND2_X1
j2_addMult0_MULT_mult_18_U463          0           0    7.58e-06    7.58e-06  NAND2_X1
j1_mult0_mult_18_U463                  0           0    7.58e-06    7.58e-06  NAND2_X1
j0_addMult1_MULT_mult_18_U463          0           0   7.416e-06   7.416e-06  NAND2_X1
j2_addMult3_MULT_mult_18_U463          0           0   7.416e-06   7.416e-06  NAND2_X1
j1_addMult2_MULT_mult_18_U463          0           0   7.416e-06   7.416e-06  NAND2_X1
j1_addMult4_MULT_mult_18_U485          0           0   7.012e-06   7.012e-06  NAND2_X1
j1_addMult7_MULT_mult_18_U485          0           0   6.998e-06   6.998e-06  NAND2_X1
j1_mult0_mult_18_U485                  0           0   6.739e-06   6.739e-06  NAND2_X1
j2_mult0_mult_18_U485                  0           0   6.681e-06   6.681e-06  NAND2_X1
j0_addMult4_MULT_mult_18_U485          0           0   6.677e-06   6.677e-06  NAND2_X1
j0_addMult9_MULT_mult_18_U485          0           0   6.655e-06   6.655e-06  NAND2_X1
j1_addMult1_MULT_mult_18_U485          0           0   6.007e-06   6.007e-06  NAND2_X1
j2_addMult9_MULT_mult_18_U485          0           0   5.908e-06   5.908e-06  NAND2_X1
j2_addMult4_MULT_mult_18_U485          0           0   5.908e-06   5.908e-06  NAND2_X1
j0_addMult7_MULT_mult_18_U485          0           0   5.908e-06   5.908e-06  NAND2_X1
j0_addMult1_MULT_mult_18_U485          0           0   5.735e-06   5.735e-06  NAND2_X1
j1_addMult9_MULT_mult_18_U485          0           0   5.282e-06   5.282e-06  NAND2_X1

---------------------------------------------------------------------------------------

Total (   8689 of   8689  )         1.18       1.091      2.627      0.3569
Total Capacitance                5.591e-11 F
Power Density                   *** No Die Area ***
