
Cadence Innovus(TM) Implementation System.
Copyright 2020 Cadence Design Systems, Inc. All rights reserved worldwide.

Version:	v20.11-s130_1, built Wed Aug 5 15:53:11 PDT 2020
Options:	
Date:		Sat Nov  1 19:00:05 2025
Host:		isaserver (x86_64 w/Linux 3.10.0-1160.81.1.el7.x86_64) (6cores*6cpus*QEMU Virtual CPU version 2.5+ 16384KB)
OS:		CentOS Linux release 7.9.2009 (Core)

License:
		invs	Innovus Implementation System	20.1	checkout succeeded
		8 CPU jobs allowed with the current license(s). Use setMultiCpuUsage to set your required CPU count.
Change the soft stacksize limit to 0.2%RAM (64 mbytes). Set global soft_stack_size_limit to change the value.

**INFO:  MMMC transition support version v31-84 

<CMD> set_global _enable_mmmc_by_default_flow      $CTE::mmmc_default
<CMD> suppressMessage ENCEXT-2799
<CMD> win
<CMD> set init_design_netlisttype verilog
<CMD> set init_design_settop 1
<CMD> set init_top_cell FIR_UNF
<CMD> set init_verilog ../netlist/FIR_UNF.v
<CMD> set init_lef_file /eda/dk/nangate45/lef/NangateOpenCellLibrary.lef
<CMD> set init_gnd_net VSS
<CMD> set init_pwr_net VDD
<CMD> set init_mmmc_file mmm_design.tcl
<CMD> init_design
#% Begin Load MMMC data ... (date=11/01 19:02:18, mem=570.4M)
#% End Load MMMC data ... (date=11/01 19:02:18, total cpu=0:00:00.0, real=0:00:00.0, peak res=570.6M, current mem=570.6M)
my_rc

Loading LEF file /eda/dk/nangate45/lef/NangateOpenCellLibrary.lef ...
Set DBUPerIGU to M2 pitch 380.

viaInitial starts at Sat Nov  1 19:02:18 2025
viaInitial ends at Sat Nov  1 19:02:18 2025

##  Check design process and node:  
##  Both design process and tech node are not set.

Loading view definition file from mmm_design.tcl
Reading MY_LIBSET timing library '/eda/dk/nangate45/liberty/NangateOpenCellLibrary_typical_ecsm.lib' ...
Read 134 cells in library 'NangateOpenCellLibrary' 
*** End library_loading (cpu=0.04min, real=0.05min, mem=11.0M, fe_cpu=0.96min, fe_real=2.27min, fe_mem=779.0M) ***
#% Begin Load netlist data ... (date=11/01 19:02:21, mem=584.5M)
*** Begin netlist parsing (mem=779.0M) ***
Created 134 new cells from 1 timing libraries.
Reading netlist ...
Backslashed names will retain backslash and a trailing blank character.
Reading verilog netlist '../netlist/FIR_UNF.v'

*** Memory Usage v#2 (Current mem = 782.020M, initial mem = 272.289M) ***
*** End netlist parsing (cpu=0:00:00.2, real=0:00:00.0, mem=782.0M) ***
#% End Load netlist data ... (date=11/01 19:02:21, total cpu=0:00:00.3, real=0:00:00.0, peak res=592.4M, current mem=592.4M)
Set top cell to FIR_UNF.
Hooked 134 DB cells to tlib cells.
Starting recursive module instantiation check.
No recursion found.
Building hierarchical netlist for Cell FIR_UNF ...
*** Netlist is unique.
** info: there are 162 modules.
** info: there are 9118 stdCell insts.

*** Memory Usage v#2 (Current mem = 827.945M, initial mem = 272.289M) ***
Generated pitch 1.68 in metal10 is different from 1.6 defined in technology file in preferred direction.
Generated pitch 0.84 in metal8 is different from 0.8 defined in technology file in preferred direction.
Generated pitch 0.84 in metal7 is different from 0.8 defined in technology file in preferred direction.
Set Default Net Delay as 1000 ps.
Set Default Net Load as 0.5 pF. 
Set Default Input Pin Transition as 0.1 ps.
Extraction setup Started 
Initializing multi-corner RC extraction with 1 active RC Corners ...
Reading Capacitance Table File /eda/dk/nangate45/lef/captables/NCSU_FreePDK_45nm.capTbl ...
Cap table was created using Encounter 08.10-p004_1.
Process name: master_techFreePDK45.
Importing multi-corner RC tables ... 
Summary of Active RC-Corners : 
 
 Analysis View: MyAnView
    RC-Corner Name        : my_rc
    RC-Corner Index       : 0
    RC-Corner Temperature : 25 Celsius
    RC-Corner Cap Table   : '/eda/dk/nangate45/lef/captables/NCSU_FreePDK_45nm.capTbl'
    RC-Corner PreRoute Res Factor         : 1
    RC-Corner PreRoute Cap Factor         : 1
    RC-Corner PostRoute Res Factor        : 1 {1 1 1}
    RC-Corner PostRoute Cap Factor        : 1 {1 1 1}
    RC-Corner PostRoute XCap Factor       : 1 {1 1 1}
    RC-Corner PreRoute Clock Res Factor   : 1	[Derived from postRoute_res (effortLevel low)]
    RC-Corner PreRoute Clock Cap Factor   : 1	[Derived from postRoute_cap (effortLevel low)]
    RC-Corner PostRoute Clock Cap Factor  : 1 {1 1 1} 	[Derived from postRoute_cap (effortLevel low)]
    RC-Corner PostRoute Clock Res Factor  : 1 {1 1 1} 	[Derived from postRoute_res (effortLevel low)]
Updating RC grid for preRoute extraction ...
Initializing multi-corner capacitance tables ... 
Initializing multi-corner resistance tables ...
*Info: initialize multi-corner CTS.
Reading timing constraints file '../netlist/FIR_UNF.sdc' ...
Current (total cpu=0:01:00, real=0:02:19, peak res=820.0M, current mem=820.0M)
**WARN: (TCLCMD-1461):	Skipped unsupported command: set_units (File ../netlist/FIR_UNF.sdc, Line 8).

INFO (CTE): Reading of timing constraints file ../netlist/FIR_UNF.sdc completed, with 1 WARNING
Ending "Constraint file reading stats" (total cpu=0:00:00.2, real=0:00:00.0, peak res=839.3M, current mem=839.3M)
Current (total cpu=0:01:00, real=0:02:19, peak res=839.3M, current mem=839.3M)
Total number of combinational cells: 99
Total number of sequential cells: 29
Total number of tristate cells: 6
Total number of level shifter cells: 0
Total number of power gating cells: 0
Total number of isolation cells: 0
Total number of power switch cells: 0
Total number of pulse generator cells: 0
Total number of always on buffers: 0
Total number of retention cells: 0
List of usable buffers: BUF_X1 BUF_X2 BUF_X4 BUF_X8 BUF_X16 BUF_X32 CLKBUF_X1 CLKBUF_X2 CLKBUF_X3
Total number of usable buffers: 9
List of unusable buffers:
Total number of unusable buffers: 0
List of usable inverters: INV_X1 INV_X2 INV_X4 INV_X8 INV_X16 INV_X32
Total number of usable inverters: 6
List of unusable inverters:
Total number of unusable inverters: 0
List of identified usable delay cells:
Total number of identified usable delay cells: 0
List of identified unusable delay cells:
Total number of identified unusable delay cells: 0
No delay cells were detected in the set of buffers. Buffers will be used to fix hold violations.
#% Begin Load MMMC data ... (date=11/01 19:02:24, mem=861.0M)
#% End Load MMMC data ... (date=11/01 19:02:24, total cpu=0:00:00.0, real=0:00:00.0, peak res=861.0M, current mem=861.0M)

*** Summary of all messages that are not suppressed in this session:
Severity  ID               Count  Summary                                  
WARNING   TCLCMD-1461          1  Skipped unsupported command: %s          
*** Message Summary: 1 warning(s), 0 error(s)

<CMD> getIoFlowFlag
<CMD> setIoFlowFlag 0
<CMD> floorPlan -coreMarginsBy die -site FreePDK45_38x28_10R_NP_162NW_34O -r 1.0 0.6 5 5 5 5
Generated pitch 1.68 in metal10 is different from 1.6 defined in technology file in preferred direction.
Generated pitch 0.84 in metal8 is different from 0.8 defined in technology file in preferred direction.
Generated pitch 0.84 in metal7 is different from 0.8 defined in technology file in preferred direction.
**WARN: (IMPFP-325):	Floorplan of the design is resized. All current floorplan objects are automatically derived based on specified new floorplan. This may change blocks, fixed standard cells, existing routes and blockages.
<CMD> uiSetTool select
<CMD> getIoFlowFlag
<CMD> fit
<CMD> set sprCreateIeRingOffset 1.0
<CMD> set sprCreateIeRingThreshold 1.0
<CMD> set sprCreateIeRingJogDistance 1.0
<CMD> set sprCreateIeRingLayers {}
<CMD> set sprCreateIeRingOffset 1.0
<CMD> set sprCreateIeRingThreshold 1.0
<CMD> set sprCreateIeRingJogDistance 1.0
<CMD> set sprCreateIeRingLayers {}
<CMD> set sprCreateIeStripeWidth 10.0
<CMD> set sprCreateIeStripeThreshold 1.0
<CMD> set sprCreateIeStripeWidth 10.0
<CMD> set sprCreateIeStripeThreshold 1.0
<CMD> set sprCreateIeRingOffset 1.0
<CMD> set sprCreateIeRingThreshold 1.0
<CMD> set sprCreateIeRingJogDistance 1.0
<CMD> set sprCreateIeRingLayers {}
<CMD> set sprCreateIeStripeWidth 10.0
<CMD> set sprCreateIeStripeThreshold 1.0
<CMD> setAddRingMode -ring_target default -extend_over_row 0 -ignore_rows 0 -avoid_short 0 -skip_crossing_trunks none -stacked_via_top_layer metal10 -stacked_via_bottom_layer metal1 -via_using_exact_crossover_size 1 -orthogonal_only true -skip_via_on_pin {  standardcell } -skip_via_on_wire_shape {  noshape }
The ring targets are set to core/block ring wires.
addRing command will consider rows while creating rings.
addRing command will disallow rings to go over rows.
addRing command will ignore shorts while creating rings.
<CMD> addRing -nets {VDD VSS} -type core_rings -follow core -layer {top metal1 bottom metal1 left metal2 right metal2} -width {top 0.8 bottom 0.8 left 0.8 right 0.8} -spacing {top 0.8 bottom 0.8 left 0.8 right 0.8} -offset {top 1.8 bottom 1.8 left 1.8 right 1.8} -center 1 -threshold 0 -jog_distance 0 -snap_wire_center_to_grid None

Loading cell geometries (cpu: 0:00:00.0, real: 0:00:00.0, peak mem: 1108.1M)
Ring generation is complete.
vias are now being generated.
addRing created 8 wires.
ViaGen created 8 vias, deleted 0 via to avoid violation.
+--------+----------------+----------------+
|  Layer |     Created    |     Deleted    |
+--------+----------------+----------------+
| metal1 |        4       |       NA       |
|  via1  |        8       |        0       |
| metal2 |        4       |       NA       |
+--------+----------------+----------------+
<CMD> clearGlobalNets
<CMD> globalNetConnect VDD -type pgpin -pin VDD -instanceBasename * -hierarchicalInstance {}
<CMD> globalNetConnect VSS -type pgpin -pin VSS -instanceBasename * -hierarchicalInstance {}
<CMD> setSrouteMode -viaConnectToShape { noshape }
<CMD> sroute -connect { blockPin padPin padRing corePin floatingStripe } -layerChangeRange { metal1(1) metal10(10) } -blockPinTarget { nearestTarget } -padPinPortConnect { allPort oneGeom } -padPinTarget { nearestTarget } -corePinTarget { firstAfterRowEnd } -floatingStripeTarget { blockring padring ring stripe ringpin blockpin followpin } -allowJogging 1 -crossoverViaLayerRange { metal1(1) metal10(10) } -nets { VDD VSS } -allowLayerChange 1 -blockPin useLef -targetViaLayerRange { metal1(1) metal10(10) }
*** Begin SPECIAL ROUTE on Sat Nov  1 21:47:09 2025 ***
SPECIAL ROUTE ran on directory: /home/isa30_2025_2026/labISA/lab1/FIRunfolded/innovus
SPECIAL ROUTE ran on machine: isaserver (Linux 3.10.0-1160.81.1.el7.x86_64 x86_64 2.00Ghz)

Begin option processing ...
srouteConnectPowerBump set to false
routeSelectNet set to "VDD VSS"
routeSpecial set to true
srouteBlockPin set to "useLef"
srouteBottomLayerLimit set to 1
srouteBottomTargetLayerLimit set to 1
srouteConnectConverterPin set to false
srouteCrossoverViaBottomLayer set to 1
srouteCrossoverViaTopLayer set to 10
srouteFloatingStripeTarget set to "blockring padring ring stripe ringpin blockpin followpin"
srouteFollowCorePinEnd set to 3
srouteJogControl set to "preferWithChanges differentLayer"
srouteNoViaOnWireShape set to "padring ring stripe blockring blockpin coverpin blockwire corewire followpin iowire"
sroutePadPinAllPorts set to true
sroutePreserveExistingRoutes set to true
srouteRoutePowerBarPortOnBothDir set to true
srouteStopBlockPin set to "nearestTarget"
srouteTopLayerLimit set to 10
srouteTopTargetLayerLimit set to 10
End option processing: cpu: 0:00:00, real: 0:00:00, peak: 2255.00 megs.

Reading DB technology information...
Finished reading DB technology information.
Reading floorplan and netlist information...
Finished reading floorplan and netlist information.
Read in 20 layers, 10 routing layers, 1 overlap layer
Read in 134 macros, 21 used
Read in 21 components
  21 core components: 21 unplaced, 0 placed, 0 fixed
Read in 191 logical pins
Read in 191 nets
Read in 2 special nets, 2 routed
Read in 42 terminals
2 nets selected.

Begin power routing ...
**WARN: (IMPSR-1254):	Unable to connect the specified objects, since block pins of the VDD net were not found in the design. Check netlist or change the parameter value to include block pins in the design.
**WARN: (IMPSR-1256):	Unable to find any CORE class pad pin of the VDD net due to unavailability of the pin or check netlist in the routing area or layer. Change routing area or layer to include the expected pin or check netlist. Alternatively, change port class in the technology file.
Type 'man IMPSR-1256' for more detail.
Cannot find any AREAIO class pad pin of net VDD. Check net list, or change port class in the technology file, or change option to include pin in given range.
**WARN: (IMPSR-1254):	Unable to connect the specified objects, since block pins of the VSS net were not found in the design. Check netlist or change the parameter value to include block pins in the design.
**WARN: (IMPSR-1256):	Unable to find any CORE class pad pin of the VSS net due to unavailability of the pin or check netlist in the routing area or layer. Change routing area or layer to include the expected pin or check netlist. Alternatively, change port class in the technology file.
Type 'man IMPSR-1256' for more detail.
Cannot find any AREAIO class pad pin of net VSS. Check net list, or change port class in the technology file, or change option to include pin in given range.
CPU time for FollowPin 0 seconds
CPU time for FollowPin 0 seconds
  Number of IO ports routed: 0
  Number of Block ports routed: 0
  Number of Stripe ports routed: 0
  Number of Core ports routed: 254
  Number of Pad ports routed: 0
  Number of Power Bump ports routed: 0
  Number of Followpin connections: 127
End power routing: cpu: 0:00:00, real: 0:00:01, peak: 2282.00 megs.



 Begin updating DB with routing results ...
 Updating DB with 0 via definition ...Extracting standard cell pins and blockage ...... 
Pin and blockage extraction finished

sroute created 381 wires.
ViaGen created 254 vias, deleted 0 via to avoid violation.
+--------+----------------+----------------+
|  Layer |     Created    |     Deleted    |
+--------+----------------+----------------+
| metal1 |       381      |       NA       |
|  via1  |       254      |        0       |
+--------+----------------+----------------+
<CMD> setPlaceMode -prerouteAsObs {1 3 4 5 6 7 8}
<CMD> setRouteMode -earlyGlobalHonorMsvRouteConstraint false -earlyGlobalRoutePartitionPinGuide true
<CMD> setEndCapMode -reset
<CMD> setEndCapMode -boundary_tap false
<CMD> setNanoRouteMode -quiet -droutePostRouteSpreadWire 1
<CMD> setNanoRouteMode -quiet -timingEngine {}
<CMD> setUsefulSkewMode -maxSkew false -noBoundary false -useCells {CLKBUF_X3 CLKBUF_X2 CLKBUF_X1 BUF_X32 BUF_X16 BUF_X8 BUF_X4 BUF_X2 BUF_X1 INV_X32 INV_X16 INV_X8 INV_X4 INV_X2 INV_X1} -maxAllowedDelay 1
<CMD> setPlaceMode -reset
<CMD> setPlaceMode -congEffort auto -timingDriven 1 -clkGateAware 1 -powerDriven 0 -ignoreScan 1 -reorderScan 1 -ignoreSpare 0 -placeIOPins 1 -moduleAwareSpare 0 -preserveRouting 1 -rmAffectedRouting 0 -checkRoute 0 -swapEEQ 0
<CMD> setPlaceMode -fp false
<CMD> place_design
Extracting standard cell pins and blockage ...... 
Pin and blockage extraction finished
*** Starting placeDesign default flow ***
*** Start deleteBufferTree ***
Info: Detect buffers to remove automatically.
Analyzing netlist ...
Updating netlist
AAE DB initialization (MEM=1161.36 CPU=0:00:00.0 REAL=0:00:00.0) 
siFlow : Timing analysis mode is single, using late cdB files

*summary: 369 instances (buffers/inverters) removed
*** Finish deleteBufferTree (0:00:02.3) ***
**INFO: Enable pre-place timing setting for timing analysis
Set Using Default Delay Limit as 101.
**WARN: (IMPDC-1629):	The default delay limit was set to 101. This is less than the default of 1000 and may result in inaccurate delay calculation for nets with a fanout higher than the setting.  If needed, the default delay limit may be adjusted by running the command 'set delaycal_use_default_delay_limit'.
Set Default Net Delay as 0 ps.
Set Default Net Load as 0 pF. 
**INFO: Analyzing IO path groups for slack adjustment
Effort level <high> specified for reg2reg_tmp.27407 path_group
#################################################################################
# Design Stage: PreRoute
# Design Name: FIR_UNF
# Design Mode: 90nm
# Analysis Mode: MMMC Non-OCV 
# Parasitics Mode: No SPEF/RCDB 
# Signoff Settings: SI Off 
#################################################################################
Calculate delays in Single mode...
Start delay calculation (fullDC) (1 T). (MEM=1170.9)
Total number of fetched objects 11291
End delay calculation. (MEM=1228.57 CPU=0:00:06.6 REAL=0:00:08.0)
End delay calculation (fullDC). (MEM=1201.5 CPU=0:00:07.5 REAL=0:00:08.0)
**INFO: Disable pre-place timing setting for timing analysis
Set Using Default Delay Limit as 1000.
Set Default Net Delay as 1000 ps.
Set Default Net Load as 0.5 pF. 
**INFO: Pre-place timing setting for timing analysis already disabled
Deleted 0 physical inst  (cell - / prefix -).
INFO: #ExclusiveGroups=0
INFO: There are no Exclusive Groups.
*** Starting "NanoPlace(TM) placement v#15 (mem=1192.0M)" ...
*** Build Buffered Sizing Timing Model
(cpu=0:00:00.7 mem=1200.0M) ***
*** Build Virtual Sizing Timing Model
(cpu=0:00:00.9 mem=1200.0M) ***
No user-set net weight.
Net fanout histogram:
2		: 7177 (66.4%) nets
3		: 2714 (25.1%) nets
4     -	14	: 613 (5.7%) nets
15    -	39	: 311 (2.9%) nets
40    -	79	: 0 (0.0%) nets
80    -	159	: 0 (0.0%) nets
160   -	319	: 1 (0.0%) nets
320   -	639	: 0 (0.0%) nets
640   -	1279	: 0 (0.0%) nets
1280  -	2559	: 0 (0.0%) nets
2560  -	5119	: 0 (0.0%) nets
5120+		: 0 (0.0%) nets
Options: timingDriven clkGateAware ignoreScan pinGuide congEffort=auto gpeffort=medium 
**WARN: (IMPSP-9042):	Scan chains were not defined, -place_global_ignore_scan option will be ignored.
Define the scan chains before using this option.
Type 'man IMPSP-9042' for more detail.
#std cell=8826 (0 fixed + 8826 movable) #buf cell=0 #inv cell=813 #block=0 (0 floating + 0 preplaced)
#ioInst=0 #net=10816 #term=34952 #term/net=3.23, #fixedIo=0, #floatIo=0, #fixedPin=0, #floatPin=191
stdCell: 8826 single + 0 double + 0 multi
Total standard cell length = 13.2354 (mm), area = 0.0185 (mm^2)
Estimated cell power/ground rail width = 0.197 um
Average module density = 0.593.
Density for the design = 0.593.
       = stdcell_area 69660 sites (18530 um^2) / alloc_area 117432 sites (31237 um^2).
Pin Density = 0.2976.
            = total # of pins 34952 / total area 117432.
=== lastAutoLevel = 8 
Clock gating cells determined by native netlist tracing.
Iteration  1: Total net bbox = 7.755e-10 (4.71e-10 3.05e-10)
              Est.  stn bbox = 8.696e-10 (5.29e-10 3.40e-10)
              cpu = 0:00:00.1 real = 0:00:00.0 mem = 1207.5M
Iteration  2: Total net bbox = 7.755e-10 (4.71e-10 3.05e-10)
              Est.  stn bbox = 8.696e-10 (5.29e-10 3.40e-10)
              cpu = 0:00:00.0 real = 0:00:00.0 mem = 1207.5M
Iteration  3: Total net bbox = 3.530e+02 (2.35e+02 1.18e+02)
              Est.  stn bbox = 4.395e+02 (2.94e+02 1.46e+02)
              cpu = 0:00:00.7 real = 0:00:02.0 mem = 1224.8M
Active setup views:
    MyAnView
Iteration  4: Total net bbox = 4.831e+04 (3.05e+04 1.78e+04)
              Est.  stn bbox = 6.396e+04 (4.01e+04 2.38e+04)
              cpu = 0:00:03.0 real = 0:00:03.0 mem = 1224.8M
Iteration  5: Total net bbox = 6.051e+04 (3.20e+04 2.85e+04)
              Est.  stn bbox = 8.205e+04 (4.35e+04 3.85e+04)
              cpu = 0:00:04.5 real = 0:00:06.0 mem = 1224.8M
Iteration  6: Total net bbox = 7.372e+04 (3.99e+04 3.38e+04)
              Est.  stn bbox = 9.984e+04 (5.40e+04 4.58e+04)
              cpu = 0:00:08.8 real = 0:00:11.0 mem = 1225.8M
Iteration  7: Total net bbox = 8.201e+04 (4.48e+04 3.72e+04)
              Est.  stn bbox = 1.099e+05 (5.97e+04 5.02e+04)
              cpu = 0:00:00.4 real = 0:00:01.0 mem = 1225.8M
Iteration  8: Total net bbox = 8.201e+04 (4.48e+04 3.72e+04)
              Est.  stn bbox = 1.099e+05 (5.97e+04 5.02e+04)
              cpu = 0:00:09.7 real = 0:00:11.0 mem = 1237.3M
Iteration  9: Total net bbox = 9.446e+04 (5.06e+04 4.39e+04)
              Est.  stn bbox = 1.237e+05 (6.63e+04 5.74e+04)
              cpu = 0:00:08.9 real = 0:00:09.0 mem = 1239.3M
Iteration 10: Total net bbox = 9.446e+04 (5.06e+04 4.39e+04)
              Est.  stn bbox = 1.237e+05 (6.63e+04 5.74e+04)
              cpu = 0:00:11.5 real = 0:00:13.0 mem = 1239.3M
Iteration 11: Total net bbox = 1.003e+05 (5.27e+04 4.76e+04)
              Est.  stn bbox = 1.289e+05 (6.79e+04 6.10e+04)
              cpu = 0:00:13.3 real = 0:00:14.0 mem = 1241.3M
Iteration 12: Total net bbox = 1.003e+05 (5.27e+04 4.76e+04)
              Est.  stn bbox = 1.289e+05 (6.79e+04 6.10e+04)
              cpu = 0:00:00.0 real = 0:00:00.0 mem = 1241.3M
*** cost = 1.003e+05 (5.27e+04 4.76e+04) (cpu for global=0:01:02) real=0:01:12***
Info: 27 clock gating cells identified, 27 (on average) moved 135/5
Solver runtime cpu: 0:00:37.7 real: 0:00:43.6
Core Placement runtime cpu: 0:00:39.4 real: 0:00:46.0
**WARN: (IMPSP-9025):	No scan chain specified/traced.
Type 'man IMPSP-9025' for more detail.
*** Starting refinePlace (0:30:57 mem=1257.3M) ***
Total net bbox length = 1.004e+05 (5.278e+04 4.758e+04) (ext = 3.811e+03)
Move report: Detail placement moves 8826 insts, mean move: 0.64 um, max move: 12.79 um
	Max move on inst (j1_addMult1_MULT_mult_18_U313): (87.97, 132.38) --> (75.24, 132.44)
	Runtime: CPU: 0:00:02.9 REAL: 0:00:03.0 MEM: 1257.3MB
Summary Report:
Instances move: 8826 (out of 8826 movable)
Instances flipped: 0
Mean displacement: 0.64 um
Max displacement: 12.79 um (Instance: j1_addMult1_MULT_mult_18_U313) (87.974, 132.381) -> (75.24, 132.44)
	Length: 2 sites, height: 1 rows, site name: FreePDK45_38x28_10R_NP_162NW_34O, cell type: INV_X1
Total net bbox length = 9.608e+04 (4.837e+04 4.771e+04) (ext = 3.689e+03)
Runtime: CPU: 0:00:02.9 REAL: 0:00:04.0 MEM: 1257.3MB
*** Finished refinePlace (0:31:00 mem=1257.3M) ***
*** End of Placement (cpu=0:01:08, real=0:01:19, mem=1257.3M) ***
default core: bins with density > 0.750 =  4.73 % ( 8 / 169 )
Density distribution unevenness ratio = 6.314%
*** Free Virtual Timing Model ...(mem=1257.3M)
Starting IO pin assignment...
The design is not routed. Using placement based method for pin assignment.
Completed IO pin assignment.
**INFO: Enable pre-place timing setting for timing analysis
Set Using Default Delay Limit as 101.
**WARN: (IMPDC-1629):	The default delay limit was set to 101. This is less than the default of 1000 and may result in inaccurate delay calculation for nets with a fanout higher than the setting.  If needed, the default delay limit may be adjusted by running the command 'set delaycal_use_default_delay_limit'.
Set Default Net Delay as 0 ps.
Set Default Net Load as 0 pF. 
**INFO: Analyzing IO path groups for slack adjustment
Effort level <high> specified for reg2reg_tmp.27407 path_group
#################################################################################
# Design Stage: PreRoute
# Design Name: FIR_UNF
# Design Mode: 90nm
# Analysis Mode: MMMC Non-OCV 
# Parasitics Mode: No SPEF/RCDB 
# Signoff Settings: SI Off 
#################################################################################
Calculate delays in Single mode...
Start delay calculation (fullDC) (1 T). (MEM=1245.83)
Total number of fetched objects 11291
End delay calculation. (MEM=1273.04 CPU=0:00:06.9 REAL=0:00:07.0)
End delay calculation (fullDC). (MEM=1273.04 CPU=0:00:07.5 REAL=0:00:08.0)
**INFO: Disable pre-place timing setting for timing analysis
Set Using Default Delay Limit as 1000.
Set Default Net Delay as 1000 ps.
Set Default Net Load as 0.5 pF. 
Info: Disable timing driven in postCTS congRepair.

Starting congRepair ...
[NR-eGR] Track table information for default rule: 
[NR-eGR] metal1 has no routable track
[NR-eGR] metal2 has single uniform track structure
[NR-eGR] metal3 has single uniform track structure
[NR-eGR] metal4 has single uniform track structure
[NR-eGR] metal5 has single uniform track structure
[NR-eGR] metal6 has single uniform track structure
[NR-eGR] metal7 has single uniform track structure
[NR-eGR] metal8 has single uniform track structure
[NR-eGR] metal9 has single uniform track structure
[NR-eGR] metal10 has single uniform track structure
[NR-eGR] Read 266 PG shapes
[NR-eGR] #Routing Blockages  : 0
[NR-eGR] #Instance Blockages : 0
[NR-eGR] #PG Blockages       : 266
[NR-eGR] #Halo Blockages     : 0
[NR-eGR] #Boundary Blockages : 0
[NR-eGR] Num Prerouted Nets = 0  Num Prerouted Wires = 0
[NR-eGR] Read numTotalNets=10816  numIgnoredNets=0
[NR-eGR] There are 28 clock nets ( 0 with NDR ).
[NR-eGR] ============ Routing rule table ============
[NR-eGR] Rule id: 0  Nets: 10816 
[NR-eGR] ========================================
[NR-eGR] 
[NR-eGR] Layer group 1: route 10816 net(s) in layer range [2, 10]
[NR-eGR] Early Global Route overflow of layer group 1: 0.00% H + 0.01% V. EstWL: 1.129618e+05um
[NR-eGR] Congestion Analysis By layer: (blocked Gcells are excluded) 
[NR-eGR]                        OverCon            
[NR-eGR]                         #Gcell     %Gcell
[NR-eGR]       Layer                (1)    OverCon 
[NR-eGR] ----------------------------------------------
[NR-eGR]  metal1  (1)         0( 0.00%)   ( 0.00%) 
[NR-eGR]  metal2  (2)         1( 0.01%)   ( 0.01%) 
[NR-eGR]  metal3  (3)         0( 0.00%)   ( 0.00%) 
[NR-eGR]  metal4  (4)         2( 0.01%)   ( 0.01%) 
[NR-eGR]  metal5  (5)         0( 0.00%)   ( 0.00%) 
[NR-eGR]  metal6  (6)         0( 0.00%)   ( 0.00%) 
[NR-eGR]  metal7  (7)         0( 0.00%)   ( 0.00%) 
[NR-eGR]  metal8  (8)         0( 0.00%)   ( 0.00%) 
[NR-eGR]  metal9  (9)         0( 0.00%)   ( 0.00%) 
[NR-eGR] metal10 (10)         0( 0.00%)   ( 0.00%) 
[NR-eGR] ----------------------------------------------
[NR-eGR] Total                3( 0.00%)   ( 0.00%) 
[NR-eGR] 
[NR-eGR] Overflow after Early Global Route (GR compatible) 0.00% H + 0.00% V
[NR-eGR] Overflow after Early Global Route 0.00% H + 0.00% V
Early Global Route congestion estimation runtime: 0.46 seconds, mem = 1271.5M
Local HotSpot Analysis: normalized max congestion hotspot area = 0.00, normalized total congestion hotspot area = 0.00 (area is in unit of 4 std-cell row bins)
Skipped repairing congestion.
[NR-eGR] Started Export DB wires ( Curr Mem: 1271.52 MB )
[NR-eGR] Started Export all nets ( Curr Mem: 1271.52 MB )
[NR-eGR] Finished Export all nets ( CPU: 0.17 sec, Real: 0.17 sec, Curr Mem: 1271.52 MB )
[NR-eGR] Started Set wire vias ( Curr Mem: 1271.52 MB )
[NR-eGR] Finished Set wire vias ( CPU: 0.02 sec, Real: 0.03 sec, Curr Mem: 1271.52 MB )
[NR-eGR] Finished Export DB wires ( CPU: 0.20 sec, Real: 0.21 sec, Curr Mem: 1271.52 MB )
[NR-eGR] --------------------------------------------------------------------------
[NR-eGR] metal1  (1F) length: 0.000000e+00um, number of vias: 34761
[NR-eGR] metal2  (2V) length: 2.988283e+04um, number of vias: 42771
[NR-eGR] metal3  (3H) length: 5.487210e+04um, number of vias: 15352
[NR-eGR] metal4  (4V) length: 2.476842e+04um, number of vias: 896
[NR-eGR] metal5  (5H) length: 4.042210e+03um, number of vias: 771
[NR-eGR] metal6  (6V) length: 6.011420e+03um, number of vias: 24
[NR-eGR] metal7  (7H) length: 1.151250e+02um, number of vias: 13
[NR-eGR] metal8  (8V) length: 2.088500e+02um, number of vias: 2
[NR-eGR] metal9  (9H) length: 2.540000e+00um, number of vias: 0
[NR-eGR] metal10 (10V) length: 0.000000e+00um, number of vias: 0
[NR-eGR] Total length: 1.199035e+05um, number of vias: 94590
[NR-eGR] --------------------------------------------------------------------------
[NR-eGR] Total eGR-routed clock nets wire length: 1.287685e+03um 
[NR-eGR] --------------------------------------------------------------------------
Early Global Route wiring runtime: 0.70 seconds, mem = 1213.5M
Tdgp not successfully inited but do clear! skip clearing
End of congRepair (cpu=0:00:01.0, real=0:00:01.0)
*** Finishing placeDesign default flow ***
**placeDesign ... cpu = 0: 1:32, real = 0: 1:45, mem = 1210.5M **
Tdgp not successfully inited but do clear! skip clearing

*** Summary of all messages that are not suppressed in this session:
Severity  ID               Count  Summary                                  
WARNING   IMPDC-1629           2  The default delay limit was set to %d. T...
WARNING   IMPSP-9025           1  No scan chain specified/traced.          
WARNING   IMPSP-9042           1  Scan chains were not defined, -place_glo...
*** Message Summary: 4 warning(s), 0 error(s)

<CMD> zoomBox 2.14550 4.43450 177.30850 191.15500
<CMD> zoomBox 26.72400 51.64500 134.29600 166.31500
<CMD> selectInst j0_addMult1_MULT_mult_18_U34
<CMD> zoomBox 40.73000 70.81650 118.45100 153.66550
<CMD> setDesignMode -process 45
##  Process: 45            (User Set)               
##     Node: (not set)                           

##  Check design process and node:  
##  Design tech node is not set.

Applying the recommended capacitance filtering threshold values for 45nm process node: total_c_th=0, relative_c_th=1 and coupling_c_th=0.1.
	These values will be used by all post-route extraction engines, including TQuantus, IQuantus and Quantus QRC extraction.
	Capacitance filtering mode(-capFilterMode option of the setExtractRCMode) is 'relAndCoup' for all engines.
	The accuracy mode for postRoute effortLevel low extraction will be set to 'high'.
	Default value for EffortLevel(-effortLevel option of the setExtractRCMode) in postRoute extraction mode will be 'medium' if Quantus QRC technology file is specified else 'low'.
<CMD> deselectAll
<CMD> selectInst REGC5_Dout_reg_7_
<CMD> zoomBox 33.06800 63.29500 124.50450 160.76450
<CMD> setOptMode -fixCap true -fixTran true -fixFanoutLoad false
<CMD> optDesign -preCTS
**optDesign ... cpu = 0:00:00, real = 0:00:00, mem = 977.6M, totSessionCpu=0:31:27 **
Executing: place_opt_design -opt
No user sequential activity specified, applying default sequential activity of "0.2" for Dynamic Power reporting.
'set_default_switching_activity' finished successfully.
*** Starting GigaPlace ***
**INFO: User settings:
setDesignMode -process                              45
setExtractRCMode -coupling_c_th                     0.1
setExtractRCMode -engine                            preRoute
setExtractRCMode -relative_c_th                     1
setExtractRCMode -total_c_th                        0
setUsefulSkewMode -maxAllowedDelay                  1
setUsefulSkewMode -maxSkew                          false
setUsefulSkewMode -noBoundary                       false
setUsefulSkewMode -useCells                         {BUF_X1 BUF_X2 BUF_X4 BUF_X8 BUF_X16 BUF_X32 CLKBUF_X1 CLKBUF_X2 CLKBUF_X3 INV_X1 INV_X2 INV_X4 INV_X8 INV_X16 INV_X32}
setDelayCalMode -engine                             aae
setDelayCalMode -ignoreNetLoad                      false
setOptMode -fixCap                                  true
setOptMode -fixFanoutLoad                           false
setOptMode -fixTran                                 true
setPlaceMode -place_design_floorplan_mode           false
setPlaceMode -place_detail_check_route              false
setPlaceMode -place_detail_preserve_routing         true
setPlaceMode -place_detail_remove_affected_routing  false
setPlaceMode -place_detail_swap_eeq_cells           false
setPlaceMode -place_global_clock_gate_aware         true
setPlaceMode -place_global_cong_effort              auto
setPlaceMode -place_global_ignore_scan              true
setPlaceMode -place_global_ignore_spare             false
setPlaceMode -place_global_module_aware_spare       false
setPlaceMode -place_global_place_io_pins            true
setPlaceMode -place_global_reorder_scan             true
setPlaceMode -powerDriven                           false
setPlaceMode -timingDriven                          true
setAnalysisMode -analysisType                       single
setAnalysisMode -clkSrcPath                         true
setAnalysisMode -clockPropagation                   sdcControl
setAnalysisMode -virtualIPO                         false
setRouteMode -earlyGlobalHonorMsvRouteConstraint    false
setRouteMode -earlyGlobalRoutePartitionPinGuide     true

**optDesign ... cpu = 0:00:00, real = 0:00:00, mem = 979.0M, totSessionCpu=0:31:27 **
**INFO: setDesignMode -flowEffort standard -> setting 'setOptMode -allEndPoints true' for the duration of this command.
GigaOpt running with 1 threads.
Updating RC grid for preRoute extraction ...
Initializing multi-corner capacitance tables ... 
Initializing multi-corner resistance tables ...
Setting timing_disable_library_data_to_data_checks to 'true'.
Setting timing_disable_user_data_to_data_checks to 'true'.
**optDesign ... cpu = 0:00:02, real = 0:00:02, mem = 992.2M, totSessionCpu=0:31:29 **
*** optDesign -preCTS ***
DRC Margin: user margin 0.0; extra margin 0.2
Setup Target Slack: user slack 0; extra slack 0.0
Hold Target Slack: user slack 0
**WARN: (IMPOPT-3195):	Analysis mode has changed.
Type 'man IMPOPT-3195' for more detail.
Multi-VT timing optimization disabled based on library information.
[NR-eGR] Started Early Global Route kernel ( Curr Mem: 1240.78 MB )
[NR-eGR] Track table information for default rule: 
[NR-eGR] metal1 has no routable track
[NR-eGR] metal2 has single uniform track structure
[NR-eGR] metal3 has single uniform track structure
[NR-eGR] metal4 has single uniform track structure
[NR-eGR] metal5 has single uniform track structure
[NR-eGR] metal6 has single uniform track structure
[NR-eGR] metal7 has single uniform track structure
[NR-eGR] metal8 has single uniform track structure
[NR-eGR] metal9 has single uniform track structure
[NR-eGR] metal10 has single uniform track structure
[NR-eGR] Read 266 PG shapes
[NR-eGR] #Routing Blockages  : 0
[NR-eGR] #Instance Blockages : 0
[NR-eGR] #PG Blockages       : 266
[NR-eGR] #Halo Blockages     : 0
[NR-eGR] #Boundary Blockages : 0
[NR-eGR] Num Prerouted Nets = 0  Num Prerouted Wires = 0
[NR-eGR] Read numTotalNets=10816  numIgnoredNets=0
[NR-eGR] There are 28 clock nets ( 0 with NDR ).
[NR-eGR] ============ Routing rule table ============
[NR-eGR] Rule id: 0  Nets: 10816 
[NR-eGR] ========================================
[NR-eGR] 
[NR-eGR] Layer group 1: route 10816 net(s) in layer range [2, 10]
[NR-eGR] Early Global Route overflow of layer group 1: 0.00% H + 0.00% V. EstWL: 1.142470e+05um
[NR-eGR] Congestion Analysis By layer: (blocked Gcells are excluded) 
[NR-eGR]                        OverCon            
[NR-eGR]                         #Gcell     %Gcell
[NR-eGR]       Layer                (0)    OverCon 
[NR-eGR] ----------------------------------------------
[NR-eGR]  metal1  (1)         0( 0.00%)   ( 0.00%) 
[NR-eGR]  metal2  (2)         0( 0.00%)   ( 0.00%) 
[NR-eGR]  metal3  (3)         0( 0.00%)   ( 0.00%) 
[NR-eGR]  metal4  (4)         0( 0.00%)   ( 0.00%) 
[NR-eGR]  metal5  (5)         0( 0.00%)   ( 0.00%) 
[NR-eGR]  metal6  (6)         0( 0.00%)   ( 0.00%) 
[NR-eGR]  metal7  (7)         0( 0.00%)   ( 0.00%) 
[NR-eGR]  metal8  (8)         0( 0.00%)   ( 0.00%) 
[NR-eGR]  metal9  (9)         0( 0.00%)   ( 0.00%) 
[NR-eGR] metal10 (10)         0( 0.00%)   ( 0.00%) 
[NR-eGR] ----------------------------------------------
[NR-eGR] Total                0( 0.00%)   ( 0.00%) 
[NR-eGR] 
[NR-eGR] Overflow after Early Global Route (GR compatible) 0.00% H + 0.00% V
[NR-eGR] Overflow after Early Global Route 0.00% H + 0.00% V
[NR-eGR] Started Export DB wires ( Curr Mem: 1248.55 MB )
[NR-eGR] Started Export all nets ( Curr Mem: 1248.55 MB )
[NR-eGR] Finished Export all nets ( CPU: 0.11 sec, Real: 0.11 sec, Curr Mem: 1248.55 MB )
[NR-eGR] Started Set wire vias ( Curr Mem: 1248.55 MB )
[NR-eGR] Finished Set wire vias ( CPU: 0.02 sec, Real: 0.02 sec, Curr Mem: 1248.55 MB )
[NR-eGR] Finished Export DB wires ( CPU: 0.13 sec, Real: 0.14 sec, Curr Mem: 1248.55 MB )
[NR-eGR] --------------------------------------------------------------------------
[NR-eGR] metal1  (1F) length: 0.000000e+00um, number of vias: 34761
[NR-eGR] metal2  (2V) length: 3.062548e+04um, number of vias: 43100
[NR-eGR] metal3  (3H) length: 5.527708e+04um, number of vias: 15284
[NR-eGR] metal4  (4V) length: 2.468474e+04um, number of vias: 988
[NR-eGR] metal5  (5H) length: 4.197665e+03um, number of vias: 817
[NR-eGR] metal6  (6V) length: 6.276035e+03um, number of vias: 27
[NR-eGR] metal7  (7H) length: 9.822000e+01um, number of vias: 11
[NR-eGR] metal8  (8V) length: 1.715150e+02um, number of vias: 2
[NR-eGR] metal9  (9H) length: 2.540000e+00um, number of vias: 0
[NR-eGR] metal10 (10V) length: 0.000000e+00um, number of vias: 0
[NR-eGR] Total length: 1.213333e+05um, number of vias: 94990
[NR-eGR] --------------------------------------------------------------------------
[NR-eGR] Total eGR-routed clock nets wire length: 1.305575e+03um 
[NR-eGR] --------------------------------------------------------------------------
[NR-eGR] Finished Early Global Route kernel ( CPU: 0.93 sec, Real: 1.17 sec, Curr Mem: 1246.55 MB )
Extraction called for design 'FIR_UNF' of instances=8826 and nets=11065 using extraction engine 'preRoute' .
PreRoute RC Extraction called for design FIR_UNF.
RC Extraction called in multi-corner(1) mode.
RCMode: PreRoute
      RC Corner Indexes            0   
Capacitance Scaling Factor   : 1.00000 
Resistance Scaling Factor    : 1.00000 
Clock Cap. Scaling Factor    : 1.00000 
Clock Res. Scaling Factor    : 1.00000 
Shrink Factor                : 1.00000
PreRoute extraction is honoring NDR/Shielding/ExtraSpace for clock nets.
Using capacitance table file ...
Updating RC grid for preRoute extraction ...
Initializing multi-corner capacitance tables ... 
Initializing multi-corner resistance tables ...
PreRoute RC Extraction DONE (CPU Time: 0:00:00.5  Real Time: 0:00:01.0  MEM: 1244.551M)
Starting delay calculation for Setup views
#################################################################################
# Design Stage: PreRoute
# Design Name: FIR_UNF
# Design Mode: 45nm
# Analysis Mode: MMMC Non-OCV 
# Parasitics Mode: No SPEF/RCDB 
# Signoff Settings: SI Off 
#################################################################################
Calculate delays in Single mode...
Start delay calculation (fullDC) (1 T). (MEM=1253.71)
Total number of fetched objects 11291
End delay calculation. (MEM=1283.9 CPU=0:00:07.7 REAL=0:00:08.0)
End delay calculation (fullDC). (MEM=1283.9 CPU=0:00:08.9 REAL=0:00:09.0)
*** Done Building Timing Graph (cpu=0:00:10.4 real=0:00:10.0 totSessionCpu=0:31:41 mem=1283.9M)

------------------------------------------------------------
             Initial Summary                             
------------------------------------------------------------

Setup views included:
 MyAnView 

+--------------------+---------+
|     Setup mode     |   all   |
+--------------------+---------+
|           WNS (ns):|  3.673  |
|           TNS (ns):|  0.000  |
|    Violating Paths:|    0    |
|          All Paths:|   605   |
+--------------------+---------+

+----------------+-------------------------------+------------------+
|                |              Real             |       Total      |
|    DRVs        +------------------+------------+------------------|
|                |  Nr nets(terms)  | Worst Vio  |  Nr nets(terms)  |
+----------------+------------------+------------+------------------+
|   max_cap      |     75 (75)      |   -0.060   |     75 (75)      |
|   max_tran     |    54 (2001)     |   -0.088   |    54 (2001)     |
|   max_fanout   |      0 (0)       |     0      |      0 (0)       |
|   max_length   |      0 (0)       |     0      |      0 (0)       |
+----------------+------------------+------------+------------------+

Density: 59.319%
------------------------------------------------------------
**optDesign ... cpu = 0:00:15, real = 0:00:16, mem = 1026.1M, totSessionCpu=0:31:42 **
** INFO : this run is activating medium effort placeOptDesign flow
*** Starting optimizing excluded clock nets MEM= 1257.2M) ***
*info: No excluded clock nets to be optimized.
*** Finished optimizing excluded clock nets (CPU Time= 0:00:00.0  MEM= 1257.2M) ***
The useful skew maximum allowed delay set by user is: 1
Info: 28 clock nets excluded from IPO operation.
*** AreaOpt [begin] : cpu/real = 0:00:00.0/0:00:00.0 (0.0), totSession cpu/real = 0:31:43.0/2:51:52.8 (0.2), mem = 1258.2M

Footprint cell information for calculating maxBufDist
*info: There are 9 candidate Buffer cells
*info: There are 6 candidate Inverter cells


Netlist preparation processing... 
Removed 181 instances
*info: Marking 0 isolation instances dont touch
*info: Marking 0 level shifter instances dont touch
*** AreaOpt [finish] : cpu/real = 0:00:04.2/0:00:04.6 (0.9), totSession cpu/real = 0:31:47.2/2:51:57.4 (0.2), mem = 1433.7M
Begin: GigaOpt high fanout net optimization
Info: 28 clock nets excluded from IPO operation.
*** DrvOpt [begin] : cpu/real = 0:00:00.0/0:00:00.0 (0.0), totSession cpu/real = 0:31:48.3/2:51:58.5 (0.2), mem = 1352.7M
*** DrvOpt [finish] : cpu/real = 0:00:04.6/0:00:04.7 (1.0), totSession cpu/real = 0:31:52.8/2:52:03.2 (0.2), mem = 1352.7M
End: GigaOpt high fanout net optimization
Begin: GigaOpt DRV Optimization
Info: 28 clock nets excluded from IPO operation.
*** DrvOpt [begin] : cpu/real = 0:00:00.0/0:00:00.0 (0.0), totSession cpu/real = 0:31:52.9/2:52:03.3 (0.2), mem = 1352.7M
+-------------------------------------------------------------------------------------------------------------------------------------------------------+
|        max-tran       |        max-cap        |  max-fanout |  max-length |       setup       |        |        |        |       |          |         |
+-------------------------------------------------------------------------------------------------------------------------------------------------------+
| nets | terms|  wViol  | nets | terms|  wViol  | nets | terms| nets | terms|   WNS   |   TNS   |  #Buf  |  #Inv  | #Resize|Density|   Real   |   Mem   |
+-------------------------------------------------------------------------------------------------------------------------------------------------------+
|    73|  2541|    -0.13|    86|    86|    -0.07|     0|     0|     0|     0|     3.67|     0.00|       0|       0|       0|  57.00|          |         |
|     0|     0|     0.00|     0|     0|     0.00|     0|     0|     0|     0|     3.82|     0.00|      68|       0|      20|  57.25| 0:00:08.0|  1433.5M|
|     0|     0|     0.00|     0|     0|     0.00|     0|     0|     0|     0|     3.82|     0.00|       0|       0|       0|  57.25| 0:00:00.0|  1433.5M|
+-------------------------------------------------------------------------------------------------------------------------------------------------------+
Bottom Preferred Layer:
+---------------+------------+----------+
|     Layer     |   OPT_LA   |   Rule   |
+---------------+------------+----------+
| metal4 (z=4)  |          6 | default  |
+---------------+------------+----------+
Via Pillar Rule:
    None

*** Finish DRV Fixing (cpu=0:00:08.3 real=0:00:09.0 mem=1433.5M) ***

*** DrvOpt [finish] : cpu/real = 0:00:12.4/0:00:13.4 (0.9), totSession cpu/real = 0:32:05.3/2:52:16.7 (0.2), mem = 1414.4M
End: GigaOpt DRV Optimization
**optDesign ... cpu = 0:00:38, real = 0:00:41, mem = 1123.8M, totSessionCpu=0:32:05 **

Active setup views:
 MyAnView
  Dominating endpoints: 0
  Dominating TNS: -0.000

Begin: GigaOpt Global Optimization
*info: use new DP (enabled)
Info: 28 clock nets excluded from IPO operation.
*** SetupOpt [begin] : cpu/real = 0:00:00.0/0:00:00.0 (0.0), totSession cpu/real = 0:32:05.6/2:52:16.9 (0.2), mem = 1373.4M
*info: 28 clock nets excluded
*info: 2 special nets excluded.
*info: 188 no-driver nets excluded.
** GigaOpt Global Opt WNS Slack 0.000  TNS Slack 0.000 
+--------+--------+----------+------------+--------+----------+---------+---------------------------------------+
|  WNS   |  TNS   | Density  |    Real    |  Mem   |Worst View|Pathgroup|               End Point               |
+--------+--------+----------+------------+--------+----------+---------+---------------------------------------+
|   0.000|   0.000|    57.25%|   0:00:00.0| 1394.5M|  MyAnView|       NA| NA                                    |
+--------+--------+----------+------------+--------+----------+---------+---------------------------------------+

*** Finish pre-CTS Global Setup Fixing (cpu=0:00:00.0 real=0:00:00.0 mem=1394.5M) ***

*** Finish pre-CTS Setup Fixing (cpu=0:00:00.0 real=0:00:00.0 mem=1394.5M) ***
Bottom Preferred Layer:
+---------------+------------+----------+
|     Layer     |   OPT_LA   |   Rule   |
+---------------+------------+----------+
| metal4 (z=4)  |          6 | default  |
+---------------+------------+----------+
Via Pillar Rule:
    None
** GigaOpt Global Opt End WNS Slack 0.000  TNS Slack 0.000 
*** SetupOpt [finish] : cpu/real = 0:00:11.1/0:00:11.9 (0.9), totSession cpu/real = 0:32:16.7/2:52:28.8 (0.2), mem = 1375.4M
End: GigaOpt Global Optimization
*** Timing Is met
*** Check timing (0:00:00.0)
Info: 28 clock nets excluded from IPO operation.
Begin: Area Reclaim Optimization
*** AreaOpt [begin] : cpu/real = 0:00:00.0/0:00:00.0 (0.0), totSession cpu/real = 0:32:17.3/2:52:29.5 (0.2), mem = 1394.5M
Reclaim Optimization WNS Slack 0.000  TNS Slack 0.000 Density 57.25
+----------+---------+--------+--------+------------+--------+
| Density  | Commits |  WNS   |  TNS   |    Real    |  Mem   |
+----------+---------+--------+--------+------------+--------+
|    57.25%|        -|   0.000|   0.000|   0:00:00.0| 1394.5M|
|    57.25%|        6|   0.000|   0.000|   0:00:01.0| 1436.6M|
|    57.11%|       17|   0.000|   0.000|   0:00:01.0| 1436.6M|
|    57.11%|        0|   0.000|   0.000|   0:00:01.0| 1436.6M|
|    57.11%|        0|   0.000|   0.000|   0:00:00.0| 1436.6M|
+----------+---------+--------+--------+------------+--------+
Reclaim Optimization End WNS Slack 0.000  TNS Slack 0.000 Density 57.11
Bottom Preferred Layer:
    None
Via Pillar Rule:
    None
End: Core Area Reclaim Optimization (cpu = 0:00:04.3) (real = 0:00:04.0) **
*** AreaOpt [finish] : cpu/real = 0:00:03.8/0:00:04.0 (1.0), totSession cpu/real = 0:32:21.1/2:52:33.6 (0.2), mem = 1436.6M
Executing incremental physical updates
Executing incremental physical updates
End: Area Reclaim Optimization (cpu=0:00:04, real=0:00:04, mem=1376.55M, totSessionCpu=0:32:21).

*** Start incrementalPlace ***
No Views given, use default active views for adaptive view pruning
SKP will enable view:
  MyAnView
[NR-eGR] Track table information for default rule: 
[NR-eGR] metal1 has no routable track
[NR-eGR] metal2 has single uniform track structure
[NR-eGR] metal3 has single uniform track structure
[NR-eGR] metal4 has single uniform track structure
[NR-eGR] metal5 has single uniform track structure
[NR-eGR] metal6 has single uniform track structure
[NR-eGR] metal7 has single uniform track structure
[NR-eGR] metal8 has single uniform track structure
[NR-eGR] metal9 has single uniform track structure
[NR-eGR] metal10 has single uniform track structure
[NR-eGR] Read 266 PG shapes
[NR-eGR] #Routing Blockages  : 0
[NR-eGR] #Instance Blockages : 0
[NR-eGR] #PG Blockages       : 266
[NR-eGR] #Halo Blockages     : 0
[NR-eGR] #Boundary Blockages : 0
[NR-eGR] Num Prerouted Nets = 0  Num Prerouted Wires = 0
[NR-eGR] Read numTotalNets=10787  numIgnoredNets=0
[NR-eGR] There are 17 clock nets ( 0 with NDR ).
[NR-eGR] ============ Routing rule table ============
[NR-eGR] Rule id: 0  Nets: 10787 
[NR-eGR] ========================================
[NR-eGR] 
[NR-eGR] Layer group 1: route 10787 net(s) in layer range [2, 10]
[NR-eGR] Early Global Route overflow of layer group 1: 0.01% H + 0.01% V. EstWL: 1.123738e+05um
[NR-eGR] Congestion Analysis By layer: (blocked Gcells are excluded) 
[NR-eGR]                        OverCon            
[NR-eGR]                         #Gcell     %Gcell
[NR-eGR]       Layer                (1)    OverCon 
[NR-eGR] ----------------------------------------------
[NR-eGR]  metal1  (1)         0( 0.00%)   ( 0.00%) 
[NR-eGR]  metal2  (2)         1( 0.01%)   ( 0.01%) 
[NR-eGR]  metal3  (3)         0( 0.00%)   ( 0.00%) 
[NR-eGR]  metal4  (4)         2( 0.01%)   ( 0.01%) 
[NR-eGR]  metal5  (5)         1( 0.01%)   ( 0.01%) 
[NR-eGR]  metal6  (6)         0( 0.00%)   ( 0.00%) 
[NR-eGR]  metal7  (7)         0( 0.00%)   ( 0.00%) 
[NR-eGR]  metal8  (8)         0( 0.00%)   ( 0.00%) 
[NR-eGR]  metal9  (9)         0( 0.00%)   ( 0.00%) 
[NR-eGR] metal10 (10)         0( 0.00%)   ( 0.00%) 
[NR-eGR] ----------------------------------------------
[NR-eGR] Total                4( 0.00%)   ( 0.00%) 
[NR-eGR] 
[NR-eGR] Overflow after Early Global Route (GR compatible) 0.00% H + 0.00% V
[NR-eGR] Overflow after Early Global Route 0.00% H + 0.00% V
Early Global Route congestion estimation runtime: 0.38 seconds, mem = 1388.4M
Local HotSpot Analysis: normalized max congestion hotspot area = 0.00, normalized total congestion hotspot area = 0.00 (area is in unit of 4 std-cell row bins)

=== incrementalPlace Internal Loop 1 ===
*** Finished SKP initialization (cpu=0:00:04.6, real=0:00:05.0)***
Iteration  6: Total net bbox = 7.261e+04 (3.79e+04 3.47e+04)
              Est.  stn bbox = 9.481e+04 (4.95e+04 4.53e+04)
              cpu = 0:00:02.8 real = 0:00:03.0 mem = 1458.2M
Iteration  7: Total net bbox = 8.193e+04 (4.22e+04 3.97e+04)
              Est.  stn bbox = 1.050e+05 (5.42e+04 5.08e+04)
              cpu = 0:00:05.8 real = 0:00:06.0 mem = 1453.2M
Iteration  8: Total net bbox = 8.407e+04 (4.29e+04 4.11e+04)
              Est.  stn bbox = 1.066e+05 (5.46e+04 5.20e+04)
              cpu = 0:00:04.3 real = 0:00:05.0 mem = 1450.2M
Iteration  9: Total net bbox = 8.763e+04 (4.47e+04 4.29e+04)
              Est.  stn bbox = 1.102e+05 (5.63e+04 5.38e+04)
              cpu = 0:00:05.8 real = 0:00:06.0 mem = 1450.2M
Iteration 10: Total net bbox = 8.851e+04 (4.52e+04 4.33e+04)
              Est.  stn bbox = 1.109e+05 (5.69e+04 5.41e+04)
              cpu = 0:00:04.5 real = 0:00:04.0 mem = 1450.2M
Move report: Timing Driven Placement moves 8687 insts, mean move: 13.68 um, max move: 97.70 um
	Max move on inst (REGC6_clk_gate_Dout_reg/latch): (150.86, 48.44) --> (84.76, 80.04)

Finished Incremental Placement (cpu=0:00:29.6, real=0:00:33.0, mem=1450.2M)
**WARN: (IMPSP-9025):	No scan chain specified/traced.
Type 'man IMPSP-9025' for more detail.
*** Starting refinePlace (0:32:52 mem=1450.9M) ***
Total net bbox length = 9.136e+04 (4.772e+04 4.364e+04) (ext = 3.860e+03)
Move report: Detail placement moves 8687 insts, mean move: 0.59 um, max move: 9.35 um
	Max move on inst (DIN3k_REG_Dout_reg_4_): (31.25, 92.92) --> (22.23, 93.24)
	Runtime: CPU: 0:00:02.3 REAL: 0:00:02.0 MEM: 1455.2MB
Summary Report:
Instances move: 8687 (out of 8687 movable)
Instances flipped: 0
Mean displacement: 0.59 um
Max displacement: 9.35 um (Instance: DIN3k_REG_Dout_reg_4_) (31.2545, 92.9195) -> (22.23, 93.24)
	Length: 20 sites, height: 1 rows, site name: FreePDK45_38x28_10R_NP_162NW_34O, cell type: DFFR_X1
Total net bbox length = 8.741e+04 (4.311e+04 4.431e+04) (ext = 3.832e+03)
Runtime: CPU: 0:00:02.3 REAL: 0:00:02.0 MEM: 1455.2MB
*** Finished refinePlace (0:32:54 mem=1455.2M) ***
[NR-eGR] Track table information for default rule: 
[NR-eGR] metal1 has no routable track
[NR-eGR] metal2 has single uniform track structure
[NR-eGR] metal3 has single uniform track structure
[NR-eGR] metal4 has single uniform track structure
[NR-eGR] metal5 has single uniform track structure
[NR-eGR] metal6 has single uniform track structure
[NR-eGR] metal7 has single uniform track structure
[NR-eGR] metal8 has single uniform track structure
[NR-eGR] metal9 has single uniform track structure
[NR-eGR] metal10 has single uniform track structure
[NR-eGR] Read 266 PG shapes
[NR-eGR] #Routing Blockages  : 0
[NR-eGR] #Instance Blockages : 0
[NR-eGR] #PG Blockages       : 266
[NR-eGR] #Halo Blockages     : 0
[NR-eGR] #Boundary Blockages : 0
[NR-eGR] Num Prerouted Nets = 0  Num Prerouted Wires = 0
[NR-eGR] Read numTotalNets=10787  numIgnoredNets=0
[NR-eGR] There are 17 clock nets ( 0 with NDR ).
[NR-eGR] ============ Routing rule table ============
[NR-eGR] Rule id: 0  Nets: 10787 
[NR-eGR] ========================================
[NR-eGR] 
[NR-eGR] Layer group 1: route 10787 net(s) in layer range [2, 10]
[NR-eGR] Early Global Route overflow of layer group 1: 0.00% H + 0.02% V. EstWL: 9.968280e+04um
[NR-eGR] Congestion Analysis By layer: (blocked Gcells are excluded) 
[NR-eGR]                        OverCon            
[NR-eGR]                         #Gcell     %Gcell
[NR-eGR]       Layer                (1)    OverCon 
[NR-eGR] ----------------------------------------------
[NR-eGR]  metal1  (1)         0( 0.00%)   ( 0.00%) 
[NR-eGR]  metal2  (2)         2( 0.01%)   ( 0.01%) 
[NR-eGR]  metal3  (3)         0( 0.00%)   ( 0.00%) 
[NR-eGR]  metal4  (4)         1( 0.01%)   ( 0.01%) 
[NR-eGR]  metal5  (5)         0( 0.00%)   ( 0.00%) 
[NR-eGR]  metal6  (6)         0( 0.00%)   ( 0.00%) 
[NR-eGR]  metal7  (7)         0( 0.00%)   ( 0.00%) 
[NR-eGR]  metal8  (8)         0( 0.00%)   ( 0.00%) 
[NR-eGR]  metal9  (9)         0( 0.00%)   ( 0.00%) 
[NR-eGR] metal10 (10)         0( 0.00%)   ( 0.00%) 
[NR-eGR] ----------------------------------------------
[NR-eGR] Total                3( 0.00%)   ( 0.00%) 
[NR-eGR] 
[NR-eGR] Overflow after Early Global Route (GR compatible) 0.00% H + 0.00% V
[NR-eGR] Overflow after Early Global Route 0.00% H + 0.00% V
Early Global Route congestion estimation runtime: 0.45 seconds, mem = 1455.2M
Local HotSpot Analysis: normalized max congestion hotspot area = 0.00, normalized total congestion hotspot area = 0.00 (area is in unit of 4 std-cell row bins)
[NR-eGR] Started Export DB wires ( Curr Mem: 1455.15 MB )
[NR-eGR] Started Export all nets ( Curr Mem: 1455.15 MB )
[NR-eGR] Finished Export all nets ( CPU: 0.10 sec, Real: 0.10 sec, Curr Mem: 1455.15 MB )
[NR-eGR] Started Set wire vias ( Curr Mem: 1455.15 MB )
[NR-eGR] Finished Set wire vias ( CPU: 0.02 sec, Real: 0.02 sec, Curr Mem: 1455.15 MB )
[NR-eGR] Finished Export DB wires ( CPU: 0.12 sec, Real: 0.13 sec, Curr Mem: 1455.15 MB )
[NR-eGR] --------------------------------------------------------------------------
[NR-eGR] metal1  (1F) length: 0.000000e+00um, number of vias: 34430
[NR-eGR] metal2  (2V) length: 2.592717e+04um, number of vias: 41387
[NR-eGR] metal3  (3H) length: 4.698067e+04um, number of vias: 14355
[NR-eGR] metal4  (4V) length: 2.255290e+04um, number of vias: 1246
[NR-eGR] metal5  (5H) length: 4.265175e+03um, number of vias: 1024
[NR-eGR] metal6  (6V) length: 7.280115e+03um, number of vias: 22
[NR-eGR] metal7  (7H) length: 6.732500e+01um, number of vias: 15
[NR-eGR] metal8  (8V) length: 2.425700e+02um, number of vias: 2
[NR-eGR] metal9  (9H) length: 3.380000e+00um, number of vias: 0
[NR-eGR] metal10 (10V) length: 0.000000e+00um, number of vias: 0
[NR-eGR] Total length: 1.073193e+05um, number of vias: 92481
[NR-eGR] --------------------------------------------------------------------------
[NR-eGR] Total eGR-routed clock nets wire length: 8.424800e+02um 
[NR-eGR] --------------------------------------------------------------------------
Early Global Route wiring runtime: 0.53 seconds, mem = 1444.2M
0 delay mode for cte disabled.

*** Finished incrementalPlace (cpu=0:00:33.7, real=0:00:36.0)***
Start to check current routing status for nets...
All nets are already routed correctly.
End to check current routing status for nets (mem=1428.1M)
Extraction called for design 'FIR_UNF' of instances=8687 and nets=10986 using extraction engine 'preRoute' .
PreRoute RC Extraction called for design FIR_UNF.
RC Extraction called in multi-corner(1) mode.
RCMode: PreRoute
      RC Corner Indexes            0   
Capacitance Scaling Factor   : 1.00000 
Resistance Scaling Factor    : 1.00000 
Clock Cap. Scaling Factor    : 1.00000 
Clock Res. Scaling Factor    : 1.00000 
Shrink Factor                : 1.00000
PreRoute extraction is honoring NDR/Shielding/ExtraSpace for clock nets.
Using capacitance table file ...
Updating RC grid for preRoute extraction ...
Initializing multi-corner capacitance tables ... 
Initializing multi-corner resistance tables ...
PreRoute RC Extraction DONE (CPU Time: 0:00:00.5  Real Time: 0:00:01.0  MEM: 1428.148M)
Compute RC Scale Done ...
**optDesign ... cpu = 0:01:30, real = 0:01:37, mem = 1107.0M, totSessionCpu=0:32:57 **
#################################################################################
# Design Stage: PreRoute
# Design Name: FIR_UNF
# Design Mode: 45nm
# Analysis Mode: MMMC Non-OCV 
# Parasitics Mode: No SPEF/RCDB 
# Signoff Settings: SI Off 
#################################################################################
Calculate delays in Single mode...
Start delay calculation (fullDC) (1 T). (MEM=1388.16)
Total number of fetched objects 11031
End delay calculation. (MEM=1423.37 CPU=0:00:07.9 REAL=0:00:08.0)
End delay calculation (fullDC). (MEM=1423.37 CPU=0:00:09.1 REAL=0:00:09.0)
*** Timing Is met
*** Check timing (0:00:00.0)
*** Timing Is met
*** Check timing (0:00:00.0)
Info: 17 clock nets excluded from IPO operation.
Begin: Area Reclaim Optimization
*** AreaOpt [begin] : cpu/real = 0:00:00.0/0:00:00.0 (0.0), totSession cpu/real = 0:33:09.2/2:53:24.9 (0.2), mem = 1490.5M
Reclaim Optimization WNS Slack 0.000  TNS Slack 0.000 Density 57.11
+----------+---------+--------+--------+------------+--------+
| Density  | Commits |  WNS   |  TNS   |    Real    |  Mem   |
+----------+---------+--------+--------+------------+--------+
|    57.11%|        -|   0.000|   0.000|   0:00:00.0| 1490.5M|
|    57.11%|        0|   0.000|   0.000|   0:00:00.0| 1490.5M|
|    57.11%|        0|   0.000|   0.000|   0:00:01.0| 1490.5M|
|    57.11%|        6|   0.000|   0.000|   0:00:02.0| 1490.5M|
|    57.11%|        0|   0.000|   0.000|   0:00:00.0| 1490.5M|
|    57.11%|        0|   0.000|   0.000|   0:00:00.0| 1490.5M|
+----------+---------+--------+--------+------------+--------+
Reclaim Optimization End WNS Slack 0.000  TNS Slack 0.000 Density 57.11
Bottom Preferred Layer:
    None
Via Pillar Rule:
    None
End: Core Area Reclaim Optimization (cpu = 0:00:04.4) (real = 0:00:05.0) **
*** Starting refinePlace (0:33:14 mem=1490.5M) ***
Total net bbox length = 8.741e+04 (4.311e+04 4.431e+04) (ext = 3.832e+03)
Move report: Detail placement moves 0 insts, mean move: 0.00 um, max move: 0.00 um
	Runtime: CPU: 0:00:00.4 REAL: 0:00:01.0 MEM: 1490.5MB
Summary Report:
Instances move: 0 (out of 8687 movable)
Instances flipped: 0
Mean displacement: 0.00 um
Max displacement: 0.00 um 
Total net bbox length = 8.741e+04 (4.311e+04 4.431e+04) (ext = 3.832e+03)
Runtime: CPU: 0:00:00.4 REAL: 0:00:01.0 MEM: 1490.5MB
*** Finished refinePlace (0:33:14 mem=1490.5M) ***
*** maximum move = 0.00 um ***
*** Finished re-routing un-routed nets (1490.5M) ***

*** Finish Physical Update (cpu=0:00:00.9 real=0:00:01.0 mem=1490.5M) ***
*** AreaOpt [finish] : cpu/real = 0:00:05.4/0:00:05.7 (0.9), totSession cpu/real = 0:33:14.5/2:53:30.7 (0.2), mem = 1490.5M
End: Area Reclaim Optimization (cpu=0:00:05, real=0:00:06, mem=1406.38M, totSessionCpu=0:33:15).
Begin: GigaOpt postEco DRV Optimization
Info: 17 clock nets excluded from IPO operation.
*** DrvOpt [begin] : cpu/real = 0:00:00.0/0:00:00.0 (0.0), totSession cpu/real = 0:33:14.8/2:53:31.0 (0.2), mem = 1406.4M
+-------------------------------------------------------------------------------------------------------------------------------------------------------+
|        max-tran       |        max-cap        |  max-fanout |  max-length |       setup       |        |        |        |       |          |         |
+-------------------------------------------------------------------------------------------------------------------------------------------------------+
| nets | terms|  wViol  | nets | terms|  wViol  | nets | terms| nets | terms|   WNS   |   TNS   |  #Buf  |  #Inv  | #Resize|Density|   Real   |   Mem   |
+-------------------------------------------------------------------------------------------------------------------------------------------------------+
|     0|     0|     0.00|     0|     0|     0.00|     0|     0|     0|     0|     3.84|     0.00|       0|       0|       0|  57.11|          |         |
|     0|     0|     0.00|     0|     0|     0.00|     0|     0|     0|     0|     3.84|     0.00|       0|       0|       0|  57.11| 0:00:00.0|  1425.5M|
+-------------------------------------------------------------------------------------------------------------------------------------------------------+
Bottom Preferred Layer:
    None
Via Pillar Rule:
    None

*** Finish DRV Fixing (cpu=0:00:00.6 real=0:00:01.0 mem=1425.5M) ***

*** DrvOpt [finish] : cpu/real = 0:00:05.4/0:00:05.7 (0.9), totSession cpu/real = 0:33:20.2/2:53:36.7 (0.2), mem = 1406.4M
End: GigaOpt postEco DRV Optimization

Active setup views:
 MyAnView
  Dominating endpoints: 0
  Dominating TNS: -0.000

Extraction called for design 'FIR_UNF' of instances=8687 and nets=10986 using extraction engine 'preRoute' .
PreRoute RC Extraction called for design FIR_UNF.
RC Extraction called in multi-corner(1) mode.
RCMode: PreRoute
      RC Corner Indexes            0   
Capacitance Scaling Factor   : 1.00000 
Resistance Scaling Factor    : 1.00000 
Clock Cap. Scaling Factor    : 1.00000 
Clock Res. Scaling Factor    : 1.00000 
Shrink Factor                : 1.00000
PreRoute extraction is honoring NDR/Shielding/ExtraSpace for clock nets.
Using capacitance table file ...
Skipped RC grid update for preRoute extraction.
Initializing multi-corner capacitance tables ... 
Initializing multi-corner resistance tables ...
PreRoute RC Extraction DONE (CPU Time: 0:00:00.6  Real Time: 0:00:00.0  MEM: 1388.859M)
Skewing Data Summary (End_of_FINAL)
--------------------------------------------------
 Total skewed count:0
--------------------------------------------------
[NR-eGR] Track table information for default rule: 
[NR-eGR] metal1 has no routable track
[NR-eGR] metal2 has single uniform track structure
[NR-eGR] metal3 has single uniform track structure
[NR-eGR] metal4 has single uniform track structure
[NR-eGR] metal5 has single uniform track structure
[NR-eGR] metal6 has single uniform track structure
[NR-eGR] metal7 has single uniform track structure
[NR-eGR] metal8 has single uniform track structure
[NR-eGR] metal9 has single uniform track structure
[NR-eGR] metal10 has single uniform track structure
[NR-eGR] Read 266 PG shapes
[NR-eGR] #Routing Blockages  : 0
[NR-eGR] #Instance Blockages : 0
[NR-eGR] #PG Blockages       : 266
[NR-eGR] #Halo Blockages     : 0
[NR-eGR] #Boundary Blockages : 0
[NR-eGR] Num Prerouted Nets = 0  Num Prerouted Wires = 0
[NR-eGR] Read numTotalNets=10787  numIgnoredNets=0
[NR-eGR] There are 17 clock nets ( 0 with NDR ).
[NR-eGR] ============ Routing rule table ============
[NR-eGR] Rule id: 0  Nets: 10787 
[NR-eGR] ========================================
[NR-eGR] 
[NR-eGR] Layer group 1: route 10787 net(s) in layer range [2, 10]
[NR-eGR] Early Global Route overflow of layer group 1: 0.00% H + 0.02% V. EstWL: 9.968420e+04um
[NR-eGR] Congestion Analysis By layer: (blocked Gcells are excluded) 
[NR-eGR]                        OverCon            
[NR-eGR]                         #Gcell     %Gcell
[NR-eGR]       Layer                (1)    OverCon 
[NR-eGR] ----------------------------------------------
[NR-eGR]  metal1  (1)         0( 0.00%)   ( 0.00%) 
[NR-eGR]  metal2  (2)         2( 0.01%)   ( 0.01%) 
[NR-eGR]  metal3  (3)         0( 0.00%)   ( 0.00%) 
[NR-eGR]  metal4  (4)         1( 0.01%)   ( 0.01%) 
[NR-eGR]  metal5  (5)         0( 0.00%)   ( 0.00%) 
[NR-eGR]  metal6  (6)         0( 0.00%)   ( 0.00%) 
[NR-eGR]  metal7  (7)         0( 0.00%)   ( 0.00%) 
[NR-eGR]  metal8  (8)         0( 0.00%)   ( 0.00%) 
[NR-eGR]  metal9  (9)         0( 0.00%)   ( 0.00%) 
[NR-eGR] metal10 (10)         0( 0.00%)   ( 0.00%) 
[NR-eGR] ----------------------------------------------
[NR-eGR] Total                3( 0.00%)   ( 0.00%) 
[NR-eGR] 
[NR-eGR] Overflow after Early Global Route (GR compatible) 0.00% H + 0.00% V
[NR-eGR] Overflow after Early Global Route 0.00% H + 0.00% V
[NR-eGR] Finished Early Global Route kernel ( CPU: 0.33 sec, Real: 0.36 sec, Curr Mem: 1400.64 MB )
[hotspot] +------------+---------------+---------------+
[hotspot] |            |   max hotspot | total hotspot |
[hotspot] +------------+---------------+---------------+
[hotspot] | normalized |          0.00 |          0.00 |
[hotspot] +------------+---------------+---------------+
Local HotSpot Analysis: normalized max congestion hotspot area = 0.00, normalized total congestion hotspot area = 0.00 (area is in unit of 4 std-cell row bins)
Starting delay calculation for Setup views
#################################################################################
# Design Stage: PreRoute
# Design Name: FIR_UNF
# Design Mode: 45nm
# Analysis Mode: MMMC Non-OCV 
# Parasitics Mode: No SPEF/RCDB 
# Signoff Settings: SI Off 
#################################################################################
Calculate delays in Single mode...
Start delay calculation (fullDC) (1 T). (MEM=1398.64)
Total number of fetched objects 11031
End delay calculation. (MEM=1425.84 CPU=0:00:07.7 REAL=0:00:08.0)
End delay calculation (fullDC). (MEM=1425.84 CPU=0:00:09.0 REAL=0:00:10.0)
*** Done Building Timing Graph (cpu=0:00:10.3 real=0:00:10.0 totSessionCpu=0:33:33 mem=1425.8M)
Reported timing to dir ./timingReports
**optDesign ... cpu = 0:02:06, real = 0:02:14, mem = 1144.1M, totSessionCpu=0:33:33 **

------------------------------------------------------------
     optDesign Final Summary                             
------------------------------------------------------------

Setup views included:
 MyAnView 

+--------------------+---------+---------+---------+---------+
|     Setup mode     |   all   | reg2reg |reg2cgate| default |
+--------------------+---------+---------+---------+---------+
|           WNS (ns):|  3.838  |  3.862  |   N/A   |  3.838  |
|           TNS (ns):|  0.000  |  0.000  |   N/A   |  0.000  |
|    Violating Paths:|    0    |    0    |   N/A   |    0    |
|          All Paths:|   363   |   134   |   N/A   |   253   |
+--------------------+---------+---------+---------+---------+

+----------------+-------------------------------+------------------+
|                |              Real             |       Total      |
|    DRVs        +------------------+------------+------------------|
|                |  Nr nets(terms)  | Worst Vio  |  Nr nets(terms)  |
+----------------+------------------+------------+------------------+
|   max_cap      |      0 (0)       |   0.000    |      0 (0)       |
|   max_tran     |      0 (0)       |   0.000    |      0 (0)       |
|   max_fanout   |      0 (0)       |     0      |      0 (0)       |
|   max_length   |      0 (0)       |     0      |      0 (0)       |
+----------------+------------------+------------+------------------+

Density: 57.110%
Routing Overflow: 0.00% H and 0.00% V
------------------------------------------------------------
**optDesign ... cpu = 0:02:07, real = 0:02:19, mem = 1146.2M, totSessionCpu=0:33:34 **
**WARN: (IMPOPT-3195):	Analysis mode has changed.
Type 'man IMPOPT-3195' for more detail.
*** Finished optDesign ***
**place_opt_design ... cpu = 0:02:08, real = 0:02:20, mem = 1310.1M **
*** Finished GigaPlace ***

*** Summary of all messages that are not suppressed in this session:
Severity  ID               Count  Summary                                  
WARNING   IMPSP-9025           1  No scan chain specified/traced.          
WARNING   IMPOPT-3195          2  Analysis mode has changed.               
*** Message Summary: 3 warning(s), 0 error(s)

<CMD> selectWire 42.9550 68.1800 43.0950 70.8400 4 j2_addMult9_MULT_mult_18_n430
<CMD> deselectAll
<CMD> selectInst j2_addMult1_MULT_mult_18_U367
<CMD> set_ccopt_property target_max_trans 0.08
<CMD> set_ccopt_property target_skew 0.5
<CMD> create_ccopt_clock_tree -name MY_CLK -source clk
Extracting original clock gating for MY_CLK...
  clock_tree MY_CLK contains 188 sinks and 16 clock gates.
    Found 11 implicit ignore or stop or exclude pins - run report_ccopt_clock_trees -list_special_pins for more details.
  Extraction for MY_CLK complete.
Extracting original clock gating for MY_CLK done.
<CMD> ccopt_design
#% Begin ccopt_design (date=11/01 21:59:24, mem=1063.2M)
Turning off fast DC mode./nRuntime...
**INFO: User's settings:
setNanoRouteMode -droutePostRouteSpreadWire         1
setNanoRouteMode -extractThirdPartyCompatible       false
setNanoRouteMode -grouteExpTdStdDelay               10.1
setNanoRouteMode -timingEngine                      {}
setDesignMode -process                              45
setExtractRCMode -coupling_c_th                     0.1
setExtractRCMode -engine                            preRoute
setExtractRCMode -relative_c_th                     1
setExtractRCMode -total_c_th                        0
setDelayCalMode -enable_high_fanout                 true
setDelayCalMode -eng_copyNetPropToNewNet            true
setDelayCalMode -engine                             aae
setDelayCalMode -ignoreNetLoad                      false
setOptMode -activeHoldViews                         { MyAnView }
setOptMode -activeSetupViews                        { MyAnView }
setOptMode -autoSetupViews                          { MyAnView}
setOptMode -autoTDGRSetupViews                      { MyAnView}
setOptMode -drcMargin                               0
setOptMode -fixCap                                  true
setOptMode -fixDrc                                  true
setOptMode -fixFanoutLoad                           false
setOptMode -fixTran                                 true
setOptMode -optimizeFF                              true
setOptMode -preserveAllSequential                   true
setOptMode -setupTargetSlack                        0
setPlaceMode -place_design_floorplan_mode           false
setPlaceMode -place_detail_check_route              false
setPlaceMode -place_detail_preserve_routing         true
setPlaceMode -place_detail_remove_affected_routing  false
setPlaceMode -place_detail_swap_eeq_cells           false
setPlaceMode -place_global_clock_gate_aware         true
setPlaceMode -place_global_cong_effort              auto
setPlaceMode -place_global_ignore_scan              true
setPlaceMode -place_global_ignore_spare             false
setPlaceMode -place_global_module_aware_spare       false
setPlaceMode -place_global_place_io_pins            true
setPlaceMode -place_global_reorder_scan             true
setPlaceMode -powerDriven                           false
setPlaceMode -timingDriven                          true
setRouteMode -earlyGlobalHonorMsvRouteConstraint    false
setRouteMode -earlyGlobalRoutePartitionPinGuide     true

(ccopt_design): CTS Engine: auto. Used Spec: pre-existing CCOPT spec.
Placement constraints of type 'region' or 'fence' will not be downgraded to 'guide' because the property change_fences_to_guides has been set to false.
Set place::cacheFPlanSiteMark to 1
'setDesignMode -flowEffort standard' => 'setOptMode -usefulSkewCCOpt standard' 
Using CCOpt effort standard.
CCOpt::Phase::Initialization...
Check Prerequisites...
Leaving CCOpt scope - CheckPlace...
Begin checking placement ... (start mem=1300.5M, init mem=1317.2M)
*info: Placed = 8687          
*info: Unplaced = 0           
Placement Density:57.11%(17839/31237)
Placement Density (including fixed std cells):57.11%(17839/31237)
Finished checkPlace (total: cpu=0:00:00.2, real=0:00:00.0; vio checks: cpu=0:00:00.2, real=0:00:00.0; mem=1317.2M)
Leaving CCOpt scope - CheckPlace done. (took cpu=0:00:00.2 real=0:00:00.3)
Innovus will update I/O latencies
Found 0 ideal nets, 0 pins with transition annotations, 0 instances with delay annotations, 0 nets with delay annotations, refer to logv for details.

Check Prerequisites done. (took cpu=0:00:00.2 real=0:00:00.3)
CCOpt::Phase::Initialization done. (took cpu=0:00:00.2 real=0:00:00.3)
Executing ccopt post-processing.
Synthesizing clock trees with CCOpt...
CCOpt::Phase::PreparingToBalance...
Leaving CCOpt scope - Initializing power interface...
Leaving CCOpt scope - Initializing power interface done. (took cpu=0:00:00.0 real=0:00:00.0)
Found 0 advancing pin insertion delay (0.000% of 188 clock tree sinks)
Found 0 delaying pin insertion delay (0.000% of 188 clock tree sinks)
Leaving CCOpt scope - optDesignGlobalRouteStep...
[NR-eGR] Started Early Global Route kernel ( Curr Mem: 1317.24 MB )
[NR-eGR] Track table information for default rule: 
[NR-eGR] metal1 has no routable track
[NR-eGR] metal2 has single uniform track structure
[NR-eGR] metal3 has single uniform track structure
[NR-eGR] metal4 has single uniform track structure
[NR-eGR] metal5 has single uniform track structure
[NR-eGR] metal6 has single uniform track structure
[NR-eGR] metal7 has single uniform track structure
[NR-eGR] metal8 has single uniform track structure
[NR-eGR] metal9 has single uniform track structure
[NR-eGR] metal10 has single uniform track structure
[NR-eGR] Read 266 PG shapes
[NR-eGR] #Routing Blockages  : 0
[NR-eGR] #Instance Blockages : 0
[NR-eGR] #PG Blockages       : 266
[NR-eGR] #Halo Blockages     : 0
[NR-eGR] #Boundary Blockages : 0
[NR-eGR] Num Prerouted Nets = 0  Num Prerouted Wires = 0
[NR-eGR] Read numTotalNets=10787  numIgnoredNets=0
[NR-eGR] There are 17 clock nets ( 0 with NDR ).
[NR-eGR] ============ Routing rule table ============
[NR-eGR] Rule id: 0  Nets: 10787 
[NR-eGR] ========================================
[NR-eGR] 
[NR-eGR] Layer group 1: route 10787 net(s) in layer range [2, 10]
[NR-eGR] Early Global Route overflow of layer group 1: 0.00% H + 0.02% V. EstWL: 9.968420e+04um
[NR-eGR] Congestion Analysis By layer: (blocked Gcells are excluded) 
[NR-eGR]                        OverCon            
[NR-eGR]                         #Gcell     %Gcell
[NR-eGR]       Layer                (1)    OverCon 
[NR-eGR] ----------------------------------------------
[NR-eGR]  metal1  (1)         0( 0.00%)   ( 0.00%) 
[NR-eGR]  metal2  (2)         2( 0.01%)   ( 0.01%) 
[NR-eGR]  metal3  (3)         0( 0.00%)   ( 0.00%) 
[NR-eGR]  metal4  (4)         1( 0.01%)   ( 0.01%) 
[NR-eGR]  metal5  (5)         0( 0.00%)   ( 0.00%) 
[NR-eGR]  metal6  (6)         0( 0.00%)   ( 0.00%) 
[NR-eGR]  metal7  (7)         0( 0.00%)   ( 0.00%) 
[NR-eGR]  metal8  (8)         0( 0.00%)   ( 0.00%) 
[NR-eGR]  metal9  (9)         0( 0.00%)   ( 0.00%) 
[NR-eGR] metal10 (10)         0( 0.00%)   ( 0.00%) 
[NR-eGR] ----------------------------------------------
[NR-eGR] Total                3( 0.00%)   ( 0.00%) 
[NR-eGR] 
[NR-eGR] Overflow after Early Global Route (GR compatible) 0.00% H + 0.00% V
[NR-eGR] Overflow after Early Global Route 0.00% H + 0.00% V
[NR-eGR] Started Export DB wires ( Curr Mem: 1321.76 MB )
[NR-eGR] Started Export all nets ( Curr Mem: 1321.76 MB )
[NR-eGR] Finished Export all nets ( CPU: 0.10 sec, Real: 0.10 sec, Curr Mem: 1321.76 MB )
[NR-eGR] Started Set wire vias ( Curr Mem: 1321.76 MB )
[NR-eGR] Finished Set wire vias ( CPU: 0.02 sec, Real: 0.02 sec, Curr Mem: 1321.76 MB )
[NR-eGR] Finished Export DB wires ( CPU: 0.14 sec, Real: 0.13 sec, Curr Mem: 1321.76 MB )
[NR-eGR] --------------------------------------------------------------------------
[NR-eGR] metal1  (1F) length: 0.000000e+00um, number of vias: 34298
[NR-eGR] metal2  (2V) length: 2.563710e+04um, number of vias: 41180
[NR-eGR] metal3  (3H) length: 4.690111e+04um, number of vias: 14329
[NR-eGR] metal4  (4V) length: 2.260988e+04um, number of vias: 1251
[NR-eGR] metal5  (5H) length: 4.262345e+03um, number of vias: 1045
[NR-eGR] metal6  (6V) length: 7.376720e+03um, number of vias: 20
[NR-eGR] metal7  (7H) length: 5.757500e+01um, number of vias: 13
[NR-eGR] metal8  (8V) length: 2.156900e+02um, number of vias: 2
[NR-eGR] metal9  (9H) length: 3.380000e+00um, number of vias: 0
[NR-eGR] metal10 (10V) length: 0.000000e+00um, number of vias: 0
[NR-eGR] Total length: 1.070638e+05um, number of vias: 92138
[NR-eGR] --------------------------------------------------------------------------
[NR-eGR] Total eGR-routed clock nets wire length: 8.435250e+02um 
[NR-eGR] --------------------------------------------------------------------------
[NR-eGR] Finished Early Global Route kernel ( CPU: 0.85 sec, Real: 0.98 sec, Curr Mem: 1311.76 MB )
Leaving CCOpt scope - optDesignGlobalRouteStep done. (took cpu=0:00:00.9 real=0:00:01.0)
Rebuilding timing graph...
Rebuilding timing graph done.
Legalization setup...
Using cell based legalization.
Initializing placement interface...
  Use check_library -place or consult logv if problems occur.
Initializing placement interface done.
Legalization setup done. (took cpu=0:00:00.3 real=0:00:00.3)
Validating CTS configuration...
Checking module port directions...
Checking module port directions done. (took cpu=0:00:00.0 real=0:00:00.0)
Non-default CCOpt properties:
cts_merge_clock_gates is set for at least one object
cts_merge_clock_logic is set for at least one object
route_type is set for at least one object
target_max_trans is set for at least one object
target_skew is set for at least one object
Route type trimming info:
  No route type modifications were made.
Updating RC grid for preRoute extraction ...
Initializing multi-corner capacitance tables ... 
Initializing multi-corner resistance tables ...
**WARN: (IMPCCOPT-1184):	The library has no usable balanced inverters for power domain auto-default, while balancing clock_tree MY_CLK. If this is not intended behavior, you can specify a list of lib_cells to use with the inverter_cells property.
Clock tree balancer configuration for clock_tree MY_CLK:
Non-default CCOpt properties:
  cts_merge_clock_gates: true (default: false)
  cts_merge_clock_logic: true (default: false)
  route_type (leaf): default_route_type_leaf (default: default)
  route_type (trunk): default_route_type_nonleaf (default: default)
  route_type (top): default_route_type_nonleaf (default: default)
For power domain auto-default:
  Buffers:     CLKBUF_X3 CLKBUF_X2 CLKBUF_X1 
  Inverters:   
  Clock gates: CLKGATETST_X8 CLKGATETST_X4 CLKGATETST_X2 CLKGATETST_X1 
  Unblocked area available for placement of any clock cells in power_domain auto-default: 31236.912um^2
Top Routing info:
  Route-type name: default_route_type_nonleaf; Top/bottom preferred layer name: metal4/metal3; 
  Unshielded; Mask Constraint: 0; Source: route_type.
Trunk Routing info:
  Route-type name: default_route_type_nonleaf; Top/bottom preferred layer name: metal4/metal3; 
  Unshielded; Preferred extra space: 1; Mask Constraint: 0; Source: route_type.
Leaf Routing info:
  Route-type name: default_route_type_leaf; Top/bottom preferred layer name: metal4/metal3; 
  Unshielded; Preferred extra space: 1; Mask Constraint: 0; Source: route_type.
For timing_corner my_delay:both, late and power domain auto-default:
  Slew time target (leaf):    0.080ns
  Slew time target (trunk):   0.080ns
  Slew time target (top):     0.080ns (Note: no nets are considered top nets in this clock tree)
  Buffer unit delay: 0.047ns
  Buffer max distance: 597.377um
Fastest wire driving cells and distances:
  Buffer    : {lib_cell:CLKBUF_X3, fastest_considered_half_corner=my_delay:both.late, optimalDrivingDistance=597.377um, saturatedSlew=0.068ns, speed=4338.250um per ns, cellArea=2.226um^2 per 1000um}
  Clock gate (with test): {lib_cell:CLKGATETST_X8, fastest_considered_half_corner=my_delay:both.late, optimalDrivingDistance=728.875um, saturatedSlew=0.064ns, speed=5637.084um per ns, cellArea=10.583um^2 per 1000um}
  Clock gate   (no test): {lib_cell:CLKGATE_X8, fastest_considered_half_corner=my_delay:both.late, optimalDrivingDistance=707.875um, saturatedSlew=0.061ns, speed=5855.046um per ns, cellArea=9.770um^2 per 1000um}


Logic Sizing Table:

----------------------------------------------------------
Cell    Instance count    Source    Eligible library cells
----------------------------------------------------------
  (empty table)
----------------------------------------------------------


Clock tree balancer configuration for skew_group MY_CLK:
  Sources:                     pin clk
  Total number of sinks:       188
  Delay constrained sinks:     177
  Non-leaf sinks:              0
  Ignore pins:                 0
 Timing corner my_delay:both.late:
  Skew target:                 0.500ns
**WARN: (IMPCCOPT-1361):	Routing configuration for top nets in clock tree MY_CLK: preferred layers metal3-metal4 are outside NanoRoute configured layer range. This is likely to cause routing correlation issues.
**WARN: (IMPCCOPT-1361):	Routing configuration for trunk nets in clock tree MY_CLK: preferred layers metal3-metal4 are outside NanoRoute configured layer range. This is likely to cause routing correlation issues.
**WARN: (IMPCCOPT-1361):	Routing configuration for leaf nets in clock tree MY_CLK: preferred layers metal3-metal4 are outside NanoRoute configured layer range. This is likely to cause routing correlation issues.
Primary reporting skew groups are:
skew_group MY_CLK with 188 clock sinks

Clock DAG stats initial state:
  cell counts      : b=0, i=0, icg=16, nicg=0, l=0, total=16
  cell areas       : b=0.000um^2, i=0.000um^2, icg=63.840um^2, nicg=0.000um^2, l=0.000um^2, total=63.840um^2
  hp wire lengths  : top=0.000um, trunk=0.000um, leaf=290.425um, total=290.425um
Clock DAG library cell distribution initial state {count}:
   ICGs: CLKGATETST_X1: 16 

Distribution of half-perimeter wire length by ICG depth:

---------------------------------------------------------------------------
Min ICG    Max ICG    Count    HPWL
Depth      Depth               (um)
---------------------------------------------------------------------------
   0          0        16      [min=11, max=29, avg=18, sd=5, total=290]
   0          1         1      [min=219, max=219, avg=219, sd=0, total=219]
---------------------------------------------------------------------------

No ideal or dont_touch nets found in the clock tree
No dont_touch hnets found in the clock tree
Validating CTS configuration done. (took cpu=0:00:02.8 real=0:00:03.1)
CCOpt configuration status: all checks passed.
Adding exclusion drivers to pins that are effective_sink_type exclude...
    Adding exclusion drivers (these will be instances of the smallest area library cells).
  No exclusion drivers are needed.
Adding exclusion drivers to pins that are effective_sink_type exclude done.
Antenna diode management...
  Found 0 antenna diodes in the clock trees.
  
Antenna diode management done.
Adding driver cells for primary IOs...
  
  ----------------------------------------------------------------------------------------------
  CCOpt reported the following when adding drivers below input ports and above output ports     
  ----------------------------------------------------------------------------------------------
    (empty table)
  ----------------------------------------------------------------------------------------------
  
  
Adding driver cells for primary IOs done.
Adding driver cell for primary IO roots...
Adding driver cell for primary IO roots done.
Maximizing clock DAG abstraction...
Maximizing clock DAG abstraction done.
CCOpt::Phase::PreparingToBalance done. (took cpu=0:00:04.8 real=0:00:05.5)
Synthesizing clock trees...
  Preparing To Balance...
  Library trimming clock gates in power domain auto-default and half-corner my_delay:both.late removed 0 of 4 cells
  Original list had 4 cells:
  CLKGATETST_X8 CLKGATETST_X4 CLKGATETST_X2 CLKGATETST_X1 
  Library trimming was not able to trim any cells:
  CLKGATETST_X8 CLKGATETST_X4 CLKGATETST_X2 CLKGATETST_X1 
  Merging duplicate siblings in DAG...
    Clock DAG stats before merging:
      cell counts      : b=0, i=0, icg=16, nicg=0, l=0, total=16
      cell areas       : b=0.000um^2, i=0.000um^2, icg=63.840um^2, nicg=0.000um^2, l=0.000um^2, total=63.840um^2
      hp wire lengths  : top=0.000um, trunk=0.000um, leaf=290.425um, total=290.425um
    Clock DAG library cell distribution before merging {count}:
       ICGs: CLKGATETST_X1: 16 
    Resynthesising clock tree into netlist...
      Reset timing graph...
Ignoring AAE DB Resetting ...
      Reset timing graph done.
    Resynthesising clock tree into netlist done.
    
    Clock gate merging summary:
    
    ----------------------------------------------------------
    Description                          Number of occurrences
    ----------------------------------------------------------
    Total clock gates                             16
    Globally unique enables                        1
    Potentially mergeable clock gates             15
    Actually merged clock gates                    0
    ----------------------------------------------------------
    
    --------------------------------------------
    Cannot merge reason    Number of occurrences
    --------------------------------------------
    UndrivenTestPins                16
    --------------------------------------------
    
    Disconnecting clock tree from netlist...
    Disconnecting clock tree from netlist done.
  Merging duplicate siblings in DAG done.
  Preparing To Balance done. (took cpu=0:00:00.4 real=0:00:00.5)
  CCOpt::Phase::Construction...
  Stage::Clustering...
  Clustering...
    Initialize for clustering...
    Clock DAG stats before clustering:
      cell counts      : b=0, i=0, icg=16, nicg=0, l=0, total=16
      cell areas       : b=0.000um^2, i=0.000um^2, icg=123.424um^2, nicg=0.000um^2, l=0.000um^2, total=123.424um^2
      hp wire lengths  : top=0.000um, trunk=0.000um, leaf=290.425um, total=290.425um
    Clock DAG library cell distribution before clustering {count}:
       ICGs: CLKGATETST_X8: 16 
    Computing max distances from locked parents...
      Computing distance_from_locked_parent_restrictions for 0 nodes driven by 0 locked parents
    Computing max distances from locked parents done.
    Initialize for clustering done. (took cpu=0:00:00.0 real=0:00:00.0)
    Bottom-up phase...
    Clustering clock_tree MY_CLK...
    Clustering clock_tree MY_CLK done.
    Clock DAG stats after bottom-up phase:
      cell counts      : b=2, i=0, icg=16, nicg=0, l=0, total=18
      cell areas       : b=2.128um^2, i=0.000um^2, icg=119.966um^2, nicg=0.000um^2, l=0.000um^2, total=122.094um^2
      hp wire lengths  : top=0.000um, trunk=0.000um, leaf=543.245um, total=543.245um
    Clock DAG library cell distribution after bottom-up phase {count}:
       Bufs: CLKBUF_X3: 1 CLKBUF_X1: 1 
       ICGs: CLKGATETST_X8: 15 CLKGATETST_X2: 1 
    Bottom-up phase done. (took cpu=0:00:00.8 real=0:00:00.9)
    Legalizing clock trees...
    Resynthesising clock tree into netlist...
      Reset timing graph...
Ignoring AAE DB Resetting ...
      Reset timing graph done.
    Resynthesising clock tree into netlist done.
    Commiting net attributes....
    Commiting net attributes. done.
    Leaving CCOpt scope - ClockRefiner...
    Performing a single pass refine place with checks partially disabled for clock sinks and datapath.
*** Starting refinePlace (0:34:28 mem=1359.2M) ***
Total net bbox length = 8.768e+04 (4.328e+04 4.440e+04) (ext = 3.827e+03)
Move report: Detail placement moves 105 insts, mean move: 1.16 um, max move: 3.30 um
	Max move on inst (i0_R1_Dout_reg_6_): (88.35, 84.84) --> (86.45, 86.24)
	Runtime: CPU: 0:00:00.6 REAL: 0:00:01.0 MEM: 1359.2MB
Summary Report:
Instances move: 105 (out of 8689 movable)
Instances flipped: 0
Mean displacement: 1.16 um
Max displacement: 3.30 um (Instance: i0_R1_Dout_reg_6_) (88.35, 84.84) -> (86.45, 86.24)
	Length: 20 sites, height: 1 rows, site name: FreePDK45_38x28_10R_NP_162NW_34O, cell type: DFFR_X1
Total net bbox length = 8.772e+04 (4.331e+04 4.441e+04) (ext = 3.824e+03)
Runtime: CPU: 0:00:00.7 REAL: 0:00:01.0 MEM: 1359.2MB
*** Finished refinePlace (0:34:29 mem=1359.2M) ***
    ClockRefiner summary
    All clock instances: Moved 44, flipped 25 and cell swapped 0 (out of a total of 206).
    The largest move was 3.3 um for i2_R1_Dout_reg_5_.
    Leaving CCOpt scope - ClockRefiner done. (took cpu=0:00:01.0 real=0:00:01.5)
    Disconnecting clock tree from netlist...
    Disconnecting clock tree from netlist done.
    Clock tree timing engine global stage delay update for my_delay:both.late...
    Clock tree timing engine global stage delay update for my_delay:both.late done. (took cpu=0:00:00.1 real=0:00:00.2)
    
    Clock tree legalization - Histogram:
    ====================================
    
    --------------------------------
    Movement (um)    Number of cells
    --------------------------------
      (empty table)
    --------------------------------
    
    
    Clock tree legalization - There are no Movements:
    =================================================
    
    ---------------------------------------------
    Movement (um)    Desired     Achieved    Node
                     location    location    
    ---------------------------------------------
      (empty table)
    ---------------------------------------------
    
    Legalizing clock trees done. (took cpu=0:00:01.2 real=0:00:01.9)
    Clock DAG stats after 'Clustering':
      cell counts      : b=2, i=0, icg=16, nicg=0, l=0, total=18
      cell areas       : b=2.128um^2, i=0.000um^2, icg=119.966um^2, nicg=0.000um^2, l=0.000um^2, total=122.094um^2
      cell capacitance : b=2.201fF, i=0.000fF, icg=122.206fF, nicg=0.000fF, l=0.000fF, total=124.407fF
      sink capacitance : count=188, total=192.782fF, avg=1.025fF, sd=0.197fF, min=0.965fF, max=1.812fF
      wire capacitance : top=0.000fF, trunk=35.433fF, leaf=78.062fF, total=113.496fF
      wire lengths     : top=0.000um, trunk=383.595um, leaf=752.585um, total=1136.180um
      hp wire lengths  : top=0.000um, trunk=0.000um, leaf=549.300um, total=549.300um
    Clock DAG net violations after 'Clustering': none
    Clock DAG primary half-corner transition distribution after 'Clustering':
      Trunk : target=0.080ns count=1 avg=0.020ns sd=0.000ns min=0.020ns max=0.020ns {1 <= 0.048ns, 0 <= 0.064ns, 0 <= 0.072ns, 0 <= 0.076ns, 0 <= 0.080ns}
      Leaf  : target=0.080ns count=18 avg=0.011ns sd=0.008ns min=0.008ns max=0.035ns {18 <= 0.048ns, 0 <= 0.064ns, 0 <= 0.072ns, 0 <= 0.076ns, 0 <= 0.080ns}
    Clock DAG library cell distribution after 'Clustering' {count}:
       Bufs: CLKBUF_X3: 1 CLKBUF_X1: 1 
       ICGs: CLKGATETST_X8: 15 CLKGATETST_X2: 1 
    Primary reporting skew groups after 'Clustering':
      skew_group MY_CLK: insertion delay [min=0.030, max=0.052, avg=0.045, sd=0.007], skew [0.021 vs 0.500], 100% {0.030, 0.052} (wid=0.020 ws=0.018) (gid=0.047 gs=0.020)
    Skew group summary after 'Clustering':
      skew_group MY_CLK: insertion delay [min=0.030, max=0.052, avg=0.045, sd=0.007], skew [0.021 vs 0.500], 100% {0.030, 0.052} (wid=0.020 ws=0.018) (gid=0.047 gs=0.020)
    Legalizer API calls during this step: 279 succeeded with high effort: 279 succeeded with medium effort: 0 succeeded with low effort: 0 succeeded with basic effort: 0 succeeded with basic unbounded effort: 0
  Clustering done. (took cpu=0:00:02.0 real=0:00:02.8)
  Looking for fanout violations...
  Looking for fanout violations done.
  CongRepair After Initial Clustering...
  Reset timing graph...
Ignoring AAE DB Resetting ...
  Reset timing graph done.
  Leaving CCOpt scope - Early Global Route...
  Clock implementation routing...
Net route status summary:
  Clock:        19 (unrouted=19, trialRouted=0, noStatus=0, routed=0, fixed=0, [crossesIlmBoundary=0, tooFewTerms=0, (crossesIlmBoundary AND tooFewTerms=0)])
  Non-clock: 10969 (unrouted=200, trialRouted=10769, noStatus=0, routed=0, fixed=0, [crossesIlmBoundary=0, tooFewTerms=199, (crossesIlmBoundary AND tooFewTerms=0)])
    Routing using eGR only...
      Early Global Route - eGR only step...
(ccopt eGR): There are 19 nets for routing of which 19 have one or more fixed wires.
(ccopt eGR): Start to route 19 all nets
[NR-eGR] Track table information for default rule: 
[NR-eGR] metal1 has no routable track
[NR-eGR] metal2 has single uniform track structure
[NR-eGR] metal3 has single uniform track structure
[NR-eGR] metal4 has single uniform track structure
[NR-eGR] metal5 has single uniform track structure
[NR-eGR] metal6 has single uniform track structure
[NR-eGR] metal7 has single uniform track structure
[NR-eGR] metal8 has single uniform track structure
[NR-eGR] metal9 has single uniform track structure
[NR-eGR] metal10 has single uniform track structure
[NR-eGR] Read 814 PG shapes
[NR-eGR] #Routing Blockages  : 0
[NR-eGR] #Instance Blockages : 0
[NR-eGR] #PG Blockages       : 814
[NR-eGR] #Halo Blockages     : 0
[NR-eGR] #Boundary Blockages : 0
[NR-eGR] Num Prerouted Nets = 0  Num Prerouted Wires = 0
[NR-eGR] Read numTotalNets=10789  numIgnoredNets=10770
[NR-eGR] Connected 0 must-join pins/ports
[NR-eGR] There are 19 clock nets ( 19 with NDR ).
[NR-eGR] ============ Routing rule table ============
[NR-eGR] Rule id: 0  Nets: 19 
[NR-eGR] Rule id: 1  Nets: 0 
[NR-eGR] ========================================
[NR-eGR] 
[NR-eGR] Layer group 1: route 19 net(s) in layer range [3, 4]
[NR-eGR] Early Global Route overflow of layer group 1: 0.00% H + 0.00% V. EstWL: 1.093400e+03um
[NR-eGR] Create a new net group with 2 nets and layer range [3, 6]
[NR-eGR] Layer group 2: route 2 net(s) in layer range [3, 6]
[NR-eGR] Early Global Route overflow of layer group 2: 0.00% H + 0.00% V. EstWL: 1.093400e+03um
[NR-eGR] Create a new net group with 2 nets and layer range [3, 8]
[NR-eGR] Layer group 3: route 2 net(s) in layer range [3, 8]
[NR-eGR] Early Global Route overflow of layer group 3: 0.00% H + 0.00% V. EstWL: 1.093400e+03um
[NR-eGR] Create a new net group with 2 nets and layer range [3, 10]
[NR-eGR] Layer group 4: route 2 net(s) in layer range [3, 10]
[NR-eGR] Early Global Route overflow of layer group 4: 0.00% H + 0.00% V. EstWL: 1.093400e+03um
[NR-eGR] Congestion Analysis By layer: (blocked Gcells are excluded) 
[NR-eGR]                        OverCon            
[NR-eGR]                         #Gcell     %Gcell
[NR-eGR]       Layer                (0)    OverCon 
[NR-eGR] ----------------------------------------------
[NR-eGR]  metal1  (1)         0( 0.00%)   ( 0.00%) 
[NR-eGR]  metal2  (2)         0( 0.00%)   ( 0.00%) 
[NR-eGR]  metal3  (3)         0( 0.00%)   ( 0.00%) 
[NR-eGR]  metal4  (4)         0( 0.00%)   ( 0.00%) 
[NR-eGR]  metal5  (5)         0( 0.00%)   ( 0.00%) 
[NR-eGR]  metal6  (6)         0( 0.00%)   ( 0.00%) 
[NR-eGR]  metal7  (7)         0( 0.00%)   ( 0.00%) 
[NR-eGR]  metal8  (8)         0( 0.00%)   ( 0.00%) 
[NR-eGR]  metal9  (9)         0( 0.00%)   ( 0.00%) 
[NR-eGR] metal10 (10)         0( 0.00%)   ( 0.00%) 
[NR-eGR] ----------------------------------------------
[NR-eGR] Total                0( 0.00%)   ( 0.00%) 
[NR-eGR] 
[NR-eGR] Overflow after Early Global Route (GR compatible) 0.00% H + 0.00% V
[NR-eGR] Overflow after Early Global Route 0.00% H + 0.00% V
[NR-eGR] Started Export DB wires ( Curr Mem: 1359.18 MB )
[NR-eGR] Started Export all nets ( Curr Mem: 1359.18 MB )
[NR-eGR] Finished Export all nets ( CPU: 0.00 sec, Real: 0.00 sec, Curr Mem: 1359.18 MB )
[NR-eGR] Started Set wire vias ( Curr Mem: 1359.18 MB )
[NR-eGR] Finished Set wire vias ( CPU: 0.00 sec, Real: 0.00 sec, Curr Mem: 1359.18 MB )
[NR-eGR] Finished Export DB wires ( CPU: 0.01 sec, Real: 0.00 sec, Curr Mem: 1359.18 MB )
[NR-eGR] --------------------------------------------------------------------------
[NR-eGR] metal1  (1F) length: 0.000000e+00um, number of vias: 34274
[NR-eGR] metal2  (2V) length: 2.550353e+04um, number of vias: 41084
[NR-eGR] metal3  (3H) length: 4.685146e+04um, number of vias: 14336
[NR-eGR] metal4  (4V) length: 2.289555e+04um, number of vias: 1256
[NR-eGR] metal5  (5H) length: 4.333005e+03um, number of vias: 1026
[NR-eGR] metal6  (6V) length: 7.108200e+03um, number of vias: 20
[NR-eGR] metal7  (7H) length: 5.757500e+01um, number of vias: 13
[NR-eGR] metal8  (8V) length: 2.156900e+02um, number of vias: 2
[NR-eGR] metal9  (9H) length: 3.380000e+00um, number of vias: 0
[NR-eGR] metal10 (10V) length: 0.000000e+00um, number of vias: 0
[NR-eGR] Total length: 1.069684e+05um, number of vias: 92011
[NR-eGR] --------------------------------------------------------------------------
[NR-eGR] Total eGR-routed clock nets wire length: 1.147480e+03um 
[NR-eGR] --------------------------------------------------------------------------
[NR-eGR] Report for selected net(s) only.
[NR-eGR] metal1  (1H) length: 0.000000e+00um, number of vias: 224
[NR-eGR] metal2  (2V) length: 2.131550e+02um, number of vias: 262
[NR-eGR] metal3  (3H) length: 3.001250e+02um, number of vias: 78
[NR-eGR] metal4  (4V) length: 3.995600e+02um, number of vias: 29
[NR-eGR] metal5  (5H) length: 2.346400e+02um, number of vias: 0
[NR-eGR] metal6  (6V) length: 0.000000e+00um, number of vias: 0
[NR-eGR] metal7  (7H) length: 0.000000e+00um, number of vias: 0
[NR-eGR] metal8  (8V) length: 0.000000e+00um, number of vias: 0
[NR-eGR] metal9  (9H) length: 0.000000e+00um, number of vias: 0
[NR-eGR] metal10 (10V) length: 0.000000e+00um, number of vias: 0
[NR-eGR] Total length: 1.147480e+03um, number of vias: 593
[NR-eGR] --------------------------------------------------------------------------
[NR-eGR] Total routed clock nets wire length: 1.147480e+03um, number of vias: 593
[NR-eGR] --------------------------------------------------------------------------
[NR-eGR] Finished Early Global Route kernel ( CPU: 0.34 sec, Real: 0.37 sec, Curr Mem: 1315.18 MB )
**WARN: (IMPDBTCL-200):	The command dbSelectObj will be obsoleted in a future release. Please use select_obj instead.
      Early Global Route - eGR only step done. (took cpu=0:00:00.5 real=0:00:00.5)
    Routing using eGR only done.
Net route status summary:
  Clock:        19 (unrouted=0, trialRouted=0, noStatus=0, routed=19, fixed=0, [crossesIlmBoundary=0, tooFewTerms=0, (crossesIlmBoundary AND tooFewTerms=0)])
  Non-clock: 10969 (unrouted=200, trialRouted=10769, noStatus=0, routed=0, fixed=0, [crossesIlmBoundary=0, tooFewTerms=199, (crossesIlmBoundary AND tooFewTerms=0)])

CCOPT: Done with clock implementation routing.

  Clock implementation routing done.
  CCOpt: Starting congestion repair using flow wrapper...
    Congestion Repair...
Info: Disable timing driven in postCTS congRepair.

Starting congRepair ...
[NR-eGR] Track table information for default rule: 
[NR-eGR] metal1 has no routable track
[NR-eGR] metal2 has single uniform track structure
[NR-eGR] metal3 has single uniform track structure
[NR-eGR] metal4 has single uniform track structure
[NR-eGR] metal5 has single uniform track structure
[NR-eGR] metal6 has single uniform track structure
[NR-eGR] metal7 has single uniform track structure
[NR-eGR] metal8 has single uniform track structure
[NR-eGR] metal9 has single uniform track structure
[NR-eGR] metal10 has single uniform track structure
[NR-eGR] Read 266 PG shapes
[NR-eGR] #Routing Blockages  : 0
[NR-eGR] #Instance Blockages : 0
[NR-eGR] #PG Blockages       : 266
[NR-eGR] #Halo Blockages     : 0
[NR-eGR] #Boundary Blockages : 0
[NR-eGR] Num Prerouted Nets = 19  Num Prerouted Wires = 799
[NR-eGR] Read numTotalNets=10789  numIgnoredNets=19
[NR-eGR] ============ Routing rule table ============
[NR-eGR] Rule id: 0  Nets: 0 
[NR-eGR] Rule id: 1  Nets: 10770 
[NR-eGR] ========================================
[NR-eGR] 
[NR-eGR] Layer group 1: route 10770 net(s) in layer range [2, 10]
[NR-eGR] Early Global Route overflow of layer group 1: 0.00% H + 0.03% V. EstWL: 9.894360e+04um
[NR-eGR] Congestion Analysis By layer: (blocked Gcells are excluded) 
[NR-eGR]                        OverCon            
[NR-eGR]                         #Gcell     %Gcell
[NR-eGR]       Layer                (2)    OverCon 
[NR-eGR] ----------------------------------------------
[NR-eGR]  metal1  (1)         0( 0.00%)   ( 0.00%) 
[NR-eGR]  metal2  (2)         2( 0.01%)   ( 0.01%) 
[NR-eGR]  metal3  (3)         0( 0.00%)   ( 0.00%) 
[NR-eGR]  metal4  (4)         1( 0.01%)   ( 0.01%) 
[NR-eGR]  metal5  (5)         0( 0.00%)   ( 0.00%) 
[NR-eGR]  metal6  (6)         0( 0.00%)   ( 0.00%) 
[NR-eGR]  metal7  (7)         0( 0.00%)   ( 0.00%) 
[NR-eGR]  metal8  (8)         0( 0.00%)   ( 0.00%) 
[NR-eGR]  metal9  (9)         0( 0.00%)   ( 0.00%) 
[NR-eGR] metal10 (10)         0( 0.00%)   ( 0.00%) 
[NR-eGR] ----------------------------------------------
[NR-eGR] Total                3( 0.00%)   ( 0.00%) 
[NR-eGR] 
[NR-eGR] Overflow after Early Global Route (GR compatible) 0.00% H + 0.00% V
[NR-eGR] Overflow after Early Global Route 0.00% H + 0.00% V
Early Global Route congestion estimation runtime: 0.53 seconds, mem = 1321.7M
Local HotSpot Analysis: normalized max congestion hotspot area = 0.00, normalized total congestion hotspot area = 0.00 (area is in unit of 4 std-cell row bins)
Skipped repairing congestion.
[NR-eGR] Started Export DB wires ( Curr Mem: 1321.69 MB )
[NR-eGR] Started Export all nets ( Curr Mem: 1321.69 MB )
[NR-eGR] Finished Export all nets ( CPU: 0.11 sec, Real: 0.11 sec, Curr Mem: 1321.69 MB )
[NR-eGR] Started Set wire vias ( Curr Mem: 1321.69 MB )
[NR-eGR] Finished Set wire vias ( CPU: 0.03 sec, Real: 0.02 sec, Curr Mem: 1321.69 MB )
[NR-eGR] Finished Export DB wires ( CPU: 0.14 sec, Real: 0.14 sec, Curr Mem: 1321.69 MB )
[NR-eGR] --------------------------------------------------------------------------
[NR-eGR] metal1  (1F) length: 0.000000e+00um, number of vias: 34302
[NR-eGR] metal2  (2V) length: 2.563569e+04um, number of vias: 41101
[NR-eGR] metal3  (3H) length: 4.693349e+04um, number of vias: 14379
[NR-eGR] metal4  (4V) length: 2.270133e+04um, number of vias: 1344
[NR-eGR] metal5  (5H) length: 4.334385e+03um, number of vias: 1100
[NR-eGR] metal6  (6V) length: 7.444150e+03um, number of vias: 31
[NR-eGR] metal7  (7H) length: 1.344350e+02um, number of vias: 11
[NR-eGR] metal8  (8V) length: 1.834900e+02um, number of vias: 2
[NR-eGR] metal9  (9H) length: 3.100000e+00um, number of vias: 0
[NR-eGR] metal10 (10V) length: 0.000000e+00um, number of vias: 0
[NR-eGR] Total length: 1.073701e+05um, number of vias: 92270
[NR-eGR] --------------------------------------------------------------------------
[NR-eGR] Total eGR-routed clock nets wire length: 0.000000e+00um 
[NR-eGR] --------------------------------------------------------------------------
Early Global Route wiring runtime: 0.84 seconds, mem = 1317.7M
Tdgp not successfully inited but do clear! skip clearing
End of congRepair (cpu=0:00:00.9, real=0:00:01.0)
    Congestion Repair done. (took cpu=0:00:01.0 real=0:00:01.4)
  CCOpt: Starting congestion repair using flow wrapper done.
  Leaving CCOpt scope - Early Global Route done. (took cpu=0:00:01.7 real=0:00:02.2)
  Leaving CCOpt scope - extractRC...
  Updating RC parasitics by calling: "extractRC -noRouteCheck"...
Extraction called for design 'FIR_UNF' of instances=8689 and nets=10988 using extraction engine 'preRoute' .
PreRoute RC Extraction called for design FIR_UNF.
RC Extraction called in multi-corner(1) mode.
RCMode: PreRoute
      RC Corner Indexes            0   
Capacitance Scaling Factor   : 1.00000 
Resistance Scaling Factor    : 1.00000 
Clock Cap. Scaling Factor    : 1.00000 
Clock Res. Scaling Factor    : 1.00000 
Shrink Factor                : 1.00000
PreRoute extraction is honoring NDR/Shielding/ExtraSpace for clock nets.
Using capacitance table file ...
Updating RC grid for preRoute extraction ...
Initializing multi-corner capacitance tables ... 
Initializing multi-corner resistance tables ...
PreRoute RC Extraction DONE (CPU Time: 0:00:00.5  Real Time: 0:00:00.0  MEM: 1317.691M)
  Updating RC parasitics by calling: "extractRC -noRouteCheck" done.
  Leaving CCOpt scope - extractRC done. (took cpu=0:00:00.5 real=0:00:00.5)
  Clock tree timing engine global stage delay update for my_delay:both.late...
  Clock tree timing engine global stage delay update for my_delay:both.late done. (took cpu=0:00:00.1 real=0:00:00.1)
  Clock DAG stats after clustering cong repair call:
    cell counts      : b=2, i=0, icg=16, nicg=0, l=0, total=18
    cell areas       : b=2.128um^2, i=0.000um^2, icg=119.966um^2, nicg=0.000um^2, l=0.000um^2, total=122.094um^2
    cell capacitance : b=2.201fF, i=0.000fF, icg=122.206fF, nicg=0.000fF, l=0.000fF, total=124.407fF
    sink capacitance : count=188, total=192.782fF, avg=1.025fF, sd=0.197fF, min=0.965fF, max=1.812fF
    wire capacitance : top=0.000fF, trunk=35.887fF, leaf=78.335fF, total=114.222fF
    wire lengths     : top=0.000um, trunk=383.595um, leaf=752.585um, total=1136.180um
    hp wire lengths  : top=0.000um, trunk=0.000um, leaf=549.300um, total=549.300um
  Clock DAG net violations after clustering cong repair call: none
  Clock DAG primary half-corner transition distribution after clustering cong repair call:
    Trunk : target=0.080ns count=1 avg=0.020ns sd=0.000ns min=0.020ns max=0.020ns {1 <= 0.048ns, 0 <= 0.064ns, 0 <= 0.072ns, 0 <= 0.076ns, 0 <= 0.080ns}
    Leaf  : target=0.080ns count=18 avg=0.011ns sd=0.008ns min=0.008ns max=0.035ns {18 <= 0.048ns, 0 <= 0.064ns, 0 <= 0.072ns, 0 <= 0.076ns, 0 <= 0.080ns}
  Clock DAG library cell distribution after clustering cong repair call {count}:
     Bufs: CLKBUF_X3: 1 CLKBUF_X1: 1 
     ICGs: CLKGATETST_X8: 15 CLKGATETST_X2: 1 
  Primary reporting skew groups after clustering cong repair call:
    skew_group MY_CLK: insertion delay [min=0.031, max=0.052, avg=0.045, sd=0.007], skew [0.021 vs 0.500], 100% {0.031, 0.052} (wid=0.020 ws=0.018) (gid=0.048 gs=0.020)
  Skew group summary after clustering cong repair call:
    skew_group MY_CLK: insertion delay [min=0.031, max=0.052, avg=0.045, sd=0.007], skew [0.021 vs 0.500], 100% {0.031, 0.052} (wid=0.020 ws=0.018) (gid=0.048 gs=0.020)
  CongRepair After Initial Clustering done. (took cpu=0:00:02.3 real=0:00:02.8)
  Stage::Clustering done. (took cpu=0:00:04.3 real=0:00:05.7)
  Stage::DRV Fixing...
  Fixing clock tree slew time and max cap violations...
    Fixing clock tree overload: ...20% ...40% ...60% ...80% ...100% 
    Clock DAG stats after 'Fixing clock tree slew time and max cap violations':
      cell counts      : b=2, i=0, icg=16, nicg=0, l=0, total=18
      cell areas       : b=2.128um^2, i=0.000um^2, icg=119.966um^2, nicg=0.000um^2, l=0.000um^2, total=122.094um^2
      cell capacitance : b=2.201fF, i=0.000fF, icg=122.206fF, nicg=0.000fF, l=0.000fF, total=124.407fF
      sink capacitance : count=188, total=192.782fF, avg=1.025fF, sd=0.197fF, min=0.965fF, max=1.812fF
      wire capacitance : top=0.000fF, trunk=35.887fF, leaf=78.335fF, total=114.222fF
      wire lengths     : top=0.000um, trunk=383.595um, leaf=752.585um, total=1136.180um
      hp wire lengths  : top=0.000um, trunk=0.000um, leaf=549.300um, total=549.300um
    Clock DAG net violations after 'Fixing clock tree slew time and max cap violations': none
    Clock DAG primary half-corner transition distribution after 'Fixing clock tree slew time and max cap violations':
      Trunk : target=0.080ns count=1 avg=0.020ns sd=0.000ns min=0.020ns max=0.020ns {1 <= 0.048ns, 0 <= 0.064ns, 0 <= 0.072ns, 0 <= 0.076ns, 0 <= 0.080ns}
      Leaf  : target=0.080ns count=18 avg=0.011ns sd=0.008ns min=0.008ns max=0.035ns {18 <= 0.048ns, 0 <= 0.064ns, 0 <= 0.072ns, 0 <= 0.076ns, 0 <= 0.080ns}
    Clock DAG library cell distribution after 'Fixing clock tree slew time and max cap violations' {count}:
       Bufs: CLKBUF_X3: 1 CLKBUF_X1: 1 
       ICGs: CLKGATETST_X8: 15 CLKGATETST_X2: 1 
    Primary reporting skew groups after 'Fixing clock tree slew time and max cap violations':
      skew_group MY_CLK: insertion delay [min=0.031, max=0.052], skew [0.021 vs 0.500]
    Skew group summary after 'Fixing clock tree slew time and max cap violations':
      skew_group MY_CLK: insertion delay [min=0.031, max=0.052], skew [0.021 vs 0.500]
    Legalizer API calls during this step: 0 succeeded with high effort: 0 succeeded with medium effort: 0 succeeded with low effort: 0 succeeded with basic effort: 0 succeeded with basic unbounded effort: 0
  Fixing clock tree slew time and max cap violations done. (took cpu=0:00:00.0 real=0:00:00.0)
  Fixing clock tree slew time and max cap violations - detailed pass...
    Fixing clock tree overload: ...20% ...40% ...60% ...80% ...100% 
    Clock DAG stats after 'Fixing clock tree slew time and max cap violations - detailed pass':
      cell counts      : b=2, i=0, icg=16, nicg=0, l=0, total=18
      cell areas       : b=2.128um^2, i=0.000um^2, icg=119.966um^2, nicg=0.000um^2, l=0.000um^2, total=122.094um^2
      cell capacitance : b=2.201fF, i=0.000fF, icg=122.206fF, nicg=0.000fF, l=0.000fF, total=124.407fF
      sink capacitance : count=188, total=192.782fF, avg=1.025fF, sd=0.197fF, min=0.965fF, max=1.812fF
      wire capacitance : top=0.000fF, trunk=35.887fF, leaf=78.335fF, total=114.222fF
      wire lengths     : top=0.000um, trunk=383.595um, leaf=752.585um, total=1136.180um
      hp wire lengths  : top=0.000um, trunk=0.000um, leaf=549.300um, total=549.300um
    Clock DAG net violations after 'Fixing clock tree slew time and max cap violations - detailed pass': none
    Clock DAG primary half-corner transition distribution after 'Fixing clock tree slew time and max cap violations - detailed pass':
      Trunk : target=0.080ns count=1 avg=0.020ns sd=0.000ns min=0.020ns max=0.020ns {1 <= 0.048ns, 0 <= 0.064ns, 0 <= 0.072ns, 0 <= 0.076ns, 0 <= 0.080ns}
      Leaf  : target=0.080ns count=18 avg=0.011ns sd=0.008ns min=0.008ns max=0.035ns {18 <= 0.048ns, 0 <= 0.064ns, 0 <= 0.072ns, 0 <= 0.076ns, 0 <= 0.080ns}
    Clock DAG library cell distribution after 'Fixing clock tree slew time and max cap violations - detailed pass' {count}:
       Bufs: CLKBUF_X3: 1 CLKBUF_X1: 1 
       ICGs: CLKGATETST_X8: 15 CLKGATETST_X2: 1 
    Primary reporting skew groups after 'Fixing clock tree slew time and max cap violations - detailed pass':
      skew_group MY_CLK: insertion delay [min=0.031, max=0.052, avg=0.045, sd=0.007], skew [0.021 vs 0.500], 100% {0.031, 0.052} (wid=0.020 ws=0.018) (gid=0.048 gs=0.020)
    Skew group summary after 'Fixing clock tree slew time and max cap violations - detailed pass':
      skew_group MY_CLK: insertion delay [min=0.031, max=0.052, avg=0.045, sd=0.007], skew [0.021 vs 0.500], 100% {0.031, 0.052} (wid=0.020 ws=0.018) (gid=0.048 gs=0.020)
    Legalizer API calls during this step: 0 succeeded with high effort: 0 succeeded with medium effort: 0 succeeded with low effort: 0 succeeded with basic effort: 0 succeeded with basic unbounded effort: 0
  Fixing clock tree slew time and max cap violations - detailed pass done. (took cpu=0:00:00.0 real=0:00:00.0)
  Stage::DRV Fixing done. (took cpu=0:00:00.0 real=0:00:00.0)
  Stage::Insertion Delay Reduction...
  Removing unnecessary root buffering...
    Clock DAG stats after 'Removing unnecessary root buffering':
      cell counts      : b=2, i=0, icg=16, nicg=0, l=0, total=18
      cell areas       : b=2.128um^2, i=0.000um^2, icg=119.966um^2, nicg=0.000um^2, l=0.000um^2, total=122.094um^2
      cell capacitance : b=2.201fF, i=0.000fF, icg=122.206fF, nicg=0.000fF, l=0.000fF, total=124.407fF
      sink capacitance : count=188, total=192.782fF, avg=1.025fF, sd=0.197fF, min=0.965fF, max=1.812fF
      wire capacitance : top=0.000fF, trunk=35.887fF, leaf=78.335fF, total=114.222fF
      wire lengths     : top=0.000um, trunk=383.595um, leaf=752.585um, total=1136.180um
      hp wire lengths  : top=0.000um, trunk=0.000um, leaf=549.300um, total=549.300um
    Clock DAG net violations after 'Removing unnecessary root buffering': none
    Clock DAG primary half-corner transition distribution after 'Removing unnecessary root buffering':
      Trunk : target=0.080ns count=1 avg=0.020ns sd=0.000ns min=0.020ns max=0.020ns {1 <= 0.048ns, 0 <= 0.064ns, 0 <= 0.072ns, 0 <= 0.076ns, 0 <= 0.080ns}
      Leaf  : target=0.080ns count=18 avg=0.011ns sd=0.008ns min=0.008ns max=0.035ns {18 <= 0.048ns, 0 <= 0.064ns, 0 <= 0.072ns, 0 <= 0.076ns, 0 <= 0.080ns}
    Clock DAG library cell distribution after 'Removing unnecessary root buffering' {count}:
       Bufs: CLKBUF_X3: 1 CLKBUF_X1: 1 
       ICGs: CLKGATETST_X8: 15 CLKGATETST_X2: 1 
    Primary reporting skew groups after 'Removing unnecessary root buffering':
      skew_group MY_CLK: insertion delay [min=0.031, max=0.052], skew [0.021 vs 0.500]
    Skew group summary after 'Removing unnecessary root buffering':
      skew_group MY_CLK: insertion delay [min=0.031, max=0.052], skew [0.021 vs 0.500]
    Legalizer API calls during this step: 0 succeeded with high effort: 0 succeeded with medium effort: 0 succeeded with low effort: 0 succeeded with basic effort: 0 succeeded with basic unbounded effort: 0
  Removing unnecessary root buffering done. (took cpu=0:00:00.0 real=0:00:00.0)
  Removing unconstrained drivers...
    Clock DAG stats after 'Removing unconstrained drivers':
      cell counts      : b=2, i=0, icg=16, nicg=0, l=0, total=18
      cell areas       : b=2.128um^2, i=0.000um^2, icg=119.966um^2, nicg=0.000um^2, l=0.000um^2, total=122.094um^2
      cell capacitance : b=2.201fF, i=0.000fF, icg=122.206fF, nicg=0.000fF, l=0.000fF, total=124.407fF
      sink capacitance : count=188, total=192.782fF, avg=1.025fF, sd=0.197fF, min=0.965fF, max=1.812fF
      wire capacitance : top=0.000fF, trunk=35.887fF, leaf=78.335fF, total=114.222fF
      wire lengths     : top=0.000um, trunk=383.595um, leaf=752.585um, total=1136.180um
      hp wire lengths  : top=0.000um, trunk=0.000um, leaf=549.300um, total=549.300um
    Clock DAG net violations after 'Removing unconstrained drivers': none
    Clock DAG primary half-corner transition distribution after 'Removing unconstrained drivers':
      Trunk : target=0.080ns count=1 avg=0.020ns sd=0.000ns min=0.020ns max=0.020ns {1 <= 0.048ns, 0 <= 0.064ns, 0 <= 0.072ns, 0 <= 0.076ns, 0 <= 0.080ns}
      Leaf  : target=0.080ns count=18 avg=0.011ns sd=0.008ns min=0.008ns max=0.035ns {18 <= 0.048ns, 0 <= 0.064ns, 0 <= 0.072ns, 0 <= 0.076ns, 0 <= 0.080ns}
    Clock DAG library cell distribution after 'Removing unconstrained drivers' {count}:
       Bufs: CLKBUF_X3: 1 CLKBUF_X1: 1 
       ICGs: CLKGATETST_X8: 15 CLKGATETST_X2: 1 
    Primary reporting skew groups after 'Removing unconstrained drivers':
      skew_group MY_CLK: insertion delay [min=0.031, max=0.052], skew [0.021 vs 0.500]
    Skew group summary after 'Removing unconstrained drivers':
      skew_group MY_CLK: insertion delay [min=0.031, max=0.052], skew [0.021 vs 0.500]
    Legalizer API calls during this step: 0 succeeded with high effort: 0 succeeded with medium effort: 0 succeeded with low effort: 0 succeeded with basic effort: 0 succeeded with basic unbounded effort: 0
  Removing unconstrained drivers done. (took cpu=0:00:00.0 real=0:00:00.0)
  Reducing insertion delay 1...
    Clock DAG stats after 'Reducing insertion delay 1':
      cell counts      : b=2, i=0, icg=16, nicg=0, l=0, total=18
      cell areas       : b=2.128um^2, i=0.000um^2, icg=119.966um^2, nicg=0.000um^2, l=0.000um^2, total=122.094um^2
      cell capacitance : b=2.201fF, i=0.000fF, icg=122.206fF, nicg=0.000fF, l=0.000fF, total=124.407fF
      sink capacitance : count=188, total=192.782fF, avg=1.025fF, sd=0.197fF, min=0.965fF, max=1.812fF
      wire capacitance : top=0.000fF, trunk=35.887fF, leaf=78.335fF, total=114.222fF
      wire lengths     : top=0.000um, trunk=383.595um, leaf=752.585um, total=1136.180um
      hp wire lengths  : top=0.000um, trunk=0.000um, leaf=549.300um, total=549.300um
    Clock DAG net violations after 'Reducing insertion delay 1': none
    Clock DAG primary half-corner transition distribution after 'Reducing insertion delay 1':
      Trunk : target=0.080ns count=1 avg=0.020ns sd=0.000ns min=0.020ns max=0.020ns {1 <= 0.048ns, 0 <= 0.064ns, 0 <= 0.072ns, 0 <= 0.076ns, 0 <= 0.080ns}
      Leaf  : target=0.080ns count=18 avg=0.011ns sd=0.008ns min=0.008ns max=0.035ns {18 <= 0.048ns, 0 <= 0.064ns, 0 <= 0.072ns, 0 <= 0.076ns, 0 <= 0.080ns}
    Clock DAG library cell distribution after 'Reducing insertion delay 1' {count}:
       Bufs: CLKBUF_X3: 1 CLKBUF_X1: 1 
       ICGs: CLKGATETST_X8: 15 CLKGATETST_X2: 1 
    Primary reporting skew groups after 'Reducing insertion delay 1':
      skew_group MY_CLK: insertion delay [min=0.031, max=0.052], skew [0.021 vs 0.500]
    Skew group summary after 'Reducing insertion delay 1':
      skew_group MY_CLK: insertion delay [min=0.031, max=0.052], skew [0.021 vs 0.500]
    Legalizer API calls during this step: 6 succeeded with high effort: 6 succeeded with medium effort: 0 succeeded with low effort: 0 succeeded with basic effort: 0 succeeded with basic unbounded effort: 0
  Reducing insertion delay 1 done. (took cpu=0:00:00.2 real=0:00:00.2)
  Removing longest path buffering...
    Clock DAG stats after 'Removing longest path buffering':
      cell counts      : b=2, i=0, icg=16, nicg=0, l=0, total=18
      cell areas       : b=2.128um^2, i=0.000um^2, icg=119.966um^2, nicg=0.000um^2, l=0.000um^2, total=122.094um^2
      cell capacitance : b=2.201fF, i=0.000fF, icg=122.206fF, nicg=0.000fF, l=0.000fF, total=124.407fF
      sink capacitance : count=188, total=192.782fF, avg=1.025fF, sd=0.197fF, min=0.965fF, max=1.812fF
      wire capacitance : top=0.000fF, trunk=35.887fF, leaf=78.335fF, total=114.222fF
      wire lengths     : top=0.000um, trunk=383.595um, leaf=752.585um, total=1136.180um
      hp wire lengths  : top=0.000um, trunk=0.000um, leaf=549.300um, total=549.300um
    Clock DAG net violations after 'Removing longest path buffering': none
    Clock DAG primary half-corner transition distribution after 'Removing longest path buffering':
      Trunk : target=0.080ns count=1 avg=0.020ns sd=0.000ns min=0.020ns max=0.020ns {1 <= 0.048ns, 0 <= 0.064ns, 0 <= 0.072ns, 0 <= 0.076ns, 0 <= 0.080ns}
      Leaf  : target=0.080ns count=18 avg=0.011ns sd=0.008ns min=0.008ns max=0.035ns {18 <= 0.048ns, 0 <= 0.064ns, 0 <= 0.072ns, 0 <= 0.076ns, 0 <= 0.080ns}
    Clock DAG library cell distribution after 'Removing longest path buffering' {count}:
       Bufs: CLKBUF_X3: 1 CLKBUF_X1: 1 
       ICGs: CLKGATETST_X8: 15 CLKGATETST_X2: 1 
    Primary reporting skew groups after 'Removing longest path buffering':
      skew_group MY_CLK: insertion delay [min=0.031, max=0.052], skew [0.021 vs 0.500]
    Skew group summary after 'Removing longest path buffering':
      skew_group MY_CLK: insertion delay [min=0.031, max=0.052], skew [0.021 vs 0.500]
    Legalizer API calls during this step: 0 succeeded with high effort: 0 succeeded with medium effort: 0 succeeded with low effort: 0 succeeded with basic effort: 0 succeeded with basic unbounded effort: 0
  Removing longest path buffering done. (took cpu=0:00:00.0 real=0:00:00.0)
  Reducing insertion delay 2...
    Clock DAG stats after 'Reducing insertion delay 2':
      cell counts      : b=2, i=0, icg=16, nicg=0, l=0, total=18
      cell areas       : b=2.660um^2, i=0.000um^2, icg=119.966um^2, nicg=0.000um^2, l=0.000um^2, total=122.626um^2
      cell capacitance : b=2.842fF, i=0.000fF, icg=122.206fF, nicg=0.000fF, l=0.000fF, total=125.049fF
      sink capacitance : count=188, total=192.782fF, avg=1.025fF, sd=0.197fF, min=0.965fF, max=1.812fF
      wire capacitance : top=0.000fF, trunk=38.425fF, leaf=81.355fF, total=119.780fF
      wire lengths     : top=0.000um, trunk=416.250um, leaf=785.025um, total=1201.274um
      hp wire lengths  : top=0.000um, trunk=0.000um, leaf=592.245um, total=592.245um
    Clock DAG net violations after 'Reducing insertion delay 2': none
    Clock DAG primary half-corner transition distribution after 'Reducing insertion delay 2':
      Trunk : target=0.080ns count=1 avg=0.016ns sd=0.000ns min=0.016ns max=0.016ns {1 <= 0.048ns, 0 <= 0.064ns, 0 <= 0.072ns, 0 <= 0.076ns, 0 <= 0.080ns}
      Leaf  : target=0.080ns count=18 avg=0.010ns sd=0.007ns min=0.008ns max=0.035ns {18 <= 0.048ns, 0 <= 0.064ns, 0 <= 0.072ns, 0 <= 0.076ns, 0 <= 0.080ns}
    Clock DAG library cell distribution after 'Reducing insertion delay 2' {count}:
       Bufs: CLKBUF_X3: 2 
       ICGs: CLKGATETST_X8: 15 CLKGATETST_X2: 1 
    Primary reporting skew groups after 'Reducing insertion delay 2':
      skew_group MY_CLK: insertion delay [min=0.031, max=0.048, avg=0.042, sd=0.005], skew [0.017 vs 0.500], 100% {0.031, 0.048} (wid=0.017 ws=0.014) (gid=0.039 gs=0.012)
    Skew group summary after 'Reducing insertion delay 2':
      skew_group MY_CLK: insertion delay [min=0.031, max=0.048, avg=0.042, sd=0.005], skew [0.017 vs 0.500], 100% {0.031, 0.048} (wid=0.017 ws=0.014) (gid=0.039 gs=0.012)
    Legalizer API calls during this step: 70 succeeded with high effort: 70 succeeded with medium effort: 0 succeeded with low effort: 0 succeeded with basic effort: 0 succeeded with basic unbounded effort: 0
  Reducing insertion delay 2 done. (took cpu=0:00:01.0 real=0:00:01.0)
  Stage::Insertion Delay Reduction done. (took cpu=0:00:01.2 real=0:00:01.2)
  CCOpt::Phase::Construction done. (took cpu=0:00:05.6 real=0:00:07.0)
  CCOpt::Phase::Implementation...
  Stage::Reducing Power...
  Improving clock tree routing...
    Iteration 1...
    Iteration 1 done.
    Clock DAG stats after 'Improving clock tree routing':
      cell counts      : b=2, i=0, icg=16, nicg=0, l=0, total=18
      cell areas       : b=2.660um^2, i=0.000um^2, icg=119.966um^2, nicg=0.000um^2, l=0.000um^2, total=122.626um^2
      cell capacitance : b=2.842fF, i=0.000fF, icg=122.206fF, nicg=0.000fF, l=0.000fF, total=125.049fF
      sink capacitance : count=188, total=192.782fF, avg=1.025fF, sd=0.197fF, min=0.965fF, max=1.812fF
      wire capacitance : top=0.000fF, trunk=38.425fF, leaf=81.355fF, total=119.780fF
      wire lengths     : top=0.000um, trunk=416.250um, leaf=785.025um, total=1201.274um
      hp wire lengths  : top=0.000um, trunk=0.000um, leaf=592.245um, total=592.245um
    Clock DAG net violations after 'Improving clock tree routing': none
    Clock DAG primary half-corner transition distribution after 'Improving clock tree routing':
      Trunk : target=0.080ns count=1 avg=0.016ns sd=0.000ns min=0.016ns max=0.016ns {1 <= 0.048ns, 0 <= 0.064ns, 0 <= 0.072ns, 0 <= 0.076ns, 0 <= 0.080ns}
      Leaf  : target=0.080ns count=18 avg=0.010ns sd=0.007ns min=0.008ns max=0.035ns {18 <= 0.048ns, 0 <= 0.064ns, 0 <= 0.072ns, 0 <= 0.076ns, 0 <= 0.080ns}
    Clock DAG library cell distribution after 'Improving clock tree routing' {count}:
       Bufs: CLKBUF_X3: 2 
       ICGs: CLKGATETST_X8: 15 CLKGATETST_X2: 1 
    Primary reporting skew groups after 'Improving clock tree routing':
      skew_group MY_CLK: insertion delay [min=0.031, max=0.048], skew [0.017 vs 0.500]
    Skew group summary after 'Improving clock tree routing':
      skew_group MY_CLK: insertion delay [min=0.031, max=0.048], skew [0.017 vs 0.500]
    Legalizer API calls during this step: 0 succeeded with high effort: 0 succeeded with medium effort: 0 succeeded with low effort: 0 succeeded with basic effort: 0 succeeded with basic unbounded effort: 0
  Improving clock tree routing done. (took cpu=0:00:00.0 real=0:00:00.0)
  Reducing clock tree power 1...
    Resizing gates: ...20% ...40% ...60% ...80% ...Legalizing clock trees...
    Legalizing clock trees done. (took cpu=0:00:00.0 real=0:00:00.0)
    100% 
    Clock DAG stats after reducing clock tree power 1 iteration 1:
      cell counts      : b=2, i=0, icg=16, nicg=0, l=0, total=18
      cell areas       : b=2.128um^2, i=0.000um^2, icg=75.810um^2, nicg=0.000um^2, l=0.000um^2, total=77.938um^2
      cell capacitance : b=2.812fF, i=0.000fF, icg=56.719fF, nicg=0.000fF, l=0.000fF, total=59.531fF
      sink capacitance : count=188, total=192.782fF, avg=1.025fF, sd=0.197fF, min=0.965fF, max=1.812fF
      wire capacitance : top=0.000fF, trunk=38.439fF, leaf=79.674fF, total=118.113fF
      wire lengths     : top=0.000um, trunk=416.440um, leaf=769.880um, total=1186.319um
      hp wire lengths  : top=0.000um, trunk=0.000um, leaf=592.245um, total=592.245um
    Clock DAG net violations after reducing clock tree power 1 iteration 1: none
    Clock DAG primary half-corner transition distribution after reducing clock tree power 1 iteration 1:
      Trunk : target=0.080ns count=1 avg=0.010ns sd=0.000ns min=0.010ns max=0.010ns {1 <= 0.048ns, 0 <= 0.064ns, 0 <= 0.072ns, 0 <= 0.076ns, 0 <= 0.080ns}
      Leaf  : target=0.080ns count=18 avg=0.017ns sd=0.008ns min=0.008ns max=0.048ns {17 <= 0.048ns, 1 <= 0.064ns, 0 <= 0.072ns, 0 <= 0.076ns, 0 <= 0.080ns}
    Clock DAG library cell distribution after reducing clock tree power 1 iteration 1 {count}:
       Bufs: CLKBUF_X2: 2 
       ICGs: CLKGATETST_X8: 1 CLKGATETST_X4: 4 CLKGATETST_X2: 11 
    Primary reporting skew groups after reducing clock tree power 1 iteration 1:
      skew_group MY_CLK: insertion delay [min=0.039, max=0.049], skew [0.009 vs 0.500]
    Skew group summary after reducing clock tree power 1 iteration 1:
      skew_group MY_CLK: insertion delay [min=0.039, max=0.049], skew [0.009 vs 0.500]
    Resizing gates: ...20% ...40% ...60% ...80% ...Legalizing clock trees...
    Legalizing clock trees done. (took cpu=0:00:00.0 real=0:00:00.0)
    100% 
    Clock DAG stats after reducing clock tree power 1 iteration 2:
      cell counts      : b=2, i=0, icg=16, nicg=0, l=0, total=18
      cell areas       : b=2.128um^2, i=0.000um^2, icg=73.682um^2, nicg=0.000um^2, l=0.000um^2, total=75.810um^2
      cell capacitance : b=2.812fF, i=0.000fF, icg=53.479fF, nicg=0.000fF, l=0.000fF, total=56.291fF
      sink capacitance : count=188, total=192.782fF, avg=1.025fF, sd=0.197fF, min=0.965fF, max=1.812fF
      wire capacitance : top=0.000fF, trunk=38.439fF, leaf=79.621fF, total=118.060fF
      wire lengths     : top=0.000um, trunk=416.440um, leaf=769.255um, total=1185.694um
      hp wire lengths  : top=0.000um, trunk=0.000um, leaf=592.245um, total=592.245um
    Clock DAG net violations after reducing clock tree power 1 iteration 2: none
    Clock DAG primary half-corner transition distribution after reducing clock tree power 1 iteration 2:
      Trunk : target=0.080ns count=1 avg=0.009ns sd=0.000ns min=0.009ns max=0.009ns {1 <= 0.048ns, 0 <= 0.064ns, 0 <= 0.072ns, 0 <= 0.076ns, 0 <= 0.080ns}
      Leaf  : target=0.080ns count=18 avg=0.018ns sd=0.008ns min=0.008ns max=0.048ns {17 <= 0.048ns, 1 <= 0.064ns, 0 <= 0.072ns, 0 <= 0.076ns, 0 <= 0.080ns}
    Clock DAG library cell distribution after reducing clock tree power 1 iteration 2 {count}:
       Bufs: CLKBUF_X2: 2 
       ICGs: CLKGATETST_X8: 1 CLKGATETST_X4: 2 CLKGATETST_X2: 13 
    Primary reporting skew groups after reducing clock tree power 1 iteration 2:
      skew_group MY_CLK: insertion delay [min=0.039, max=0.049], skew [0.010 vs 0.500]
    Skew group summary after reducing clock tree power 1 iteration 2:
      skew_group MY_CLK: insertion delay [min=0.039, max=0.049], skew [0.010 vs 0.500]
    Resizing gates: ...20% ...40% ...60% ...80% ...Legalizing clock trees...
    Legalizing clock trees done. (took cpu=0:00:00.0 real=0:00:00.0)
    100% 
    Clock DAG stats after 'Reducing clock tree power 1':
      cell counts      : b=2, i=0, icg=16, nicg=0, l=0, total=18
      cell areas       : b=2.128um^2, i=0.000um^2, icg=72.618um^2, nicg=0.000um^2, l=0.000um^2, total=74.746um^2
      cell capacitance : b=2.812fF, i=0.000fF, icg=51.858fF, nicg=0.000fF, l=0.000fF, total=54.670fF
      sink capacitance : count=188, total=192.782fF, avg=1.025fF, sd=0.197fF, min=0.965fF, max=1.812fF
      wire capacitance : top=0.000fF, trunk=38.439fF, leaf=79.663fF, total=118.102fF
      wire lengths     : top=0.000um, trunk=416.440um, leaf=769.790um, total=1186.229um
      hp wire lengths  : top=0.000um, trunk=0.000um, leaf=592.245um, total=592.245um
    Clock DAG net violations after 'Reducing clock tree power 1': none
    Clock DAG primary half-corner transition distribution after 'Reducing clock tree power 1':
      Trunk : target=0.080ns count=1 avg=0.009ns sd=0.000ns min=0.009ns max=0.009ns {1 <= 0.048ns, 0 <= 0.064ns, 0 <= 0.072ns, 0 <= 0.076ns, 0 <= 0.080ns}
      Leaf  : target=0.080ns count=18 avg=0.018ns sd=0.008ns min=0.008ns max=0.048ns {17 <= 0.048ns, 1 <= 0.064ns, 0 <= 0.072ns, 0 <= 0.076ns, 0 <= 0.080ns}
    Clock DAG library cell distribution after 'Reducing clock tree power 1' {count}:
       Bufs: CLKBUF_X2: 2 
       ICGs: CLKGATETST_X8: 1 CLKGATETST_X4: 1 CLKGATETST_X2: 14 
    Primary reporting skew groups after 'Reducing clock tree power 1':
      skew_group MY_CLK: insertion delay [min=0.039, max=0.050], skew [0.011 vs 0.500]
    Skew group summary after 'Reducing clock tree power 1':
      skew_group MY_CLK: insertion delay [min=0.039, max=0.050], skew [0.011 vs 0.500]
    Legalizer API calls during this step: 137 succeeded with high effort: 137 succeeded with medium effort: 0 succeeded with low effort: 0 succeeded with basic effort: 0 succeeded with basic unbounded effort: 0
  Reducing clock tree power 1 done. (took cpu=0:00:01.0 real=0:00:01.1)
  Reducing clock tree power 2...
    Clock DAG stats after 'Reducing clock tree power 2':
      cell counts      : b=2, i=0, icg=16, nicg=0, l=0, total=18
      cell areas       : b=2.128um^2, i=0.000um^2, icg=72.618um^2, nicg=0.000um^2, l=0.000um^2, total=74.746um^2
      cell capacitance : b=2.812fF, i=0.000fF, icg=51.858fF, nicg=0.000fF, l=0.000fF, total=54.670fF
      sink capacitance : count=188, total=192.782fF, avg=1.025fF, sd=0.197fF, min=0.965fF, max=1.812fF
      wire capacitance : top=0.000fF, trunk=38.439fF, leaf=79.663fF, total=118.102fF
      wire lengths     : top=0.000um, trunk=416.440um, leaf=769.790um, total=1186.229um
      hp wire lengths  : top=0.000um, trunk=0.000um, leaf=592.245um, total=592.245um
    Clock DAG net violations after 'Reducing clock tree power 2': none
    Clock DAG primary half-corner transition distribution after 'Reducing clock tree power 2':
      Trunk : target=0.080ns count=1 avg=0.009ns sd=0.000ns min=0.009ns max=0.009ns {1 <= 0.048ns, 0 <= 0.064ns, 0 <= 0.072ns, 0 <= 0.076ns, 0 <= 0.080ns}
      Leaf  : target=0.080ns count=18 avg=0.018ns sd=0.008ns min=0.008ns max=0.048ns {17 <= 0.048ns, 1 <= 0.064ns, 0 <= 0.072ns, 0 <= 0.076ns, 0 <= 0.080ns}
    Clock DAG library cell distribution after 'Reducing clock tree power 2' {count}:
       Bufs: CLKBUF_X2: 2 
       ICGs: CLKGATETST_X8: 1 CLKGATETST_X4: 1 CLKGATETST_X2: 14 
    Primary reporting skew groups after 'Reducing clock tree power 2':
      skew_group MY_CLK: insertion delay [min=0.039, max=0.050, avg=0.043, sd=0.003], skew [0.011 vs 0.500], 100% {0.039, 0.050} (wid=0.010 ws=0.008) (gid=0.039 gs=0.011)
    Skew group summary after 'Reducing clock tree power 2':
      skew_group MY_CLK: insertion delay [min=0.039, max=0.050, avg=0.043, sd=0.003], skew [0.011 vs 0.500], 100% {0.039, 0.050} (wid=0.010 ws=0.008) (gid=0.039 gs=0.011)
    Legalizer API calls during this step: 0 succeeded with high effort: 0 succeeded with medium effort: 0 succeeded with low effort: 0 succeeded with basic effort: 0 succeeded with basic unbounded effort: 0
  Reducing clock tree power 2 done. (took cpu=0:00:00.0 real=0:00:00.0)
  Stage::Reducing Power done. (took cpu=0:00:01.0 real=0:00:01.2)
  Stage::Balancing...
  Approximately balancing fragments step...
    Resolve constraints - Approximately balancing fragments...
    Resolving skew group constraints...
      Solving LP: 1 skew groups; 3 fragments, 3 fraglets and 4 vertices; 21 variables and 54 constraints; tolerance 1
    Resolving skew group constraints done.
    Resolve constraints - Approximately balancing fragments done. (took cpu=0:00:00.2 real=0:00:00.2)
    Estimate delay to be added in balancing - Approximately balancing fragments...
    Trial balancer estimated the amount of delay to be added in balancing: 0.000ns
    Estimate delay to be added in balancing - Approximately balancing fragments done. (took cpu=0:00:00.0 real=0:00:00.0)
    Approximately balancing fragments...
      Moving gates to improve sub-tree skew...
        Tried: 20 Succeeded: 0
        Topology Tried: 0 Succeeded: 0
        0 Succeeded with SS ratio
        0 Succeeded with Lollipop: 0 with tier one, 0 with tier two. 
        Total reducing skew: 0 Average reducing skew for 0 nets : 0
        Clock DAG stats after 'Moving gates to improve sub-tree skew':
          cell counts      : b=2, i=0, icg=16, nicg=0, l=0, total=18
          cell areas       : b=2.128um^2, i=0.000um^2, icg=72.618um^2, nicg=0.000um^2, l=0.000um^2, total=74.746um^2
          cell capacitance : b=2.812fF, i=0.000fF, icg=51.858fF, nicg=0.000fF, l=0.000fF, total=54.670fF
          sink capacitance : count=188, total=192.782fF, avg=1.025fF, sd=0.197fF, min=0.965fF, max=1.812fF
          wire capacitance : top=0.000fF, trunk=38.439fF, leaf=79.663fF, total=118.102fF
          wire lengths     : top=0.000um, trunk=416.440um, leaf=769.790um, total=1186.229um
          hp wire lengths  : top=0.000um, trunk=0.000um, leaf=592.245um, total=592.245um
        Clock DAG net violations after 'Moving gates to improve sub-tree skew': none
        Clock DAG primary half-corner transition distribution after 'Moving gates to improve sub-tree skew':
          Trunk : target=0.080ns count=1 avg=0.009ns sd=0.000ns min=0.009ns max=0.009ns {1 <= 0.048ns, 0 <= 0.064ns, 0 <= 0.072ns, 0 <= 0.076ns, 0 <= 0.080ns}
          Leaf  : target=0.080ns count=18 avg=0.018ns sd=0.008ns min=0.008ns max=0.048ns {17 <= 0.048ns, 1 <= 0.064ns, 0 <= 0.072ns, 0 <= 0.076ns, 0 <= 0.080ns}
        Clock DAG library cell distribution after 'Moving gates to improve sub-tree skew' {count}:
           Bufs: CLKBUF_X2: 2 
           ICGs: CLKGATETST_X8: 1 CLKGATETST_X4: 1 CLKGATETST_X2: 14 
        Legalizer API calls during this step: 0 succeeded with high effort: 0 succeeded with medium effort: 0 succeeded with low effort: 0 succeeded with basic effort: 0 succeeded with basic unbounded effort: 0
      Moving gates to improve sub-tree skew done. (took cpu=0:00:00.0 real=0:00:00.0)
      Approximately balancing fragments bottom up...
        bottom up balancing: ...20% ...40% ...60% ...80% ...100% 
        Clock DAG stats after 'Approximately balancing fragments bottom up':
          cell counts      : b=2, i=0, icg=16, nicg=0, l=0, total=18
          cell areas       : b=2.128um^2, i=0.000um^2, icg=72.618um^2, nicg=0.000um^2, l=0.000um^2, total=74.746um^2
          cell capacitance : b=2.812fF, i=0.000fF, icg=51.858fF, nicg=0.000fF, l=0.000fF, total=54.670fF
          sink capacitance : count=188, total=192.782fF, avg=1.025fF, sd=0.197fF, min=0.965fF, max=1.812fF
          wire capacitance : top=0.000fF, trunk=38.439fF, leaf=79.663fF, total=118.102fF
          wire lengths     : top=0.000um, trunk=416.440um, leaf=769.790um, total=1186.229um
          hp wire lengths  : top=0.000um, trunk=0.000um, leaf=592.245um, total=592.245um
        Clock DAG net violations after 'Approximately balancing fragments bottom up': none
        Clock DAG primary half-corner transition distribution after 'Approximately balancing fragments bottom up':
          Trunk : target=0.080ns count=1 avg=0.009ns sd=0.000ns min=0.009ns max=0.009ns {1 <= 0.048ns, 0 <= 0.064ns, 0 <= 0.072ns, 0 <= 0.076ns, 0 <= 0.080ns}
          Leaf  : target=0.080ns count=18 avg=0.018ns sd=0.008ns min=0.008ns max=0.048ns {17 <= 0.048ns, 1 <= 0.064ns, 0 <= 0.072ns, 0 <= 0.076ns, 0 <= 0.080ns}
        Clock DAG library cell distribution after 'Approximately balancing fragments bottom up' {count}:
           Bufs: CLKBUF_X2: 2 
           ICGs: CLKGATETST_X8: 1 CLKGATETST_X4: 1 CLKGATETST_X2: 14 
        Legalizer API calls during this step: 3 succeeded with high effort: 3 succeeded with medium effort: 0 succeeded with low effort: 0 succeeded with basic effort: 0 succeeded with basic unbounded effort: 0
      Approximately balancing fragments bottom up done. (took cpu=0:00:00.2 real=0:00:00.2)
      Approximately balancing fragments, wire and cell delays...
      Approximately balancing fragments, wire and cell delays, iteration 1...
        Clock DAG stats after Approximately balancing fragments, wire and cell delays, iteration 1:
          cell counts      : b=2, i=0, icg=16, nicg=0, l=0, total=18
          cell areas       : b=2.128um^2, i=0.000um^2, icg=72.618um^2, nicg=0.000um^2, l=0.000um^2, total=74.746um^2
          cell capacitance : b=2.812fF, i=0.000fF, icg=51.858fF, nicg=0.000fF, l=0.000fF, total=54.670fF
          sink capacitance : count=188, total=192.782fF, avg=1.025fF, sd=0.197fF, min=0.965fF, max=1.812fF
          wire capacitance : top=0.000fF, trunk=38.439fF, leaf=79.663fF, total=118.102fF
          wire lengths     : top=0.000um, trunk=416.440um, leaf=769.790um, total=1186.229um
          hp wire lengths  : top=0.000um, trunk=0.000um, leaf=592.245um, total=592.245um
        Clock DAG net violations after Approximately balancing fragments, wire and cell delays, iteration 1: none
        Clock DAG primary half-corner transition distribution after Approximately balancing fragments, wire and cell delays, iteration 1:
          Trunk : target=0.080ns count=1 avg=0.009ns sd=0.000ns min=0.009ns max=0.009ns {1 <= 0.048ns, 0 <= 0.064ns, 0 <= 0.072ns, 0 <= 0.076ns, 0 <= 0.080ns}
          Leaf  : target=0.080ns count=18 avg=0.018ns sd=0.008ns min=0.008ns max=0.048ns {17 <= 0.048ns, 1 <= 0.064ns, 0 <= 0.072ns, 0 <= 0.076ns, 0 <= 0.080ns}
        Clock DAG library cell distribution after Approximately balancing fragments, wire and cell delays, iteration 1 {count}:
           Bufs: CLKBUF_X2: 2 
           ICGs: CLKGATETST_X8: 1 CLKGATETST_X4: 1 CLKGATETST_X2: 14 
      Approximately balancing fragments, wire and cell delays, iteration 1 done.
      Approximately balancing fragments, wire and cell delays done. (took cpu=0:00:00.0 real=0:00:00.0)
    Approximately balancing fragments done.
    Clock DAG stats after 'Approximately balancing fragments step':
      cell counts      : b=2, i=0, icg=16, nicg=0, l=0, total=18
      cell areas       : b=2.128um^2, i=0.000um^2, icg=72.618um^2, nicg=0.000um^2, l=0.000um^2, total=74.746um^2
      cell capacitance : b=2.812fF, i=0.000fF, icg=51.858fF, nicg=0.000fF, l=0.000fF, total=54.670fF
      sink capacitance : count=188, total=192.782fF, avg=1.025fF, sd=0.197fF, min=0.965fF, max=1.812fF
      wire capacitance : top=0.000fF, trunk=38.439fF, leaf=79.663fF, total=118.102fF
      wire lengths     : top=0.000um, trunk=416.440um, leaf=769.790um, total=1186.229um
      hp wire lengths  : top=0.000um, trunk=0.000um, leaf=592.245um, total=592.245um
    Clock DAG net violations after 'Approximately balancing fragments step': none
    Clock DAG primary half-corner transition distribution after 'Approximately balancing fragments step':
      Trunk : target=0.080ns count=1 avg=0.009ns sd=0.000ns min=0.009ns max=0.009ns {1 <= 0.048ns, 0 <= 0.064ns, 0 <= 0.072ns, 0 <= 0.076ns, 0 <= 0.080ns}
      Leaf  : target=0.080ns count=18 avg=0.018ns sd=0.008ns min=0.008ns max=0.048ns {17 <= 0.048ns, 1 <= 0.064ns, 0 <= 0.072ns, 0 <= 0.076ns, 0 <= 0.080ns}
    Clock DAG library cell distribution after 'Approximately balancing fragments step' {count}:
       Bufs: CLKBUF_X2: 2 
       ICGs: CLKGATETST_X8: 1 CLKGATETST_X4: 1 CLKGATETST_X2: 14 
    Legalizer API calls during this step: 3 succeeded with high effort: 3 succeeded with medium effort: 0 succeeded with low effort: 0 succeeded with basic effort: 0 succeeded with basic unbounded effort: 0
  Approximately balancing fragments step done. (took cpu=0:00:00.4 real=0:00:00.5)
  Clock DAG stats after Approximately balancing fragments:
    cell counts      : b=2, i=0, icg=16, nicg=0, l=0, total=18
    cell areas       : b=2.128um^2, i=0.000um^2, icg=72.618um^2, nicg=0.000um^2, l=0.000um^2, total=74.746um^2
    cell capacitance : b=2.812fF, i=0.000fF, icg=51.858fF, nicg=0.000fF, l=0.000fF, total=54.670fF
    sink capacitance : count=188, total=192.782fF, avg=1.025fF, sd=0.197fF, min=0.965fF, max=1.812fF
    wire capacitance : top=0.000fF, trunk=38.439fF, leaf=79.663fF, total=118.102fF
    wire lengths     : top=0.000um, trunk=416.440um, leaf=769.790um, total=1186.229um
    hp wire lengths  : top=0.000um, trunk=0.000um, leaf=592.245um, total=592.245um
  Clock DAG net violations after Approximately balancing fragments: none
  Clock DAG primary half-corner transition distribution after Approximately balancing fragments:
    Trunk : target=0.080ns count=1 avg=0.009ns sd=0.000ns min=0.009ns max=0.009ns {1 <= 0.048ns, 0 <= 0.064ns, 0 <= 0.072ns, 0 <= 0.076ns, 0 <= 0.080ns}
    Leaf  : target=0.080ns count=18 avg=0.018ns sd=0.008ns min=0.008ns max=0.048ns {17 <= 0.048ns, 1 <= 0.064ns, 0 <= 0.072ns, 0 <= 0.076ns, 0 <= 0.080ns}
  Clock DAG library cell distribution after Approximately balancing fragments {count}:
     Bufs: CLKBUF_X2: 2 
     ICGs: CLKGATETST_X8: 1 CLKGATETST_X4: 1 CLKGATETST_X2: 14 
  Primary reporting skew groups after Approximately balancing fragments:
    skew_group MY_CLK: insertion delay [min=0.039, max=0.050], skew [0.011 vs 0.500]
  Skew group summary after Approximately balancing fragments:
    skew_group MY_CLK: insertion delay [min=0.039, max=0.050], skew [0.011 vs 0.500]
  Improving fragments clock skew...
    Clock DAG stats after 'Improving fragments clock skew':
      cell counts      : b=2, i=0, icg=16, nicg=0, l=0, total=18
      cell areas       : b=2.128um^2, i=0.000um^2, icg=72.618um^2, nicg=0.000um^2, l=0.000um^2, total=74.746um^2
      cell capacitance : b=2.812fF, i=0.000fF, icg=51.858fF, nicg=0.000fF, l=0.000fF, total=54.670fF
      sink capacitance : count=188, total=192.782fF, avg=1.025fF, sd=0.197fF, min=0.965fF, max=1.812fF
      wire capacitance : top=0.000fF, trunk=38.439fF, leaf=79.663fF, total=118.102fF
      wire lengths     : top=0.000um, trunk=416.440um, leaf=769.790um, total=1186.229um
      hp wire lengths  : top=0.000um, trunk=0.000um, leaf=592.245um, total=592.245um
    Clock DAG net violations after 'Improving fragments clock skew': none
    Clock DAG primary half-corner transition distribution after 'Improving fragments clock skew':
      Trunk : target=0.080ns count=1 avg=0.009ns sd=0.000ns min=0.009ns max=0.009ns {1 <= 0.048ns, 0 <= 0.064ns, 0 <= 0.072ns, 0 <= 0.076ns, 0 <= 0.080ns}
      Leaf  : target=0.080ns count=18 avg=0.018ns sd=0.008ns min=0.008ns max=0.048ns {17 <= 0.048ns, 1 <= 0.064ns, 0 <= 0.072ns, 0 <= 0.076ns, 0 <= 0.080ns}
    Clock DAG library cell distribution after 'Improving fragments clock skew' {count}:
       Bufs: CLKBUF_X2: 2 
       ICGs: CLKGATETST_X8: 1 CLKGATETST_X4: 1 CLKGATETST_X2: 14 
    Primary reporting skew groups after 'Improving fragments clock skew':
      skew_group MY_CLK: insertion delay [min=0.039, max=0.050], skew [0.011 vs 0.500]
    Skew group summary after 'Improving fragments clock skew':
      skew_group MY_CLK: insertion delay [min=0.039, max=0.050], skew [0.011 vs 0.500]
    Legalizer API calls during this step: 0 succeeded with high effort: 0 succeeded with medium effort: 0 succeeded with low effort: 0 succeeded with basic effort: 0 succeeded with basic unbounded effort: 0
  Improving fragments clock skew done. (took cpu=0:00:00.0 real=0:00:00.1)
  Approximately balancing step...
    Resolve constraints - Approximately balancing...
    Resolving skew group constraints...
      Solving LP: 1 skew groups; 3 fragments, 3 fraglets and 4 vertices; 21 variables and 54 constraints; tolerance 1
    Resolving skew group constraints done.
    Resolve constraints - Approximately balancing done. (took cpu=0:00:00.0 real=0:00:00.1)
    Approximately balancing...
      Approximately balancing, wire and cell delays...
      Approximately balancing, wire and cell delays, iteration 1...
        Clock DAG stats after Approximately balancing, wire and cell delays, iteration 1:
          cell counts      : b=2, i=0, icg=16, nicg=0, l=0, total=18
          cell areas       : b=2.128um^2, i=0.000um^2, icg=72.618um^2, nicg=0.000um^2, l=0.000um^2, total=74.746um^2
          cell capacitance : b=2.812fF, i=0.000fF, icg=51.858fF, nicg=0.000fF, l=0.000fF, total=54.670fF
          sink capacitance : count=188, total=192.782fF, avg=1.025fF, sd=0.197fF, min=0.965fF, max=1.812fF
          wire capacitance : top=0.000fF, trunk=38.439fF, leaf=79.663fF, total=118.102fF
          wire lengths     : top=0.000um, trunk=416.440um, leaf=769.790um, total=1186.229um
          hp wire lengths  : top=0.000um, trunk=0.000um, leaf=592.245um, total=592.245um
        Clock DAG net violations after Approximately balancing, wire and cell delays, iteration 1: none
        Clock DAG primary half-corner transition distribution after Approximately balancing, wire and cell delays, iteration 1:
          Trunk : target=0.080ns count=1 avg=0.009ns sd=0.000ns min=0.009ns max=0.009ns {1 <= 0.048ns, 0 <= 0.064ns, 0 <= 0.072ns, 0 <= 0.076ns, 0 <= 0.080ns}
          Leaf  : target=0.080ns count=18 avg=0.018ns sd=0.008ns min=0.008ns max=0.048ns {17 <= 0.048ns, 1 <= 0.064ns, 0 <= 0.072ns, 0 <= 0.076ns, 0 <= 0.080ns}
        Clock DAG library cell distribution after Approximately balancing, wire and cell delays, iteration 1 {count}:
           Bufs: CLKBUF_X2: 2 
           ICGs: CLKGATETST_X8: 1 CLKGATETST_X4: 1 CLKGATETST_X2: 14 
      Approximately balancing, wire and cell delays, iteration 1 done.
      Approximately balancing, wire and cell delays done. (took cpu=0:00:00.0 real=0:00:00.0)
    Approximately balancing done.
    Clock DAG stats after 'Approximately balancing step':
      cell counts      : b=2, i=0, icg=16, nicg=0, l=0, total=18
      cell areas       : b=2.128um^2, i=0.000um^2, icg=72.618um^2, nicg=0.000um^2, l=0.000um^2, total=74.746um^2
      cell capacitance : b=2.812fF, i=0.000fF, icg=51.858fF, nicg=0.000fF, l=0.000fF, total=54.670fF
      sink capacitance : count=188, total=192.782fF, avg=1.025fF, sd=0.197fF, min=0.965fF, max=1.812fF
      wire capacitance : top=0.000fF, trunk=38.439fF, leaf=79.663fF, total=118.102fF
      wire lengths     : top=0.000um, trunk=416.440um, leaf=769.790um, total=1186.229um
      hp wire lengths  : top=0.000um, trunk=0.000um, leaf=592.245um, total=592.245um
    Clock DAG net violations after 'Approximately balancing step': none
    Clock DAG primary half-corner transition distribution after 'Approximately balancing step':
      Trunk : target=0.080ns count=1 avg=0.009ns sd=0.000ns min=0.009ns max=0.009ns {1 <= 0.048ns, 0 <= 0.064ns, 0 <= 0.072ns, 0 <= 0.076ns, 0 <= 0.080ns}
      Leaf  : target=0.080ns count=18 avg=0.018ns sd=0.008ns min=0.008ns max=0.048ns {17 <= 0.048ns, 1 <= 0.064ns, 0 <= 0.072ns, 0 <= 0.076ns, 0 <= 0.080ns}
    Clock DAG library cell distribution after 'Approximately balancing step' {count}:
       Bufs: CLKBUF_X2: 2 
       ICGs: CLKGATETST_X8: 1 CLKGATETST_X4: 1 CLKGATETST_X2: 14 
    Primary reporting skew groups after 'Approximately balancing step':
      skew_group MY_CLK: insertion delay [min=0.039, max=0.050], skew [0.011 vs 0.500]
    Skew group summary after 'Approximately balancing step':
      skew_group MY_CLK: insertion delay [min=0.039, max=0.050], skew [0.011 vs 0.500]
    Legalizer API calls during this step: 0 succeeded with high effort: 0 succeeded with medium effort: 0 succeeded with low effort: 0 succeeded with basic effort: 0 succeeded with basic unbounded effort: 0
  Approximately balancing step done. (took cpu=0:00:00.1 real=0:00:00.1)
  Fixing clock tree overload...
    Fixing clock tree overload: ...20% ...40% ...60% ...80% ...100% 
    Clock DAG stats after 'Fixing clock tree overload':
      cell counts      : b=2, i=0, icg=16, nicg=0, l=0, total=18
      cell areas       : b=2.128um^2, i=0.000um^2, icg=72.618um^2, nicg=0.000um^2, l=0.000um^2, total=74.746um^2
      cell capacitance : b=2.812fF, i=0.000fF, icg=51.858fF, nicg=0.000fF, l=0.000fF, total=54.670fF
      sink capacitance : count=188, total=192.782fF, avg=1.025fF, sd=0.197fF, min=0.965fF, max=1.812fF
      wire capacitance : top=0.000fF, trunk=38.439fF, leaf=79.663fF, total=118.102fF
      wire lengths     : top=0.000um, trunk=416.440um, leaf=769.790um, total=1186.229um
      hp wire lengths  : top=0.000um, trunk=0.000um, leaf=592.245um, total=592.245um
    Clock DAG net violations after 'Fixing clock tree overload': none
    Clock DAG primary half-corner transition distribution after 'Fixing clock tree overload':
      Trunk : target=0.080ns count=1 avg=0.009ns sd=0.000ns min=0.009ns max=0.009ns {1 <= 0.048ns, 0 <= 0.064ns, 0 <= 0.072ns, 0 <= 0.076ns, 0 <= 0.080ns}
      Leaf  : target=0.080ns count=18 avg=0.018ns sd=0.008ns min=0.008ns max=0.048ns {17 <= 0.048ns, 1 <= 0.064ns, 0 <= 0.072ns, 0 <= 0.076ns, 0 <= 0.080ns}
    Clock DAG library cell distribution after 'Fixing clock tree overload' {count}:
       Bufs: CLKBUF_X2: 2 
       ICGs: CLKGATETST_X8: 1 CLKGATETST_X4: 1 CLKGATETST_X2: 14 
    Primary reporting skew groups after 'Fixing clock tree overload':
      skew_group MY_CLK: insertion delay [min=0.039, max=0.050], skew [0.011 vs 0.500]
    Skew group summary after 'Fixing clock tree overload':
      skew_group MY_CLK: insertion delay [min=0.039, max=0.050], skew [0.011 vs 0.500]
    Legalizer API calls during this step: 0 succeeded with high effort: 0 succeeded with medium effort: 0 succeeded with low effort: 0 succeeded with basic effort: 0 succeeded with basic unbounded effort: 0
  Fixing clock tree overload done. (took cpu=0:00:00.0 real=0:00:00.0)
  Approximately balancing paths...
    Added 0 buffers.
    Clock DAG stats after 'Approximately balancing paths':
      cell counts      : b=2, i=0, icg=16, nicg=0, l=0, total=18
      cell areas       : b=2.128um^2, i=0.000um^2, icg=72.618um^2, nicg=0.000um^2, l=0.000um^2, total=74.746um^2
      cell capacitance : b=2.812fF, i=0.000fF, icg=51.858fF, nicg=0.000fF, l=0.000fF, total=54.670fF
      sink capacitance : count=188, total=192.782fF, avg=1.025fF, sd=0.197fF, min=0.965fF, max=1.812fF
      wire capacitance : top=0.000fF, trunk=38.439fF, leaf=79.663fF, total=118.102fF
      wire lengths     : top=0.000um, trunk=416.440um, leaf=769.790um, total=1186.229um
      hp wire lengths  : top=0.000um, trunk=0.000um, leaf=592.245um, total=592.245um
    Clock DAG net violations after 'Approximately balancing paths': none
    Clock DAG primary half-corner transition distribution after 'Approximately balancing paths':
      Trunk : target=0.080ns count=1 avg=0.009ns sd=0.000ns min=0.009ns max=0.009ns {1 <= 0.048ns, 0 <= 0.064ns, 0 <= 0.072ns, 0 <= 0.076ns, 0 <= 0.080ns}
      Leaf  : target=0.080ns count=18 avg=0.018ns sd=0.008ns min=0.008ns max=0.048ns {17 <= 0.048ns, 1 <= 0.064ns, 0 <= 0.072ns, 0 <= 0.076ns, 0 <= 0.080ns}
    Clock DAG library cell distribution after 'Approximately balancing paths' {count}:
       Bufs: CLKBUF_X2: 2 
       ICGs: CLKGATETST_X8: 1 CLKGATETST_X4: 1 CLKGATETST_X2: 14 
    Primary reporting skew groups after 'Approximately balancing paths':
      skew_group MY_CLK: insertion delay [min=0.039, max=0.050, avg=0.043, sd=0.003], skew [0.011 vs 0.500], 100% {0.039, 0.050} (wid=0.010 ws=0.008) (gid=0.039 gs=0.011)
    Skew group summary after 'Approximately balancing paths':
      skew_group MY_CLK: insertion delay [min=0.039, max=0.050, avg=0.043, sd=0.003], skew [0.011 vs 0.500], 100% {0.039, 0.050} (wid=0.010 ws=0.008) (gid=0.039 gs=0.011)
    Legalizer API calls during this step: 0 succeeded with high effort: 0 succeeded with medium effort: 0 succeeded with low effort: 0 succeeded with basic effort: 0 succeeded with basic unbounded effort: 0
  Approximately balancing paths done. (took cpu=0:00:00.0 real=0:00:00.1)
  Stage::Balancing done. (took cpu=0:00:00.6 real=0:00:00.8)
  Stage::Polishing...
  Merging balancing drivers for power...
    Tried: 20 Succeeded: 0
    Clock tree timing engine global stage delay update for my_delay:both.late...
    Clock tree timing engine global stage delay update for my_delay:both.late done. (took cpu=0:00:00.0 real=0:00:00.1)
    Clock DAG stats after 'Merging balancing drivers for power':
      cell counts      : b=2, i=0, icg=16, nicg=0, l=0, total=18
      cell areas       : b=2.128um^2, i=0.000um^2, icg=72.618um^2, nicg=0.000um^2, l=0.000um^2, total=74.746um^2
      cell capacitance : b=2.812fF, i=0.000fF, icg=51.858fF, nicg=0.000fF, l=0.000fF, total=54.670fF
      sink capacitance : count=188, total=192.782fF, avg=1.025fF, sd=0.197fF, min=0.965fF, max=1.812fF
      wire capacitance : top=0.000fF, trunk=38.439fF, leaf=79.663fF, total=118.102fF
      wire lengths     : top=0.000um, trunk=416.440um, leaf=769.790um, total=1186.229um
      hp wire lengths  : top=0.000um, trunk=0.000um, leaf=592.245um, total=592.245um
    Clock DAG net violations after 'Merging balancing drivers for power': none
    Clock DAG primary half-corner transition distribution after 'Merging balancing drivers for power':
      Trunk : target=0.080ns count=1 avg=0.009ns sd=0.000ns min=0.009ns max=0.009ns {1 <= 0.048ns, 0 <= 0.064ns, 0 <= 0.072ns, 0 <= 0.076ns, 0 <= 0.080ns}
      Leaf  : target=0.080ns count=18 avg=0.018ns sd=0.008ns min=0.008ns max=0.048ns {17 <= 0.048ns, 1 <= 0.064ns, 0 <= 0.072ns, 0 <= 0.076ns, 0 <= 0.080ns}
    Clock DAG library cell distribution after 'Merging balancing drivers for power' {count}:
       Bufs: CLKBUF_X2: 2 
       ICGs: CLKGATETST_X8: 1 CLKGATETST_X4: 1 CLKGATETST_X2: 14 
    Primary reporting skew groups after 'Merging balancing drivers for power':
      skew_group MY_CLK: insertion delay [min=0.039, max=0.050], skew [0.011 vs 0.500]
    Skew group summary after 'Merging balancing drivers for power':
      skew_group MY_CLK: insertion delay [min=0.039, max=0.050], skew [0.011 vs 0.500]
    Legalizer API calls during this step: 0 succeeded with high effort: 0 succeeded with medium effort: 0 succeeded with low effort: 0 succeeded with basic effort: 0 succeeded with basic unbounded effort: 0
  Merging balancing drivers for power done. (took cpu=0:00:00.1 real=0:00:00.2)
  Improving clock skew...
    Clock DAG stats after 'Improving clock skew':
      cell counts      : b=2, i=0, icg=16, nicg=0, l=0, total=18
      cell areas       : b=2.128um^2, i=0.000um^2, icg=72.618um^2, nicg=0.000um^2, l=0.000um^2, total=74.746um^2
      cell capacitance : b=2.812fF, i=0.000fF, icg=51.858fF, nicg=0.000fF, l=0.000fF, total=54.670fF
      sink capacitance : count=188, total=192.782fF, avg=1.025fF, sd=0.197fF, min=0.965fF, max=1.812fF
      wire capacitance : top=0.000fF, trunk=38.439fF, leaf=79.663fF, total=118.102fF
      wire lengths     : top=0.000um, trunk=416.440um, leaf=769.790um, total=1186.229um
      hp wire lengths  : top=0.000um, trunk=0.000um, leaf=592.245um, total=592.245um
    Clock DAG net violations after 'Improving clock skew': none
    Clock DAG primary half-corner transition distribution after 'Improving clock skew':
      Trunk : target=0.080ns count=1 avg=0.009ns sd=0.000ns min=0.009ns max=0.009ns {1 <= 0.048ns, 0 <= 0.064ns, 0 <= 0.072ns, 0 <= 0.076ns, 0 <= 0.080ns}
      Leaf  : target=0.080ns count=18 avg=0.018ns sd=0.008ns min=0.008ns max=0.048ns {17 <= 0.048ns, 1 <= 0.064ns, 0 <= 0.072ns, 0 <= 0.076ns, 0 <= 0.080ns}
    Clock DAG library cell distribution after 'Improving clock skew' {count}:
       Bufs: CLKBUF_X2: 2 
       ICGs: CLKGATETST_X8: 1 CLKGATETST_X4: 1 CLKGATETST_X2: 14 
    Primary reporting skew groups after 'Improving clock skew':
      skew_group MY_CLK: insertion delay [min=0.039, max=0.050, avg=0.043, sd=0.004], skew [0.011 vs 0.500], 100% {0.039, 0.050} (wid=0.010 ws=0.008) (gid=0.039 gs=0.011)
    Skew group summary after 'Improving clock skew':
      skew_group MY_CLK: insertion delay [min=0.039, max=0.050, avg=0.043, sd=0.004], skew [0.011 vs 0.500], 100% {0.039, 0.050} (wid=0.010 ws=0.008) (gid=0.039 gs=0.011)
    Legalizer API calls during this step: 0 succeeded with high effort: 0 succeeded with medium effort: 0 succeeded with low effort: 0 succeeded with basic effort: 0 succeeded with basic unbounded effort: 0
  Improving clock skew done. (took cpu=0:00:00.0 real=0:00:00.1)
  Moving gates to reduce wire capacitance...
    Modified slew target multipliers. Leaf=(1 to 0.9) Trunk=(1 to 0.95) Top=(1 to 0.95)
    Iteration 1...
      Artificially removing short and long paths...
        Legalizer API calls during this step: 0 succeeded with high effort: 0 succeeded with medium effort: 0 succeeded with low effort: 0 succeeded with basic effort: 0 succeeded with basic unbounded effort: 0
      Artificially removing short and long paths done. (took cpu=0:00:00.0 real=0:00:00.0)
      Moving gates to reduce wire capacitance - iteration 1: WireCapReduction...
        Legalizing clock trees...
        Legalizing clock trees done. (took cpu=0:00:00.0 real=0:00:00.0)
        Legalizer API calls during this step: 120 succeeded with high effort: 120 succeeded with medium effort: 0 succeeded with low effort: 0 succeeded with basic effort: 0 succeeded with basic unbounded effort: 0
      Moving gates to reduce wire capacitance - iteration 1: WireCapReduction done. (took cpu=0:00:00.3 real=0:00:00.4)
      Moving gates to reduce wire capacitance - iteration 1: MoveGates...
        Moving gates: ...20% ...40% ...60% ...80% ...Legalizing clock trees...
        Legalizing clock trees done. (took cpu=0:00:00.0 real=0:00:00.0)
        100% 
        Legalizer API calls during this step: 234 succeeded with high effort: 234 succeeded with medium effort: 0 succeeded with low effort: 0 succeeded with basic effort: 0 succeeded with basic unbounded effort: 0
      Moving gates to reduce wire capacitance - iteration 1: MoveGates done. (took cpu=0:00:01.5 real=0:00:02.0)
    Iteration 1 done.
    Iteration 2...
      Artificially removing short and long paths...
        Legalizer API calls during this step: 0 succeeded with high effort: 0 succeeded with medium effort: 0 succeeded with low effort: 0 succeeded with basic effort: 0 succeeded with basic unbounded effort: 0
      Artificially removing short and long paths done. (took cpu=0:00:00.0 real=0:00:00.0)
      Moving gates to reduce wire capacitance - iteration 2: WireCapReduction...
        Legalizing clock trees...
        Legalizing clock trees done. (took cpu=0:00:00.0 real=0:00:00.0)
        Legalizer API calls during this step: 99 succeeded with high effort: 99 succeeded with medium effort: 0 succeeded with low effort: 0 succeeded with basic effort: 0 succeeded with basic unbounded effort: 0
      Moving gates to reduce wire capacitance - iteration 2: WireCapReduction done. (took cpu=0:00:00.2 real=0:00:00.3)
      Moving gates to reduce wire capacitance - iteration 2: MoveGates...
        Moving gates: ...20% ...40% ...60% ...80% ...Legalizing clock trees...
        Legalizing clock trees done. (took cpu=0:00:00.0 real=0:00:00.0)
        100% 
        Legalizer API calls during this step: 231 succeeded with high effort: 231 succeeded with medium effort: 0 succeeded with low effort: 0 succeeded with basic effort: 0 succeeded with basic unbounded effort: 0
      Moving gates to reduce wire capacitance - iteration 2: MoveGates done. (took cpu=0:00:00.9 real=0:00:01.0)
    Iteration 2 done.
    Reverted slew target multipliers. Leaf=(0.9 to 1) Trunk=(0.95 to 1) Top=(0.95 to 1)
    Clock DAG stats after 'Moving gates to reduce wire capacitance':
      cell counts      : b=2, i=0, icg=16, nicg=0, l=0, total=18
      cell areas       : b=2.128um^2, i=0.000um^2, icg=72.618um^2, nicg=0.000um^2, l=0.000um^2, total=74.746um^2
      cell capacitance : b=2.812fF, i=0.000fF, icg=51.858fF, nicg=0.000fF, l=0.000fF, total=54.670fF
      sink capacitance : count=188, total=192.782fF, avg=1.025fF, sd=0.197fF, min=0.965fF, max=1.812fF
      wire capacitance : top=0.000fF, trunk=33.585fF, leaf=77.257fF, total=110.841fF
      wire lengths     : top=0.000um, trunk=359.640um, leaf=741.734um, total=1101.374um
      hp wire lengths  : top=0.000um, trunk=0.000um, leaf=584.025um, total=584.025um
    Clock DAG net violations after 'Moving gates to reduce wire capacitance': none
    Clock DAG primary half-corner transition distribution after 'Moving gates to reduce wire capacitance':
      Trunk : target=0.080ns count=1 avg=0.011ns sd=0.000ns min=0.011ns max=0.011ns {1 <= 0.048ns, 0 <= 0.064ns, 0 <= 0.072ns, 0 <= 0.076ns, 0 <= 0.080ns}
      Leaf  : target=0.080ns count=18 avg=0.018ns sd=0.008ns min=0.008ns max=0.048ns {17 <= 0.048ns, 1 <= 0.064ns, 0 <= 0.072ns, 0 <= 0.076ns, 0 <= 0.080ns}
    Clock DAG library cell distribution after 'Moving gates to reduce wire capacitance' {count}:
       Bufs: CLKBUF_X2: 2 
       ICGs: CLKGATETST_X8: 1 CLKGATETST_X4: 1 CLKGATETST_X2: 14 
    Primary reporting skew groups after 'Moving gates to reduce wire capacitance':
      skew_group MY_CLK: insertion delay [min=0.038, max=0.051, avg=0.045, sd=0.004], skew [0.012 vs 0.500], 100% {0.038, 0.051} (wid=0.012 ws=0.009) (gid=0.039 gs=0.010)
    Skew group summary after 'Moving gates to reduce wire capacitance':
      skew_group MY_CLK: insertion delay [min=0.038, max=0.051, avg=0.045, sd=0.004], skew [0.012 vs 0.500], 100% {0.038, 0.051} (wid=0.012 ws=0.009) (gid=0.039 gs=0.010)
    Legalizer API calls during this step: 684 succeeded with high effort: 684 succeeded with medium effort: 0 succeeded with low effort: 0 succeeded with basic effort: 0 succeeded with basic unbounded effort: 0
  Moving gates to reduce wire capacitance done. (took cpu=0:00:03.0 real=0:00:03.9)
  Reducing clock tree power 3...
    Artificially removing short and long paths...
      Legalizer API calls during this step: 0 succeeded with high effort: 0 succeeded with medium effort: 0 succeeded with low effort: 0 succeeded with basic effort: 0 succeeded with basic unbounded effort: 0
    Artificially removing short and long paths done. (took cpu=0:00:00.0 real=0:00:00.0)
    Initial gate capacitance is (rise=247.452fF fall=224.673fF).
    Resizing gates: ...20% ...40% ...60% ...80% ...Legalizing clock trees...
    Legalizing clock trees done. (took cpu=0:00:00.0 real=0:00:00.0)
    100% 
    Iteration 1: gate capacitance is (rise=240.691fF fall=218.719fF).
    Resizing gates: ...20% ...40% ...60% ...80% ...Legalizing clock trees...
    Legalizing clock trees done. (took cpu=0:00:00.0 real=0:00:00.0)
    100% 
    Clock DAG stats after 'Reducing clock tree power 3':
      cell counts      : b=2, i=0, icg=16, nicg=0, l=0, total=18
      cell areas       : b=2.128um^2, i=0.000um^2, icg=68.096um^2, nicg=0.000um^2, l=0.000um^2, total=70.224um^2
      cell capacitance : b=2.812fF, i=0.000fF, icg=45.097fF, nicg=0.000fF, l=0.000fF, total=47.909fF
      sink capacitance : count=188, total=192.782fF, avg=1.025fF, sd=0.197fF, min=0.965fF, max=1.812fF
      wire capacitance : top=0.000fF, trunk=33.404fF, leaf=77.312fF, total=110.715fF
      wire lengths     : top=0.000um, trunk=357.345um, leaf=742.804um, total=1100.149um
      hp wire lengths  : top=0.000um, trunk=0.000um, leaf=584.025um, total=584.025um
    Clock DAG net violations after 'Reducing clock tree power 3': none
    Clock DAG primary half-corner transition distribution after 'Reducing clock tree power 3':
      Trunk : target=0.080ns count=1 avg=0.009ns sd=0.000ns min=0.009ns max=0.009ns {1 <= 0.048ns, 0 <= 0.064ns, 0 <= 0.072ns, 0 <= 0.076ns, 0 <= 0.080ns}
      Leaf  : target=0.080ns count=18 avg=0.019ns sd=0.007ns min=0.016ns max=0.048ns {17 <= 0.048ns, 1 <= 0.064ns, 0 <= 0.072ns, 0 <= 0.076ns, 0 <= 0.080ns}
    Clock DAG library cell distribution after 'Reducing clock tree power 3' {count}:
       Bufs: CLKBUF_X2: 2 
       ICGs: CLKGATETST_X2: 16 
    Primary reporting skew groups after 'Reducing clock tree power 3':
      skew_group MY_CLK: insertion delay [min=0.038, max=0.049, avg=0.045, sd=0.003], skew [0.011 vs 0.500], 100% {0.038, 0.049} (wid=0.010 ws=0.008) (gid=0.039 gs=0.004)
    Skew group summary after 'Reducing clock tree power 3':
      skew_group MY_CLK: insertion delay [min=0.038, max=0.049, avg=0.045, sd=0.003], skew [0.011 vs 0.500], 100% {0.038, 0.049} (wid=0.010 ws=0.008) (gid=0.039 gs=0.004)
    Legalizer API calls during this step: 74 succeeded with high effort: 74 succeeded with medium effort: 0 succeeded with low effort: 0 succeeded with basic effort: 0 succeeded with basic unbounded effort: 0
  Reducing clock tree power 3 done. (took cpu=0:00:00.3 real=0:00:00.4)
  Improving insertion delay...
    Clock DAG stats after 'Improving insertion delay':
      cell counts      : b=2, i=0, icg=16, nicg=0, l=0, total=18
      cell areas       : b=2.128um^2, i=0.000um^2, icg=68.096um^2, nicg=0.000um^2, l=0.000um^2, total=70.224um^2
      cell capacitance : b=2.812fF, i=0.000fF, icg=45.097fF, nicg=0.000fF, l=0.000fF, total=47.909fF
      sink capacitance : count=188, total=192.782fF, avg=1.025fF, sd=0.197fF, min=0.965fF, max=1.812fF
      wire capacitance : top=0.000fF, trunk=33.404fF, leaf=77.312fF, total=110.715fF
      wire lengths     : top=0.000um, trunk=357.345um, leaf=742.804um, total=1100.149um
      hp wire lengths  : top=0.000um, trunk=0.000um, leaf=584.025um, total=584.025um
    Clock DAG net violations after 'Improving insertion delay': none
    Clock DAG primary half-corner transition distribution after 'Improving insertion delay':
      Trunk : target=0.080ns count=1 avg=0.009ns sd=0.000ns min=0.009ns max=0.009ns {1 <= 0.048ns, 0 <= 0.064ns, 0 <= 0.072ns, 0 <= 0.076ns, 0 <= 0.080ns}
      Leaf  : target=0.080ns count=18 avg=0.019ns sd=0.007ns min=0.016ns max=0.048ns {17 <= 0.048ns, 1 <= 0.064ns, 0 <= 0.072ns, 0 <= 0.076ns, 0 <= 0.080ns}
    Clock DAG library cell distribution after 'Improving insertion delay' {count}:
       Bufs: CLKBUF_X2: 2 
       ICGs: CLKGATETST_X2: 16 
    Primary reporting skew groups after 'Improving insertion delay':
      skew_group MY_CLK: insertion delay [min=0.038, max=0.049, avg=0.045, sd=0.003], skew [0.011 vs 0.500], 100% {0.038, 0.049} (wid=0.010 ws=0.008) (gid=0.039 gs=0.004)
    Skew group summary after 'Improving insertion delay':
      skew_group MY_CLK: insertion delay [min=0.038, max=0.049, avg=0.045, sd=0.003], skew [0.011 vs 0.500], 100% {0.038, 0.049} (wid=0.010 ws=0.008) (gid=0.039 gs=0.004)
    Legalizer API calls during this step: 0 succeeded with high effort: 0 succeeded with medium effort: 0 succeeded with low effort: 0 succeeded with basic effort: 0 succeeded with basic unbounded effort: 0
  Improving insertion delay done. (took cpu=0:00:00.0 real=0:00:00.0)
  Wire Opt OverFix...
    Wire Reduction extra effort...
      Modified slew target multipliers. Leaf=(1 to 0.95) Trunk=(1 to 1) Top=(1 to 1)
      Artificially removing short and long paths...
        Legalizer API calls during this step: 0 succeeded with high effort: 0 succeeded with medium effort: 0 succeeded with low effort: 0 succeeded with basic effort: 0 succeeded with basic unbounded effort: 0
      Artificially removing short and long paths done. (took cpu=0:00:00.0 real=0:00:00.0)
      Global shorten wires A0...
        Legalizer API calls during this step: 0 succeeded with high effort: 0 succeeded with medium effort: 0 succeeded with low effort: 0 succeeded with basic effort: 0 succeeded with basic unbounded effort: 0
      Global shorten wires A0 done. (took cpu=0:00:00.0 real=0:00:00.0)
      Move For Wirelength - core...
        Move for wirelength. considered=19, filtered=19, permitted=18, cannotCompute=1, computed=17, moveTooSmall=19, resolved=0, predictFail=3, currentlyIllegal=0, legalizationFail=0, legalizedMoveTooSmall=6, ignoredLeafDriver=0, worse=50, accepted=3
        Max accepted move=22.400um, total accepted move=31.140um, average move=10.380um
        Move for wirelength. considered=19, filtered=19, permitted=18, cannotCompute=1, computed=17, moveTooSmall=19, resolved=0, predictFail=1, currentlyIllegal=0, legalizationFail=0, legalizedMoveTooSmall=5, ignoredLeafDriver=0, worse=49, accepted=3
        Max accepted move=8.400um, total accepted move=17.140um, average move=5.713um
        Move for wirelength. considered=19, filtered=19, permitted=18, cannotCompute=1, computed=17, moveTooSmall=13, resolved=0, predictFail=1, currentlyIllegal=0, legalizationFail=0, legalizedMoveTooSmall=6, ignoredLeafDriver=0, worse=59, accepted=2
        Max accepted move=39.230um, total accepted move=42.980um, average move=21.490um
        Legalizer API calls during this step: 188 succeeded with high effort: 188 succeeded with medium effort: 0 succeeded with low effort: 0 succeeded with basic effort: 0 succeeded with basic unbounded effort: 0
      Move For Wirelength - core done. (took cpu=0:00:00.8 real=0:00:00.8)
      Global shorten wires A1...
        Legalizer API calls during this step: 0 succeeded with high effort: 0 succeeded with medium effort: 0 succeeded with low effort: 0 succeeded with basic effort: 0 succeeded with basic unbounded effort: 0
      Global shorten wires A1 done. (took cpu=0:00:00.0 real=0:00:00.0)
      Move For Wirelength - core...
        Move for wirelength. considered=19, filtered=19, permitted=18, cannotCompute=12, computed=6, moveTooSmall=42, resolved=0, predictFail=0, currentlyIllegal=0, legalizationFail=0, legalizedMoveTooSmall=2, ignoredLeafDriver=0, worse=7, accepted=0
        Max accepted move=0.000um, total accepted move=0.000um
        Legalizer API calls during this step: 9 succeeded with high effort: 9 succeeded with medium effort: 0 succeeded with low effort: 0 succeeded with basic effort: 0 succeeded with basic unbounded effort: 0
      Move For Wirelength - core done. (took cpu=0:00:00.1 real=0:00:00.1)
      Global shorten wires B...
        Legalizer API calls during this step: 82 succeeded with high effort: 82 succeeded with medium effort: 0 succeeded with low effort: 0 succeeded with basic effort: 0 succeeded with basic unbounded effort: 0
      Global shorten wires B done. (took cpu=0:00:00.1 real=0:00:00.1)
      Move For Wirelength - branch...
        Move for wirelength. considered=19, filtered=19, permitted=18, cannotCompute=0, computed=18, moveTooSmall=0, resolved=0, predictFail=0, currentlyIllegal=0, legalizationFail=0, legalizedMoveTooSmall=0, ignoredLeafDriver=0, worse=22, accepted=3
        Max accepted move=0.950um, total accepted move=2.280um, average move=0.760um
        Move for wirelength. considered=19, filtered=19, permitted=18, cannotCompute=14, computed=4, moveTooSmall=0, resolved=0, predictFail=45, currentlyIllegal=0, legalizationFail=0, legalizedMoveTooSmall=0, ignoredLeafDriver=0, worse=6, accepted=0
        Max accepted move=0.000um, total accepted move=0.000um
        Legalizer API calls during this step: 31 succeeded with high effort: 31 succeeded with medium effort: 0 succeeded with low effort: 0 succeeded with basic effort: 0 succeeded with basic unbounded effort: 0
      Move For Wirelength - branch done. (took cpu=0:00:00.1 real=0:00:00.1)
      Reverted slew target multipliers. Leaf=(0.95 to 1) Trunk=(1 to 1) Top=(1 to 1)
      Clock DAG stats after 'Wire Reduction extra effort':
        cell counts      : b=2, i=0, icg=16, nicg=0, l=0, total=18
        cell areas       : b=2.128um^2, i=0.000um^2, icg=68.096um^2, nicg=0.000um^2, l=0.000um^2, total=70.224um^2
        cell capacitance : b=2.812fF, i=0.000fF, icg=45.097fF, nicg=0.000fF, l=0.000fF, total=47.909fF
        sink capacitance : count=188, total=192.782fF, avg=1.025fF, sd=0.197fF, min=0.965fF, max=1.812fF
        wire capacitance : top=0.000fF, trunk=33.450fF, leaf=72.373fF, total=105.823fF
        wire lengths     : top=0.000um, trunk=342.760um, leaf=689.544um, total=1032.303um
        hp wire lengths  : top=0.000um, trunk=0.000um, leaf=530.415um, total=530.415um
      Clock DAG net violations after 'Wire Reduction extra effort': none
      Clock DAG primary half-corner transition distribution after 'Wire Reduction extra effort':
        Trunk : target=0.080ns count=1 avg=0.011ns sd=0.000ns min=0.011ns max=0.011ns {1 <= 0.048ns, 0 <= 0.064ns, 0 <= 0.072ns, 0 <= 0.076ns, 0 <= 0.080ns}
        Leaf  : target=0.080ns count=18 avg=0.019ns sd=0.008ns min=0.009ns max=0.048ns {17 <= 0.048ns, 1 <= 0.064ns, 0 <= 0.072ns, 0 <= 0.076ns, 0 <= 0.080ns}
      Clock DAG library cell distribution after 'Wire Reduction extra effort' {count}:
         Bufs: CLKBUF_X2: 2 
         ICGs: CLKGATETST_X2: 16 
      Primary reporting skew groups after 'Wire Reduction extra effort':
        skew_group MY_CLK: insertion delay [min=0.037, max=0.051, avg=0.047, sd=0.004], skew [0.014 vs 0.500], 100% {0.037, 0.051} (wid=0.012 ws=0.009) (gid=0.039 gs=0.010)
      Skew group summary after 'Wire Reduction extra effort':
        skew_group MY_CLK: insertion delay [min=0.037, max=0.051, avg=0.047, sd=0.004], skew [0.014 vs 0.500], 100% {0.037, 0.051} (wid=0.012 ws=0.009) (gid=0.039 gs=0.010)
      Legalizer API calls during this step: 310 succeeded with high effort: 310 succeeded with medium effort: 0 succeeded with low effort: 0 succeeded with basic effort: 0 succeeded with basic unbounded effort: 0
    Wire Reduction extra effort done. (took cpu=0:00:01.2 real=0:00:01.2)
    Optimizing orientation...
    FlipOpt...
    Disconnecting clock tree from netlist...
    Disconnecting clock tree from netlist done.
    Performing Single Threaded FlipOpt
    Optimizing orientation on clock cells...
      Orientation Wirelength Optimization: Attempted = 20 , Succeeded = 3 , Constraints Broken = 15 , CannotMove = 2 , Illegal = 0 , Other = 0
    Optimizing orientation on clock cells done.
    Resynthesising clock tree into netlist...
      Reset timing graph...
Ignoring AAE DB Resetting ...
      Reset timing graph done.
    Resynthesising clock tree into netlist done.
    FlipOpt done. (took cpu=0:00:00.1 real=0:00:00.1)
    Optimizing orientation done. (took cpu=0:00:00.1 real=0:00:00.1)
    Clock DAG stats after 'Wire Opt OverFix':
      cell counts      : b=2, i=0, icg=16, nicg=0, l=0, total=18
      cell areas       : b=2.128um^2, i=0.000um^2, icg=68.096um^2, nicg=0.000um^2, l=0.000um^2, total=70.224um^2
      cell capacitance : b=2.812fF, i=0.000fF, icg=45.097fF, nicg=0.000fF, l=0.000fF, total=47.909fF
      sink capacitance : count=188, total=192.782fF, avg=1.025fF, sd=0.197fF, min=0.965fF, max=1.812fF
      wire capacitance : top=0.000fF, trunk=33.777fF, leaf=71.955fF, total=105.732fF
      wire lengths     : top=0.000um, trunk=346.339um, leaf=683.980um, total=1030.319um
      hp wire lengths  : top=0.000um, trunk=0.000um, leaf=530.415um, total=530.415um
    Clock DAG net violations after 'Wire Opt OverFix': none
    Clock DAG primary half-corner transition distribution after 'Wire Opt OverFix':
      Trunk : target=0.080ns count=1 avg=0.011ns sd=0.000ns min=0.011ns max=0.011ns {1 <= 0.048ns, 0 <= 0.064ns, 0 <= 0.072ns, 0 <= 0.076ns, 0 <= 0.080ns}
      Leaf  : target=0.080ns count=18 avg=0.019ns sd=0.008ns min=0.009ns max=0.048ns {17 <= 0.048ns, 1 <= 0.064ns, 0 <= 0.072ns, 0 <= 0.076ns, 0 <= 0.080ns}
    Clock DAG library cell distribution after 'Wire Opt OverFix' {count}:
       Bufs: CLKBUF_X2: 2 
       ICGs: CLKGATETST_X2: 16 
    Primary reporting skew groups after 'Wire Opt OverFix':
      skew_group MY_CLK: insertion delay [min=0.037, max=0.051, avg=0.047, sd=0.004], skew [0.014 vs 0.500], 100% {0.037, 0.051} (wid=0.012 ws=0.009) (gid=0.039 gs=0.010)
    Skew group summary after 'Wire Opt OverFix':
      skew_group MY_CLK: insertion delay [min=0.037, max=0.051, avg=0.047, sd=0.004], skew [0.014 vs 0.500], 100% {0.037, 0.051} (wid=0.012 ws=0.009) (gid=0.039 gs=0.010)
    Legalizer API calls during this step: 310 succeeded with high effort: 310 succeeded with medium effort: 0 succeeded with low effort: 0 succeeded with basic effort: 0 succeeded with basic unbounded effort: 0
  Wire Opt OverFix done. (took cpu=0:00:01.3 real=0:00:01.3)
  Total capacitance is (rise=346.423fF fall=324.451fF), of which (rise=105.732fF fall=105.732fF) is wire, and (rise=240.691fF fall=218.719fF) is gate.
  Stage::Polishing done. (took cpu=0:00:04.7 real=0:00:05.8)
  Stage::Updating netlist...
  Reset timing graph...
Ignoring AAE DB Resetting ...
  Reset timing graph done.
  Setting non-default rules before calling refine place.
  Leaving CCOpt scope - ClockRefiner...
  Performing Clock Only Refine Place.
*** Starting refinePlace (0:34:39 mem=1358.9M) ***
Total net bbox length = 8.767e+04 (4.327e+04 4.439e+04) (ext = 3.827e+03)
Move report: Detail placement moves 0 insts, mean move: 0.00 um, max move: 0.00 um
	Runtime: CPU: 0:00:00.0 REAL: 0:00:00.0 MEM: 1358.9MB
Summary Report:
Instances move: 0 (out of 8689 movable)
Instances flipped: 0
Mean displacement: 0.00 um
Max displacement: 0.00 um 
Total net bbox length = 8.767e+04 (4.327e+04 4.439e+04) (ext = 3.827e+03)
Runtime: CPU: 0:00:00.0 REAL: 0:00:00.0 MEM: 1358.9MB
*** Finished refinePlace (0:34:39 mem=1358.9M) ***
  ClockRefiner summary
  All clock instances: Moved 0, flipped 0 and cell swapped 0 (out of a total of 206).
  Leaving CCOpt scope - ClockRefiner done. (took cpu=0:00:00.1 real=0:00:00.1)
  Stage::Updating netlist done. (took cpu=0:00:00.2 real=0:00:00.2)
  CCOpt::Phase::Implementation done. (took cpu=0:00:06.5 real=0:00:08.1)
  CCOpt::Phase::eGRPC...
  eGR Post Conditioning loop iteration 0...
    Clock implementation routing...
      Leaving CCOpt scope - Routing Tools...
Net route status summary:
  Clock:        19 (unrouted=19, trialRouted=0, noStatus=0, routed=0, fixed=0, [crossesIlmBoundary=0, tooFewTerms=0, (crossesIlmBoundary AND tooFewTerms=0)])
  Non-clock: 10969 (unrouted=200, trialRouted=10769, noStatus=0, routed=0, fixed=0, [crossesIlmBoundary=0, tooFewTerms=199, (crossesIlmBoundary AND tooFewTerms=0)])
      Routing using eGR only...
        Early Global Route - eGR only step...
(ccopt eGR): There are 19 nets for routing of which 19 have one or more fixed wires.
(ccopt eGR): Start to route 19 all nets
[NR-eGR] Track table information for default rule: 
[NR-eGR] metal1 has no routable track
[NR-eGR] metal2 has single uniform track structure
[NR-eGR] metal3 has single uniform track structure
[NR-eGR] metal4 has single uniform track structure
[NR-eGR] metal5 has single uniform track structure
[NR-eGR] metal6 has single uniform track structure
[NR-eGR] metal7 has single uniform track structure
[NR-eGR] metal8 has single uniform track structure
[NR-eGR] metal9 has single uniform track structure
[NR-eGR] metal10 has single uniform track structure
[NR-eGR] Read 814 PG shapes
[NR-eGR] #Routing Blockages  : 0
[NR-eGR] #Instance Blockages : 0
[NR-eGR] #PG Blockages       : 814
[NR-eGR] #Halo Blockages     : 0
[NR-eGR] #Boundary Blockages : 0
[NR-eGR] Num Prerouted Nets = 0  Num Prerouted Wires = 0
[NR-eGR] Read numTotalNets=10789  numIgnoredNets=10770
[NR-eGR] Connected 0 must-join pins/ports
[NR-eGR] There are 19 clock nets ( 19 with NDR ).
[NR-eGR] ============ Routing rule table ============
[NR-eGR] Rule id: 0  Nets: 19 
[NR-eGR] Rule id: 1  Nets: 0 
[NR-eGR] ========================================
[NR-eGR] 
[NR-eGR] Layer group 1: route 19 net(s) in layer range [3, 4]
[NR-eGR] Early Global Route overflow of layer group 1: 0.00% H + 0.00% V. EstWL: 1.026200e+03um
[NR-eGR] Create a new net group with 3 nets and layer range [3, 6]
[NR-eGR] Layer group 2: route 3 net(s) in layer range [3, 6]
[NR-eGR] Early Global Route overflow of layer group 2: 0.00% H + 0.00% V. EstWL: 1.026200e+03um
[NR-eGR] Create a new net group with 3 nets and layer range [3, 8]
[NR-eGR] Layer group 3: route 3 net(s) in layer range [3, 8]
[NR-eGR] Early Global Route overflow of layer group 3: 0.00% H + 0.00% V. EstWL: 1.026200e+03um
[NR-eGR] Create a new net group with 3 nets and layer range [3, 10]
[NR-eGR] Layer group 4: route 3 net(s) in layer range [3, 10]
[NR-eGR] Early Global Route overflow of layer group 4: 0.00% H + 0.00% V. EstWL: 1.026200e+03um
[NR-eGR] Create a new net group with 1 nets and layer range [2, 10]
[NR-eGR] Layer group 5: route 1 net(s) in layer range [2, 10]
[NR-eGR] Early Global Route overflow of layer group 5: 0.00% H + 0.00% V. EstWL: 1.043000e+03um
[NR-eGR] Congestion Analysis By layer: (blocked Gcells are excluded) 
[NR-eGR]                        OverCon            
[NR-eGR]                         #Gcell     %Gcell
[NR-eGR]       Layer                (0)    OverCon 
[NR-eGR] ----------------------------------------------
[NR-eGR]  metal1  (1)         0( 0.00%)   ( 0.00%) 
[NR-eGR]  metal2  (2)         0( 0.00%)   ( 0.00%) 
[NR-eGR]  metal3  (3)         0( 0.00%)   ( 0.00%) 
[NR-eGR]  metal4  (4)         0( 0.00%)   ( 0.00%) 
[NR-eGR]  metal5  (5)         0( 0.00%)   ( 0.00%) 
[NR-eGR]  metal6  (6)         0( 0.00%)   ( 0.00%) 
[NR-eGR]  metal7  (7)         0( 0.00%)   ( 0.00%) 
[NR-eGR]  metal8  (8)         0( 0.00%)   ( 0.00%) 
[NR-eGR]  metal9  (9)         0( 0.00%)   ( 0.00%) 
[NR-eGR] metal10 (10)         0( 0.00%)   ( 0.00%) 
[NR-eGR] ----------------------------------------------
[NR-eGR] Total                0( 0.00%)   ( 0.00%) 
[NR-eGR] 
[NR-eGR] Overflow after Early Global Route (GR compatible) 0.00% H + 0.00% V
[NR-eGR] Overflow after Early Global Route 0.00% H + 0.00% V
[NR-eGR] Started Export DB wires ( Curr Mem: 1358.90 MB )
[NR-eGR] Started Export all nets ( Curr Mem: 1358.90 MB )
[NR-eGR] Finished Export all nets ( CPU: 0.00 sec, Real: 0.00 sec, Curr Mem: 1358.90 MB )
[NR-eGR] Started Set wire vias ( Curr Mem: 1358.90 MB )
[NR-eGR] Finished Set wire vias ( CPU: 0.00 sec, Real: 0.00 sec, Curr Mem: 1358.90 MB )
[NR-eGR] Finished Export DB wires ( CPU: 0.00 sec, Real: 0.00 sec, Curr Mem: 1358.90 MB )
[NR-eGR] --------------------------------------------------------------------------
[NR-eGR] metal1  (1F) length: 0.000000e+00um, number of vias: 34274
[NR-eGR] metal2  (2V) length: 2.557205e+04um, number of vias: 41068
[NR-eGR] metal3  (3H) length: 4.673621e+04um, number of vias: 14342
[NR-eGR] metal4  (4V) length: 2.253271e+04um, number of vias: 1336
[NR-eGR] metal5  (5H) length: 4.343440e+03um, number of vias: 1098
[NR-eGR] metal6  (6V) length: 7.406140e+03um, number of vias: 31
[NR-eGR] metal7  (7H) length: 1.344350e+02um, number of vias: 11
[NR-eGR] metal8  (8V) length: 1.834900e+02um, number of vias: 2
[NR-eGR] metal9  (9H) length: 3.100000e+00um, number of vias: 0
[NR-eGR] metal10 (10V) length: 0.000000e+00um, number of vias: 0
[NR-eGR] Total length: 1.069116e+05um, number of vias: 92162
[NR-eGR] --------------------------------------------------------------------------
[NR-eGR] Total eGR-routed clock nets wire length: 1.067045e+03um 
[NR-eGR] --------------------------------------------------------------------------
[NR-eGR] Report for selected net(s) only.
[NR-eGR] metal1  (1H) length: 0.000000e+00um, number of vias: 224
[NR-eGR] metal2  (2V) length: 2.352000e+02um, number of vias: 267
[NR-eGR] metal3  (3H) length: 2.541250e+02um, number of vias: 67
[NR-eGR] metal4  (4V) length: 3.316000e+02um, number of vias: 24
[NR-eGR] metal5  (5H) length: 2.461200e+02um, number of vias: 0
[NR-eGR] metal6  (6V) length: 0.000000e+00um, number of vias: 0
[NR-eGR] metal7  (7H) length: 0.000000e+00um, number of vias: 0
[NR-eGR] metal8  (8V) length: 0.000000e+00um, number of vias: 0
[NR-eGR] metal9  (9H) length: 0.000000e+00um, number of vias: 0
[NR-eGR] metal10 (10V) length: 0.000000e+00um, number of vias: 0
[NR-eGR] Total length: 1.067045e+03um, number of vias: 582
[NR-eGR] --------------------------------------------------------------------------
[NR-eGR] Total routed clock nets wire length: 1.067045e+03um, number of vias: 582
[NR-eGR] --------------------------------------------------------------------------
[NR-eGR] Finished Early Global Route kernel ( CPU: 0.36 sec, Real: 0.42 sec, Curr Mem: 1315.90 MB )
        Early Global Route - eGR only step done. (took cpu=0:00:00.5 real=0:00:00.5)
Set FIXED routing status on 19 net(s)
      Routing using eGR only done.
Net route status summary:
  Clock:        19 (unrouted=0, trialRouted=0, noStatus=0, routed=0, fixed=19, [crossesIlmBoundary=0, tooFewTerms=0, (crossesIlmBoundary AND tooFewTerms=0)])
  Non-clock: 10969 (unrouted=200, trialRouted=10769, noStatus=0, routed=0, fixed=0, [crossesIlmBoundary=0, tooFewTerms=199, (crossesIlmBoundary AND tooFewTerms=0)])

CCOPT: Done with clock implementation routing.

      Leaving CCOpt scope - Routing Tools done. (took cpu=0:00:00.5 real=0:00:00.6)
    Clock implementation routing done.
    Leaving CCOpt scope - extractRC...
    Updating RC parasitics by calling: "extractRC -noRouteCheck"...
Extraction called for design 'FIR_UNF' of instances=8689 and nets=10988 using extraction engine 'preRoute' .
PreRoute RC Extraction called for design FIR_UNF.
RC Extraction called in multi-corner(1) mode.
RCMode: PreRoute
      RC Corner Indexes            0   
Capacitance Scaling Factor   : 1.00000 
Resistance Scaling Factor    : 1.00000 
Clock Cap. Scaling Factor    : 1.00000 
Clock Res. Scaling Factor    : 1.00000 
Shrink Factor                : 1.00000
PreRoute extraction is honoring NDR/Shielding/ExtraSpace for clock nets.
Using capacitance table file ...
Updating RC grid for preRoute extraction ...
Initializing multi-corner capacitance tables ... 
Initializing multi-corner resistance tables ...
PreRoute RC Extraction DONE (CPU Time: 0:00:00.5  Real Time: 0:00:01.0  MEM: 1315.902M)
    Updating RC parasitics by calling: "extractRC -noRouteCheck" done.
    Leaving CCOpt scope - extractRC done. (took cpu=0:00:00.5 real=0:00:00.6)
    Calling post conditioning for eGRPC...
      eGRPC...
        eGRPC active optimizations:
         - Move Down
         - Downsizing before DRV sizing
         - DRV fixing with cell sizing
         - Move to fanout
         - Cloning
        
        Currently running CTS, using active skew data
        Reset bufferability constraints...
        Resetting previous bufferability status on all nets so that eGRPC will attempt to fix all clock tree violations.
        Clock tree timing engine global stage delay update for my_delay:both.late...
        Clock tree timing engine global stage delay update for my_delay:both.late done. (took cpu=0:00:00.1 real=0:00:00.1)
        Reset bufferability constraints done. (took cpu=0:00:00.1 real=0:00:00.1)
        Clock DAG stats eGRPC initial state:
          cell counts      : b=2, i=0, icg=16, nicg=0, l=0, total=18
          cell areas       : b=2.128um^2, i=0.000um^2, icg=68.096um^2, nicg=0.000um^2, l=0.000um^2, total=70.224um^2
          cell capacitance : b=2.812fF, i=0.000fF, icg=45.097fF, nicg=0.000fF, l=0.000fF, total=47.909fF
          sink capacitance : count=188, total=192.782fF, avg=1.025fF, sd=0.197fF, min=0.965fF, max=1.812fF
          wire capacitance : top=0.000fF, trunk=33.477fF, leaf=72.674fF, total=106.150fF
          wire lengths     : top=0.000um, trunk=348.135um, leaf=718.910um, total=1067.045um
          hp wire lengths  : top=0.000um, trunk=0.000um, leaf=530.415um, total=530.415um
        Clock DAG net violations eGRPC initial state: none
        Clock DAG primary half-corner transition distribution eGRPC initial state:
          Trunk : target=0.080ns count=1 avg=0.005ns sd=0.000ns min=0.005ns max=0.005ns {1 <= 0.048ns, 0 <= 0.064ns, 0 <= 0.072ns, 0 <= 0.076ns, 0 <= 0.080ns}
          Leaf  : target=0.080ns count=18 avg=0.019ns sd=0.008ns min=0.009ns max=0.048ns {18 <= 0.048ns, 0 <= 0.064ns, 0 <= 0.072ns, 0 <= 0.076ns, 0 <= 0.080ns}
        Clock DAG library cell distribution eGRPC initial state {count}:
           Bufs: CLKBUF_X2: 2 
           ICGs: CLKGATETST_X2: 16 
        Primary reporting skew groups eGRPC initial state:
          skew_group MY_CLK: insertion delay [min=0.031, max=0.043, avg=0.041, sd=0.002], skew [0.012 vs 0.500], 100% {0.031, 0.043} (wid=0.006 ws=0.004) (gid=0.037 gs=0.011)
        Skew group summary eGRPC initial state:
          skew_group MY_CLK: insertion delay [min=0.031, max=0.043, avg=0.041, sd=0.002], skew [0.012 vs 0.500], 100% {0.031, 0.043} (wid=0.006 ws=0.004) (gid=0.037 gs=0.011)
        eGRPC Moving buffers...
          Violation analysis...
          Violation analysis done. (took cpu=0:00:00.0 real=0:00:00.0)
          Clock DAG stats after 'eGRPC Moving buffers':
            cell counts      : b=2, i=0, icg=16, nicg=0, l=0, total=18
            cell areas       : b=2.128um^2, i=0.000um^2, icg=68.096um^2, nicg=0.000um^2, l=0.000um^2, total=70.224um^2
            cell capacitance : b=2.812fF, i=0.000fF, icg=45.097fF, nicg=0.000fF, l=0.000fF, total=47.909fF
            sink capacitance : count=188, total=192.782fF, avg=1.025fF, sd=0.197fF, min=0.965fF, max=1.812fF
            wire capacitance : top=0.000fF, trunk=33.477fF, leaf=72.674fF, total=106.150fF
            wire lengths     : top=0.000um, trunk=348.135um, leaf=718.910um, total=1067.045um
            hp wire lengths  : top=0.000um, trunk=0.000um, leaf=530.415um, total=530.415um
          Clock DAG net violations after 'eGRPC Moving buffers': none
          Clock DAG primary half-corner transition distribution after 'eGRPC Moving buffers':
            Trunk : target=0.080ns count=1 avg=0.005ns sd=0.000ns min=0.005ns max=0.005ns {1 <= 0.048ns, 0 <= 0.064ns, 0 <= 0.072ns, 0 <= 0.076ns, 0 <= 0.080ns}
            Leaf  : target=0.080ns count=18 avg=0.019ns sd=0.008ns min=0.009ns max=0.048ns {18 <= 0.048ns, 0 <= 0.064ns, 0 <= 0.072ns, 0 <= 0.076ns, 0 <= 0.080ns}
          Clock DAG library cell distribution after 'eGRPC Moving buffers' {count}:
             Bufs: CLKBUF_X2: 2 
             ICGs: CLKGATETST_X2: 16 
          Primary reporting skew groups after 'eGRPC Moving buffers':
            skew_group MY_CLK: insertion delay [min=0.031, max=0.043, avg=0.041, sd=0.002], skew [0.012 vs 0.500], 100% {0.031, 0.043} (wid=0.006 ws=0.004) (gid=0.037 gs=0.011)
          Skew group summary after 'eGRPC Moving buffers':
            skew_group MY_CLK: insertion delay [min=0.031, max=0.043, avg=0.041, sd=0.002], skew [0.012 vs 0.500], 100% {0.031, 0.043} (wid=0.006 ws=0.004) (gid=0.037 gs=0.011)
          Legalizer API calls during this step: 0 succeeded with high effort: 0 succeeded with medium effort: 0 succeeded with low effort: 0 succeeded with basic effort: 0 succeeded with basic unbounded effort: 0
        eGRPC Moving buffers done. (took cpu=0:00:00.0 real=0:00:00.0)
        eGRPC Initial Pass of Downsizing Clock Tree cells...
          Artificially removing long paths...
            Legalizer API calls during this step: 0 succeeded with high effort: 0 succeeded with medium effort: 0 succeeded with low effort: 0 succeeded with basic effort: 0 succeeded with basic unbounded effort: 0
          Artificially removing long paths done. (took cpu=0:00:00.0 real=0:00:00.0)
          Modifying slew-target multiplier from 1 to 0.9
          Downsizing prefiltering...
          Downsizing prefiltering done.
          Downsizing: ...20% ...40% ...60% ...80% ...100% 
          DoDownSizing Summary : numSized = 1, numUnchanged = 14, numSkippedDueToOther = 0, numSkippedDueToCloseToSlewTarget = 0, numSkippedDueToCloseToSkewTarget = 4
          CCOpt-eGRPC Downsizing: considered: 15, tested: 0, violation detected: 0, violation ignored (due to small violation): 0, cannot run: 0, attempted: 15, unsuccessful: 0, sized: 1
          Downsizing prefiltering...
          Downsizing prefiltering done.
          Downsizing: ...20% ...40% ...60% ...80% ...100% 
          DoDownSizing Summary : numSized = 0, numUnchanged = 1, numSkippedDueToOther = 0, numSkippedDueToCloseToSlewTarget = 0, numSkippedDueToCloseToSkewTarget = 0
          CCOpt-eGRPC Downsizing: considered: 1, tested: 0, violation detected: 0, violation ignored (due to small violation): 0, cannot run: 0, attempted: 1, unsuccessful: 0, sized: 0
          Reverting slew-target multiplier from 0.9 to 1
          Clock DAG stats after 'eGRPC Initial Pass of Downsizing Clock Tree cells':
            cell counts      : b=2, i=0, icg=16, nicg=0, l=0, total=18
            cell areas       : b=1.862um^2, i=0.000um^2, icg=68.096um^2, nicg=0.000um^2, l=0.000um^2, total=69.958um^2
            cell capacitance : b=2.186fF, i=0.000fF, icg=45.097fF, nicg=0.000fF, l=0.000fF, total=47.283fF
            sink capacitance : count=188, total=192.782fF, avg=1.025fF, sd=0.197fF, min=0.965fF, max=1.812fF
            wire capacitance : top=0.000fF, trunk=33.477fF, leaf=72.674fF, total=106.150fF
            wire lengths     : top=0.000um, trunk=348.135um, leaf=718.910um, total=1067.045um
            hp wire lengths  : top=0.000um, trunk=0.000um, leaf=530.415um, total=530.415um
          Clock DAG net violations after 'eGRPC Initial Pass of Downsizing Clock Tree cells': none
          Clock DAG primary half-corner transition distribution after 'eGRPC Initial Pass of Downsizing Clock Tree cells':
            Trunk : target=0.080ns count=1 avg=0.005ns sd=0.000ns min=0.005ns max=0.005ns {1 <= 0.048ns, 0 <= 0.064ns, 0 <= 0.072ns, 0 <= 0.076ns, 0 <= 0.080ns}
            Leaf  : target=0.080ns count=18 avg=0.019ns sd=0.007ns min=0.014ns max=0.048ns {18 <= 0.048ns, 0 <= 0.064ns, 0 <= 0.072ns, 0 <= 0.076ns, 0 <= 0.080ns}
          Clock DAG library cell distribution after 'eGRPC Initial Pass of Downsizing Clock Tree cells' {count}:
             Bufs: CLKBUF_X2: 1 CLKBUF_X1: 1 
             ICGs: CLKGATETST_X2: 16 
          Primary reporting skew groups after 'eGRPC Initial Pass of Downsizing Clock Tree cells':
            skew_group MY_CLK: insertion delay [min=0.038, max=0.043, avg=0.041, sd=0.002], skew [0.006 vs 0.500], 100% {0.038, 0.043} (wid=0.006 ws=0.005) (gid=0.037 gs=0.002)
          Skew group summary after 'eGRPC Initial Pass of Downsizing Clock Tree cells':
            skew_group MY_CLK: insertion delay [min=0.038, max=0.043, avg=0.041, sd=0.002], skew [0.006 vs 0.500], 100% {0.038, 0.043} (wid=0.006 ws=0.005) (gid=0.037 gs=0.002)
          Legalizer API calls during this step: 30 succeeded with high effort: 30 succeeded with medium effort: 0 succeeded with low effort: 0 succeeded with basic effort: 0 succeeded with basic unbounded effort: 0
        eGRPC Initial Pass of Downsizing Clock Tree cells done. (took cpu=0:00:00.2 real=0:00:00.3)
        eGRPC Fixing DRVs...
          Fixing clock tree DRVs: ...20% ...40% ...60% ...80% ...100% 
          CCOpt-eGRPC: considered: 19, tested: 19, violation detected: 0, violation ignored (due to small violation): 0, cannot run: 0, attempted: 0, unsuccessful: 0, sized: 0
          
          PRO Statistics: Fix DRVs (cell sizing):
          =======================================
          
          Cell changes by Net Type:
          
          -------------------------------------------------------------------------------------------------
          Net Type    Attempted    Upsized     Downsized    Swapped Same Size    Total Changed    Not Sized
          -------------------------------------------------------------------------------------------------
          top                0            0           0            0                    0                0
          trunk              0            0           0            0                    0                0
          leaf               0            0           0            0                    0                0
          -------------------------------------------------------------------------------------------------
          Total              0            0           0            0                    0                0
          -------------------------------------------------------------------------------------------------
          
          Upsized: 0, Downsized: 0, Sized but same area: 0, Unchanged: 0, Area change: 0.000um^2 (0.000%)
          Max. move: 0.000um, Min. move: 0.000um, Avg. move: N/A
          
          Clock DAG stats after 'eGRPC Fixing DRVs':
            cell counts      : b=2, i=0, icg=16, nicg=0, l=0, total=18
            cell areas       : b=1.862um^2, i=0.000um^2, icg=68.096um^2, nicg=0.000um^2, l=0.000um^2, total=69.958um^2
            cell capacitance : b=2.186fF, i=0.000fF, icg=45.097fF, nicg=0.000fF, l=0.000fF, total=47.283fF
            sink capacitance : count=188, total=192.782fF, avg=1.025fF, sd=0.197fF, min=0.965fF, max=1.812fF
            wire capacitance : top=0.000fF, trunk=33.477fF, leaf=72.674fF, total=106.150fF
            wire lengths     : top=0.000um, trunk=348.135um, leaf=718.910um, total=1067.045um
            hp wire lengths  : top=0.000um, trunk=0.000um, leaf=530.415um, total=530.415um
          Clock DAG net violations after 'eGRPC Fixing DRVs': none
          Clock DAG primary half-corner transition distribution after 'eGRPC Fixing DRVs':
            Trunk : target=0.080ns count=1 avg=0.005ns sd=0.000ns min=0.005ns max=0.005ns {1 <= 0.048ns, 0 <= 0.064ns, 0 <= 0.072ns, 0 <= 0.076ns, 0 <= 0.080ns}
            Leaf  : target=0.080ns count=18 avg=0.019ns sd=0.007ns min=0.014ns max=0.048ns {18 <= 0.048ns, 0 <= 0.064ns, 0 <= 0.072ns, 0 <= 0.076ns, 0 <= 0.080ns}
          Clock DAG library cell distribution after 'eGRPC Fixing DRVs' {count}:
             Bufs: CLKBUF_X2: 1 CLKBUF_X1: 1 
             ICGs: CLKGATETST_X2: 16 
          Primary reporting skew groups after 'eGRPC Fixing DRVs':
            skew_group MY_CLK: insertion delay [min=0.038, max=0.043, avg=0.041, sd=0.002], skew [0.006 vs 0.500], 100% {0.038, 0.043} (wid=0.006 ws=0.005) (gid=0.037 gs=0.002)
          Skew group summary after 'eGRPC Fixing DRVs':
            skew_group MY_CLK: insertion delay [min=0.038, max=0.043, avg=0.041, sd=0.002], skew [0.006 vs 0.500], 100% {0.038, 0.043} (wid=0.006 ws=0.005) (gid=0.037 gs=0.002)
          Legalizer API calls during this step: 0 succeeded with high effort: 0 succeeded with medium effort: 0 succeeded with low effort: 0 succeeded with basic effort: 0 succeeded with basic unbounded effort: 0
        eGRPC Fixing DRVs done. (took cpu=0:00:00.0 real=0:00:00.0)
        Reconnecting optimized routes...
        Reset timing graph...
Ignoring AAE DB Resetting ...
        Reset timing graph done.
        Reconnecting optimized routes done. (took cpu=0:00:00.0 real=0:00:00.0)
        Violation analysis...
        Violation analysis done. (took cpu=0:00:00.0 real=0:00:00.0)
        Reset timing graph...
Ignoring AAE DB Resetting ...
        Reset timing graph done.
        Set dirty flag on 1 instances, 2 nets
        Clock DAG stats before routing clock trees:
          cell counts      : b=2, i=0, icg=16, nicg=0, l=0, total=18
          cell areas       : b=1.862um^2, i=0.000um^2, icg=68.096um^2, nicg=0.000um^2, l=0.000um^2, total=69.958um^2
          cell capacitance : b=2.186fF, i=0.000fF, icg=45.097fF, nicg=0.000fF, l=0.000fF, total=47.283fF
          sink capacitance : count=188, total=192.782fF, avg=1.025fF, sd=0.197fF, min=0.965fF, max=1.812fF
          wire capacitance : top=0.000fF, trunk=33.477fF, leaf=72.674fF, total=106.150fF
          wire lengths     : top=0.000um, trunk=348.135um, leaf=718.910um, total=1067.045um
          hp wire lengths  : top=0.000um, trunk=0.000um, leaf=530.415um, total=530.415um
        Clock DAG net violations before routing clock trees: none
        Clock DAG primary half-corner transition distribution before routing clock trees:
          Trunk : target=0.080ns count=1 avg=0.005ns sd=0.000ns min=0.005ns max=0.005ns {1 <= 0.048ns, 0 <= 0.064ns, 0 <= 0.072ns, 0 <= 0.076ns, 0 <= 0.080ns}
          Leaf  : target=0.080ns count=18 avg=0.019ns sd=0.007ns min=0.014ns max=0.048ns {18 <= 0.048ns, 0 <= 0.064ns, 0 <= 0.072ns, 0 <= 0.076ns, 0 <= 0.080ns}
        Clock DAG library cell distribution before routing clock trees {count}:
           Bufs: CLKBUF_X2: 1 CLKBUF_X1: 1 
           ICGs: CLKGATETST_X2: 16 
        Primary reporting skew groups before routing clock trees:
          skew_group MY_CLK: insertion delay [min=0.038, max=0.043, avg=0.041, sd=0.002], skew [0.006 vs 0.500], 100% {0.038, 0.043} (wid=0.006 ws=0.005) (gid=0.037 gs=0.002)
        Skew group summary before routing clock trees:
          skew_group MY_CLK: insertion delay [min=0.038, max=0.043, avg=0.041, sd=0.002], skew [0.006 vs 0.500], 100% {0.038, 0.043} (wid=0.006 ws=0.005) (gid=0.037 gs=0.002)
      eGRPC done.
    Calling post conditioning for eGRPC done.
  eGR Post Conditioning loop iteration 0 done.
  Refine place not called during Post Conditioning. Calling it now the eGR->PC Loop is complete.
  Leaving CCOpt scope - ClockRefiner...
  Performing Single Pass Refine Place.
*** Starting refinePlace (0:34:41 mem=1354.1M) ***
Total net bbox length = 8.767e+04 (4.327e+04 4.439e+04) (ext = 3.827e+03)
Move report: Detail placement moves 31 insts, mean move: 1.19 um, max move: 3.11 um
	Max move on inst (j2_addMult0_MULT_mult_18_U8): (57.00, 147.84) --> (58.71, 146.44)
	Runtime: CPU: 0:00:00.4 REAL: 0:00:00.0 MEM: 1354.1MB
Summary Report:
Instances move: 31 (out of 8689 movable)
Instances flipped: 0
Mean displacement: 1.19 um
Max displacement: 3.11 um (Instance: j2_addMult0_MULT_mult_18_U8) (57, 147.84) -> (58.71, 146.44)
	Length: 16 sites, height: 1 rows, site name: FreePDK45_38x28_10R_NP_162NW_34O, cell type: FA_X1
Total net bbox length = 8.770e+04 (4.329e+04 4.441e+04) (ext = 3.827e+03)
Runtime: CPU: 0:00:00.4 REAL: 0:00:01.0 MEM: 1354.1MB
*** Finished refinePlace (0:34:41 mem=1354.1M) ***
  ClockRefiner summary
  All clock instances: Moved 0, flipped 0 and cell swapped 0 (out of a total of 206).
  Leaving CCOpt scope - ClockRefiner done. (took cpu=0:00:00.5 real=0:00:00.6)
  CCOpt::Phase::eGRPC done. (took cpu=0:00:02.2 real=0:00:02.5)
  CCOpt::Phase::Routing...
  Clock implementation routing...
    Leaving CCOpt scope - Routing Tools...
Net route status summary:
  Clock:        19 (unrouted=0, trialRouted=0, noStatus=0, routed=0, fixed=19, [crossesIlmBoundary=0, tooFewTerms=0, (crossesIlmBoundary AND tooFewTerms=0)])
  Non-clock: 10969 (unrouted=200, trialRouted=10769, noStatus=0, routed=0, fixed=0, [crossesIlmBoundary=0, tooFewTerms=199, (crossesIlmBoundary AND tooFewTerms=0)])
    Routing using eGR in eGR->NR Step...
      Early Global Route - eGR->NR step...
(ccopt eGR): There are 19 nets for routing of which 19 have one or more fixed wires.
(ccopt eGR): Start to route 19 all nets
[NR-eGR] Track table information for default rule: 
[NR-eGR] metal1 has no routable track
[NR-eGR] metal2 has single uniform track structure
[NR-eGR] metal3 has single uniform track structure
[NR-eGR] metal4 has single uniform track structure
[NR-eGR] metal5 has single uniform track structure
[NR-eGR] metal6 has single uniform track structure
[NR-eGR] metal7 has single uniform track structure
[NR-eGR] metal8 has single uniform track structure
[NR-eGR] metal9 has single uniform track structure
[NR-eGR] metal10 has single uniform track structure
[NR-eGR] Read 814 PG shapes
[NR-eGR] #Routing Blockages  : 0
[NR-eGR] #Instance Blockages : 0
[NR-eGR] #PG Blockages       : 814
[NR-eGR] #Halo Blockages     : 0
[NR-eGR] #Boundary Blockages : 0
[NR-eGR] Num Prerouted Nets = 0  Num Prerouted Wires = 0
[NR-eGR] Read numTotalNets=10789  numIgnoredNets=10770
[NR-eGR] Connected 0 must-join pins/ports
[NR-eGR] There are 19 clock nets ( 19 with NDR ).
[NR-eGR] ============ Routing rule table ============
[NR-eGR] Rule id: 0  Nets: 19 
[NR-eGR] Rule id: 1  Nets: 0 
[NR-eGR] ========================================
[NR-eGR] 
[NR-eGR] Layer group 1: route 19 net(s) in layer range [3, 4]
[NR-eGR] Early Global Route overflow of layer group 1: 0.00% H + 0.00% V. EstWL: 1.026200e+03um
[NR-eGR] Create a new net group with 3 nets and layer range [3, 6]
[NR-eGR] Layer group 2: route 3 net(s) in layer range [3, 6]
[NR-eGR] Early Global Route overflow of layer group 2: 0.00% H + 0.00% V. EstWL: 1.026200e+03um
[NR-eGR] Create a new net group with 3 nets and layer range [3, 8]
[NR-eGR] Layer group 3: route 3 net(s) in layer range [3, 8]
[NR-eGR] Early Global Route overflow of layer group 3: 0.00% H + 0.00% V. EstWL: 1.026200e+03um
[NR-eGR] Create a new net group with 3 nets and layer range [3, 10]
[NR-eGR] Layer group 4: route 3 net(s) in layer range [3, 10]
[NR-eGR] Early Global Route overflow of layer group 4: 0.00% H + 0.00% V. EstWL: 1.026200e+03um
[NR-eGR] Create a new net group with 1 nets and layer range [2, 10]
[NR-eGR] Layer group 5: route 1 net(s) in layer range [2, 10]
[NR-eGR] Early Global Route overflow of layer group 5: 0.00% H + 0.00% V. EstWL: 1.043000e+03um
[NR-eGR] Congestion Analysis By layer: (blocked Gcells are excluded) 
[NR-eGR]                        OverCon            
[NR-eGR]                         #Gcell     %Gcell
[NR-eGR]       Layer                (0)    OverCon 
[NR-eGR] ----------------------------------------------
[NR-eGR]  metal1  (1)         0( 0.00%)   ( 0.00%) 
[NR-eGR]  metal2  (2)         0( 0.00%)   ( 0.00%) 
[NR-eGR]  metal3  (3)         0( 0.00%)   ( 0.00%) 
[NR-eGR]  metal4  (4)         0( 0.00%)   ( 0.00%) 
[NR-eGR]  metal5  (5)         0( 0.00%)   ( 0.00%) 
[NR-eGR]  metal6  (6)         0( 0.00%)   ( 0.00%) 
[NR-eGR]  metal7  (7)         0( 0.00%)   ( 0.00%) 
[NR-eGR]  metal8  (8)         0( 0.00%)   ( 0.00%) 
[NR-eGR]  metal9  (9)         0( 0.00%)   ( 0.00%) 
[NR-eGR] metal10 (10)         0( 0.00%)   ( 0.00%) 
[NR-eGR] ----------------------------------------------
[NR-eGR] Total                0( 0.00%)   ( 0.00%) 
[NR-eGR] 
[NR-eGR] Overflow after Early Global Route (GR compatible) 0.00% H + 0.00% V
[NR-eGR] Overflow after Early Global Route 0.00% H + 0.00% V
[NR-eGR] Started Export DB wires ( Curr Mem: 1354.06 MB )
[NR-eGR] Started Export route guide file ( Curr Mem: 1354.06 MB )
[NR-eGR] Finished Export route guide file ( CPU: 0.02 sec, Real: 0.03 sec, Curr Mem: 1354.06 MB )
[NR-eGR] Started Export all nets ( Curr Mem: 1354.06 MB )
[NR-eGR] Finished Export all nets ( CPU: 0.00 sec, Real: 0.00 sec, Curr Mem: 1354.06 MB )
[NR-eGR] Started Set wire vias ( Curr Mem: 1354.06 MB )
[NR-eGR] Finished Set wire vias ( CPU: 0.00 sec, Real: 0.00 sec, Curr Mem: 1354.06 MB )
[NR-eGR] Finished Export DB wires ( CPU: 0.02 sec, Real: 0.03 sec, Curr Mem: 1354.06 MB )
[NR-eGR] --------------------------------------------------------------------------
[NR-eGR] metal1  (1F) length: 0.000000e+00um, number of vias: 34274
[NR-eGR] metal2  (2V) length: 2.557203e+04um, number of vias: 41068
[NR-eGR] metal3  (3H) length: 4.673621e+04um, number of vias: 14342
[NR-eGR] metal4  (4V) length: 2.253271e+04um, number of vias: 1336
[NR-eGR] metal5  (5H) length: 4.343440e+03um, number of vias: 1098
[NR-eGR] metal6  (6V) length: 7.406140e+03um, number of vias: 31
[NR-eGR] metal7  (7H) length: 1.344350e+02um, number of vias: 11
[NR-eGR] metal8  (8V) length: 1.834900e+02um, number of vias: 2
[NR-eGR] metal9  (9H) length: 3.100000e+00um, number of vias: 0
[NR-eGR] metal10 (10V) length: 0.000000e+00um, number of vias: 0
[NR-eGR] Total length: 1.069116e+05um, number of vias: 92162
[NR-eGR] --------------------------------------------------------------------------
[NR-eGR] Total eGR-routed clock nets wire length: 1.067030e+03um 
[NR-eGR] --------------------------------------------------------------------------
[NR-eGR] Report for selected net(s) only.
[NR-eGR] metal1  (1H) length: 0.000000e+00um, number of vias: 224
[NR-eGR] metal2  (2V) length: 2.351850e+02um, number of vias: 267
[NR-eGR] metal3  (3H) length: 2.541250e+02um, number of vias: 67
[NR-eGR] metal4  (4V) length: 3.316000e+02um, number of vias: 24
[NR-eGR] metal5  (5H) length: 2.461200e+02um, number of vias: 0
[NR-eGR] metal6  (6V) length: 0.000000e+00um, number of vias: 0
[NR-eGR] metal7  (7H) length: 0.000000e+00um, number of vias: 0
[NR-eGR] metal8  (8V) length: 0.000000e+00um, number of vias: 0
[NR-eGR] metal9  (9H) length: 0.000000e+00um, number of vias: 0
[NR-eGR] metal10 (10V) length: 0.000000e+00um, number of vias: 0
[NR-eGR] Total length: 1.067030e+03um, number of vias: 582
[NR-eGR] --------------------------------------------------------------------------
[NR-eGR] Total routed clock nets wire length: 1.067030e+03um, number of vias: 582
[NR-eGR] --------------------------------------------------------------------------
[NR-eGR] Finished Early Global Route kernel ( CPU: 0.42 sec, Real: 0.59 sec, Curr Mem: 1316.06 MB )
Generated NR early global route guides for clocks to: /tmp/innovus_temp_27407_isaserver_isa30_2025_2026_qLKkCd/.rgfASn1sX
      Early Global Route - eGR->NR step done. (took cpu=0:00:00.5 real=0:00:00.7)
    Routing using eGR in eGR->NR Step done.
    Routing using NR in eGR->NR Step...

CCOPT: Preparing to route 19 clock nets with NanoRoute.
  All net are default rule.
  Removed pre-existing routes for 19 nets.
  Preferred NanoRoute mode settings: Current
-droutePostRouteSpreadWire auto
**WARN: (IMPTCM-77):	Option "-routeExpDeterministicMultiThread" for command setNanoRouteMode is obsolete and will be removed in a future release. The obsolete option still works in this release but to avoid this warning and to ensure compatibility with future releases, remove the obsolete option from your script.
#WARNING (NRIF-47) This option supports a feature that is under development and experimental, use at your own risk.
#WARNING (NRIF-47) This option supports a feature that is under development and experimental, use at your own risk.
      Clock detailed routing...
        NanoRoute...
% Begin globalDetailRoute (date=11/01 21:59:49, mem=1048.4M)

globalDetailRoute

#Start globalDetailRoute on Sat Nov  1 21:59:49 2025
#
#WARNING (NRIG-1303) Congestion map does not match the GCELL grid, clearing map.
#num needed restored net=0
#need_extraction net=0 (total=10988)
#NanoRoute Version 20.11-s130_1 NR200802-2257/20_11-UB
#Skip comparing routing design signature in db-snapshot flow
#Start routing data preparation on Sat Nov  1 21:59:49 2025
#
#Minimum voltage of a net in the design = 0.000.
#Maximum voltage of a net in the design = 1.100.
#Voltage range [0.000 - 1.100] has 10959 nets.
#Voltage range [0.000 - 0.000] has 28 nets.
#Voltage range [1.100 - 1.100] has 1 net.
#Initial pin access analysis.
#Detail pin access analysis.
# metal1       H   Track-Pitch = 0.14000    Line-2-Via Pitch = 0.13500
# metal2       V   Track-Pitch = 0.19000    Line-2-Via Pitch = 0.14000
# metal3       H   Track-Pitch = 0.14000    Line-2-Via Pitch = 0.14000
# metal4       V   Track-Pitch = 0.28000    Line-2-Via Pitch = 0.28000
# metal5       H   Track-Pitch = 0.28000    Line-2-Via Pitch = 0.28000
# metal6       V   Track-Pitch = 0.28000    Line-2-Via Pitch = 0.28000
# metal7       H   Track-Pitch = 0.84000    Line-2-Via Pitch = 0.80000
# metal8       V   Track-Pitch = 0.84000    Line-2-Via Pitch = 0.80000
# metal9       H   Track-Pitch = 1.60000    Line-2-Via Pitch = 1.60000
# metal10      V   Track-Pitch = 1.68000    Line-2-Via Pitch = 1.60000
#Monitoring time of adding inner blkg by smac
#cpu time = 00:00:00, elapsed time = 00:00:00, memory = 1055.36 (MB), peak = 1232.99 (MB)
#Regenerating Ggrids automatically.
#Auto generating G-grids with size=15 tracks, using layer metal3's pitch = 0.14000.
#Using automatically generated G-grids.
#Done routing data preparation.
#cpu time = 00:00:01, elapsed time = 00:00:01, memory = 1055.74 (MB), peak = 1232.99 (MB)
#reading routing guides ......
#
#Finished routing data preparation on Sat Nov  1 21:59:51 2025
#
#Cpu time = 00:00:01
#Elapsed time = 00:00:01
#Increased memory = 6.14 (MB)
#Total memory = 1055.85 (MB)
#Peak memory = 1232.99 (MB)
#
#
#Start global routing on Sat Nov  1 21:59:51 2025
#
#
#Start global routing initialization on Sat Nov  1 21:59:51 2025
#
#Number of eco nets is 0
#
#Start global routing data preparation on Sat Nov  1 21:59:51 2025
#
#Start routing resource analysis on Sat Nov  1 21:59:51 2025
#
#Routing resource analysis is done on Sat Nov  1 21:59:51 2025
#
#  Resource Analysis:
#
#               Routing  #Avail      #Track     #Total     %Gcell
#  Layer      Direction   Track     Blocked      Gcell    Blocked
#  --------------------------------------------------------------
#  metal1         H        1304          28        7921    61.71%
#  metal2         V         948          38        7921     1.10%
#  metal3         H        1332           0        7921     0.00%
#  metal4         V         669           0        7921     0.00%
#  metal5         H         665           0        7921     0.00%
#  metal6         V         669           0        7921     0.00%
#  metal7         H         221           0        7921     0.00%
#  metal8         V         222           0        7921     0.00%
#  metal9         H          89           0        7921     0.03%
#  metal10        V          90           0        7921     0.00%
#  --------------------------------------------------------------
#  Total                   6209       0.60%       79210     6.28%
#
#  19 nets (0.17%) with 1 preferred extra spacing.
#
#
#
#Global routing data preparation is done on Sat Nov  1 21:59:51 2025
#
#cpu time = 00:00:00, elapsed time = 00:00:00, memory = 1057.27 (MB), peak = 1232.99 (MB)
#
#Routing guide is on.
#
#Global routing initialization is done on Sat Nov  1 21:59:51 2025
#
#cpu time = 00:00:00, elapsed time = 00:00:00, memory = 1057.33 (MB), peak = 1232.99 (MB)
#
#start global routing iteration 1...
#cpu time = 00:00:00, elapsed time = 00:00:00, memory = 1058.52 (MB), peak = 1232.99 (MB)
#
#start global routing iteration 2...
#cpu time = 00:00:00, elapsed time = 00:00:00, memory = 1058.60 (MB), peak = 1232.99 (MB)
#
#
#Total number of trivial nets (e.g. < 2 pins) = 199 (skipped).
#Total number of selected nets for routing = 19.
#Total number of unselected nets (but routable) for routing = 10770 (skipped).
#Total number of nets in the design = 10988.
#
#10770 skipped nets do not have any wires.
#19 routable nets have only global wires.
#19 global routed or unrouted (routable) nets have been constrained (e.g. have preferred extra spacing, require shielding etc.)
#
#Routed net constraints summary:
#------------------------------------------------
#        Rules   Pref Extra Space   Unconstrained  
#------------------------------------------------
#      Default                 19               0  
#------------------------------------------------
#        Total                 19               0  
#------------------------------------------------
#
#Routing constraints summary of the whole design:
#------------------------------------------------
#        Rules   Pref Extra Space   Unconstrained  
#------------------------------------------------
#      Default                 19           10770  
#------------------------------------------------
#        Total                 19           10770  
#------------------------------------------------
#
#
#  Congestion Analysis: (blocked Gcells are excluded)
#
#                 OverCon          
#                  #Gcell    %Gcell
#     Layer           (1)   OverCon
#  --------------------------------
#  metal1        0(0.00%)   (0.00%)
#  metal2        0(0.00%)   (0.00%)
#  metal3        0(0.00%)   (0.00%)
#  metal4        0(0.00%)   (0.00%)
#  metal5        0(0.00%)   (0.00%)
#  metal6        0(0.00%)   (0.00%)
#  metal7        0(0.00%)   (0.00%)
#  metal8        0(0.00%)   (0.00%)
#  metal9        0(0.00%)   (0.00%)
#  metal10       0(0.00%)   (0.00%)
#  --------------------------------
#     Total      0(0.00%)   (0.00%)
#
#  The worst congested Gcell overcon (routing demand over resource in number of tracks) = 1
#  Overflow after GR: 0.00% H + 0.00% V
#
#Complete Global Routing.
#Total number of nets with non-default rule or having extra spacing = 19
#Total wire length = 1023 um.
#Total half perimeter of net bounding box = 736 um.
#Total wire length on LAYER metal1 = 0 um.
#Total wire length on LAYER metal2 = 200 um.
#Total wire length on LAYER metal3 = 250 um.
#Total wire length on LAYER metal4 = 328 um.
#Total wire length on LAYER metal5 = 246 um.
#Total wire length on LAYER metal6 = 0 um.
#Total wire length on LAYER metal7 = 0 um.
#Total wire length on LAYER metal8 = 0 um.
#Total wire length on LAYER metal9 = 0 um.
#Total wire length on LAYER metal10 = 0 um.
#Total number of vias = 436
#Up-Via Summary (total 436):
#           
#-----------------------
# metal1            224
# metal2            132
# metal3             58
# metal4             22
#-----------------------
#                   436 
#
#Total number of involved priority nets 19
#Maximum src to sink distance for priority net 144.6
#Average of max src_to_sink distance for priority net 31.9
#Average of ave src_to_sink distance for priority net 21.1
#Max overcon = 0 track.
#Total overcon = 0.00%.
#Worst layer Gcell overcon rate = 0.00%.
#
#Global routing statistics:
#Cpu time = 00:00:01
#Elapsed time = 00:00:01
#Increased memory = 2.99 (MB)
#Total memory = 1058.85 (MB)
#Peak memory = 1232.99 (MB)
#
#Finished global routing on Sat Nov  1 21:59:51 2025
#
#
#reading routing guides ......
#cpu time = 00:00:00, elapsed time = 00:00:00, memory = 1057.72 (MB), peak = 1232.99 (MB)
#Start Track Assignment.
#Done with 91 horizontal wires in 3 hboxes and 139 vertical wires in 3 hboxes.
#Done with 91 horizontal wires in 3 hboxes and 136 vertical wires in 3 hboxes.
#Complete Track Assignment.
#Total number of nets with non-default rule or having extra spacing = 19
#Total wire length = 1051 um.
#Total half perimeter of net bounding box = 736 um.
#Total wire length on LAYER metal1 = 40 um.
#Total wire length on LAYER metal2 = 197 um.
#Total wire length on LAYER metal3 = 239 um.
#Total wire length on LAYER metal4 = 327 um.
#Total wire length on LAYER metal5 = 248 um.
#Total wire length on LAYER metal6 = 0 um.
#Total wire length on LAYER metal7 = 0 um.
#Total wire length on LAYER metal8 = 0 um.
#Total wire length on LAYER metal9 = 0 um.
#Total wire length on LAYER metal10 = 0 um.
#Total number of vias = 436
#Up-Via Summary (total 436):
#           
#-----------------------
# metal1            224
# metal2            132
# metal3             58
# metal4             22
#-----------------------
#                   436 
#
#cpu time = 00:00:00, elapsed time = 00:00:00, memory = 1058.01 (MB), peak = 1232.99 (MB)
#
#Routing data preparation, pin analysis, global routing and track assignment statistics:
#Cpu time = 00:00:02
#Elapsed time = 00:00:02
#Increased memory = 8.39 (MB)
#Total memory = 1058.02 (MB)
#Peak memory = 1232.99 (MB)
#
#Start Detail Routing..
#start initial detail routing ...
# ECO: 12.4% of the total area was rechecked for DRC, and 13.8% required routing.
#   number of violations = 0
#cpu time = 00:00:02, elapsed time = 00:00:02, memory = 1064.73 (MB), peak = 1232.99 (MB)
#Complete Detail Routing.
#Total number of nets with non-default rule or having extra spacing = 19
#Total wire length = 1083 um.
#Total half perimeter of net bounding box = 736 um.
#Total wire length on LAYER metal1 = 0 um.
#Total wire length on LAYER metal2 = 107 um.
#Total wire length on LAYER metal3 = 301 um.
#Total wire length on LAYER metal4 = 436 um.
#Total wire length on LAYER metal5 = 239 um.
#Total wire length on LAYER metal6 = 0 um.
#Total wire length on LAYER metal7 = 0 um.
#Total wire length on LAYER metal8 = 0 um.
#Total wire length on LAYER metal9 = 0 um.
#Total wire length on LAYER metal10 = 0 um.
#Total number of vias = 557
#Up-Via Summary (total 557):
#           
#-----------------------
# metal1            224
# metal2            184
# metal3            129
# metal4             20
#-----------------------
#                   557 
#
#Total number of DRC violations = 0
#Cpu time = 00:00:02
#Elapsed time = 00:00:03
#Increased memory = 4.60 (MB)
#Total memory = 1062.62 (MB)
#Peak memory = 1232.99 (MB)
#detailRoute Statistics:
#Cpu time = 00:00:03
#Elapsed time = 00:00:03
#Increased memory = 4.61 (MB)
#Total memory = 1062.63 (MB)
#Peak memory = 1232.99 (MB)
#Skip updating routing design signature in db-snapshot flow
#
#globalDetailRoute statistics:
#Cpu time = 00:00:05
#Elapsed time = 00:00:05
#Increased memory = 24.81 (MB)
#Total memory = 1073.26 (MB)
#Peak memory = 1232.99 (MB)
#Number of warnings = 1
#Total number of warnings = 3
#Number of fails = 0
#Total number of fails = 0
#Complete globalDetailRoute on Sat Nov  1 21:59:54 2025
#
% End globalDetailRoute (date=11/01 21:59:54, total cpu=0:00:04.9, real=0:00:05.0, peak res=1071.6M, current mem=1071.6M)
        NanoRoute done. (took cpu=0:00:04.9 real=0:00:05.6)
      Clock detailed routing done.
Checking guided vs. routed lengths for 19 nets...

      
      Guided max path lengths
      =======================
      
      ---------------------------------------
      From (um)    To (um)    Number of paths
      ---------------------------------------
         0.000      20.000          11
        20.000      40.000           6
        40.000      60.000           0
        60.000      80.000           0
        80.000     100.000           0
       100.000     120.000           0
       120.000     140.000           1
       140.000     160.000           1
      ---------------------------------------
      
      Deviation of routing from guided max path lengths
      =================================================
      
      -------------------------------------
      From (%)    To (%)    Number of paths
      -------------------------------------
      below        0.000           9
        0.000     10.000           6
       10.000     20.000           2
       20.000     30.000           1
       30.000     40.000           0
       40.000     50.000           0
       50.000     60.000           0
       60.000     70.000           1
      -------------------------------------
      

    Top 3 notable deviations of routed length from guided length
    =============================================================

    Net CTS_3 (12 terminals)
    Guided length:  max path =   143.031um, total =   212.190um
    Routed length:  max path =   141.660um, total =   218.250um
    Deviation:      max path =    -0.959%,  total =     2.856%

    Net clk (19 terminals)
    Guided length:  max path =   133.205um, total =   346.339um
    Routed length:  max path =   133.150um, total =   352.520um
    Deviation:      max path =    -0.041%,  total =     1.785%

    Net CTS_2 (2 terminals)
    Guided length:  max path =    38.735um, total =    38.735um
    Routed length:  max path =    38.760um, total =    38.760um
    Deviation:      max path =     0.065%,  total =     0.065%

Set FIXED routing status on 19 net(s)
Set FIXED placed status on 18 instance(s)
      Route Remaining Unrouted Nets...
Running earlyGlobalRoute to complete any remaining unrouted nets.
Updating RC grid for preRoute extraction ...
Initializing multi-corner capacitance tables ... 
Initializing multi-corner resistance tables ...
[NR-eGR] Started Early Global Route kernel ( Curr Mem: 1332.99 MB )
[NR-eGR] Track table information for default rule: 
[NR-eGR] metal1 has no routable track
[NR-eGR] metal2 has single uniform track structure
[NR-eGR] metal3 has single uniform track structure
[NR-eGR] metal4 has single uniform track structure
[NR-eGR] metal5 has single uniform track structure
[NR-eGR] metal6 has single uniform track structure
[NR-eGR] metal7 has single uniform track structure
[NR-eGR] metal8 has single uniform track structure
[NR-eGR] metal9 has single uniform track structure
[NR-eGR] metal10 has single uniform track structure
[NR-eGR] Read 266 PG shapes
[NR-eGR] #Routing Blockages  : 0
[NR-eGR] #Instance Blockages : 0
[NR-eGR] #PG Blockages       : 266
[NR-eGR] #Halo Blockages     : 0
[NR-eGR] #Boundary Blockages : 0
[NR-eGR] Num Prerouted Nets = 19  Num Prerouted Wires = 633
[NR-eGR] Read numTotalNets=10789  numIgnoredNets=19
[NR-eGR] ============ Routing rule table ============
[NR-eGR] Rule id: 0  Nets: 0 
[NR-eGR] Rule id: 1  Nets: 10770 
[NR-eGR] ========================================
[NR-eGR] 
[NR-eGR] Layer group 1: route 10770 net(s) in layer range [2, 10]
[NR-eGR] Early Global Route overflow of layer group 1: 0.00% H + 0.03% V. EstWL: 9.894780e+04um
[NR-eGR] Congestion Analysis By layer: (blocked Gcells are excluded) 
[NR-eGR]                        OverCon            
[NR-eGR]                         #Gcell     %Gcell
[NR-eGR]       Layer                (1)    OverCon 
[NR-eGR] ----------------------------------------------
[NR-eGR]  metal1  (1)         0( 0.00%)   ( 0.00%) 
[NR-eGR]  metal2  (2)         2( 0.01%)   ( 0.01%) 
[NR-eGR]  metal3  (3)         0( 0.00%)   ( 0.00%) 
[NR-eGR]  metal4  (4)         1( 0.01%)   ( 0.01%) 
[NR-eGR]  metal5  (5)         0( 0.00%)   ( 0.00%) 
[NR-eGR]  metal6  (6)         0( 0.00%)   ( 0.00%) 
[NR-eGR]  metal7  (7)         0( 0.00%)   ( 0.00%) 
[NR-eGR]  metal8  (8)         0( 0.00%)   ( 0.00%) 
[NR-eGR]  metal9  (9)         0( 0.00%)   ( 0.00%) 
[NR-eGR] metal10 (10)         0( 0.00%)   ( 0.00%) 
[NR-eGR] ----------------------------------------------
[NR-eGR] Total                3( 0.00%)   ( 0.00%) 
[NR-eGR] 
[NR-eGR] Overflow after Early Global Route (GR compatible) 0.00% H + 0.00% V
[NR-eGR] Overflow after Early Global Route 0.00% H + 0.00% V
[NR-eGR] Started Export DB wires ( Curr Mem: 1339.50 MB )
[NR-eGR] Started Export all nets ( Curr Mem: 1339.50 MB )
[NR-eGR] Finished Export all nets ( CPU: 0.10 sec, Real: 0.10 sec, Curr Mem: 1339.50 MB )
[NR-eGR] Started Set wire vias ( Curr Mem: 1339.50 MB )
[NR-eGR] Finished Set wire vias ( CPU: 0.02 sec, Real: 0.02 sec, Curr Mem: 1339.50 MB )
[NR-eGR] Finished Export DB wires ( CPU: 0.12 sec, Real: 0.13 sec, Curr Mem: 1339.50 MB )
[NR-eGR] --------------------------------------------------------------------------
[NR-eGR] metal1  (1F) length: 0.000000e+00um, number of vias: 34302
[NR-eGR] metal2  (2V) length: 2.555627e+04um, number of vias: 41043
[NR-eGR] metal3  (3H) length: 4.676243e+04um, number of vias: 14446
[NR-eGR] metal4  (4V) length: 2.283420e+04um, number of vias: 1341
[NR-eGR] metal5  (5H) length: 4.521255e+03um, number of vias: 1118
[NR-eGR] metal6  (6V) length: 7.339560e+03um, number of vias: 32
[NR-eGR] metal7  (7H) length: 1.406800e+02um, number of vias: 15
[NR-eGR] metal8  (8V) length: 1.964400e+02um, number of vias: 2
[NR-eGR] metal9  (9H) length: 3.380000e+00um, number of vias: 0
[NR-eGR] metal10 (10V) length: 0.000000e+00um, number of vias: 0
[NR-eGR] Total length: 1.073542e+05um, number of vias: 92299
[NR-eGR] --------------------------------------------------------------------------
[NR-eGR] Total eGR-routed clock nets wire length: 0.000000e+00um 
[NR-eGR] --------------------------------------------------------------------------
[NR-eGR] Finished Early Global Route kernel ( CPU: 0.78 sec, Real: 0.83 sec, Curr Mem: 1335.50 MB )
      Route Remaining Unrouted Nets done. (took cpu=0:00:01.1 real=0:00:01.1)
    Routing using NR in eGR->NR Step done.
Net route status summary:
  Clock:        19 (unrouted=0, trialRouted=0, noStatus=0, routed=0, fixed=19, [crossesIlmBoundary=0, tooFewTerms=0, (crossesIlmBoundary AND tooFewTerms=0)])
  Non-clock: 10969 (unrouted=199, trialRouted=10770, noStatus=0, routed=0, fixed=0, [crossesIlmBoundary=0, tooFewTerms=199, (crossesIlmBoundary AND tooFewTerms=0)])

CCOPT: Done with clock implementation routing.

    Leaving CCOpt scope - Routing Tools done. (took cpu=0:00:06.6 real=0:00:07.6)
  Clock implementation routing done.
  Leaving CCOpt scope - extractRC...
  Updating RC parasitics by calling: "extractRC -noRouteCheck"...
Extraction called for design 'FIR_UNF' of instances=8689 and nets=10988 using extraction engine 'preRoute' .
PreRoute RC Extraction called for design FIR_UNF.
RC Extraction called in multi-corner(1) mode.
RCMode: PreRoute
      RC Corner Indexes            0   
Capacitance Scaling Factor   : 1.00000 
Resistance Scaling Factor    : 1.00000 
Clock Cap. Scaling Factor    : 1.00000 
Clock Res. Scaling Factor    : 1.00000 
Shrink Factor                : 1.00000
PreRoute extraction is honoring NDR/Shielding/ExtraSpace for clock nets.
Using capacitance table file ...
Updating RC grid for preRoute extraction ...
Initializing multi-corner capacitance tables ... 
Initializing multi-corner resistance tables ...
PreRoute RC Extraction DONE (CPU Time: 0:00:00.5  Real Time: 0:00:00.0  MEM: 1332.504M)
  Updating RC parasitics by calling: "extractRC -noRouteCheck" done.
  Leaving CCOpt scope - extractRC done. (took cpu=0:00:00.5 real=0:00:00.5)
  Clock tree timing engine global stage delay update for my_delay:both.late...
  Clock tree timing engine global stage delay update for my_delay:both.late done. (took cpu=0:00:00.1 real=0:00:00.1)
  Clock DAG stats after routing clock trees:
    cell counts      : b=2, i=0, icg=16, nicg=0, l=0, total=18
    cell areas       : b=1.862um^2, i=0.000um^2, icg=68.096um^2, nicg=0.000um^2, l=0.000um^2, total=69.958um^2
    cell capacitance : b=2.186fF, i=0.000fF, icg=45.097fF, nicg=0.000fF, l=0.000fF, total=47.283fF
    sink capacitance : count=188, total=192.782fF, avg=1.025fF, sd=0.197fF, min=0.965fF, max=1.812fF
    wire capacitance : top=0.000fF, trunk=33.549fF, leaf=72.687fF, total=106.236fF
    wire lengths     : top=0.000um, trunk=352.520um, leaf=730.090um, total=1082.610um
    hp wire lengths  : top=0.000um, trunk=0.000um, leaf=530.415um, total=530.415um
  Clock DAG net violations after routing clock trees: none
  Clock DAG primary half-corner transition distribution after routing clock trees:
    Trunk : target=0.080ns count=1 avg=0.005ns sd=0.000ns min=0.005ns max=0.005ns {1 <= 0.048ns, 0 <= 0.064ns, 0 <= 0.072ns, 0 <= 0.076ns, 0 <= 0.080ns}
    Leaf  : target=0.080ns count=18 avg=0.019ns sd=0.007ns min=0.014ns max=0.048ns {18 <= 0.048ns, 0 <= 0.064ns, 0 <= 0.072ns, 0 <= 0.076ns, 0 <= 0.080ns}
  Clock DAG library cell distribution after routing clock trees {count}:
     Bufs: CLKBUF_X2: 1 CLKBUF_X1: 1 
     ICGs: CLKGATETST_X2: 16 
  Primary reporting skew groups after routing clock trees:
    skew_group MY_CLK: insertion delay [min=0.038, max=0.043, avg=0.041, sd=0.002], skew [0.006 vs 0.500], 100% {0.038, 0.043} (wid=0.006 ws=0.004) (gid=0.037 gs=0.003)
  Skew group summary after routing clock trees:
    skew_group MY_CLK: insertion delay [min=0.038, max=0.043, avg=0.041, sd=0.002], skew [0.006 vs 0.500], 100% {0.038, 0.043} (wid=0.006 ws=0.004) (gid=0.037 gs=0.003)
  CCOpt::Phase::Routing done. (took cpu=0:00:07.2 real=0:00:08.2)
  CCOpt::Phase::PostConditioning...
  Post Conditioning - Blocking space for clock sinks to ensure they remain legal.
  Removing CTS place status from clock tree and sinks.
  Switching to inst based legalization.
  PostConditioning...
    PostConditioning active optimizations:
     - DRV fixing with cell sizing and buffering
     - Skew fixing with cell sizing
    
    Currently running CTS, using active skew data
    Reset bufferability constraints...
    Resetting previous bufferability status on all nets so that PostConditioning will attempt to fix all clock tree violations.
    Reset bufferability constraints done. (took cpu=0:00:00.0 real=0:00:00.0)
    PostConditioning Upsizing To Fix DRVs...
      Fixing clock tree DRVs with upsizing: ...20% ...40% ...60% ...80% ...100% 
      CCOpt-PostConditioning: considered: 19, tested: 19, violation detected: 0, violation ignored (due to small violation): 0, cannot run: 0, attempted: 0, unsuccessful: 0, sized: 0
      
      PRO Statistics: Fix DRVs (initial upsizing):
      ============================================
      
      Cell changes by Net Type:
      
      -------------------------------------------------------------------------------------------------
      Net Type    Attempted    Upsized     Downsized    Swapped Same Size    Total Changed    Not Sized
      -------------------------------------------------------------------------------------------------
      top                0            0           0            0                    0                0
      trunk              0            0           0            0                    0                0
      leaf               0            0           0            0                    0                0
      -------------------------------------------------------------------------------------------------
      Total              0            0           0            0                    0                0
      -------------------------------------------------------------------------------------------------
      
      Upsized: 0, Downsized: 0, Sized but same area: 0, Unchanged: 0, Area change: 0.000um^2 (0.000%)
      Max. move: 0.000um, Min. move: 0.000um, Avg. move: N/A
      
      Clock DAG stats after 'PostConditioning Upsizing To Fix DRVs':
        cell counts      : b=2, i=0, icg=16, nicg=0, l=0, total=18
        cell areas       : b=1.862um^2, i=0.000um^2, icg=68.096um^2, nicg=0.000um^2, l=0.000um^2, total=69.958um^2
        cell capacitance : b=2.186fF, i=0.000fF, icg=45.097fF, nicg=0.000fF, l=0.000fF, total=47.283fF
        sink capacitance : count=188, total=192.782fF, avg=1.025fF, sd=0.197fF, min=0.965fF, max=1.812fF
        wire capacitance : top=0.000fF, trunk=33.549fF, leaf=72.687fF, total=106.236fF
        wire lengths     : top=0.000um, trunk=352.520um, leaf=730.090um, total=1082.610um
        hp wire lengths  : top=0.000um, trunk=0.000um, leaf=530.415um, total=530.415um
      Clock DAG net violations after 'PostConditioning Upsizing To Fix DRVs': none
      Clock DAG primary half-corner transition distribution after 'PostConditioning Upsizing To Fix DRVs':
        Trunk : target=0.080ns count=1 avg=0.005ns sd=0.000ns min=0.005ns max=0.005ns {1 <= 0.048ns, 0 <= 0.064ns, 0 <= 0.072ns, 0 <= 0.076ns, 0 <= 0.080ns}
        Leaf  : target=0.080ns count=18 avg=0.019ns sd=0.007ns min=0.014ns max=0.048ns {18 <= 0.048ns, 0 <= 0.064ns, 0 <= 0.072ns, 0 <= 0.076ns, 0 <= 0.080ns}
      Clock DAG library cell distribution after 'PostConditioning Upsizing To Fix DRVs' {count}:
         Bufs: CLKBUF_X2: 1 CLKBUF_X1: 1 
         ICGs: CLKGATETST_X2: 16 
      Primary reporting skew groups after 'PostConditioning Upsizing To Fix DRVs':
        skew_group MY_CLK: insertion delay [min=0.038, max=0.043, avg=0.041, sd=0.002], skew [0.006 vs 0.500], 100% {0.038, 0.043} (wid=0.006 ws=0.004) (gid=0.037 gs=0.003)
      Skew group summary after 'PostConditioning Upsizing To Fix DRVs':
        skew_group MY_CLK: insertion delay [min=0.038, max=0.043, avg=0.041, sd=0.002], skew [0.006 vs 0.500], 100% {0.038, 0.043} (wid=0.006 ws=0.004) (gid=0.037 gs=0.003)
      Legalizer API calls during this step: 0 succeeded with high effort: 0 succeeded with medium effort: 0 succeeded with low effort: 0 succeeded with basic effort: 0 succeeded with basic unbounded effort: 0
    PostConditioning Upsizing To Fix DRVs done. (took cpu=0:00:00.0 real=0:00:00.0)
    Recomputing CTS skew targets...
    Resolving skew group constraints...
      Solving LP: 1 skew groups; 3 fragments, 3 fraglets and 4 vertices; 21 variables and 54 constraints; tolerance 1
    Resolving skew group constraints done.
    Recomputing CTS skew targets done. (took cpu=0:00:00.0 real=0:00:00.0)
    PostConditioning Fixing DRVs...
      Fixing clock tree DRVs: ...20% ...40% ...60% ...80% ...100% 
      CCOpt-PostConditioning: considered: 19, tested: 19, violation detected: 0, violation ignored (due to small violation): 0, cannot run: 0, attempted: 0, unsuccessful: 0, sized: 0
      
      PRO Statistics: Fix DRVs (cell sizing):
      =======================================
      
      Cell changes by Net Type:
      
      -------------------------------------------------------------------------------------------------
      Net Type    Attempted    Upsized     Downsized    Swapped Same Size    Total Changed    Not Sized
      -------------------------------------------------------------------------------------------------
      top                0            0           0            0                    0                0
      trunk              0            0           0            0                    0                0
      leaf               0            0           0            0                    0                0
      -------------------------------------------------------------------------------------------------
      Total              0            0           0            0                    0                0
      -------------------------------------------------------------------------------------------------
      
      Upsized: 0, Downsized: 0, Sized but same area: 0, Unchanged: 0, Area change: 0.000um^2 (0.000%)
      Max. move: 0.000um, Min. move: 0.000um, Avg. move: N/A
      
      Clock DAG stats after 'PostConditioning Fixing DRVs':
        cell counts      : b=2, i=0, icg=16, nicg=0, l=0, total=18
        cell areas       : b=1.862um^2, i=0.000um^2, icg=68.096um^2, nicg=0.000um^2, l=0.000um^2, total=69.958um^2
        cell capacitance : b=2.186fF, i=0.000fF, icg=45.097fF, nicg=0.000fF, l=0.000fF, total=47.283fF
        sink capacitance : count=188, total=192.782fF, avg=1.025fF, sd=0.197fF, min=0.965fF, max=1.812fF
        wire capacitance : top=0.000fF, trunk=33.549fF, leaf=72.687fF, total=106.236fF
        wire lengths     : top=0.000um, trunk=352.520um, leaf=730.090um, total=1082.610um
        hp wire lengths  : top=0.000um, trunk=0.000um, leaf=530.415um, total=530.415um
      Clock DAG net violations after 'PostConditioning Fixing DRVs': none
      Clock DAG primary half-corner transition distribution after 'PostConditioning Fixing DRVs':
        Trunk : target=0.080ns count=1 avg=0.005ns sd=0.000ns min=0.005ns max=0.005ns {1 <= 0.048ns, 0 <= 0.064ns, 0 <= 0.072ns, 0 <= 0.076ns, 0 <= 0.080ns}
        Leaf  : target=0.080ns count=18 avg=0.019ns sd=0.007ns min=0.014ns max=0.048ns {18 <= 0.048ns, 0 <= 0.064ns, 0 <= 0.072ns, 0 <= 0.076ns, 0 <= 0.080ns}
      Clock DAG library cell distribution after 'PostConditioning Fixing DRVs' {count}:
         Bufs: CLKBUF_X2: 1 CLKBUF_X1: 1 
         ICGs: CLKGATETST_X2: 16 
      Primary reporting skew groups after 'PostConditioning Fixing DRVs':
        skew_group MY_CLK: insertion delay [min=0.038, max=0.043, avg=0.041, sd=0.002], skew [0.006 vs 0.500], 100% {0.038, 0.043} (wid=0.006 ws=0.004) (gid=0.037 gs=0.003)
      Skew group summary after 'PostConditioning Fixing DRVs':
        skew_group MY_CLK: insertion delay [min=0.038, max=0.043, avg=0.041, sd=0.002], skew [0.006 vs 0.500], 100% {0.038, 0.043} (wid=0.006 ws=0.004) (gid=0.037 gs=0.003)
      Legalizer API calls during this step: 0 succeeded with high effort: 0 succeeded with medium effort: 0 succeeded with low effort: 0 succeeded with basic effort: 0 succeeded with basic unbounded effort: 0
    PostConditioning Fixing DRVs done. (took cpu=0:00:00.0 real=0:00:00.0)
    Buffering to fix DRVs...
    Fixing DRVs with route buffering pass 1. Quick buffering: enabled
    Rebuffering to fix clock tree DRVs: ...20% ...40% ...60% ...80% ...100% 
    Inserted 0 buffers and inverters.
    success count. Default: 0, QS: 0, QD: 0, FS: 0, MQS: 0
    CCOpt-PostConditioning: nets considered: 19, nets tested: 19, nets violation detected: 0, nets violation ignored (due to small violation): 0, nets cannot run: 0, nets attempted: 0, nets unsuccessful: 0, buffered: 0
    Clock DAG stats PostConditioning after re-buffering DRV fixing:
      cell counts      : b=2, i=0, icg=16, nicg=0, l=0, total=18
      cell areas       : b=1.862um^2, i=0.000um^2, icg=68.096um^2, nicg=0.000um^2, l=0.000um^2, total=69.958um^2
      cell capacitance : b=2.186fF, i=0.000fF, icg=45.097fF, nicg=0.000fF, l=0.000fF, total=47.283fF
      sink capacitance : count=188, total=192.782fF, avg=1.025fF, sd=0.197fF, min=0.965fF, max=1.812fF
      wire capacitance : top=0.000fF, trunk=33.549fF, leaf=72.687fF, total=106.236fF
      wire lengths     : top=0.000um, trunk=352.520um, leaf=730.090um, total=1082.610um
      hp wire lengths  : top=0.000um, trunk=0.000um, leaf=530.415um, total=530.415um
    Clock DAG net violations PostConditioning after re-buffering DRV fixing: none
    Clock DAG primary half-corner transition distribution PostConditioning after re-buffering DRV fixing:
      Trunk : target=0.080ns count=1 avg=0.005ns sd=0.000ns min=0.005ns max=0.005ns {1 <= 0.048ns, 0 <= 0.064ns, 0 <= 0.072ns, 0 <= 0.076ns, 0 <= 0.080ns}
      Leaf  : target=0.080ns count=18 avg=0.019ns sd=0.007ns min=0.014ns max=0.048ns {18 <= 0.048ns, 0 <= 0.064ns, 0 <= 0.072ns, 0 <= 0.076ns, 0 <= 0.080ns}
    Clock DAG library cell distribution PostConditioning after re-buffering DRV fixing {count}:
       Bufs: CLKBUF_X2: 1 CLKBUF_X1: 1 
       ICGs: CLKGATETST_X2: 16 
    Primary reporting skew groups PostConditioning after re-buffering DRV fixing:
      skew_group MY_CLK: insertion delay [min=0.038, max=0.043, avg=0.041, sd=0.002], skew [0.006 vs 0.500], 100% {0.038, 0.043} (wid=0.006 ws=0.004) (gid=0.037 gs=0.003)
    Skew group summary PostConditioning after re-buffering DRV fixing:
      skew_group MY_CLK: insertion delay [min=0.038, max=0.043, avg=0.041, sd=0.002], skew [0.006 vs 0.500], 100% {0.038, 0.043} (wid=0.006 ws=0.004) (gid=0.037 gs=0.003)
    Buffering to fix DRVs done. (took cpu=0:00:00.0 real=0:00:00.0)
    PostConditioning Fixing Skew by cell sizing...
      Resized 0 clock insts to decrease delay.
      Resized 0 clock insts to increase delay.
      
      PRO Statistics: Fix Skew (cell sizing):
      =======================================
      
      Cell changes by Net Type:
      
      -------------------------------------------------------------------------------------------------
      Net Type    Attempted    Upsized     Downsized    Swapped Same Size    Total Changed    Not Sized
      -------------------------------------------------------------------------------------------------
      top                0            0           0            0                    0                0
      trunk              0            0           0            0                    0                0
      leaf               0            0           0            0                    0                0
      -------------------------------------------------------------------------------------------------
      Total              0            0           0            0                    0                0
      -------------------------------------------------------------------------------------------------
      
      Upsized: 0, Downsized: 0, Sized but same area: 0, Unchanged: 0, Area change: 0.000um^2 (0.000%)
      Max. move: 0.000um, Min. move: 0.000um, Avg. move: N/A
      
      Clock DAG stats after 'PostConditioning Fixing Skew by cell sizing':
        cell counts      : b=2, i=0, icg=16, nicg=0, l=0, total=18
        cell areas       : b=1.862um^2, i=0.000um^2, icg=68.096um^2, nicg=0.000um^2, l=0.000um^2, total=69.958um^2
        cell capacitance : b=2.186fF, i=0.000fF, icg=45.097fF, nicg=0.000fF, l=0.000fF, total=47.283fF
        sink capacitance : count=188, total=192.782fF, avg=1.025fF, sd=0.197fF, min=0.965fF, max=1.812fF
        wire capacitance : top=0.000fF, trunk=33.549fF, leaf=72.687fF, total=106.236fF
        wire lengths     : top=0.000um, trunk=352.520um, leaf=730.090um, total=1082.610um
        hp wire lengths  : top=0.000um, trunk=0.000um, leaf=530.415um, total=530.415um
      Clock DAG net violations after 'PostConditioning Fixing Skew by cell sizing': none
      Clock DAG primary half-corner transition distribution after 'PostConditioning Fixing Skew by cell sizing':
        Trunk : target=0.080ns count=1 avg=0.005ns sd=0.000ns min=0.005ns max=0.005ns {1 <= 0.048ns, 0 <= 0.064ns, 0 <= 0.072ns, 0 <= 0.076ns, 0 <= 0.080ns}
        Leaf  : target=0.080ns count=18 avg=0.019ns sd=0.007ns min=0.014ns max=0.048ns {18 <= 0.048ns, 0 <= 0.064ns, 0 <= 0.072ns, 0 <= 0.076ns, 0 <= 0.080ns}
      Clock DAG library cell distribution after 'PostConditioning Fixing Skew by cell sizing' {count}:
         Bufs: CLKBUF_X2: 1 CLKBUF_X1: 1 
         ICGs: CLKGATETST_X2: 16 
      Primary reporting skew groups after 'PostConditioning Fixing Skew by cell sizing':
        skew_group MY_CLK: insertion delay [min=0.038, max=0.043, avg=0.041, sd=0.002], skew [0.006 vs 0.500], 100% {0.038, 0.043} (wid=0.006 ws=0.004) (gid=0.037 gs=0.003)
      Skew group summary after 'PostConditioning Fixing Skew by cell sizing':
        skew_group MY_CLK: insertion delay [min=0.038, max=0.043, avg=0.041, sd=0.002], skew [0.006 vs 0.500], 100% {0.038, 0.043} (wid=0.006 ws=0.004) (gid=0.037 gs=0.003)
      Legalizer API calls during this step: 0 succeeded with high effort: 0 succeeded with medium effort: 0 succeeded with low effort: 0 succeeded with basic effort: 0 succeeded with basic unbounded effort: 0
    PostConditioning Fixing Skew by cell sizing done. (took cpu=0:00:00.0 real=0:00:00.0)
    Reconnecting optimized routes...
    Reset timing graph...
Ignoring AAE DB Resetting ...
    Reset timing graph done.
    Reconnecting optimized routes done. (took cpu=0:00:00.0 real=0:00:00.0)
Skipping refinePlace: no changes were made during DRV and/or skew fixing steps so it is unnecessary.
    Set dirty flag on 0 instances, 0 nets
  PostConditioning done.
Net route status summary:
  Clock:        19 (unrouted=0, trialRouted=0, noStatus=0, routed=0, fixed=19, [crossesIlmBoundary=0, tooFewTerms=0, (crossesIlmBoundary AND tooFewTerms=0)])
  Non-clock: 10969 (unrouted=199, trialRouted=10770, noStatus=0, routed=0, fixed=0, [crossesIlmBoundary=0, tooFewTerms=199, (crossesIlmBoundary AND tooFewTerms=0)])
  Update timing and DAG stats after post-conditioning...
  Update timing and DAG stats after post-conditioning done. (took cpu=0:00:00.0 real=0:00:00.0)
  Clock tree timing engine global stage delay update for my_delay:both.late...
  Clock tree timing engine global stage delay update for my_delay:both.late done. (took cpu=0:00:00.0 real=0:00:00.0)
  Clock DAG stats after post-conditioning:
    cell counts      : b=2, i=0, icg=16, nicg=0, l=0, total=18
    cell areas       : b=1.862um^2, i=0.000um^2, icg=68.096um^2, nicg=0.000um^2, l=0.000um^2, total=69.958um^2
    cell capacitance : b=2.186fF, i=0.000fF, icg=45.097fF, nicg=0.000fF, l=0.000fF, total=47.283fF
    sink capacitance : count=188, total=192.782fF, avg=1.025fF, sd=0.197fF, min=0.965fF, max=1.812fF
    wire capacitance : top=0.000fF, trunk=33.549fF, leaf=72.687fF, total=106.236fF
    wire lengths     : top=0.000um, trunk=352.520um, leaf=730.090um, total=1082.610um
    hp wire lengths  : top=0.000um, trunk=0.000um, leaf=530.415um, total=530.415um
  Clock DAG net violations after post-conditioning: none
  Clock DAG primary half-corner transition distribution after post-conditioning:
    Trunk : target=0.080ns count=1 avg=0.005ns sd=0.000ns min=0.005ns max=0.005ns {1 <= 0.048ns, 0 <= 0.064ns, 0 <= 0.072ns, 0 <= 0.076ns, 0 <= 0.080ns}
    Leaf  : target=0.080ns count=18 avg=0.019ns sd=0.007ns min=0.014ns max=0.048ns {18 <= 0.048ns, 0 <= 0.064ns, 0 <= 0.072ns, 0 <= 0.076ns, 0 <= 0.080ns}
  Clock DAG library cell distribution after post-conditioning {count}:
     Bufs: CLKBUF_X2: 1 CLKBUF_X1: 1 
     ICGs: CLKGATETST_X2: 16 
  Primary reporting skew groups after post-conditioning:
    skew_group MY_CLK: insertion delay [min=0.038, max=0.043, avg=0.041, sd=0.002], skew [0.006 vs 0.500], 100% {0.038, 0.043} (wid=0.006 ws=0.004) (gid=0.037 gs=0.003)
  Skew group summary after post-conditioning:
    skew_group MY_CLK: insertion delay [min=0.038, max=0.043, avg=0.041, sd=0.002], skew [0.006 vs 0.500], 100% {0.038, 0.043} (wid=0.006 ws=0.004) (gid=0.037 gs=0.003)
  CCOpt::Phase::PostConditioning done. (took cpu=0:00:00.3 real=0:00:00.4)
  Setting CTS place status to fixed for clock tree and sinks.
  Post-balance tidy up or trial balance steps...
  
  Clock DAG stats at end of CTS:
  ==============================
  
  ------------------------------------------------------------
  Cell type                     Count    Area      Capacitance
  ------------------------------------------------------------
  Buffers                         2       1.862       2.186
  Inverters                       0       0.000       0.000
  Integrated Clock Gates         16      68.096      45.097
  Non-Integrated Clock Gates      0       0.000       0.000
  Clock Logic                     0       0.000       0.000
  All                            18      69.958      47.283
  ------------------------------------------------------------
  
  
  Clock DAG wire lengths at end of CTS:
  =====================================
  
  --------------------
  Type     Wire Length
  --------------------
  Top          0.000
  Trunk      352.520
  Leaf       730.090
  Total     1082.610
  --------------------
  
  
  Clock DAG hp wire lengths at end of CTS:
  ========================================
  
  -----------------------
  Type     hp Wire Length
  -----------------------
  Top           0.000
  Trunk         0.000
  Leaf        530.415
  Total       530.415
  -----------------------
  
  
  Clock DAG capacitances at end of CTS:
  =====================================
  
  --------------------------------------
  Type     Gate       Wire       Total
  --------------------------------------
  Top        0.000      0.000      0.000
  Trunk     47.283     33.549     80.832
  Leaf     192.782     72.687    265.469
  Total    240.065    106.236    346.301
  --------------------------------------
  
  
  Clock DAG sink capacitances at end of CTS:
  ==========================================
  
  ----------------------------------------------------------
  Count    Total      Average    Std. Dev.    Min      Max
  ----------------------------------------------------------
   188     192.782     1.025       0.197      0.965    1.812
  ----------------------------------------------------------
  
  
  Clock DAG net violations at end of CTS:
  =======================================
  
  None
  
  
  Clock DAG primary half-corner transition distribution at end of CTS:
  ====================================================================
  
  ---------------------------------------------------------------------------------------------------------------------------------------------------------------
  Net Type    Target    Count    Average    Std. Dev.    Min      Max      Distribution                                                               Over Target
  ---------------------------------------------------------------------------------------------------------------------------------------------------------------
  Trunk       0.080       1       0.005       0.000      0.005    0.005    {1 <= 0.048ns, 0 <= 0.064ns, 0 <= 0.072ns, 0 <= 0.076ns, 0 <= 0.080ns}          -
  Leaf        0.080      18       0.019       0.007      0.014    0.048    {18 <= 0.048ns, 0 <= 0.064ns, 0 <= 0.072ns, 0 <= 0.076ns, 0 <= 0.080ns}         -
  ---------------------------------------------------------------------------------------------------------------------------------------------------------------
  
  
  Clock DAG library cell distribution at end of CTS:
  ==================================================
  
  ----------------------------------------------
  Name             Type      Inst     Inst Area 
                             Count    (um^2)
  ----------------------------------------------
  CLKBUF_X2        buffer      1         1.064
  CLKBUF_X1        buffer      1         0.798
  CLKGATETST_X2    icg        16        68.096
  ----------------------------------------------
  
  
  Primary reporting skew groups summary at end of CTS:
  ====================================================
  
  --------------------------------------------------------------------------------------------------------------------------------------------------------------
  Half-corner           Skew Group    Min ID    Max ID    Skew     Skew target    Wire skew    Worst sink skew    Average ID    Std.Dev    Skew window occupancy
  --------------------------------------------------------------------------------------------------------------------------------------------------------------
  my_delay:both.late    MY_CLK        0.038     0.043     0.006       0.500         0.004           0.001           0.041        0.002     100% {0.038, 0.043}
  --------------------------------------------------------------------------------------------------------------------------------------------------------------
  
  
  Skew group summary at end of CTS:
  =================================
  
  --------------------------------------------------------------------------------------------------------------------------------------------------------------
  Half-corner           Skew Group    Min ID    Max ID    Skew     Skew target    Wire skew    Worst sink skew    Average ID    Std.Dev    Skew window occupancy
  --------------------------------------------------------------------------------------------------------------------------------------------------------------
  my_delay:both.late    MY_CLK        0.038     0.043     0.006       0.500         0.004           0.001           0.041        0.002     100% {0.038, 0.043}
  --------------------------------------------------------------------------------------------------------------------------------------------------------------
  
  
  Found a total of 0 clock tree pins with a slew violation.
  
  Post-balance tidy up or trial balance steps done. (took cpu=0:00:00.0 real=0:00:00.0)
Synthesizing clock trees done.
Tidy Up And Update Timing...
External - Set all clocks to propagated mode...
Innovus updating I/O latencies
#################################################################################
# Design Stage: PreRoute
# Design Name: FIR_UNF
# Design Mode: 45nm
# Analysis Mode: MMMC Non-OCV 
# Parasitics Mode: No SPEF/RCDB 
# Signoff Settings: SI Off 
#################################################################################
Calculate delays in Single mode...
Start delay calculation (fullDC) (1 T). (MEM=1382.21)
Total number of fetched objects 11033
End delay calculation. (MEM=1409.42 CPU=0:00:00.3 REAL=0:00:00.0)
End delay calculation (fullDC). (MEM=1409.42 CPU=0:00:01.4 REAL=0:00:02.0)
	Clock: MY_CLK, View: MyAnView, Ideal Latency: 0, Propagated Latency: 0.0410859
	 Executing: set_clock_latency -source -early -max -rise -0.0410859 [get_pins clk]
	Clock: MY_CLK, View: MyAnView, Ideal Latency: 0, Propagated Latency: 0.0410859
	 Executing: set_clock_latency -source -late -max -rise -0.0410859 [get_pins clk]
	Clock: MY_CLK, View: MyAnView, Ideal Latency: 0, Propagated Latency: 0.0466096
	 Executing: set_clock_latency -source -early -max -fall -0.0466096 [get_pins clk]
	Clock: MY_CLK, View: MyAnView, Ideal Latency: 0, Propagated Latency: 0.0466096
	 Executing: set_clock_latency -source -late -max -fall -0.0466096 [get_pins clk]
Setting all clocks to propagated mode.
External - Set all clocks to propagated mode done. (took cpu=0:00:03.1 real=0:00:03.7)
Clock DAG stats after update timingGraph:
  cell counts      : b=2, i=0, icg=16, nicg=0, l=0, total=18
  cell areas       : b=1.862um^2, i=0.000um^2, icg=68.096um^2, nicg=0.000um^2, l=0.000um^2, total=69.958um^2
  cell capacitance : b=2.186fF, i=0.000fF, icg=45.097fF, nicg=0.000fF, l=0.000fF, total=47.283fF
  sink capacitance : count=188, total=192.782fF, avg=1.025fF, sd=0.197fF, min=0.965fF, max=1.812fF
  wire capacitance : top=0.000fF, trunk=33.549fF, leaf=72.687fF, total=106.236fF
  wire lengths     : top=0.000um, trunk=352.520um, leaf=730.090um, total=1082.610um
  hp wire lengths  : top=0.000um, trunk=0.000um, leaf=530.415um, total=530.415um
Clock DAG net violations after update timingGraph: none
Clock DAG primary half-corner transition distribution after update timingGraph:
  Trunk : target=0.080ns count=1 avg=0.005ns sd=0.000ns min=0.005ns max=0.005ns {1 <= 0.048ns, 0 <= 0.064ns, 0 <= 0.072ns, 0 <= 0.076ns, 0 <= 0.080ns}
  Leaf  : target=0.080ns count=18 avg=0.019ns sd=0.007ns min=0.014ns max=0.048ns {18 <= 0.048ns, 0 <= 0.064ns, 0 <= 0.072ns, 0 <= 0.076ns, 0 <= 0.080ns}
Clock DAG library cell distribution after update timingGraph {count}:
   Bufs: CLKBUF_X2: 1 CLKBUF_X1: 1 
   ICGs: CLKGATETST_X2: 16 
Primary reporting skew groups after update timingGraph:
  skew_group MY_CLK: insertion delay [min=0.038, max=0.043, avg=0.041, sd=0.002], skew [0.006 vs 0.500], 100% {0.038, 0.043} (wid=0.006 ws=0.004) (gid=0.037 gs=0.003)
Skew group summary after update timingGraph:
  skew_group MY_CLK: insertion delay [min=0.038, max=0.043, avg=0.041, sd=0.002], skew [0.006 vs 0.500], 100% {0.038, 0.043} (wid=0.006 ws=0.004) (gid=0.037 gs=0.003)
Logging CTS constraint violations...
  No violations found.
Logging CTS constraint violations done.
Tidy Up And Update Timing done. (took cpu=0:00:03.2 real=0:00:03.8)
Runtime done. (took cpu=0:00:30.5 real=0:00:36.2)
Runtime Summary
===============
Clock Runtime:  (48%) Core CTS          17.61 (Init 4.97, Construction 2.76, Implementation 7.92, eGRPC 1.26, PostConditioning 0.39, Other 0.32)
Clock Runtime:  (30%) CTS services      10.98 (RefinePlace 2.18, EarlyGlobalClock 1.49, NanoRoute 5.64, ExtractRC 1.67, TimingAnalysis 0.00)
Clock Runtime:  (20%) Other CTS          7.57 (Init 1.30, CongRepair/EGR-DP 2.58, TimingUpdate 3.69, Other 0.00)
Clock Runtime: (100%) Total             36.15

Synthesizing clock trees with CCOpt done.
**WARN: (IMPSP-9025):	No scan chain specified/traced.
Type 'man IMPSP-9025' for more detail.
**optDesign ... cpu = 0:00:00, real = 0:00:00, mem = 1084.3M, totSessionCpu=0:34:52 **
**INFO: setDesignMode -flowEffort standard -> setting 'setOptMode -allEndPoints true' for the duration of this command.
Need call spDPlaceInit before registerPrioInstLoc.
GigaOpt running with 1 threads.
**optDesign ... cpu = 0:00:02, real = 0:00:02, mem = 1089.1M, totSessionCpu=0:34:54 **
*** optDesign -postCTS ***
DRC Margin: user margin 0.0; extra margin 0.2
Hold Target Slack: user slack 0
Setup Target Slack: user slack 0; extra slack 0.0
setUsefulSkewMode -ecoRoute false
Multi-VT timing optimization disabled based on library information.
Start to check current routing status for nets...
All nets are already routed correctly.
End to check current routing status for nets (mem=1326.4M)
Compute RC Scale Done ...
Starting delay calculation for Setup views
#################################################################################
# Design Stage: PreRoute
# Design Name: FIR_UNF
# Design Mode: 45nm
# Analysis Mode: MMMC Non-OCV 
# Parasitics Mode: No SPEF/RCDB 
# Signoff Settings: SI Off 
#################################################################################
Calculate delays in Single mode...
Start delay calculation (fullDC) (1 T). (MEM=1499.76)
Total number of fetched objects 11033
End delay calculation. (MEM=1479.27 CPU=0:00:09.2 REAL=0:00:09.0)
End delay calculation (fullDC). (MEM=1479.27 CPU=0:00:10.2 REAL=0:00:10.0)
*** Done Building Timing Graph (cpu=0:00:11.6 real=0:00:12.0 totSessionCpu=0:35:09 mem=1479.3M)

------------------------------------------------------------
             Initial Summary                             
------------------------------------------------------------

Setup views included:
 MyAnView 

+--------------------+---------+---------+---------+---------+
|     Setup mode     |   all   | reg2reg |reg2cgate| default |
+--------------------+---------+---------+---------+---------+
|           WNS (ns):|  3.827  |  3.841  |   N/A   |  3.827  |
|           TNS (ns):|  0.000  |  0.000  |   N/A   |  0.000  |
|    Violating Paths:|    0    |    0    |   N/A   |    0    |
|          All Paths:|   363   |   134   |   N/A   |   253   |
+--------------------+---------+---------+---------+---------+

+----------------+-------------------------------+------------------+
|                |              Real             |       Total      |
|    DRVs        +------------------+------------+------------------|
|                |  Nr nets(terms)  | Worst Vio  |  Nr nets(terms)  |
+----------------+------------------+------------+------------------+
|   max_cap      |      0 (0)       |   0.000    |      0 (0)       |
|   max_tran     |      0 (0)       |   0.000    |      0 (0)       |
|   max_fanout   |      0 (0)       |     0      |      0 (0)       |
|   max_length   |      0 (0)       |     0      |      0 (0)       |
+----------------+------------------+------------+------------------+

Density: 57.129%
------------------------------------------------------------
**optDesign ... cpu = 0:00:17, real = 0:00:19, mem = 1181.6M, totSessionCpu=0:35:10 **
** INFO : this run is activating low effort ccoptDesign flow
*** Starting optimizing excluded clock nets MEM= 1409.5M) ***
*info: No excluded clock nets to be optimized.
*** Finished optimizing excluded clock nets (CPU Time= 0:00:00.0  MEM= 1409.5M) ***
*** Starting optimizing excluded clock nets MEM= 1409.5M) ***
*info: No excluded clock nets to be optimized.
*** Finished optimizing excluded clock nets (CPU Time= 0:00:00.0  MEM= 1409.5M) ***
Info: Done creating the CCOpt slew target map.
Begin: GigaOpt high fanout net optimization
Info: 19 nets with fixed/cover wires excluded.
Info: 19 clock nets excluded from IPO operation.
*** DrvOpt [begin] : cpu/real = 0:00:00.0/0:00:00.0 (0.0), totSession cpu/real = 0:35:10.6/3:00:11.1 (0.2), mem = 1409.5M
*** DrvOpt [finish] : cpu/real = 0:00:05.1/0:00:05.3 (1.0), totSession cpu/real = 0:35:15.8/3:00:16.4 (0.2), mem = 1433.5M
End: GigaOpt high fanout net optimization
Begin: GigaOpt Global Optimization
*info: use new DP (enabled)
Info: 19 nets with fixed/cover wires excluded.
Info: 19 clock nets excluded from IPO operation.
*** SetupOpt [begin] : cpu/real = 0:00:00.0/0:00:00.0 (0.0), totSession cpu/real = 0:35:16.2/3:00:16.9 (0.2), mem = 1433.5M
*info: 19 clock nets excluded
*info: 2 special nets excluded.
*info: 188 no-driver nets excluded.
*info: 19 nets with fixed/cover wires excluded.
** GigaOpt Global Opt WNS Slack 0.000  TNS Slack 0.000 
+--------+--------+----------+------------+--------+----------+---------+---------------------------------------+
|  WNS   |  TNS   | Density  |    Real    |  Mem   |Worst View|Pathgroup|               End Point               |
+--------+--------+----------+------------+--------+----------+---------+---------------------------------------+
|   0.000|   0.000|    57.13%|   0:00:00.0| 1452.6M|  MyAnView|       NA| NA                                    |
+--------+--------+----------+------------+--------+----------+---------+---------------------------------------+

*** Finish post-CTS Global Setup Fixing (cpu=0:00:00.1 real=0:00:00.0 mem=1452.6M) ***

*** Finish post-CTS Setup Fixing (cpu=0:00:00.1 real=0:00:00.0 mem=1452.6M) ***
Bottom Preferred Layer:
+---------------+------------+----------+
|     Layer     |    CLK     |   Rule   |
+---------------+------------+----------+
| metal3 (z=3)  |         19 | default  |
+---------------+------------+----------+
Via Pillar Rule:
    None
** GigaOpt Global Opt End WNS Slack 0.000  TNS Slack 0.000 
*** SetupOpt [finish] : cpu/real = 0:00:11.2/0:00:11.8 (1.0), totSession cpu/real = 0:35:27.4/3:00:28.6 (0.2), mem = 1433.5M
End: GigaOpt Global Optimization
*** Timing Is met
*** Check timing (0:00:00.0)
Info: 19 nets with fixed/cover wires excluded.
Info: 19 clock nets excluded from IPO operation.
Info: 19 nets with fixed/cover wires excluded.
Info: 19 clock nets excluded from IPO operation.
Begin: Area Reclaim Optimization
*** AreaOpt [begin] : cpu/real = 0:00:00.0/0:00:00.0 (0.0), totSession cpu/real = 0:35:28.9/3:00:30.2 (0.2), mem = 1451.6M
Usable buffer cells for single buffer setup transform:
CLKBUF_X1 BUF_X1 CLKBUF_X2 BUF_X2 CLKBUF_X3 BUF_X4 BUF_X8 BUF_X16 BUF_X32 
Number of usable buffer cells above: 9
Reclaim Optimization WNS Slack 0.020  TNS Slack 0.000 Density 57.13
+----------+---------+--------+--------+------------+--------+
| Density  | Commits |  WNS   |  TNS   |    Real    |  Mem   |
+----------+---------+--------+--------+------------+--------+
|    57.13%|        -|   0.020|   0.000|   0:00:00.0| 1451.6M|
|    57.03%|      116|   0.020|   0.000|   0:00:12.0| 1502.3M|
|    57.02%|        8|   0.020|   0.000|   0:00:01.0| 1502.3M|
|    57.02%|        0|   0.020|   0.000|   0:00:00.0| 1502.3M|
|    57.02%|        0|   0.020|   0.000|   0:00:01.0| 1502.3M|
|    57.02%|        0|   0.020|   0.000|   0:00:01.0| 1502.3M|
|    57.02%|        0|   0.020|   0.000|   0:00:00.0| 1502.3M|
+----------+---------+--------+--------+------------+--------+
Reclaim Optimization End WNS Slack 0.020  TNS Slack 0.000 Density 57.02
Bottom Preferred Layer:
+---------------+------------+----------+
|     Layer     |    CLK     |   Rule   |
+---------------+------------+----------+
| metal3 (z=3)  |         19 | default  |
+---------------+------------+----------+
Via Pillar Rule:
    None
End: Core Area Reclaim Optimization (cpu = 0:00:16.4) (real = 0:00:17.0) **
*** Starting refinePlace (0:35:45 mem=1502.3M) ***
Total net bbox length = 8.770e+04 (4.328e+04 4.441e+04) (ext = 3.827e+03)
Move report: Detail placement moves 0 insts, mean move: 0.00 um, max move: 0.00 um
	Runtime: CPU: 0:00:00.3 REAL: 0:00:01.0 MEM: 1502.3MB
Summary Report:
Instances move: 0 (out of 8671 movable)
Instances flipped: 0
Mean displacement: 0.00 um
Max displacement: 0.00 um 
Total net bbox length = 8.770e+04 (4.328e+04 4.441e+04) (ext = 3.827e+03)
Runtime: CPU: 0:00:00.3 REAL: 0:00:01.0 MEM: 1502.3MB
*** Finished refinePlace (0:35:45 mem=1502.3M) ***
*** maximum move = 0.00 um ***
*** Finished re-routing un-routed nets (1502.3M) ***

*** Finish Physical Update (cpu=0:00:00.8 real=0:00:01.0 mem=1502.3M) ***
*** AreaOpt [finish] : cpu/real = 0:00:16.7/0:00:17.3 (1.0), totSession cpu/real = 0:35:45.6/3:00:47.5 (0.2), mem = 1502.3M
End: Area Reclaim Optimization (cpu=0:00:17, real=0:00:18, mem=1443.20M, totSessionCpu=0:35:46).
[NR-eGR] Track table information for default rule: 
[NR-eGR] metal1 has no routable track
[NR-eGR] metal2 has single uniform track structure
[NR-eGR] metal3 has single uniform track structure
[NR-eGR] metal4 has single uniform track structure
[NR-eGR] metal5 has single uniform track structure
[NR-eGR] metal6 has single uniform track structure
[NR-eGR] metal7 has single uniform track structure
[NR-eGR] metal8 has single uniform track structure
[NR-eGR] metal9 has single uniform track structure
[NR-eGR] metal10 has single uniform track structure
[NR-eGR] Read 266 PG shapes
[NR-eGR] #Routing Blockages  : 0
[NR-eGR] #Instance Blockages : 0
[NR-eGR] #PG Blockages       : 266
[NR-eGR] #Halo Blockages     : 0
[NR-eGR] #Boundary Blockages : 0
[NR-eGR] Num Prerouted Nets = 19  Num Prerouted Wires = 633
[NR-eGR] Read numTotalNets=10788  numIgnoredNets=19
[NR-eGR] ============ Routing rule table ============
[NR-eGR] Rule id: 0  Nets: 0 
[NR-eGR] Rule id: 1  Nets: 10769 
[NR-eGR] ========================================
[NR-eGR] 
[NR-eGR] Layer group 1: route 10769 net(s) in layer range [2, 10]
[NR-eGR] Early Global Route overflow of layer group 1: 0.00% H + 0.02% V. EstWL: 9.891980e+04um
[NR-eGR] Congestion Analysis By layer: (blocked Gcells are excluded) 
[NR-eGR]                        OverCon            
[NR-eGR]                         #Gcell     %Gcell
[NR-eGR]       Layer                (2)    OverCon 
[NR-eGR] ----------------------------------------------
[NR-eGR]  metal1  (1)         0( 0.00%)   ( 0.00%) 
[NR-eGR]  metal2  (2)         2( 0.01%)   ( 0.01%) 
[NR-eGR]  metal3  (3)         0( 0.00%)   ( 0.00%) 
[NR-eGR]  metal4  (4)         1( 0.01%)   ( 0.01%) 
[NR-eGR]  metal5  (5)         0( 0.00%)   ( 0.00%) 
[NR-eGR]  metal6  (6)         0( 0.00%)   ( 0.00%) 
[NR-eGR]  metal7  (7)         0( 0.00%)   ( 0.00%) 
[NR-eGR]  metal8  (8)         0( 0.00%)   ( 0.00%) 
[NR-eGR]  metal9  (9)         0( 0.00%)   ( 0.00%) 
[NR-eGR] metal10 (10)         0( 0.00%)   ( 0.00%) 
[NR-eGR] ----------------------------------------------
[NR-eGR] Total                3( 0.00%)   ( 0.00%) 
[NR-eGR] 
[NR-eGR] Overflow after Early Global Route (GR compatible) 0.00% H + 0.00% V
[NR-eGR] Overflow after Early Global Route 0.00% H + 0.00% V
[NR-eGR] Started Export DB wires ( Curr Mem: 1449.71 MB )
[NR-eGR] Started Export all nets ( Curr Mem: 1449.71 MB )
[NR-eGR] Finished Export all nets ( CPU: 0.11 sec, Real: 0.22 sec, Curr Mem: 1449.71 MB )
[NR-eGR] Started Set wire vias ( Curr Mem: 1449.71 MB )
[NR-eGR] Finished Set wire vias ( CPU: 0.03 sec, Real: 0.06 sec, Curr Mem: 1449.71 MB )
[NR-eGR] Finished Export DB wires ( CPU: 0.15 sec, Real: 0.30 sec, Curr Mem: 1449.71 MB )
[NR-eGR] --------------------------------------------------------------------------
[NR-eGR] metal1  (1F) length: 0.000000e+00um, number of vias: 34177
[NR-eGR] metal2  (2V) length: 2.559174e+04um, number of vias: 40904
[NR-eGR] metal3  (3H) length: 4.664090e+04um, number of vias: 14469
[NR-eGR] metal4  (4V) length: 2.255049e+04um, number of vias: 1353
[NR-eGR] metal5  (5H) length: 4.589740e+03um, number of vias: 1127
[NR-eGR] metal6  (6V) length: 7.504400e+03um, number of vias: 32
[NR-eGR] metal7  (7H) length: 1.432500e+02um, number of vias: 15
[NR-eGR] metal8  (8V) length: 2.149200e+02um, number of vias: 2
[NR-eGR] metal9  (9H) length: 3.380000e+00um, number of vias: 0
[NR-eGR] metal10 (10V) length: 0.000000e+00um, number of vias: 0
[NR-eGR] Total length: 1.072388e+05um, number of vias: 92079
[NR-eGR] --------------------------------------------------------------------------
[NR-eGR] Total eGR-routed clock nets wire length: 0.000000e+00um 
[NR-eGR] --------------------------------------------------------------------------
[NR-eGR] Finished Early Global Route kernel ( CPU: 0.98 sec, Real: 1.35 sec, Curr Mem: 1432.20 MB )
Extraction called for design 'FIR_UNF' of instances=8689 and nets=10988 using extraction engine 'preRoute' .
PreRoute RC Extraction called for design FIR_UNF.
RC Extraction called in multi-corner(1) mode.
RCMode: PreRoute
      RC Corner Indexes            0   
Capacitance Scaling Factor   : 1.00000 
Resistance Scaling Factor    : 1.00000 
Clock Cap. Scaling Factor    : 1.00000 
Clock Res. Scaling Factor    : 1.00000 
Shrink Factor                : 1.00000
PreRoute extraction is honoring NDR/Shielding/ExtraSpace for clock nets.
Using capacitance table file ...
Updating RC grid for preRoute extraction ...
Initializing multi-corner capacitance tables ... 
Initializing multi-corner resistance tables ...
PreRoute RC Extraction DONE (CPU Time: 0:00:00.5  Real Time: 0:00:00.0  MEM: 1430.195M)
Compute RC Scale Done ...
[hotspot] +------------+---------------+---------------+
[hotspot] |            |   max hotspot | total hotspot |
[hotspot] +------------+---------------+---------------+
[hotspot] | normalized |          0.00 |          0.00 |
[hotspot] +------------+---------------+---------------+
Local HotSpot Analysis: normalized max congestion hotspot area = 0.00, normalized total congestion hotspot area = 0.00 (area is in unit of 4 std-cell row bins)
#################################################################################
# Design Stage: PreRoute
# Design Name: FIR_UNF
# Design Mode: 45nm
# Analysis Mode: MMMC Non-OCV 
# Parasitics Mode: No SPEF/RCDB 
# Signoff Settings: SI Off 
#################################################################################
Calculate delays in Single mode...
Start delay calculation (fullDC) (1 T). (MEM=1424.21)
Total number of fetched objects 11033
End delay calculation. (MEM=1452.15 CPU=0:00:08.1 REAL=0:00:09.0)
End delay calculation (fullDC). (MEM=1452.15 CPU=0:00:09.3 REAL=0:00:10.0)
Begin: GigaOpt postEco DRV Optimization
Info: 19 nets with fixed/cover wires excluded.
Info: 19 clock nets excluded from IPO operation.
*** DrvOpt [begin] : cpu/real = 0:00:00.0/0:00:00.0 (0.0), totSession cpu/real = 0:35:59.0/3:01:01.7 (0.2), mem = 1452.2M
+-------------------------------------------------------------------------------------------------------------------------------------------------------+
|        max-tran       |        max-cap        |  max-fanout |  max-length |       setup       |        |        |        |       |          |         |
+-------------------------------------------------------------------------------------------------------------------------------------------------------+
| nets | terms|  wViol  | nets | terms|  wViol  | nets | terms| nets | terms|   WNS   |   TNS   |  #Buf  |  #Inv  | #Resize|Density|   Real   |   Mem   |
+-------------------------------------------------------------------------------------------------------------------------------------------------------+
|     0|     0|     0.00|     0|     0|     0.00|     0|     0|     0|     0|     3.83|     0.00|       0|       0|       0|  57.02|          |         |
|     0|     0|     0.00|     0|     0|     0.00|     0|     0|     0|     0|     3.83|     0.00|       0|       0|       0|  57.02| 0:00:00.0|  1503.2M|
+-------------------------------------------------------------------------------------------------------------------------------------------------------+
Bottom Preferred Layer:
+---------------+------------+----------+
|     Layer     |    CLK     |   Rule   |
+---------------+------------+----------+
| metal3 (z=3)  |         19 | default  |
+---------------+------------+----------+
Via Pillar Rule:
    None

*** Finish DRV Fixing (cpu=0:00:00.5 real=0:00:01.0 mem=1503.2M) ***

*** DrvOpt [finish] : cpu/real = 0:00:06.1/0:00:06.4 (0.9), totSession cpu/real = 0:36:05.1/3:01:08.1 (0.2), mem = 1484.2M
End: GigaOpt postEco DRV Optimization
Running refinePlace -preserveRouting true -hardFence false
*** Starting refinePlace (0:36:05 mem=1484.2M) ***

Starting Small incrNP...
Density distribution unevenness ratio = 19.650%
Skipped incrNP (cpu=0:00:00.0, real=0:00:00.0, mem=1484.2M)
End of Small incrNP (cpu=0:00:00.0, real=0:00:00.0)
Move report: Detail placement moves 0 insts, mean move: 0.00 um, max move: 0.00 um
	Runtime: CPU: 0:00:00.4 REAL: 0:00:00.0 MEM: 1484.2MB
Summary Report:
Instances move: 0 (out of 8671 movable)
Instances flipped: 0
Mean displacement: 0.00 um
Max displacement: 0.00 um 
Runtime: CPU: 0:00:00.5 REAL: 0:00:00.0 MEM: 1484.2MB
*** Finished refinePlace (0:36:06 mem=1484.2M) ***

Active setup views:
 MyAnView
  Dominating endpoints: 0
  Dominating TNS: -0.000

Extraction called for design 'FIR_UNF' of instances=8689 and nets=10988 using extraction engine 'preRoute' .
PreRoute RC Extraction called for design FIR_UNF.
RC Extraction called in multi-corner(1) mode.
RCMode: PreRoute
      RC Corner Indexes            0   
Capacitance Scaling Factor   : 1.00000 
Resistance Scaling Factor    : 1.00000 
Clock Cap. Scaling Factor    : 1.00000 
Clock Res. Scaling Factor    : 1.00000 
Shrink Factor                : 1.00000
PreRoute extraction is honoring NDR/Shielding/ExtraSpace for clock nets.
Using capacitance table file ...
Updating RC grid for preRoute extraction ...
Initializing multi-corner capacitance tables ... 
Initializing multi-corner resistance tables ...
PreRoute RC Extraction DONE (CPU Time: 0:00:00.6  Real Time: 0:00:00.0  MEM: 1423.645M)
Starting delay calculation for Setup views
#################################################################################
# Design Stage: PreRoute
# Design Name: FIR_UNF
# Design Mode: 45nm
# Analysis Mode: MMMC Non-OCV 
# Parasitics Mode: No SPEF/RCDB 
# Signoff Settings: SI Off 
#################################################################################
Calculate delays in Single mode...
Start delay calculation (fullDC) (1 T). (MEM=1425.66)
Total number of fetched objects 11033
End delay calculation. (MEM=1452.86 CPU=0:00:07.4 REAL=0:00:07.0)
End delay calculation (fullDC). (MEM=1452.86 CPU=0:00:08.6 REAL=0:00:08.0)
*** Done Building Timing Graph (cpu=0:00:10.3 real=0:00:11.0 totSessionCpu=0:36:17 mem=1452.9M)
Reported timing to dir ./timingReports
**optDesign ... cpu = 0:01:25, real = 0:01:29, mem = 1189.8M, totSessionCpu=0:36:17 **

------------------------------------------------------------
     optDesign Final Summary                             
------------------------------------------------------------

Setup views included:
 MyAnView 

+--------------------+---------+---------+---------+---------+
|     Setup mode     |   all   | reg2reg |reg2cgate| default |
+--------------------+---------+---------+---------+---------+
|           WNS (ns):|  3.827  |  3.841  |   N/A   |  3.827  |
|           TNS (ns):|  0.000  |  0.000  |   N/A   |  0.000  |
|    Violating Paths:|    0    |    0    |   N/A   |    0    |
|          All Paths:|   363   |   134   |   N/A   |   253   |
+--------------------+---------+---------+---------+---------+

+----------------+-------------------------------+------------------+
|                |              Real             |       Total      |
|    DRVs        +------------------+------------+------------------|
|                |  Nr nets(terms)  | Worst Vio  |  Nr nets(terms)  |
+----------------+------------------+------------+------------------+
|   max_cap      |      0 (0)       |   0.000    |      0 (0)       |
|   max_tran     |      0 (0)       |   0.000    |      0 (0)       |
|   max_fanout   |      0 (0)       |     0      |      0 (0)       |
|   max_length   |      0 (0)       |     0      |      0 (0)       |
+----------------+------------------+------------+------------------+

Density: 57.023%
Routing Overflow: 0.00% H and 0.00% V
------------------------------------------------------------
**optDesign ... cpu = 0:01:26, real = 0:01:37, mem = 1191.1M, totSessionCpu=0:36:18 **
*** Finished optDesign ***
Info: Destroy the CCOpt slew target map.
Set place::cacheFPlanSiteMark to 0

*** Summary of all messages that are not suppressed in this session:
Severity  ID               Count  Summary                                  
WARNING   IMPDBTCL-200         1  %s                                       
WARNING   IMPSP-9025           1  No scan chain specified/traced.          
WARNING   IMPCCOPT-1361        3  Routing configuration for %s nets in clo...
WARNING   IMPCCOPT-1184        1  The library has no usable balanced %ss f...
WARNING   IMPTCM-77            1  Option "%s" for command %s is obsolete a...
*** Message Summary: 7 warning(s), 0 error(s)

#% End ccopt_design (date=11/01 22:01:38, total cpu=0:01:57, real=0:02:14, peak res=1211.2M, current mem=1108.2M)
<CMD> report_ccopt_skew_groups
Clock tree timing engine global stage delay update for my_delay:both.early...
Clock tree timing engine global stage delay update for my_delay:both.early done. (took cpu=0:00:00.1 real=0:00:00.1)
Clock tree timing engine global stage delay update for my_delay:both.late...
Clock tree timing engine global stage delay update for my_delay:both.late done. (took cpu=0:00:00.0 real=0:00:00.0)

Skew Group Structure:
=====================

-----------------------------------------------------------------
Skew Group    Sources    Constrained Sinks    Unconstrained Sinks
-----------------------------------------------------------------
MY_CLK           1              177                   11
-----------------------------------------------------------------

Skew Group Summary:
===================

----------------------------------------------------------------------------------------------------------------------------------------------------------------
Timing Corner          Skew Group    ID Target    Min ID    Max ID    Avg ID    Std.Dev. ID    Skew Target Type    Skew Target    Skew     Skew window occupancy
----------------------------------------------------------------------------------------------------------------------------------------------------------------
my_delay:both.early    MY_CLK            -        0.038     0.044     0.041        0.002       ignored                  -         0.006              -
my_delay:both.late     MY_CLK        none         0.038     0.043     0.041        0.002       explicit             0.500         0.006    100% {0.038, 0.043}
----------------------------------------------------------------------------------------------------------------------------------------------------------------

* - indicates that target was not met.

Skew Group Min/Max path pins:
=============================

-------------------------------------------------------------------------
Timing Corner          Skew Group    Min ID    PathID    Max ID    PathID
-------------------------------------------------------------------------
my_delay:both.early    MY_CLK        0.038       1       0.044       2
-    min DIN3k_REG_Dout_reg_10_/CK
-    max DOUT3k2_REG_Dout_reg_8_/CK
my_delay:both.late     MY_CLK        0.038       3       0.043       4
-    min DIN3k_REG_Dout_reg_10_/CK
-    max DOUT3k2_REG_Dout_reg_10_/CK
-------------------------------------------------------------------------

Timing for timing corner my_delay:both.early, min clock_path:
=============================================================

PathID    : 1
Path type : skew group MY_CLK (path 1 of 1)
Start     : clk
End       : DIN3k_REG_Dout_reg_10_/CK
Delay     : 0.038

----------------------------------------------------------------------------------------------------
Name  Lib cell       Event  Incr   Arrival  Slew   Cap     Location         Distance  Fanout  Status
                            (ns)   (ns)     (ns)   (fF)                     (um)              
-- Clockpath trace ---------------------------------------------------------------------------------
clk
-     -              rise   -       0.000   0.002  80.877  (0.000,93.730)   -           18    
DIN3k_REG_clk_gate_Dout_reg/latch/CK
-     CLKGATETST_X2  rise   0.002   0.002   0.003  -       (20.990,96.565)   23.825   -       
DIN3k_REG_clk_gate_Dout_reg/latch/GCK
-     CLKGATETST_X2  rise   0.036   0.038   0.018  13.769  (21.330,96.190)    0.715     11    
DIN3k_REG_Dout_reg_10_/CK
-     DFFR_X1        rise   0.000   0.038   0.018  -       (18.035,95.620)    3.865   -       
----------------------------------------------------------------------------------------------------

Timing for timing corner my_delay:both.early, max clock_path:
=============================================================

PathID    : 2
Path type : skew group MY_CLK (path 1 of 1)
Start     : clk
End       : DOUT3k2_REG_Dout_reg_5_/CK
Delay     : 0.044

----------------------------------------------------------------------------------------------------
Name  Lib cell       Event  Incr   Arrival  Slew   Cap     Location         Distance  Fanout  Status
                            (ns)   (ns)     (ns)   (fF)                     (um)              
-- Clockpath trace ---------------------------------------------------------------------------------
clk
-     -              rise   -       0.000   0.002  80.877  (0.000,93.730)   -           18    
DOUT3k2_REG_clk_gate_Dout_reg/latch/CK
-     CLKGATETST_X2  rise   0.005   0.005   0.005  -       (86.160,60.165)  119.725   -       
DOUT3k2_REG_clk_gate_Dout_reg/latch/GCK
-     CLKGATETST_X2  rise   0.037   0.043   0.018  14.465  (86.500,59.790)    0.715     11    
DOUT3k2_REG_Dout_reg_5_/CK
-     DFFR_X1        rise   0.001   0.044   0.018  -       (72.755,54.460)   19.075   -       
----------------------------------------------------------------------------------------------------

Timing for timing corner my_delay:both.late, min clock_path:
============================================================

PathID    : 3
Path type : skew group MY_CLK (path 1 of 1)
Start     : clk
End       : DIN3k_REG_Dout_reg_10_/CK
Delay     : 0.038

----------------------------------------------------------------------------------------------------
Name  Lib cell       Event  Incr   Arrival  Slew   Cap     Location         Distance  Fanout  Status
                            (ns)   (ns)     (ns)   (fF)                     (um)              
-- Clockpath trace ---------------------------------------------------------------------------------
clk
-     -              rise   -       0.000   0.002  80.877  (0.000,93.730)   -           18    
DIN3k_REG_clk_gate_Dout_reg/latch/CK
-     CLKGATETST_X2  rise   0.002   0.002   0.003  -       (20.990,96.565)   23.825   -       
DIN3k_REG_clk_gate_Dout_reg/latch/GCK
-     CLKGATETST_X2  rise   0.036   0.038   0.018  13.769  (21.330,96.190)    0.715     11    
DIN3k_REG_Dout_reg_10_/CK
-     DFFR_X1        rise   0.000   0.038   0.018  -       (18.035,95.620)    3.865   -       
----------------------------------------------------------------------------------------------------

Timing for timing corner my_delay:both.late, max clock_path:
============================================================

PathID    : 4
Path type : skew group MY_CLK (path 1 of 1)
Start     : clk
End       : DOUT3k2_REG_Dout_reg_5_/CK
Delay     : 0.043

----------------------------------------------------------------------------------------------------
Name  Lib cell       Event  Incr   Arrival  Slew   Cap     Location         Distance  Fanout  Status
                            (ns)   (ns)     (ns)   (fF)                     (um)              
-- Clockpath trace ---------------------------------------------------------------------------------
clk
-     -              rise   -       0.000   0.002  80.877  (0.000,93.730)   -           18    
DOUT3k2_REG_clk_gate_Dout_reg/latch/CK
-     CLKGATETST_X2  rise   0.005   0.005   0.005  -       (86.160,60.165)  119.725   -       
DOUT3k2_REG_clk_gate_Dout_reg/latch/GCK
-     CLKGATETST_X2  rise   0.037   0.043   0.018  14.465  (86.500,59.790)    0.715     11    
DOUT3k2_REG_Dout_reg_5_/CK
-     DFFR_X1        rise   0.001   0.043   0.018  -       (72.755,54.460)   19.075   -       
----------------------------------------------------------------------------------------------------


<CMD> setOptMode -fixCap true -fixTran true -fixFanoutLoad false
<CMD> optDesign -postCTS
**optDesign ... cpu = 0:00:00, real = 0:00:00, mem = 1108.3M, totSessionCpu=0:36:25 **
**INFO: User settings:
setDesignMode -process                              45
setExtractRCMode -coupling_c_th                     0.1
setExtractRCMode -engine                            preRoute
setExtractRCMode -relative_c_th                     1
setExtractRCMode -total_c_th                        0
setUsefulSkewMode -ecoRoute                         false
setUsefulSkewMode -maxAllowedDelay                  1
setUsefulSkewMode -maxSkew                          false
setUsefulSkewMode -noBoundary                       false
setUsefulSkewMode -useCells                         {BUF_X1 BUF_X2 BUF_X4 BUF_X8 BUF_X16 BUF_X32 CLKBUF_X1 CLKBUF_X2 CLKBUF_X3 INV_X1 INV_X2 INV_X4 INV_X8 INV_X16 INV_X32}
setDelayCalMode -enable_high_fanout                 true
setDelayCalMode -eng_copyNetPropToNewNet            true
setDelayCalMode -engine                             aae
setDelayCalMode -ignoreNetLoad                      false
setOptMode -activeSetupViews                        { MyAnView }
setOptMode -autoSetupViews                          { MyAnView}
setOptMode -autoTDGRSetupViews                      { MyAnView}
setOptMode -drcMargin                               0
setOptMode -fixCap                                  true
setOptMode -fixDrc                                  true
setOptMode -fixFanoutLoad                           false
setOptMode -fixTran                                 true
setOptMode -optimizeFF                              true
setOptMode -preserveAllSequential                   false
setOptMode -setupTargetSlack                        0
setPlaceMode -place_design_floorplan_mode           false
setPlaceMode -place_detail_check_route              false
setPlaceMode -place_detail_preserve_routing         true
setPlaceMode -place_detail_remove_affected_routing  false
setPlaceMode -place_detail_swap_eeq_cells           false
setPlaceMode -place_global_clock_gate_aware         true
setPlaceMode -place_global_cong_effort              auto
setPlaceMode -place_global_ignore_scan              true
setPlaceMode -place_global_ignore_spare             false
setPlaceMode -place_global_module_aware_spare       false
setPlaceMode -place_global_place_io_pins            true
setPlaceMode -place_global_reorder_scan             true
setPlaceMode -powerDriven                           false
setPlaceMode -timingDriven                          true
setAnalysisMode -analysisType                       single
setAnalysisMode -checkType                          setup
setAnalysisMode -clkSrcPath                         true
setAnalysisMode -clockPropagation                   sdcControl
setAnalysisMode -usefulSkew                         true
setAnalysisMode -virtualIPO                         false
setRouteMode -earlyGlobalHonorMsvRouteConstraint    false
setRouteMode -earlyGlobalRoutePartitionPinGuide     true

**INFO: setDesignMode -flowEffort standard -> setting 'setOptMode -allEndPoints true' for the duration of this command.
Need call spDPlaceInit before registerPrioInstLoc.
GigaOpt running with 1 threads.
**optDesign ... cpu = 0:00:03, real = 0:00:03, mem = 1114.1M, totSessionCpu=0:36:28 **
*** optDesign -postCTS ***
DRC Margin: user margin 0.0; extra margin 0.2
Hold Target Slack: user slack 0
Setup Target Slack: user slack 0; extra slack 0.0
setUsefulSkewMode -ecoRoute false
Multi-VT timing optimization disabled based on library information.
Start to check current routing status for nets...
All nets are already routed correctly.
End to check current routing status for nets (mem=1371.8M)
Compute RC Scale Done ...

------------------------------------------------------------
             Initial Summary                             
------------------------------------------------------------

Setup views included:
 MyAnView 

+--------------------+---------+---------+---------+---------+
|     Setup mode     |   all   | reg2reg |reg2cgate| default |
+--------------------+---------+---------+---------+---------+
|           WNS (ns):|  3.827  |  3.841  |   N/A   |  3.827  |
|           TNS (ns):|  0.000  |  0.000  |   N/A   |  0.000  |
|    Violating Paths:|    0    |    0    |   N/A   |    0    |
|          All Paths:|   363   |   134   |   N/A   |   253   |
+--------------------+---------+---------+---------+---------+

+----------------+-------------------------------+------------------+
|                |              Real             |       Total      |
|    DRVs        +------------------+------------+------------------|
|                |  Nr nets(terms)  | Worst Vio  |  Nr nets(terms)  |
+----------------+------------------+------------+------------------+
|   max_cap      |      0 (0)       |   0.000    |      0 (0)       |
|   max_tran     |      0 (0)       |   0.000    |      0 (0)       |
|   max_fanout   |      0 (0)       |     0      |      0 (0)       |
|   max_length   |      0 (0)       |     0      |      0 (0)       |
+----------------+------------------+------------+------------------+

Density: 57.023%
------------------------------------------------------------
**optDesign ... cpu = 0:00:06, real = 0:00:07, mem = 1188.7M, totSessionCpu=0:36:32 **
** INFO : this run is activating low effort ccoptDesign flow
*** Starting optimizing excluded clock nets MEM= 1433.3M) ***
*info: No excluded clock nets to be optimized.
*** Finished optimizing excluded clock nets (CPU Time= 0:00:00.0  MEM= 1433.3M) ***
*** Starting optimizing excluded clock nets MEM= 1433.3M) ***
*info: No excluded clock nets to be optimized.
*** Finished optimizing excluded clock nets (CPU Time= 0:00:00.0  MEM= 1433.3M) ***
Info: Done creating the CCOpt slew target map.
Begin: GigaOpt high fanout net optimization
Info: 19 nets with fixed/cover wires excluded.
Info: 19 clock nets excluded from IPO operation.
*** DrvOpt [begin] : cpu/real = 0:00:00.0/0:00:00.0 (0.0), totSession cpu/real = 0:36:32.9/3:02:19.3 (0.2), mem = 1433.3M
*** DrvOpt [finish] : cpu/real = 0:00:05.7/0:00:05.9 (1.0), totSession cpu/real = 0:36:38.6/3:02:25.2 (0.2), mem = 1441.3M
End: GigaOpt high fanout net optimization
Begin: GigaOpt Global Optimization
*info: use new DP (enabled)
Info: 19 nets with fixed/cover wires excluded.
Info: 19 clock nets excluded from IPO operation.
*** SetupOpt [begin] : cpu/real = 0:00:00.0/0:00:00.0 (0.0), totSession cpu/real = 0:36:38.9/3:02:25.6 (0.2), mem = 1441.3M
*info: 19 clock nets excluded
*info: 2 special nets excluded.
*info: 188 no-driver nets excluded.
*info: 19 nets with fixed/cover wires excluded.
** GigaOpt Global Opt WNS Slack 0.000  TNS Slack 0.000 
+--------+--------+----------+------------+--------+----------+---------+---------------------------------------+
|  WNS   |  TNS   | Density  |    Real    |  Mem   |Worst View|Pathgroup|               End Point               |
+--------+--------+----------+------------+--------+----------+---------+---------------------------------------+
|   0.000|   0.000|    57.02%|   0:00:00.0| 1460.4M|  MyAnView|       NA| NA                                    |
+--------+--------+----------+------------+--------+----------+---------+---------------------------------------+

*** Finish post-CTS Global Setup Fixing (cpu=0:00:00.1 real=0:00:00.0 mem=1460.4M) ***

*** Finish post-CTS Setup Fixing (cpu=0:00:00.1 real=0:00:00.0 mem=1460.4M) ***
Bottom Preferred Layer:
+---------------+------------+----------+
|     Layer     |    CLK     |   Rule   |
+---------------+------------+----------+
| metal3 (z=3)  |         19 | default  |
+---------------+------------+----------+
Via Pillar Rule:
    None
** GigaOpt Global Opt End WNS Slack 0.000  TNS Slack 0.000 
*** SetupOpt [finish] : cpu/real = 0:00:09.9/0:00:10.4 (1.0), totSession cpu/real = 0:36:48.9/3:02:36.0 (0.2), mem = 1441.3M
End: GigaOpt Global Optimization
*** Timing Is met
*** Check timing (0:00:00.0)
Info: 19 nets with fixed/cover wires excluded.
Info: 19 clock nets excluded from IPO operation.
Info: 19 nets with fixed/cover wires excluded.
Info: 19 clock nets excluded from IPO operation.
Begin: Area Reclaim Optimization
*** AreaOpt [begin] : cpu/real = 0:00:00.0/0:00:00.0 (0.0), totSession cpu/real = 0:36:50.2/3:02:37.4 (0.2), mem = 1458.4M
Usable buffer cells for single buffer setup transform:
CLKBUF_X1 BUF_X1 CLKBUF_X2 BUF_X2 CLKBUF_X3 BUF_X4 BUF_X8 BUF_X16 BUF_X32 
Number of usable buffer cells above: 9
Reclaim Optimization WNS Slack 0.020  TNS Slack 0.000 Density 57.02
+----------+---------+--------+--------+------------+--------+
| Density  | Commits |  WNS   |  TNS   |    Real    |  Mem   |
+----------+---------+--------+--------+------------+--------+
|    57.02%|        -|   0.020|   0.000|   0:00:00.0| 1458.4M|
|    57.01%|       13|   0.020|   0.000|   0:00:05.0| 1501.0M|
|    57.01%|        0|   0.020|   0.000|   0:00:00.0| 1501.0M|
|    57.01%|        0|   0.020|   0.000|   0:00:01.0| 1501.0M|
|    57.01%|        0|   0.020|   0.000|   0:00:01.0| 1501.0M|
|    57.01%|        0|   0.020|   0.000|   0:00:00.0| 1501.0M|
+----------+---------+--------+--------+------------+--------+
Reclaim Optimization End WNS Slack 0.020  TNS Slack 0.000 Density 57.01
Bottom Preferred Layer:
+---------------+------------+----------+
|     Layer     |    CLK     |   Rule   |
+---------------+------------+----------+
| metal3 (z=3)  |         19 | default  |
+---------------+------------+----------+
Via Pillar Rule:
    None
End: Core Area Reclaim Optimization (cpu = 0:00:08.3) (real = 0:00:09.0) **
*** Starting refinePlace (0:36:58 mem=1501.0M) ***
Total net bbox length = 8.770e+04 (4.329e+04 4.441e+04) (ext = 3.827e+03)
Move report: Detail placement moves 0 insts, mean move: 0.00 um, max move: 0.00 um
	Runtime: CPU: 0:00:00.4 REAL: 0:00:00.0 MEM: 1501.0MB
Summary Report:
Instances move: 0 (out of 8671 movable)
Instances flipped: 0
Mean displacement: 0.00 um
Max displacement: 0.00 um 
Total net bbox length = 8.770e+04 (4.329e+04 4.441e+04) (ext = 3.827e+03)
Runtime: CPU: 0:00:00.4 REAL: 0:00:00.0 MEM: 1501.0MB
*** Finished refinePlace (0:36:59 mem=1501.0M) ***
*** maximum move = 0.00 um ***
*** Finished re-routing un-routed nets (1501.0M) ***

*** Finish Physical Update (cpu=0:00:00.9 real=0:00:01.0 mem=1501.0M) ***
*** AreaOpt [finish] : cpu/real = 0:00:08.7/0:00:08.9 (1.0), totSession cpu/real = 0:36:58.9/3:02:46.3 (0.2), mem = 1501.0M
End: Area Reclaim Optimization (cpu=0:00:09, real=0:00:10, mem=1441.95M, totSessionCpu=0:36:59).
[NR-eGR] Track table information for default rule: 
[NR-eGR] metal1 has no routable track
[NR-eGR] metal2 has single uniform track structure
[NR-eGR] metal3 has single uniform track structure
[NR-eGR] metal4 has single uniform track structure
[NR-eGR] metal5 has single uniform track structure
[NR-eGR] metal6 has single uniform track structure
[NR-eGR] metal7 has single uniform track structure
[NR-eGR] metal8 has single uniform track structure
[NR-eGR] metal9 has single uniform track structure
[NR-eGR] metal10 has single uniform track structure
[NR-eGR] Read 266 PG shapes
[NR-eGR] #Routing Blockages  : 0
[NR-eGR] #Instance Blockages : 0
[NR-eGR] #PG Blockages       : 266
[NR-eGR] #Halo Blockages     : 0
[NR-eGR] #Boundary Blockages : 0
[NR-eGR] Num Prerouted Nets = 19  Num Prerouted Wires = 633
[NR-eGR] Read numTotalNets=10788  numIgnoredNets=19
[NR-eGR] ============ Routing rule table ============
[NR-eGR] Rule id: 0  Nets: 0 
[NR-eGR] Rule id: 1  Nets: 10769 
[NR-eGR] ========================================
[NR-eGR] 
[NR-eGR] Layer group 1: route 10769 net(s) in layer range [2, 10]
[NR-eGR] Early Global Route overflow of layer group 1: 0.00% H + 0.02% V. EstWL: 9.892120e+04um
[NR-eGR] Congestion Analysis By layer: (blocked Gcells are excluded) 
[NR-eGR]                        OverCon            
[NR-eGR]                         #Gcell     %Gcell
[NR-eGR]       Layer                (2)    OverCon 
[NR-eGR] ----------------------------------------------
[NR-eGR]  metal1  (1)         0( 0.00%)   ( 0.00%) 
[NR-eGR]  metal2  (2)         2( 0.01%)   ( 0.01%) 
[NR-eGR]  metal3  (3)         0( 0.00%)   ( 0.00%) 
[NR-eGR]  metal4  (4)         1( 0.01%)   ( 0.01%) 
[NR-eGR]  metal5  (5)         0( 0.00%)   ( 0.00%) 
[NR-eGR]  metal6  (6)         0( 0.00%)   ( 0.00%) 
[NR-eGR]  metal7  (7)         0( 0.00%)   ( 0.00%) 
[NR-eGR]  metal8  (8)         0( 0.00%)   ( 0.00%) 
[NR-eGR]  metal9  (9)         0( 0.00%)   ( 0.00%) 
[NR-eGR] metal10 (10)         0( 0.00%)   ( 0.00%) 
[NR-eGR] ----------------------------------------------
[NR-eGR] Total                3( 0.00%)   ( 0.00%) 
[NR-eGR] 
[NR-eGR] Overflow after Early Global Route (GR compatible) 0.00% H + 0.00% V
[NR-eGR] Overflow after Early Global Route 0.00% H + 0.00% V
[NR-eGR] Started Export DB wires ( Curr Mem: 1448.46 MB )
[NR-eGR] Started Export all nets ( Curr Mem: 1448.46 MB )
[NR-eGR] Finished Export all nets ( CPU: 0.12 sec, Real: 0.12 sec, Curr Mem: 1448.46 MB )
[NR-eGR] Started Set wire vias ( Curr Mem: 1448.46 MB )
[NR-eGR] Finished Set wire vias ( CPU: 0.02 sec, Real: 0.03 sec, Curr Mem: 1448.46 MB )
[NR-eGR] Finished Export DB wires ( CPU: 0.14 sec, Real: 0.15 sec, Curr Mem: 1448.46 MB )
[NR-eGR] --------------------------------------------------------------------------
[NR-eGR] metal1  (1F) length: 0.000000e+00um, number of vias: 34164
[NR-eGR] metal2  (2V) length: 2.558245e+04um, number of vias: 40944
[NR-eGR] metal3  (3H) length: 4.682086e+04um, number of vias: 14444
[NR-eGR] metal4  (4V) length: 2.268039e+04um, number of vias: 1348
[NR-eGR] metal5  (5H) length: 4.430175e+03um, number of vias: 1121
[NR-eGR] metal6  (6V) length: 7.442905e+03um, number of vias: 30
[NR-eGR] metal7  (7H) length: 1.388800e+02um, number of vias: 13
[NR-eGR] metal8  (8V) length: 1.494000e+02um, number of vias: 2
[NR-eGR] metal9  (9H) length: 3.380000e+00um, number of vias: 0
[NR-eGR] metal10 (10V) length: 0.000000e+00um, number of vias: 0
[NR-eGR] Total length: 1.072484e+05um, number of vias: 92066
[NR-eGR] --------------------------------------------------------------------------
[NR-eGR] Total eGR-routed clock nets wire length: 0.000000e+00um 
[NR-eGR] --------------------------------------------------------------------------
[NR-eGR] Finished Early Global Route kernel ( CPU: 1.06 sec, Real: 1.15 sec, Curr Mem: 1429.94 MB )
Extraction called for design 'FIR_UNF' of instances=8689 and nets=10988 using extraction engine 'preRoute' .
PreRoute RC Extraction called for design FIR_UNF.
RC Extraction called in multi-corner(1) mode.
RCMode: PreRoute
      RC Corner Indexes            0   
Capacitance Scaling Factor   : 1.00000 
Resistance Scaling Factor    : 1.00000 
Clock Cap. Scaling Factor    : 1.00000 
Clock Res. Scaling Factor    : 1.00000 
Shrink Factor                : 1.00000
PreRoute extraction is honoring NDR/Shielding/ExtraSpace for clock nets.
Using capacitance table file ...
Updating RC grid for preRoute extraction ...
Initializing multi-corner capacitance tables ... 
Initializing multi-corner resistance tables ...
PreRoute RC Extraction DONE (CPU Time: 0:00:00.5  Real Time: 0:00:01.0  MEM: 1427.941M)
Compute RC Scale Done ...
[hotspot] +------------+---------------+---------------+
[hotspot] |            |   max hotspot | total hotspot |
[hotspot] +------------+---------------+---------------+
[hotspot] | normalized |          0.00 |          0.00 |
[hotspot] +------------+---------------+---------------+
Local HotSpot Analysis: normalized max congestion hotspot area = 0.00, normalized total congestion hotspot area = 0.00 (area is in unit of 4 std-cell row bins)
#################################################################################
# Design Stage: PreRoute
# Design Name: FIR_UNF
# Design Mode: 45nm
# Analysis Mode: MMMC Non-OCV 
# Parasitics Mode: No SPEF/RCDB 
# Signoff Settings: SI Off 
#################################################################################
Calculate delays in Single mode...
Start delay calculation (fullDC) (1 T). (MEM=1429.96)
Total number of fetched objects 11033
End delay calculation. (MEM=1457.16 CPU=0:00:07.7 REAL=0:00:08.0)
End delay calculation (fullDC). (MEM=1457.16 CPU=0:00:09.0 REAL=0:00:10.0)
Begin: GigaOpt postEco DRV Optimization
Info: 19 nets with fixed/cover wires excluded.
Info: 19 clock nets excluded from IPO operation.
*** DrvOpt [begin] : cpu/real = 0:00:00.0/0:00:00.0 (0.0), totSession cpu/real = 0:37:12.6/3:03:01.2 (0.2), mem = 1457.2M
+-------------------------------------------------------------------------------------------------------------------------------------------------------+
|        max-tran       |        max-cap        |  max-fanout |  max-length |       setup       |        |        |        |       |          |         |
+-------------------------------------------------------------------------------------------------------------------------------------------------------+
| nets | terms|  wViol  | nets | terms|  wViol  | nets | terms| nets | terms|   WNS   |   TNS   |  #Buf  |  #Inv  | #Resize|Density|   Real   |   Mem   |
+-------------------------------------------------------------------------------------------------------------------------------------------------------+
|     0|     0|     0.00|     0|     0|     0.00|     0|     0|     0|     0|     3.83|     0.00|       0|       0|       0|  57.01|          |         |
|     0|     0|     0.00|     0|     0|     0.00|     0|     0|     0|     0|     3.83|     0.00|       0|       0|       0|  57.01| 0:00:00.0|  1508.2M|
+-------------------------------------------------------------------------------------------------------------------------------------------------------+
Bottom Preferred Layer:
+---------------+------------+----------+
|     Layer     |    CLK     |   Rule   |
+---------------+------------+----------+
| metal3 (z=3)  |         19 | default  |
+---------------+------------+----------+
Via Pillar Rule:
    None

*** Finish DRV Fixing (cpu=0:00:00.4 real=0:00:00.0 mem=1508.2M) ***

*** DrvOpt [finish] : cpu/real = 0:00:05.2/0:00:05.5 (0.9), totSession cpu/real = 0:37:17.7/3:03:06.7 (0.2), mem = 1489.2M
End: GigaOpt postEco DRV Optimization
Running refinePlace -preserveRouting true -hardFence false
*** Starting refinePlace (0:37:18 mem=1489.2M) ***

Starting Small incrNP...
Density distribution unevenness ratio = 19.651%
Skipped incrNP (cpu=0:00:00.0, real=0:00:00.0, mem=1489.2M)
End of Small incrNP (cpu=0:00:00.0, real=0:00:00.0)
Move report: Detail placement moves 0 insts, mean move: 0.00 um, max move: 0.00 um
	Runtime: CPU: 0:00:00.4 REAL: 0:00:01.0 MEM: 1489.2MB
Summary Report:
Instances move: 0 (out of 8671 movable)
Instances flipped: 0
Mean displacement: 0.00 um
Max displacement: 0.00 um 
Runtime: CPU: 0:00:00.4 REAL: 0:00:01.0 MEM: 1489.2MB
*** Finished refinePlace (0:37:18 mem=1489.2M) ***

Active setup views:
 MyAnView
  Dominating endpoints: 0
  Dominating TNS: -0.000

Extraction called for design 'FIR_UNF' of instances=8689 and nets=10988 using extraction engine 'preRoute' .
PreRoute RC Extraction called for design FIR_UNF.
RC Extraction called in multi-corner(1) mode.
RCMode: PreRoute
      RC Corner Indexes            0   
Capacitance Scaling Factor   : 1.00000 
Resistance Scaling Factor    : 1.00000 
Clock Cap. Scaling Factor    : 1.00000 
Clock Res. Scaling Factor    : 1.00000 
Shrink Factor                : 1.00000
PreRoute extraction is honoring NDR/Shielding/ExtraSpace for clock nets.
Using capacitance table file ...
Updating RC grid for preRoute extraction ...
Initializing multi-corner capacitance tables ... 
Initializing multi-corner resistance tables ...
PreRoute RC Extraction DONE (CPU Time: 0:00:00.7  Real Time: 0:00:01.0  MEM: 1428.652M)
Starting delay calculation for Setup views
#################################################################################
# Design Stage: PreRoute
# Design Name: FIR_UNF
# Design Mode: 45nm
# Analysis Mode: MMMC Non-OCV 
# Parasitics Mode: No SPEF/RCDB 
# Signoff Settings: SI Off 
#################################################################################
Calculate delays in Single mode...
Start delay calculation (fullDC) (1 T). (MEM=1430.67)
Total number of fetched objects 11033
End delay calculation. (MEM=1457.87 CPU=0:00:07.0 REAL=0:00:07.0)
End delay calculation (fullDC). (MEM=1457.87 CPU=0:00:08.1 REAL=0:00:09.0)
*** Done Building Timing Graph (cpu=0:00:10.0 real=0:00:10.0 totSessionCpu=0:37:29 mem=1457.9M)
Reported timing to dir ./timingReports
**optDesign ... cpu = 0:01:04, real = 0:01:07, mem = 1194.0M, totSessionCpu=0:37:29 **

------------------------------------------------------------
     optDesign Final Summary                             
------------------------------------------------------------

Setup views included:
 MyAnView 

+--------------------+---------+---------+---------+---------+
|     Setup mode     |   all   | reg2reg |reg2cgate| default |
+--------------------+---------+---------+---------+---------+
|           WNS (ns):|  3.826  |  3.840  |   N/A   |  3.826  |
|           TNS (ns):|  0.000  |  0.000  |   N/A   |  0.000  |
|    Violating Paths:|    0    |    0    |   N/A   |    0    |
|          All Paths:|   363   |   134   |   N/A   |   253   |
+--------------------+---------+---------+---------+---------+

+----------------+-------------------------------+------------------+
|                |              Real             |       Total      |
|    DRVs        +------------------+------------+------------------|
|                |  Nr nets(terms)  | Worst Vio  |  Nr nets(terms)  |
+----------------+------------------+------------+------------------+
|   max_cap      |      0 (0)       |   0.000    |      0 (0)       |
|   max_tran     |      0 (0)       |   0.000    |      0 (0)       |
|   max_fanout   |      0 (0)       |     0      |      0 (0)       |
|   max_length   |      0 (0)       |     0      |      0 (0)       |
+----------------+------------------+------------+------------------+

Density: 57.012%
Routing Overflow: 0.00% H and 0.00% V
------------------------------------------------------------
**optDesign ... cpu = 0:01:05, real = 0:01:12, mem = 1195.6M, totSessionCpu=0:37:31 **
*** Finished optDesign ***
Info: Destroy the CCOpt slew target map.
<CMD> optDesign -postCTS -hold
**optDesign ... cpu = 0:00:00, real = 0:00:00, mem = 1112.7M, totSessionCpu=0:37:31 **
**INFO: User settings:
setDesignMode -process                              45
setExtractRCMode -coupling_c_th                     0.1
setExtractRCMode -engine                            preRoute
setExtractRCMode -relative_c_th                     1
setExtractRCMode -total_c_th                        0
setUsefulSkewMode -ecoRoute                         false
setUsefulSkewMode -maxAllowedDelay                  1
setUsefulSkewMode -maxSkew                          false
setUsefulSkewMode -noBoundary                       false
setUsefulSkewMode -useCells                         {BUF_X1 BUF_X2 BUF_X4 BUF_X8 BUF_X16 BUF_X32 CLKBUF_X1 CLKBUF_X2 CLKBUF_X3 INV_X1 INV_X2 INV_X4 INV_X8 INV_X16 INV_X32}
setDelayCalMode -enable_high_fanout                 true
setDelayCalMode -eng_copyNetPropToNewNet            true
setDelayCalMode -engine                             aae
setDelayCalMode -ignoreNetLoad                      false
setOptMode -activeSetupViews                        { MyAnView }
setOptMode -autoSetupViews                          { MyAnView}
setOptMode -autoTDGRSetupViews                      { MyAnView}
setOptMode -drcMargin                               0
setOptMode -fixCap                                  true
setOptMode -fixDrc                                  true
setOptMode -fixFanoutLoad                           false
setOptMode -fixTran                                 true
setOptMode -optimizeFF                              true
setOptMode -preserveAllSequential                   false
setOptMode -setupTargetSlack                        0
setPlaceMode -place_design_floorplan_mode           false
setPlaceMode -place_detail_check_route              false
setPlaceMode -place_detail_preserve_routing         true
setPlaceMode -place_detail_remove_affected_routing  false
setPlaceMode -place_detail_swap_eeq_cells           false
setPlaceMode -place_global_clock_gate_aware         true
setPlaceMode -place_global_cong_effort              auto
setPlaceMode -place_global_ignore_scan              true
setPlaceMode -place_global_ignore_spare             false
setPlaceMode -place_global_module_aware_spare       false
setPlaceMode -place_global_place_io_pins            true
setPlaceMode -place_global_reorder_scan             true
setPlaceMode -powerDriven                           false
setPlaceMode -timingDriven                          true
setAnalysisMode -analysisType                       single
setAnalysisMode -checkType                          setup
setAnalysisMode -clkSrcPath                         true
setAnalysisMode -clockPropagation                   sdcControl
setAnalysisMode -usefulSkew                         true
setAnalysisMode -virtualIPO                         false
setRouteMode -earlyGlobalHonorMsvRouteConstraint    false
setRouteMode -earlyGlobalRoutePartitionPinGuide     true

**INFO: setDesignMode -flowEffort standard -> setting 'setOptMode -allEndPoints true' for the duration of this command.
GigaOpt running with 1 threads.
Need call spDPlaceInit before registerPrioInstLoc.
**optDesign ... cpu = 0:00:01, real = 0:00:01, mem = 1118.0M, totSessionCpu=0:37:32 **
*** optDesign -postCTS ***
DRC Margin: user margin 0.0
Hold Target Slack: user slack 0
Setup Target Slack: user slack 0;
setUsefulSkewMode -ecoRoute false
Start to check current routing status for nets...
All nets are already routed correctly.
End to check current routing status for nets (mem=1376.9M)
Compute RC Scale Done ...
GigaOpt Hold Optimizer is used
Starting initialization (fixHold) cpu=0:00:00.0 real=0:00:00.0 totSessionCpu=0:37:35 mem=1525.3M ***
Running 'saveTimingGraph -compress -file /tmp/innovus_temp_27407_isaserver_isa30_2025_2026_qLKkCd/opt_timing_graph_zMsbDb/timingGraph.tgz -dir /tmp/innovus_temp_27407_isaserver_isa30_2025_2026_qLKkCd/opt_timing_graph_zMsbDb -prefix timingGraph'
Done saveTimingGraph
Starting delay calculation for Hold views
#################################################################################
# Design Stage: PreRoute
# Design Name: FIR_UNF
# Design Mode: 45nm
# Analysis Mode: MMMC Non-OCV 
# Parasitics Mode: No SPEF/RCDB 
# Signoff Settings: SI Off 
#################################################################################
Calculate delays in Single mode...
Start delay calculation (fullDC) (1 T). (MEM=1513.82)
Total number of fetched objects 11033
End delay calculation. (MEM=1493.33 CPU=0:00:07.5 REAL=0:00:08.0)
End delay calculation (fullDC). (MEM=1493.33 CPU=0:00:08.5 REAL=0:00:09.0)
*** Done Building Timing Graph (cpu=0:00:09.2 real=0:00:10.0 totSessionCpu=0:37:48 mem=1493.3M)

Active hold views:
 MyAnView
  Dominating endpoints: 0
  Dominating TNS: -0.000

Done building cte hold timing graph (fixHold) cpu=0:00:13.4 real=0:00:14.0 totSessionCpu=0:37:49 mem=1508.6M ***
Done building hold timer [1 node(s), 0 edge(s), 1 view(s)] (fixHold) cpu=0:00:14.0 real=0:00:15.0 totSessionCpu=0:37:49 mem=1508.6M ***
Running 'restoreTimingGraph -file /tmp/innovus_temp_27407_isaserver_isa30_2025_2026_qLKkCd/opt_timing_graph_zMsbDb/timingGraph.tgz -dir /tmp/innovus_temp_27407_isaserver_isa30_2025_2026_qLKkCd/opt_timing_graph_zMsbDb -prefix timingGraph'
Done restoreTimingGraph
Done building cte setup timing graph (fixHold) cpu=0:00:15.4 real=0:00:17.0 totSessionCpu=0:37:51 mem=1518.6M ***

*Info: minBufDelay = 21.9 ps, libStdDelay = 10.1 ps, minBufSize = 3192000 (3.0)
*Info: worst delay setup view: MyAnView

------------------------------------------------------------
     Hold Opt Initial Summary                             
------------------------------------------------------------

Setup views included:
 MyAnView
Hold views included:
 MyAnView

+--------------------+---------+---------+---------+---------+
|     Setup mode     |   all   | reg2reg |reg2cgate| default |
+--------------------+---------+---------+---------+---------+
|           WNS (ns):|  3.826  |  3.840  |   N/A   |  3.826  |
|           TNS (ns):|  0.000  |  0.000  |   N/A   |  0.000  |
|    Violating Paths:|    0    |    0    |   N/A   |    0    |
|          All Paths:|   363   |   134   |   N/A   |   253   |
+--------------------+---------+---------+---------+---------+

+--------------------+---------+---------+---------+---------+
|     Hold mode      |   all   | reg2reg |reg2cgate| default |
+--------------------+---------+---------+---------+---------+
|           WNS (ns):|  0.022  |  0.022  |   N/A   |  0.000  |
|           TNS (ns):|  0.000  |  0.000  |   N/A   |  0.000  |
|    Violating Paths:|    0    |    0    |   N/A   |    0    |
|          All Paths:|   134   |   134   |   N/A   |    0    |
+--------------------+---------+---------+---------+---------+

+----------------+-------------------------------+------------------+
|                |              Real             |       Total      |
|    DRVs        +------------------+------------+------------------|
|                |  Nr nets(terms)  | Worst Vio  |  Nr nets(terms)  |
+----------------+------------------+------------+------------------+
|   max_cap      |      0 (0)       |   0.000    |      0 (0)       |
|   max_tran     |      0 (0)       |   0.000    |      0 (0)       |
|   max_fanout   |      0 (0)       |     0      |      0 (0)       |
|   max_length   |      0 (0)       |     0      |      0 (0)       |
+----------------+------------------+------------+------------------+

Density: 57.012%
------------------------------------------------------------
**optDesign ... cpu = 0:00:22, real = 0:00:23, mem = 1260.2M, totSessionCpu=0:37:53 **
*** HoldOpt [begin] : cpu/real = 0:00:00.0/0:00:00.0 (0.0), totSession cpu/real = 0:37:53.2/3:03:47.5 (0.2), mem = 1506.6M
*info: Run optDesign holdfix with 1 thread.
Info: 19 nets with fixed/cover wires excluded.
Info: 19 clock nets excluded from IPO operation.
*** Hold timing is met. Hold fixing is not needed 
**INFO: total 0 insts, 0 nets marked don't touch
**INFO: total 0 insts, 0 nets marked don't touch DB property
**INFO: total 0 insts, 0 nets unmarked don't touch

*** HoldOpt [finish] : cpu/real = 0:00:00.2/0:00:00.3 (0.7), totSession cpu/real = 0:37:53.5/3:03:47.8 (0.2), mem = 1506.6M

Active setup views:
 MyAnView
  Dominating endpoints: 0
  Dominating TNS: -0.000

Reported timing to dir ./timingReports
**optDesign ... cpu = 0:00:23, real = 0:00:24, mem = 1262.6M, totSessionCpu=0:37:54 **
Running 'saveTimingGraph -compress -file /tmp/innovus_temp_27407_isaserver_isa30_2025_2026_qLKkCd/opt_timing_graph_3XLtFk/timingGraph.tgz -dir /tmp/innovus_temp_27407_isaserver_isa30_2025_2026_qLKkCd/opt_timing_graph_3XLtFk -prefix timingGraph'
Done saveTimingGraph
Starting delay calculation for Hold views
#################################################################################
# Design Stage: PreRoute
# Design Name: FIR_UNF
# Design Mode: 45nm
# Analysis Mode: MMMC Non-OCV 
# Parasitics Mode: No SPEF/RCDB 
# Signoff Settings: SI Off 
#################################################################################
Calculate delays in Single mode...
Start delay calculation (fullDC) (1 T). (MEM=1525.64)
Total number of fetched objects 11033
End delay calculation. (MEM=1505.89 CPU=0:00:07.5 REAL=0:00:07.0)
End delay calculation (fullDC). (MEM=1505.89 CPU=0:00:08.7 REAL=0:00:09.0)
*** Done Building Timing Graph (cpu=0:00:09.4 real=0:00:10.0 totSessionCpu=0:38:06 mem=1505.9M)
Running 'restoreTimingGraph -file /tmp/innovus_temp_27407_isaserver_isa30_2025_2026_qLKkCd/opt_timing_graph_3XLtFk/timingGraph.tgz -dir /tmp/innovus_temp_27407_isaserver_isa30_2025_2026_qLKkCd/opt_timing_graph_3XLtFk -prefix timingGraph'
Done restoreTimingGraph

------------------------------------------------------------
     optDesign Final Summary                             
------------------------------------------------------------

Setup views included:
 MyAnView 
Hold views included:
 MyAnView

+--------------------+---------+---------+---------+---------+
|     Setup mode     |   all   | reg2reg |reg2cgate| default |
+--------------------+---------+---------+---------+---------+
|           WNS (ns):|  3.826  |  3.840  |   N/A   |  3.826  |
|           TNS (ns):|  0.000  |  0.000  |   N/A   |  0.000  |
|    Violating Paths:|    0    |    0    |   N/A   |    0    |
|          All Paths:|   363   |   134   |   N/A   |   253   |
+--------------------+---------+---------+---------+---------+

+--------------------+---------+---------+---------+---------+
|     Hold mode      |   all   | reg2reg |reg2cgate| default |
+--------------------+---------+---------+---------+---------+
|           WNS (ns):|  0.022  |  0.022  |   N/A   |  0.000  |
|           TNS (ns):|  0.000  |  0.000  |   N/A   |  0.000  |
|    Violating Paths:|    0    |    0    |   N/A   |    0    |
|          All Paths:|   134   |   134   |   N/A   |    0    |
+--------------------+---------+---------+---------+---------+

+----------------+-------------------------------+------------------+
|                |              Real             |       Total      |
|    DRVs        +------------------+------------+------------------|
|                |  Nr nets(terms)  | Worst Vio  |  Nr nets(terms)  |
+----------------+------------------+------------+------------------+
|   max_cap      |      0 (0)       |   0.000    |      0 (0)       |
|   max_tran     |      0 (0)       |   0.000    |      0 (0)       |
|   max_fanout   |      0 (0)       |     0      |      0 (0)       |
|   max_length   |      0 (0)       |     0      |      0 (0)       |
+----------------+------------------+------------+------------------+

Density: 57.012%
Routing Overflow: 0.00% H and 0.00% V
------------------------------------------------------------
**optDesign ... cpu = 0:00:39, real = 0:00:44, mem = 1259.7M, totSessionCpu=0:38:10 **
*** Finished optDesign ***
Info: Destroy the CCOpt slew target map.
<CMD> selectInst j2_addMult1_MULT_mult_18_U479
<CMD> setNanoRouteMode -quiet -routeTopRoutingLayer default
<CMD> setNanoRouteMode -quiet -routeBottomRoutingLayer default
<CMD> setNanoRouteMode -quiet -drouteEndIteration default
**WARN: (IMPTCM-77):	Option "-routeEcoOnlyInLayers" for command getNanoRouteMode is obsolete and will be removed in a future release. The obsolete option still works in this release but to avoid this warning and to ensure compatibility with future releases, remove the obsolete option from your script.
<CMD> setNanoRouteMode -quiet -routeWithTimingDriven false
<CMD> setNanoRouteMode -quiet -routeWithSiDriven false
Running Native NanoRoute ...
<CMD> routeDesign -globalDetail
#routeDesign: cpu time = 00:00:00, elapsed time = 00:00:00, memory = 1179.47 (MB), peak = 1297.33 (MB)
#WARNING (NRIG-96) Selected single pass global detail route "-globalDetail". Clock eco and post optimizations will not be run. See "man NRIG-96" for more details.
**INFO: User settings:
setNanoRouteMode -droutePostRouteSpreadWire                     1
setNanoRouteMode -extractThirdPartyCompatible                   false
setNanoRouteMode -grouteExpTdStdDelay                           10.1
setNanoRouteMode -grouteExpTdUseTifTimingEngineForImportDesign  true
setNanoRouteMode -routeWithSiDriven                             false
setNanoRouteMode -routeWithTimingDriven                         false
setNanoRouteMode -timingEngine                                  {}
setDesignMode -process                                          45
setExtractRCMode -coupling_c_th                                 0.1
setExtractRCMode -engine                                        preRoute
setExtractRCMode -relative_c_th                                 1
setExtractRCMode -total_c_th                                    0
setDelayCalMode -enable_high_fanout                             true
setDelayCalMode -eng_copyNetPropToNewNet                        true
setDelayCalMode -engine                                         aae
setDelayCalMode -ignoreNetLoad                                  false
setSIMode -separate_delta_delay_on_data                         true

#**INFO: setDesignMode -flowEffort standard
#**INFO: multi-cut via swapping will not be performed after routing.
#**INFO: All auto set options tuned by routeDesign will be restored to their original settings on command completion.
Begin checking placement ... (start mem=1431.3M, init mem=1448.1M)
*info: Placed = 8689           (Fixed = 18)
*info: Unplaced = 0           
Placement Density:57.01%(17809/31237)
Placement Density (including fixed std cells):57.01%(17809/31237)
Finished checkPlace (total: cpu=0:00:00.3, real=0:00:00.0; vio checks: cpu=0:00:00.2, real=0:00:00.0; mem=1448.1M)

changeUseClockNetStatus Option :  -noFixedNetWires 
*** Changed status on (19) nets in Clock.
*** End changeUseClockNetStatus (cpu=0:00:00.0, real=0:00:00.0, mem=1448.1M) ***

globalDetailRoute

#Start globalDetailRoute on Sat Nov  1 22:06:03 2025
#
#WARNING (NRIG-1303) Congestion map does not match the GCELL grid, clearing map.
#num needed restored net=0
#need_extraction net=0 (total=10988)
#NanoRoute Version 20.11-s130_1 NR200802-2257/20_11-UB
#Start routing data preparation on Sat Nov  1 22:06:04 2025
#
#Minimum voltage of a net in the design = 0.000.
#Maximum voltage of a net in the design = 1.100.
#Voltage range [0.000 - 1.100] has 10959 nets.
#Voltage range [0.000 - 0.000] has 28 nets.
#Voltage range [1.100 - 1.100] has 1 net.
#Rebuild pin access data for design.
#Initial pin access analysis.
#Detail pin access analysis.
# metal1       H   Track-Pitch = 0.14000    Line-2-Via Pitch = 0.13500
# metal2       V   Track-Pitch = 0.19000    Line-2-Via Pitch = 0.14000
# metal3       H   Track-Pitch = 0.14000    Line-2-Via Pitch = 0.14000
# metal4       V   Track-Pitch = 0.28000    Line-2-Via Pitch = 0.28000
# metal5       H   Track-Pitch = 0.28000    Line-2-Via Pitch = 0.28000
# metal6       V   Track-Pitch = 0.28000    Line-2-Via Pitch = 0.28000
# metal7       H   Track-Pitch = 0.84000    Line-2-Via Pitch = 0.80000
# metal8       V   Track-Pitch = 0.84000    Line-2-Via Pitch = 0.80000
# metal9       H   Track-Pitch = 1.60000    Line-2-Via Pitch = 1.60000
# metal10      V   Track-Pitch = 1.68000    Line-2-Via Pitch = 1.60000
#Monitoring time of adding inner blkg by smac
#cpu time = 00:00:00, elapsed time = 00:00:00, memory = 1180.23 (MB), peak = 1297.33 (MB)
#Regenerating Ggrids automatically.
#Auto generating G-grids with size=15 tracks, using layer metal3's pitch = 0.14000.
#Using automatically generated G-grids.
#Done routing data preparation.
#cpu time = 00:00:01, elapsed time = 00:00:01, memory = 1180.23 (MB), peak = 1297.33 (MB)
#
#Finished routing data preparation on Sat Nov  1 22:06:05 2025
#
#Cpu time = 00:00:01
#Elapsed time = 00:00:01
#Increased memory = 4.17 (MB)
#Total memory = 1180.23 (MB)
#Peak memory = 1297.33 (MB)
#
#
#Start global routing on Sat Nov  1 22:06:05 2025
#
#
#Start global routing initialization on Sat Nov  1 22:06:05 2025
#
#Number of eco nets is 0
#
#Start global routing data preparation on Sat Nov  1 22:06:05 2025
#
#Start routing resource analysis on Sat Nov  1 22:06:05 2025
#
#Routing resource analysis is done on Sat Nov  1 22:06:05 2025
#
#  Resource Analysis:
#
#               Routing  #Avail      #Track     #Total     %Gcell
#  Layer      Direction   Track     Blocked      Gcell    Blocked
#  --------------------------------------------------------------
#  metal1         H        1304          28        7921    61.75%
#  metal2         V         948          38        7921     1.10%
#  metal3         H        1332           0        7921     0.00%
#  metal4         V         669           0        7921     0.00%
#  metal5         H         665           0        7921     0.00%
#  metal6         V         669           0        7921     0.00%
#  metal7         H         221           0        7921     0.00%
#  metal8         V         222           0        7921     0.00%
#  metal9         H          89           0        7921     0.03%
#  metal10        V          90           0        7921     0.00%
#  --------------------------------------------------------------
#  Total                   6209       0.60%       79210     6.29%
#
#  19 nets (0.17%) with 1 preferred extra spacing.
#
#
#
#Global routing data preparation is done on Sat Nov  1 22:06:05 2025
#
#cpu time = 00:00:00, elapsed time = 00:00:00, memory = 1181.38 (MB), peak = 1297.33 (MB)
#
#
#Global routing initialization is done on Sat Nov  1 22:06:05 2025
#
#cpu time = 00:00:00, elapsed time = 00:00:00, memory = 1181.38 (MB), peak = 1297.33 (MB)
#
#start global routing iteration 1...
#cpu time = 00:00:09, elapsed time = 00:00:09, memory = 1197.54 (MB), peak = 1297.33 (MB)
#
#start global routing iteration 2...
#cpu time = 00:00:05, elapsed time = 00:00:05, memory = 1200.47 (MB), peak = 1297.33 (MB)
#
#
#Total number of trivial nets (e.g. < 2 pins) = 200 (skipped).
#Total number of routable nets = 10788.
#Total number of nets in the design = 10988.
#
#10769 routable nets have only global wires.
#19 routable nets have only detail routed wires.
#19 detail routed (routable) nets have been constrained (e.g. have preferred extra spacing, require shielding etc.)
#
#Routed nets constraints summary:
#-----------------------------
#        Rules   Unconstrained  
#-----------------------------
#      Default           10769  
#-----------------------------
#        Total           10769  
#-----------------------------
#
#Routing constraints summary of the whole design:
#------------------------------------------------
#        Rules   Pref Extra Space   Unconstrained  
#------------------------------------------------
#      Default                 19           10769  
#------------------------------------------------
#        Total                 19           10769  
#------------------------------------------------
#
#
#  Congestion Analysis: (blocked Gcells are excluded)
#
#                 OverCon          
#                  #Gcell    %Gcell
#     Layer           (1)   OverCon
#  --------------------------------
#  metal1        0(0.00%)   (0.00%)
#  metal2        0(0.00%)   (0.00%)
#  metal3        0(0.00%)   (0.00%)
#  metal4        0(0.00%)   (0.00%)
#  metal5        0(0.00%)   (0.00%)
#  metal6        0(0.00%)   (0.00%)
#  metal7        0(0.00%)   (0.00%)
#  metal8        0(0.00%)   (0.00%)
#  metal9        0(0.00%)   (0.00%)
#  metal10       0(0.00%)   (0.00%)
#  --------------------------------
#     Total      0(0.00%)   (0.00%)
#
#  The worst congested Gcell overcon (routing demand over resource in number of tracks) = 1
#  Overflow after GR: 0.00% H + 0.00% V
#
#Hotspot report including placement blocked areas
[hotspot] +----------------+-------------------+-------------------+-------------------------------------+
[hotspot] |      layer     |    max hotspot    |   total hotspot   |            hotspot bbox             |
[hotspot] +----------------+-------------------+-------------------+-------------------------------------+
[hotspot] |   metal1(H)    |            573.00 |            576.00 |    11.20    11.20   173.59   179.19 |
[hotspot] |   metal2(V)    |              0.00 |              0.00 |   (none)                            |
[hotspot] |   metal3(H)    |              0.00 |              0.00 |   (none)                            |
[hotspot] |   metal4(V)    |              0.00 |              0.00 |   (none)                            |
[hotspot] |   metal5(H)    |              0.00 |              0.00 |   (none)                            |
[hotspot] |   metal6(V)    |              0.00 |              0.00 |   (none)                            |
[hotspot] |   metal7(H)    |              0.00 |              0.00 |   (none)                            |
[hotspot] |   metal8(V)    |              0.00 |              0.00 |   (none)                            |
[hotspot] |   metal9(H)    |              0.00 |              0.00 |   (none)                            |
[hotspot] |  metal10(V)    |              0.00 |              0.00 |   (none)                            |
[hotspot] +----------------+-------------------+-------------------+-------------------------------------+
[hotspot] |      worst     | (metal1)   573.00 | (metal1)   576.00 |                                     |
[hotspot] +----------------+-------------------+-------------------+-------------------------------------+
[hotspot] |   all layers   |              0.00 |              0.00 |                                     |
[hotspot] +----------------+-------------------+-------------------+-------------------------------------+
Local HotSpot Analysis (3d): normalized congestion max/total hotspot area = 0.00/0.00 (area is in unit of 4 std-cell row bins)
#Complete Global Routing.
#Total number of nets with non-default rule or having extra spacing = 19
#Total wire length = 94110 um.
#Total half perimeter of net bounding box = 100947 um.
#Total wire length on LAYER metal1 = 21 um.
#Total wire length on LAYER metal2 = 27974 um.
#Total wire length on LAYER metal3 = 43883 um.
#Total wire length on LAYER metal4 = 18734 um.
#Total wire length on LAYER metal5 = 2994 um.
#Total wire length on LAYER metal6 = 499 um.
#Total wire length on LAYER metal7 = 0 um.
#Total wire length on LAYER metal8 = 2 um.
#Total wire length on LAYER metal9 = 2 um.
#Total wire length on LAYER metal10 = 0 um.
#Total number of vias = 55863
#Up-Via Summary (total 55863):
#           
#-----------------------
# metal1          32627
# metal2          18908
# metal3           3991
# metal4            278
# metal5             40
# metal6             10
# metal7              5
# metal8              4
#-----------------------
#                 55863 
#
#Max overcon = 0 track.
#Total overcon = 0.00%.
#Worst layer Gcell overcon rate = 0.00%.
#
#Global routing statistics:
#Cpu time = 00:00:15
#Elapsed time = 00:00:15
#Increased memory = 16.24 (MB)
#Total memory = 1196.47 (MB)
#Peak memory = 1297.33 (MB)
#
#Finished global routing on Sat Nov  1 22:06:20 2025
#
#
#cpu time = 00:00:00, elapsed time = 00:00:00, memory = 1195.33 (MB), peak = 1297.33 (MB)
#Start Track Assignment.
#Done with 12891 horizontal wires in 3 hboxes and 13120 vertical wires in 3 hboxes.
#Done with 2909 horizontal wires in 3 hboxes and 3038 vertical wires in 3 hboxes.
#Done with 3 horizontal wires in 3 hboxes and 3 vertical wires in 3 hboxes.
#
#Track assignment summary:
# layer   (wire length)   (overlap)     (long ovlp)	(with obs/pg/clk)  
#------------------------------------------------------------------------
# metal1        22.45 	  0.00%  	  0.00% 	  0.00%
# metal2     27751.98 	  0.07%  	  0.00% 	  0.00%
# metal3     43494.49 	  0.06%  	  0.00% 	  0.00%
# metal4     18423.22 	  0.03%  	  0.00% 	  0.00%
# metal5      2776.12 	  0.00%  	  0.00% 	  0.00%
# metal6       498.77 	  0.00%  	  0.00% 	  0.00%
# metal7         0.00 	  0.00%  	  0.00% 	  0.00%
# metal8         1.80 	  0.00%  	  0.00% 	  0.00%
# metal9         3.27 	  0.00%  	  0.00% 	  0.00%
# metal10        0.00 	  0.00%  	  0.00% 	  0.00%
#------------------------------------------------------------------------
# All       92972.08  	  0.05% 	  0.00% 	  0.00%
#Complete Track Assignment.
#Total number of nets with non-default rule or having extra spacing = 19
#Total wire length = 100505 um.
#Total half perimeter of net bounding box = 100947 um.
#Total wire length on LAYER metal1 = 4510 um.
#Total wire length on LAYER metal2 = 27581 um.
#Total wire length on LAYER metal3 = 45958 um.
#Total wire length on LAYER metal4 = 18916 um.
#Total wire length on LAYER metal5 = 3031 um.
#Total wire length on LAYER metal6 = 504 um.
#Total wire length on LAYER metal7 = 0 um.
#Total wire length on LAYER metal8 = 1 um.
#Total wire length on LAYER metal9 = 3 um.
#Total wire length on LAYER metal10 = 0 um.
#Total number of vias = 55863
#Up-Via Summary (total 55863):
#           
#-----------------------
# metal1          32627
# metal2          18908
# metal3           3991
# metal4            278
# metal5             40
# metal6             10
# metal7              5
# metal8              4
#-----------------------
#                 55863 
#
#cpu time = 00:00:04, elapsed time = 00:00:04, memory = 1195.44 (MB), peak = 1297.33 (MB)
#
#number of short segments in preferred routing layers
#	
#	
#
#Routing data preparation, pin analysis, global routing and track assignment statistics:
#Cpu time = 00:00:19
#Elapsed time = 00:00:20
#Increased memory = 19.64 (MB)
#Total memory = 1195.70 (MB)
#Peak memory = 1297.33 (MB)
#
#Start Detail Routing..
#start initial detail routing ...
#   number of violations = 1
#
#    By Layer and Type :
#	          Short   Totals
#	metal1        0        0
#	metal2        1        1
#	Totals        1        1
#137 out of 8689 instances (1.6%) need to be verified(marked ipoed), dirty area = 0.5%.
#41.8% of the total area is being checked for drcs
#41.8% of the total area was checked
#   number of violations = 1
#
#    By Layer and Type :
#	          Short   Totals
#	metal1        0        0
#	metal2        1        1
#	Totals        1        1
#cpu time = 00:01:16, elapsed time = 00:01:20, memory = 1198.32 (MB), peak = 1297.33 (MB)
#start 1st optimization iteration ...
#   number of violations = 0
#cpu time = 00:00:00, elapsed time = 00:00:00, memory = 1198.11 (MB), peak = 1297.33 (MB)
#Complete Detail Routing.
#Total number of nets with non-default rule or having extra spacing = 19
#Total wire length = 103778 um.
#Total half perimeter of net bounding box = 100947 um.
#Total wire length on LAYER metal1 = 3386 um.
#Total wire length on LAYER metal2 = 37817 um.
#Total wire length on LAYER metal3 = 43146 um.
#Total wire length on LAYER metal4 = 15892 um.
#Total wire length on LAYER metal5 = 2964 um.
#Total wire length on LAYER metal6 = 525 um.
#Total wire length on LAYER metal7 = 19 um.
#Total wire length on LAYER metal8 = 26 um.
#Total wire length on LAYER metal9 = 3 um.
#Total wire length on LAYER metal10 = 0 um.
#Total number of vias = 59194
#Up-Via Summary (total 59194):
#           
#-----------------------
# metal1          33745
# metal2          21879
# metal3           3261
# metal4            249
# metal5             43
# metal6             10
# metal7              5
# metal8              2
#-----------------------
#                 59194 
#
#Total number of DRC violations = 0
#Cpu time = 00:01:17
#Elapsed time = 00:01:21
#Increased memory = 0.29 (MB)
#Total memory = 1195.99 (MB)
#Peak memory = 1297.33 (MB)
#
#Start Post Route wire spreading..
#
#Start DRC checking..
#   number of violations = 0
#cpu time = 00:00:09, elapsed time = 00:00:09, memory = 1196.55 (MB), peak = 1297.33 (MB)
#CELL_VIEW FIR_UNF,init has no DRC violation.
#Total number of DRC violations = 0
#
#Start data preparation for wire spreading...
#
#Data preparation is done on Sat Nov  1 22:07:55 2025
#
#
#Start Post Route Wire Spread.
#Done with 3779 horizontal wires in 6 hboxes and 1772 vertical wires in 6 hboxes.
#Complete Post Route Wire Spread.
#
#Total number of nets with non-default rule or having extra spacing = 19
#Total wire length = 105679 um.
#Total half perimeter of net bounding box = 100947 um.
#Total wire length on LAYER metal1 = 3407 um.
#Total wire length on LAYER metal2 = 38242 um.
#Total wire length on LAYER metal3 = 44275 um.
#Total wire length on LAYER metal4 = 16208 um.
#Total wire length on LAYER metal5 = 2973 um.
#Total wire length on LAYER metal6 = 525 um.
#Total wire length on LAYER metal7 = 19 um.
#Total wire length on LAYER metal8 = 26 um.
#Total wire length on LAYER metal9 = 3 um.
#Total wire length on LAYER metal10 = 0 um.
#Total number of vias = 59194
#Up-Via Summary (total 59194):
#           
#-----------------------
# metal1          33745
# metal2          21879
# metal3           3261
# metal4            249
# metal5             43
# metal6             10
# metal7              5
# metal8              2
#-----------------------
#                 59194 
#
#
#Start DRC checking..
#   number of violations = 0
#cpu time = 00:00:09, elapsed time = 00:00:09, memory = 1197.61 (MB), peak = 1297.33 (MB)
#CELL_VIEW FIR_UNF,init has no DRC violation.
#Total number of DRC violations = 0
#   number of violations = 0
#cpu time = 00:00:11, elapsed time = 00:00:12, memory = 1197.61 (MB), peak = 1297.33 (MB)
#CELL_VIEW FIR_UNF,init has no DRC violation.
#Total number of DRC violations = 0
#Post Route wire spread is done.
#Total number of nets with non-default rule or having extra spacing = 19
#Total wire length = 105679 um.
#Total half perimeter of net bounding box = 100947 um.
#Total wire length on LAYER metal1 = 3407 um.
#Total wire length on LAYER metal2 = 38242 um.
#Total wire length on LAYER metal3 = 44275 um.
#Total wire length on LAYER metal4 = 16208 um.
#Total wire length on LAYER metal5 = 2973 um.
#Total wire length on LAYER metal6 = 525 um.
#Total wire length on LAYER metal7 = 19 um.
#Total wire length on LAYER metal8 = 26 um.
#Total wire length on LAYER metal9 = 3 um.
#Total wire length on LAYER metal10 = 0 um.
#Total number of vias = 59194
#Up-Via Summary (total 59194):
#           
#-----------------------
# metal1          33745
# metal2          21879
# metal3           3261
# metal4            249
# metal5             43
# metal6             10
# metal7              5
# metal8              2
#-----------------------
#                 59194 
#
#detailRoute Statistics:
#Cpu time = 00:01:38
#Elapsed time = 00:01:42
#Increased memory = -0.21 (MB)
#Total memory = 1195.48 (MB)
#Peak memory = 1297.33 (MB)
#
#globalDetailRoute statistics:
#Cpu time = 00:01:59
#Elapsed time = 00:02:04
#Increased memory = -20.21 (MB)
#Total memory = 1160.71 (MB)
#Peak memory = 1297.33 (MB)
#Number of warnings = 1
#Total number of warnings = 7
#Number of fails = 0
#Total number of fails = 0
#Complete globalDetailRoute on Sat Nov  1 22:08:07 2025
#
#Default setup view is reset to MyAnView.
#Default setup view is reset to MyAnView.
#routeDesign: cpu time = 00:01:59, elapsed time = 00:02:05, memory = 1136.59 (MB), peak = 1297.33 (MB)
*** Message Summary: 0 warning(s), 0 error(s)

<CMD> setAnalysisMode -analysisType onChipVariation
<CMD> selectInst i1_R1_Dout_reg_2_
<CMD> setOptMode -fixCap true -fixTran true -fixFanoutLoad false
<CMD> optDesign -postRoute
**optDesign ... cpu = 0:00:00, real = 0:00:00, mem = 1136.6M, totSessionCpu=0:40:38 **
**INFO: User settings:
setNanoRouteMode -droutePostRouteSpreadWire                     1
setNanoRouteMode -extractThirdPartyCompatible                   false
setNanoRouteMode -grouteExpTdStdDelay                           10.1
setNanoRouteMode -grouteExpTdUseTifTimingEngineForImportDesign  false
setNanoRouteMode -routeWithSiDriven                             false
setNanoRouteMode -routeWithTimingDriven                         false
setNanoRouteMode -timingEngine                                  {}
setDesignMode -process                                          45
setExtractRCMode -coupling_c_th                                 0.1
setExtractRCMode -engine                                        preRoute
setExtractRCMode -relative_c_th                                 1
setExtractRCMode -total_c_th                                    0
setUsefulSkewMode -ecoRoute                                     false
setUsefulSkewMode -maxAllowedDelay                              1
setUsefulSkewMode -maxSkew                                      false
setUsefulSkewMode -noBoundary                                   false
setUsefulSkewMode -useCells                                     {BUF_X1 BUF_X2 BUF_X4 BUF_X8 BUF_X16 BUF_X32 CLKBUF_X1 CLKBUF_X2 CLKBUF_X3 INV_X1 INV_X2 INV_X4 INV_X8 INV_X16 INV_X32}
setDelayCalMode -enable_high_fanout                             true
setDelayCalMode -eng_copyNetPropToNewNet                        true
setDelayCalMode -engine                                         aae
setDelayCalMode -ignoreNetLoad                                  false
setOptMode -activeHoldViews                                     { MyAnView }
setOptMode -activeSetupViews                                    { MyAnView }
setOptMode -autoHoldViews                                       { MyAnView}
setOptMode -autoSetupViews                                      { MyAnView}
setOptMode -autoTDGRSetupViews                                  { MyAnView}
setOptMode -autoViewHoldTargetSlack                             0
setOptMode -drcMargin                                           0
setOptMode -fixCap                                              true
setOptMode -fixDrc                                              true
setOptMode -fixFanoutLoad                                       false
setOptMode -fixTran                                             true
setOptMode -optimizeFF                                          true
setOptMode -preserveAllSequential                               false
setOptMode -setupTargetSlack                                    0
setSIMode -separate_delta_delay_on_data                         true
setPlaceMode -place_design_floorplan_mode                       false
setPlaceMode -place_detail_check_route                          false
setPlaceMode -place_detail_preserve_routing                     true
setPlaceMode -place_detail_remove_affected_routing              false
setPlaceMode -place_detail_swap_eeq_cells                       false
setPlaceMode -place_global_clock_gate_aware                     true
setPlaceMode -place_global_cong_effort                          auto
setPlaceMode -place_global_ignore_scan                          true
setPlaceMode -place_global_ignore_spare                         false
setPlaceMode -place_global_module_aware_spare                   false
setPlaceMode -place_global_place_io_pins                        true
setPlaceMode -place_global_reorder_scan                         true
setPlaceMode -powerDriven                                       false
setPlaceMode -timingDriven                                      true
setAnalysisMode -analysisType                                   onChipVariation
setAnalysisMode -checkType                                      setup
setAnalysisMode -clkSrcPath                                     true
setAnalysisMode -clockPropagation                               sdcControl
setAnalysisMode -usefulSkew                                     true
setAnalysisMode -virtualIPO                                     false

**INFO: setDesignMode -flowEffort standard -> setting 'setOptMode -allEndPoints true' for the duration of this command.
Disable merging buffers from different footprints for postRoute code for non-MSV designs
Need call spDPlaceInit before registerPrioInstLoc.
Switching SI Aware to true by default in postroute mode   
GigaOpt running with 1 threads.
Updating RC grid for preRoute extraction ...
Initializing multi-corner capacitance tables ... 
Initializing multi-corner resistance tables ...
**optDesign ... cpu = 0:00:03, real = 0:00:03, mem = 1098.9M, totSessionCpu=0:40:41 **
Existing Dirty Nets : 0
New Signature Flow (optDesignCheckOptions) ....
#Taking db snapshot
#Taking db snapshot ... done
Begin checking placement ... (start mem=1370.2M, init mem=1370.2M)
*info: Placed = 8689           (Fixed = 18)
*info: Unplaced = 0           
Placement Density:57.01%(17809/31237)
Placement Density (including fixed std cells):57.01%(17809/31237)
Finished checkPlace (total: cpu=0:00:00.3, real=0:00:00.0; vio checks: cpu=0:00:00.3, real=0:00:00.0; mem=1370.2M)
 Initial DC engine is -> aae
 
 AAE-Opt:: Current number of nets in RC Memory -> 100 K
 
 
 AAE-Opt:: New number of nets in RC Memory -> 100 K
 
Reset EOS DB
Ignoring AAE DB Resetting ...
 Set Options for AAE Based Opt flow 
*** optDesign -postRoute ***
DRC Margin: user margin 0.0; extra margin 0
Setup Target Slack: user slack 0
Hold Target Slack: user slack 0
Opt: RC extraction mode changed to 'detail'
Multi-VT timing optimization disabled based on library information.
** INFO : this run is activating 'postRoute' automaton
**WARN: (IMPEXT-3518):	The lower process node is set (using command 'setDesignMode') but the technology file for TQuantus extraction not specified. Therefore, going for postRoute (effortLevel low) extraction instead of recommended extractor 'TQuantus' for lower nodes. Use command 'set_analysis_view/update_rc_corner' to specify the technology file for TQuantus extraction to take place.
Extraction called for design 'FIR_UNF' of instances=8689 and nets=10988 using extraction engine 'postRoute' at effort level 'low' .
PostRoute (effortLevel low) RC Extraction called for design FIR_UNF.
RC Extraction called in multi-corner(1) mode.
Process corner(s) are loaded.
 Corner: my_rc
extractDetailRC Option : -outfile /tmp/innovus_temp_27407_isaserver_isa30_2025_2026_qLKkCd/FIR_UNF_27407_2Px1Jf.rcdb.d  -extended
RC Mode: PostRoute -effortLevel low [Extended CapTable, RC Table Resistances]
      RC Corner Indexes            0   
Capacitance Scaling Factor   : 1.00000 
Coupling Cap. Scaling Factor : 1.00000 
Resistance Scaling Factor    : 1.00000 
Clock Cap. Scaling Factor    : 1.00000 
Clock Res. Scaling Factor    : 1.00000 
Shrink Factor                : 1.00000
Initializing multi-corner capacitance tables ... 
Initializing multi-corner resistance tables ...
Checking LVS Completed (CPU Time= 0:00:00.1  MEM= 1364.2M)
Extracted 10.002% (CPU Time= 0:00:00.9  MEM= 1456.6M)
Extracted 20.0018% (CPU Time= 0:00:01.1  MEM= 1456.6M)
Extracted 30.0016% (CPU Time= 0:00:01.1  MEM= 1456.6M)
Extracted 40.0013% (CPU Time= 0:00:01.3  MEM= 1456.6M)
Extracted 50.0022% (CPU Time= 0:00:01.5  MEM= 1456.6M)
Extracted 60.002% (CPU Time= 0:00:01.8  MEM= 1456.6M)
Extracted 70.0018% (CPU Time= 0:00:02.0  MEM= 1456.6M)
Extracted 80.0016% (CPU Time= 0:00:02.4  MEM= 1456.6M)
Extracted 90.0013% (CPU Time= 0:00:02.8  MEM= 1456.6M)
Extracted 100% (CPU Time= 0:00:03.7  MEM= 1460.6M)
Number of Extracted Resistors     : 149006
Number of Extracted Ground Cap.   : 159531
Number of Extracted Coupling Cap. : 417262
Filtering XCap in 'relativeAndCoupling' mode using values coupling_c_threshold=0.1fF, relative_c_threshold=1, and total_c_threshold=0fF.
 Corner: my_rc
Checking LVS Completed (CPU Time= 0:00:00.1  MEM= 1428.6M)
PostRoute (effortLevel low) RC Extraction DONE (CPU Time: 0:00:05.6  Real Time: 0:00:06.0  MEM: 1428.605M)
Initializing multi-corner capacitance tables ... 
Initializing multi-corner resistance tables ...
Starting delay calculation for Hold views
AAE DB initialization (MEM=1426.61 CPU=0:00:00.0 REAL=0:00:00.0) 
#################################################################################
# Design Stage: PostRoute
# Design Name: FIR_UNF
# Design Mode: 45nm
# Analysis Mode: MMMC OCV 
# Parasitics Mode: SPEF/RCDB 
# Signoff Settings: SI Off 
#################################################################################
Start delay calculation (fullDC) (1 T). (MEM=1426.61)
Total number of fetched objects 11033
End delay calculation. (MEM=1460.47 CPU=0:00:07.5 REAL=0:00:08.0)
End delay calculation (fullDC). (MEM=1433.39 CPU=0:00:08.5 REAL=0:00:09.0)
*** Done Building Timing Graph (cpu=0:00:09.1 real=0:00:10.0 totSessionCpu=0:40:58 mem=1433.4M)
Done building cte hold timing graph (HoldAware) cpu=0:00:10.2 real=0:00:11.0 totSessionCpu=0:40:58 mem=1433.4M ***
Starting delay calculation for Setup views
Starting SI iteration 1 using Infinite Timing Windows
#################################################################################
# Design Stage: PostRoute
# Design Name: FIR_UNF
# Design Mode: 45nm
# Analysis Mode: MMMC OCV 
# Parasitics Mode: SPEF/RCDB 
# Signoff Settings: SI On 
#################################################################################
AAE_INFO: 1 threads acquired from CTE.
Start delay calculation (fullDC) (1 T). (MEM=1428.93)
Total number of fetched objects 11033
AAE_INFO-618: Total number of nets in the design is 10988,  100.0 percent of the nets selected for SI analysis
End delay calculation. (MEM=1425.28 CPU=0:00:13.6 REAL=0:00:14.0)
End delay calculation (fullDC). (MEM=1425.28 CPU=0:00:14.5 REAL=0:00:15.0)
Loading CTE timing window with TwFlowType 0...(CPU = 0:00:00.0, REAL = 0:00:00.0, MEM = 1425.3M)
Add other clocks and setupCteToAAEClockMapping during iter 1
Loading CTE timing window is completed (CPU = 0:00:00.2, REAL = 0:00:00.0, MEM = 1425.3M)

Executing IPO callback for view pruning ..
Starting SI iteration 2
Start delay calculation (fullDC) (1 T). (MEM=1375.39)
Glitch Analysis: View MyAnView -- Total Number of Nets Skipped = 0. 
Glitch Analysis: View MyAnView -- Total Number of Nets Analyzed = 11033. 
Total number of fetched objects 11033
AAE_INFO-618: Total number of nets in the design is 10988,  0.3 percent of the nets selected for SI analysis
End delay calculation. (MEM=1416.54 CPU=0:00:00.2 REAL=0:00:00.0)
End delay calculation (fullDC). (MEM=1416.54 CPU=0:00:00.3 REAL=0:00:01.0)
*** Done Building Timing Graph (cpu=0:00:17.5 real=0:00:19.0 totSessionCpu=0:41:18 mem=1416.5M)

------------------------------------------------------------
     Initial SI Timing Summary                             
------------------------------------------------------------

Setup views included:
 MyAnView 

+--------------------+---------+---------+---------+---------+
|     Setup mode     |   all   | reg2reg |reg2cgate| default |
+--------------------+---------+---------+---------+---------+
|           WNS (ns):|  3.875  |  3.907  |   N/A   |  3.875  |
|           TNS (ns):|  0.000  |  0.000  |   N/A   |  0.000  |
|    Violating Paths:|    0    |    0    |   N/A   |    0    |
|          All Paths:|   363   |   134   |   N/A   |   253   |
+--------------------+---------+---------+---------+---------+

+----------------+-------------------------------+------------------+
|                |              Real             |       Total      |
|    DRVs        +------------------+------------+------------------|
|                |  Nr nets(terms)  | Worst Vio  |  Nr nets(terms)  |
+----------------+------------------+------------+------------------+
|   max_cap      |      0 (0)       |   0.000    |      0 (0)       |
|   max_tran     |      0 (0)       |   0.000    |      0 (0)       |
|   max_fanout   |      0 (0)       |     0      |      0 (0)       |
|   max_length   |      0 (0)       |     0      |      0 (0)       |
+----------------+------------------+------------+------------------+

Density: 57.012%
Total number of glitch violations: 0
------------------------------------------------------------
**optDesign ... cpu = 0:00:40, real = 0:00:43, mem = 1152.5M, totSessionCpu=0:41:18 **
Setting latch borrow mode to budget during optimization.
Info: Done creating the CCOpt slew target map.
Glitch fixing enabled
Running CCOpt-PRO on entire clock network
Net route status summary:
  Clock:        19 (unrouted=0, trialRouted=0, noStatus=0, routed=19, fixed=0, [crossesIlmBoundary=0, tooFewTerms=0, (crossesIlmBoundary AND tooFewTerms=0)])
  Non-clock: 10969 (unrouted=200, trialRouted=0, noStatus=0, routed=10769, fixed=0, [crossesIlmBoundary=0, tooFewTerms=200, (crossesIlmBoundary AND tooFewTerms=0)])
Clock tree cells fixed by user: 0 out of 18 (0%)
PRO...
Relaxing adjacent_rows_legal and cell_density for the duration of PRO. To stop this set pro_respect_cell_density_and_adjacent_row_legal to true.
Initializing clock structures...
  Creating own balancer
  Permitting the movement of (non-FIXED) datapath insts as required for sized/new clock tree insts
  Removing CTS place status from clock tree and sinks.
  Initializing legalizer
  Using cell based legalization.
  Reconstructing clock tree datastructures, skew aware...
    Validating CTS configuration...
    Checking module port directions...
    Checking module port directions done. (took cpu=0:00:00.0 real=0:00:00.0)
    Non-default CCOpt properties:
    adjacent_rows_legal: true (default: false)
    allow_non_fterm_identical_swaps: 0 (default: true)
    cannot_merge_reason is set for at least one object
    cell_density is set for at least one object
    cell_halo_rows: 0 (default: 1)
    cell_halo_sites: 0 (default: 4)
    clock_nets_detailed_routed: 1 (default: false)
    force_design_routing_status: 1 (default: auto)
    route_type is set for at least one object
    target_insertion_delay is set for at least one object
    target_max_trans is set for at least one object
    target_skew is set for at least one object
    target_skew_wire is set for at least one object
    Route type trimming info:
      No route type modifications were made.
**WARN: (IMPCCOPT-1184):	The library has no usable balanced inverters for power domain auto-default, while balancing clock_tree MY_CLK. If this is not intended behavior, you can specify a list of lib_cells to use with the inverter_cells property.
    Clock tree balancer configuration for clock_tree MY_CLK:
    Non-default CCOpt properties:
      cell_density: 1 (default: 0.75)
      route_type (leaf): default_route_type_leaf (default: default)
      route_type (trunk): default_route_type_nonleaf (default: default)
      route_type (top): default_route_type_nonleaf (default: default)
    For power domain auto-default:
      Buffers:     CLKBUF_X3 CLKBUF_X2 CLKBUF_X1 
      Inverters:   
      Clock gates: CLKGATETST_X8 CLKGATETST_X4 CLKGATETST_X2 CLKGATETST_X1 
      Unblocked area available for placement of any clock cells in power_domain auto-default: 31236.912um^2
    Top Routing info:
      Route-type name: default_route_type_nonleaf; Top/bottom preferred layer name: metal4/metal3; 
      Unshielded; Mask Constraint: 0; Source: route_type.
    Trunk Routing info:
      Route-type name: default_route_type_nonleaf; Top/bottom preferred layer name: metal4/metal3; 
      Unshielded; Preferred extra space: 1; Mask Constraint: 0; Source: route_type.
    Leaf Routing info:
      Route-type name: default_route_type_leaf; Top/bottom preferred layer name: metal4/metal3; 
      Unshielded; Preferred extra space: 1; Mask Constraint: 0; Source: route_type.
    For timing_corner my_delay:both, late and power domain auto-default:
      Slew time target (leaf):    0.080ns
      Slew time target (trunk):   0.080ns
      Slew time target (top):     0.080ns (Note: no nets are considered top nets in this clock tree)
      Buffer unit delay: 0.047ns
      Buffer max distance: 596.721um
    Fastest wire driving cells and distances:
      Buffer    : {lib_cell:CLKBUF_X3, fastest_considered_half_corner=my_delay:both.late, optimalDrivingDistance=596.721um, saturatedSlew=0.068ns, speed=4381.212um per ns, cellArea=2.229um^2 per 1000um}
      Clock gate (with test): {lib_cell:CLKGATETST_X8, fastest_considered_half_corner=my_delay:both.late, optimalDrivingDistance=720.125um, saturatedSlew=0.063ns, speed=5688.191um per ns, cellArea=10.712um^2 per 1000um}
      Clock gate   (no test): {lib_cell:CLKGATE_X8, fastest_considered_half_corner=my_delay:both.late, optimalDrivingDistance=697.375um, saturatedSlew=0.060ns, speed=5899.958um per ns, cellArea=9.917um^2 per 1000um}
    
    
    Logic Sizing Table:
    
    ----------------------------------------------------------
    Cell    Instance count    Source    Eligible library cells
    ----------------------------------------------------------
      (empty table)
    ----------------------------------------------------------
    
    
    Clock tree balancer configuration for skew_group MY_CLK:
      Sources:                     pin clk
      Total number of sinks:       188
      Delay constrained sinks:     177
      Non-leaf sinks:              0
      Ignore pins:                 0
     Timing corner my_delay:both.late:
      Skew target:                 0.500ns
**WARN: (IMPCCOPT-1361):	Routing configuration for top nets in clock tree MY_CLK: preferred layers metal3-metal4 are outside NanoRoute configured layer range. This is likely to cause routing correlation issues.
**WARN: (IMPCCOPT-1361):	Routing configuration for trunk nets in clock tree MY_CLK: preferred layers metal3-metal4 are outside NanoRoute configured layer range. This is likely to cause routing correlation issues.
**WARN: (IMPCCOPT-1361):	Routing configuration for leaf nets in clock tree MY_CLK: preferred layers metal3-metal4 are outside NanoRoute configured layer range. This is likely to cause routing correlation issues.
    Primary reporting skew groups are:
    skew_group MY_CLK with 188 clock sinks
    
    Clock DAG stats initial state:
      cell counts      : b=2, i=0, icg=16, nicg=0, l=0, total=18
      cell areas       : b=1.862um^2, i=0.000um^2, icg=68.096um^2, nicg=0.000um^2, l=0.000um^2, total=69.958um^2
      hp wire lengths  : top=0.000um, trunk=0.000um, leaf=530.415um, total=530.415um
    Clock DAG library cell distribution initial state {count}:
       Bufs: CLKBUF_X2: 1 CLKBUF_X1: 1 
       ICGs: CLKGATETST_X2: 16 
    
    Distribution of half-perimeter wire length by ICG depth:
    
    ---------------------------------------------------------------------------
    Min ICG    Max ICG    Count    HPWL
    Depth      Depth               (um)
    ---------------------------------------------------------------------------
       0          0        18      [min=14, max=165, avg=29, sd=35, total=530]
       0          1         1      [min=208, max=208, avg=208, sd=0, total=208]
    ---------------------------------------------------------------------------
    
    No ideal or dont_touch nets found in the clock tree
    No dont_touch hnets found in the clock tree
    Validating CTS configuration done. (took cpu=0:00:02.2 real=0:00:02.3)
    CCOpt configuration status: all checks passed.
  Reconstructing clock tree datastructures, skew aware done.
Initializing clock structures done.
PRO...
  PRO active optimizations:
   - DRV fixing with cell sizing
  
**WARN: (IMPCCOPT-2277):	CCOpt/PRO found datapath net 'DOUT3k2_REG_clk_gate_Dout_reg/TE' is not routed.
**WARN: (IMPCCOPT-2277):	CCOpt/PRO found datapath net 'DOUT3k1_REG_clk_gate_Dout_reg/TE' is not routed.
**WARN: (IMPCCOPT-2277):	CCOpt/PRO found datapath net 'DOUT3k_REG_clk_gate_Dout_reg/TE' is not routed.
**WARN: (IMPCCOPT-2277):	CCOpt/PRO found datapath net 'DIN3k2_REG_clk_gate_Dout_reg/TE' is not routed.
**WARN: (IMPCCOPT-2277):	CCOpt/PRO found datapath net 'DIN3k1_REG_clk_gate_Dout_reg/TE' is not routed.
**WARN: (IMPCCOPT-2277):	CCOpt/PRO found datapath net 'DIN3k_REG_clk_gate_Dout_reg/TE' is not routed.
**WARN: (IMPCCOPT-2277):	CCOpt/PRO found datapath net 'i2_R3_clk_gate_Dout_reg/TE' is not routed.
**WARN: (IMPCCOPT-2277):	CCOpt/PRO found datapath net 'i2_R2_clk_gate_Dout_reg/TE' is not routed.
**WARN: (IMPCCOPT-2277):	CCOpt/PRO found datapath net 'i2_R1_clk_gate_Dout_reg/TE' is not routed.
**WARN: (IMPCCOPT-2277):	CCOpt/PRO found datapath net 'i2_R0_clk_gate_Dout_reg/TE' is not routed.
**WARN: (IMPCCOPT-2277):	CCOpt/PRO found datapath net 'i1_R2_clk_gate_Dout_reg/TE' is not routed.
**WARN: (IMPCCOPT-2277):	CCOpt/PRO found datapath net 'i1_R1_clk_gate_Dout_reg/TE' is not routed.
**WARN: (IMPCCOPT-2277):	CCOpt/PRO found datapath net 'i1_R0_clk_gate_Dout_reg/TE' is not routed.
**WARN: (IMPCCOPT-2277):	CCOpt/PRO found datapath net 'i0_R2_clk_gate_Dout_reg/TE' is not routed.
**WARN: (IMPCCOPT-2277):	CCOpt/PRO found datapath net 'i0_R1_clk_gate_Dout_reg/TE' is not routed.
**WARN: (IMPCCOPT-2277):	CCOpt/PRO found datapath net 'i0_R0_clk_gate_Dout_reg/TE' is not routed.
  Detected clock skew data from CTS
  Clock tree timing engine global stage delay update for my_delay:both.late...
  Clock tree timing engine global stage delay update for my_delay:both.late done. (took cpu=0:00:00.0 real=0:00:00.1)
  Clock DAG stats PRO initial state:
    cell counts      : b=2, i=0, icg=16, nicg=0, l=0, total=18
    cell areas       : b=1.862um^2, i=0.000um^2, icg=68.096um^2, nicg=0.000um^2, l=0.000um^2, total=69.958um^2
    cell capacitance : b=2.186fF, i=0.000fF, icg=45.097fF, nicg=0.000fF, l=0.000fF, total=47.283fF
    sink capacitance : count=188, total=192.782fF, avg=1.025fF, sd=0.197fF, min=0.965fF, max=1.812fF
    wire capacitance : top=0.000fF, trunk=32.016fF, leaf=74.082fF, total=106.098fF
    wire lengths     : top=0.000um, trunk=352.520um, leaf=730.090um, total=1082.610um
    hp wire lengths  : top=0.000um, trunk=0.000um, leaf=530.415um, total=530.415um
  Clock DAG net violations PRO initial state: none
  Clock DAG primary half-corner transition distribution PRO initial state:
    Trunk : target=0.080ns count=1 avg=0.005ns sd=0.000ns min=0.005ns max=0.005ns {1 <= 0.048ns, 0 <= 0.064ns, 0 <= 0.072ns, 0 <= 0.076ns, 0 <= 0.080ns}
    Leaf  : target=0.080ns count=18 avg=0.019ns sd=0.007ns min=0.013ns max=0.047ns {18 <= 0.048ns, 0 <= 0.064ns, 0 <= 0.072ns, 0 <= 0.076ns, 0 <= 0.080ns}
  Clock DAG library cell distribution PRO initial state {count}:
     Bufs: CLKBUF_X2: 1 CLKBUF_X1: 1 
     ICGs: CLKGATETST_X2: 16 
  Primary reporting skew groups PRO initial state:
    skew_group default.MY_CLK: unconstrained
  Skew group summary PRO initial state:
    skew_group MY_CLK: insertion delay [min=0.038, max=0.043, avg=0.041, sd=0.002], skew [0.006 vs 0.500], 100% {0.038, 0.043} (wid=0.006 ws=0.004) (gid=0.037 gs=0.003)
  Recomputing CTS skew targets...
  Resolving skew group constraints...
    Solving LP: 1 skew groups; 3 fragments, 3 fraglets and 4 vertices; 21 variables and 54 constraints; tolerance 1
  Resolving skew group constraints done.
  Recomputing CTS skew targets done. (took cpu=0:00:00.0 real=0:00:00.1)
  PRO Fixing DRVs...
    Fixing clock tree DRVs: ...20% ...40% ...60% ...80% ...100% 
    CCOpt-PRO: considered: 19, tested: 19, violation detected: 0, violation ignored (due to small violation): 0, cannot run: 0, attempted: 0, unsuccessful: 0, sized: 0
    
    PRO Statistics: Fix DRVs (cell sizing):
    =======================================
    
    Cell changes by Net Type:
    
    -------------------------------------------------------------------------------------------------
    Net Type    Attempted    Upsized     Downsized    Swapped Same Size    Total Changed    Not Sized
    -------------------------------------------------------------------------------------------------
    top                0            0           0            0                    0                0
    trunk              0            0           0            0                    0                0
    leaf               0            0           0            0                    0                0
    -------------------------------------------------------------------------------------------------
    Total              0            0           0            0                    0                0
    -------------------------------------------------------------------------------------------------
    
    Upsized: 0, Downsized: 0, Sized but same area: 0, Unchanged: 0, Area change: 0.000um^2 (0.000%)
    Max. move: 0.000um, Min. move: 0.000um, Avg. move: N/A
    
    Clock DAG stats after 'PRO Fixing DRVs':
      cell counts      : b=2, i=0, icg=16, nicg=0, l=0, total=18
      cell areas       : b=1.862um^2, i=0.000um^2, icg=68.096um^2, nicg=0.000um^2, l=0.000um^2, total=69.958um^2
      cell capacitance : b=2.186fF, i=0.000fF, icg=45.097fF, nicg=0.000fF, l=0.000fF, total=47.283fF
      sink capacitance : count=188, total=192.782fF, avg=1.025fF, sd=0.197fF, min=0.965fF, max=1.812fF
      wire capacitance : top=0.000fF, trunk=32.016fF, leaf=74.082fF, total=106.098fF
      wire lengths     : top=0.000um, trunk=352.520um, leaf=730.090um, total=1082.610um
      hp wire lengths  : top=0.000um, trunk=0.000um, leaf=530.415um, total=530.415um
    Clock DAG net violations after 'PRO Fixing DRVs': none
    Clock DAG primary half-corner transition distribution after 'PRO Fixing DRVs':
      Trunk : target=0.080ns count=1 avg=0.005ns sd=0.000ns min=0.005ns max=0.005ns {1 <= 0.048ns, 0 <= 0.064ns, 0 <= 0.072ns, 0 <= 0.076ns, 0 <= 0.080ns}
      Leaf  : target=0.080ns count=18 avg=0.019ns sd=0.007ns min=0.013ns max=0.047ns {18 <= 0.048ns, 0 <= 0.064ns, 0 <= 0.072ns, 0 <= 0.076ns, 0 <= 0.080ns}
    Clock DAG library cell distribution after 'PRO Fixing DRVs' {count}:
       Bufs: CLKBUF_X2: 1 CLKBUF_X1: 1 
       ICGs: CLKGATETST_X2: 16 
    Primary reporting skew groups after 'PRO Fixing DRVs':
      skew_group default.MY_CLK: unconstrained
    Skew group summary after 'PRO Fixing DRVs':
      skew_group MY_CLK: insertion delay [min=0.038, max=0.043, avg=0.041, sd=0.002], skew [0.006 vs 0.500], 100% {0.038, 0.043} (wid=0.006 ws=0.004) (gid=0.037 gs=0.003)
    Legalizer API calls during this step: 0 succeeded with high effort: 0 succeeded with medium effort: 0 succeeded with low effort: 0 succeeded with basic effort: 0 succeeded with basic unbounded effort: 0
  PRO Fixing DRVs done. (took cpu=0:00:00.0 real=0:00:00.0)
  Reconnecting optimized routes...
  Reconnecting optimized routes done. (took cpu=0:00:00.0 real=0:00:00.0)
  Set dirty flag on 0 instances, 0 nets
  Clock tree timing engine global stage delay update for my_delay:both.late...
  Clock tree timing engine global stage delay update for my_delay:both.late done. (took cpu=0:00:00.0 real=0:00:00.0)
  Clock DAG stats PRO final:
    cell counts      : b=2, i=0, icg=16, nicg=0, l=0, total=18
    cell areas       : b=1.862um^2, i=0.000um^2, icg=68.096um^2, nicg=0.000um^2, l=0.000um^2, total=69.958um^2
    cell capacitance : b=2.186fF, i=0.000fF, icg=45.097fF, nicg=0.000fF, l=0.000fF, total=47.283fF
    sink capacitance : count=188, total=192.782fF, avg=1.025fF, sd=0.197fF, min=0.965fF, max=1.812fF
    wire capacitance : top=0.000fF, trunk=32.016fF, leaf=74.082fF, total=106.098fF
    wire lengths     : top=0.000um, trunk=352.520um, leaf=730.090um, total=1082.610um
    hp wire lengths  : top=0.000um, trunk=0.000um, leaf=530.415um, total=530.415um
  Clock DAG net violations PRO final: none
  Clock DAG primary half-corner transition distribution PRO final:
    Trunk : target=0.080ns count=1 avg=0.005ns sd=0.000ns min=0.005ns max=0.005ns {1 <= 0.048ns, 0 <= 0.064ns, 0 <= 0.072ns, 0 <= 0.076ns, 0 <= 0.080ns}
    Leaf  : target=0.080ns count=18 avg=0.019ns sd=0.007ns min=0.013ns max=0.047ns {18 <= 0.048ns, 0 <= 0.064ns, 0 <= 0.072ns, 0 <= 0.076ns, 0 <= 0.080ns}
  Clock DAG library cell distribution PRO final {count}:
     Bufs: CLKBUF_X2: 1 CLKBUF_X1: 1 
     ICGs: CLKGATETST_X2: 16 
  Primary reporting skew groups PRO final:
    skew_group default.MY_CLK: unconstrained
  Skew group summary PRO final:
    skew_group MY_CLK: insertion delay [min=0.038, max=0.043, avg=0.041, sd=0.002], skew [0.006 vs 0.500], 100% {0.038, 0.043} (wid=0.006 ws=0.004) (gid=0.037 gs=0.003)
PRO done.
Restoring CTS place status for unmodified clock tree cells and sinks.
Net route status summary:
  Clock:        19 (unrouted=0, trialRouted=0, noStatus=0, routed=19, fixed=0, [crossesIlmBoundary=0, tooFewTerms=0, (crossesIlmBoundary AND tooFewTerms=0)])
  Non-clock: 10969 (unrouted=200, trialRouted=0, noStatus=0, routed=10769, fixed=0, [crossesIlmBoundary=0, tooFewTerms=200, (crossesIlmBoundary AND tooFewTerms=0)])
Updating delays...
Updating delays done.
PRO done. (took cpu=0:00:02.6 real=0:00:02.9)
**INFO: Start fixing DRV (Mem = 1401.90M) ...
Begin: GigaOpt DRV Optimization
Glitch fixing enabled
Info: 19 clock nets excluded from IPO operation.
*** DrvOpt [begin] : cpu/real = 0:00:00.0/0:00:00.0 (0.0), totSession cpu/real = 0:41:22.6/3:09:33.1 (0.2), mem = 1401.9M
DRV pessimism of 2.00% is used for tran, 2.00% for cap, 2.00% for fanout, on top of margin 0.00%
+---------------------------------------------------------------------------------------------------------------------------------------------------------------------+
|        max-tran       |        max-cap        |  max-fanout |  max-length |    glitch   |       setup       |        |        |        |       |          |         |
+---------------------------------------------------------------------------------------------------------------------------------------------------------------------+
| nets | terms|  wViol  | nets | terms|  wViol  | nets | terms| nets | terms| nets | terms|   WNS   |   TNS   |  #Buf  |  #Inv  | #Resize|Density|   Real   |   Mem   |
+---------------------------------------------------------------------------------------------------------------------------------------------------------------------+
|     0|     0|     0.00|     0|     0|     0.00|     0|     0|     0|     0|     0|     0|     3.88|     0.00|       0|       0|       0|  57.01|          |         |
|     0|     0|     0.00|     0|     0|     0.00|     0|     0|     0|     0|     0|     0|     3.88|     0.00|       0|       0|       0|  57.01| 0:00:00.0|  1593.2M|
+---------------------------------------------------------------------------------------------------------------------------------------------------------------------+
Bottom Preferred Layer:
+---------------+------------+----------+
|     Layer     |    CLK     |   Rule   |
+---------------+------------+----------+
| metal3 (z=3)  |         19 | default  |
+---------------+------------+----------+
Via Pillar Rule:
    None

*** Finish DRV Fixing (cpu=0:00:00.8 real=0:00:01.0 mem=1593.2M) ***

*** DrvOpt [finish] : cpu/real = 0:00:05.4/0:00:06.0 (0.9), totSession cpu/real = 0:41:28.0/3:09:39.0 (0.2), mem = 1574.2M
drv optimizer changes nothing and skips refinePlace
End: GigaOpt DRV Optimization
**optDesign ... cpu = 0:00:50, real = 0:00:54, mem = 1259.7M, totSessionCpu=0:41:28 **
*info:
**INFO: Completed fixing DRV (CPU Time = 0:00:06, Mem = 1495.16M).

------------------------------------------------------------
     SI Timing Summary (cpu=0.09min real=0.12min mem=1495.2M)                             
------------------------------------------------------------

Setup views included:
 MyAnView 

+--------------------+---------+---------+---------+---------+
|     Setup mode     |   all   | reg2reg |reg2cgate| default |
+--------------------+---------+---------+---------+---------+
|           WNS (ns):|  3.875  |  3.907  |   N/A   |  3.875  |
|           TNS (ns):|  0.000  |  0.000  |   N/A   |  0.000  |
|    Violating Paths:|    0    |    0    |   N/A   |    0    |
|          All Paths:|   363   |   134   |   N/A   |   253   |
+--------------------+---------+---------+---------+---------+

+----------------+-------------------------------+------------------+
|                |              Real             |       Total      |
|    DRVs        +------------------+------------+------------------|
|                |  Nr nets(terms)  | Worst Vio  |  Nr nets(terms)  |
+----------------+------------------+------------+------------------+
|   max_cap      |      0 (0)       |   0.000    |      0 (0)       |
|   max_tran     |      0 (0)       |   0.000    |      0 (0)       |
|   max_fanout   |      0 (0)       |     0      |      0 (0)       |
|   max_length   |      0 (0)       |     0      |      0 (0)       |
+----------------+------------------+------------+------------------+

Density: 57.012%
Total number of glitch violations: 0
------------------------------------------------------------
**optDesign ... cpu = 0:00:50, real = 0:00:54, mem = 1255.7M, totSessionCpu=0:41:28 **
*** Timing Is met
*** Check timing (0:00:00.0)
*** Setup timing is met (target slack 0ns)
Running postRoute recovery in preEcoRoute mode
**optDesign ... cpu = 0:00:51, real = 0:00:55, mem = 1250.1M, totSessionCpu=0:41:29 **
Checking DRV degradation...
**INFO: Skipping DRV recovery as drv did not degrade beyond margin
Finish postRoute recovery in preEcoRoute mode (cpu=0:00:00, real=0:00:00, mem=1485.62M, totSessionCpu=0:41:29).
**optDesign ... cpu = 0:00:51, real = 0:00:55, mem = 1250.1M, totSessionCpu=0:41:29 **

Skipping post route harden opt
Default Rule : ""
Non Default Rules :
Worst Slack : 3.907 ns

Start Layer Assignment ...
WNS(3.907ns) Target(0.000ns) MaxAssign(0%) MaxCong(20%) MinLen(100um) MinCap(0.050pf) layerBucket(3)

Select 0 cadidates out of 10988.
No critical nets selected. Skipped !
GigaOpt: setting up router preferences
GigaOpt: 0 nets assigned router directives

Start Assign Priority Nets ...
TargetSlk(0.200ns) MaxAssign(3%) minLen(50um)
Existing Priority Nets 0 (0.0%)
Assigned Priority Nets 0 (0.0%)
Default Rule : ""
Non Default Rules :
Worst Slack : 3.875 ns

Start Layer Assignment ...
WNS(3.875ns) Target(0.000ns) MaxAssign(0%) MaxCong(20%) MinLen(100um) MinCap(0.050pf) layerBucket(3)

Select 0 cadidates out of 10988.
No critical nets selected. Skipped !
GigaOpt: setting up router preferences
GigaOpt: 0 nets assigned router directives

Start Assign Priority Nets ...
TargetSlk(0.200ns) MaxAssign(3%) minLen(50um)
Existing Priority Nets 0 (0.0%)
Assigned Priority Nets 0 (0.0%)

------------------------------------------------------------
        Pre-ecoRoute Summary                             
------------------------------------------------------------

Setup views included:
 MyAnView 

+--------------------+---------+---------+---------+---------+
|     Setup mode     |   all   | reg2reg |reg2cgate| default |
+--------------------+---------+---------+---------+---------+
|           WNS (ns):|  3.875  |  3.907  |   N/A   |  3.875  |
|           TNS (ns):|  0.000  |  0.000  |   N/A   |  0.000  |
|    Violating Paths:|    0    |    0    |   N/A   |    0    |
|          All Paths:|   363   |   134   |   N/A   |   253   |
+--------------------+---------+---------+---------+---------+

+----------------+-------------------------------+------------------+
|                |              Real             |       Total      |
|    DRVs        +------------------+------------+------------------|
|                |  Nr nets(terms)  | Worst Vio  |  Nr nets(terms)  |
+----------------+------------------+------------+------------------+
|   max_cap      |      0 (0)       |   0.000    |      0 (0)       |
|   max_tran     |      0 (0)       |   0.000    |      0 (0)       |
|   max_fanout   |      0 (0)       |     0      |      0 (0)       |
|   max_length   |      0 (0)       |     0      |      0 (0)       |
+----------------+------------------+------------+------------------+

Density: 57.012%
Total number of glitch violations: 0
------------------------------------------------------------
**optDesign ... cpu = 0:00:53, real = 0:00:57, mem = 1172.4M, totSessionCpu=0:41:31 **
Running refinePlace -preserveRouting true -hardFence false
*** Starting refinePlace (0:41:31 mem=1419.6M) ***
Move report: Detail placement moves 0 insts, mean move: 0.00 um, max move: 0.00 um
	Runtime: CPU: 0:00:00.4 REAL: 0:00:01.0 MEM: 1419.6MB
Summary Report:
Instances move: 0 (out of 8671 movable)
Instances flipped: 0
Mean displacement: 0.00 um
Max displacement: 0.00 um 
Runtime: CPU: 0:00:00.5 REAL: 0:00:01.0 MEM: 1419.6MB
*** Finished refinePlace (0:41:32 mem=1419.6M) ***
-routeWithEco false                       # bool, default=false
-routeWithEco true                        # bool, default=false, user setting
-routeSelectedNetOnly false               # bool, default=false
-routeWithTimingDriven false              # bool, default=false, user setting
-routeWithSiDriven false                  # bool, default=false, user setting
Existing Dirty Nets : 0
New Signature Flow (saveAndSetNanoRouteOptions) ....
Reset Dirty Nets : 0

globalDetailRoute

#Start globalDetailRoute on Sat Nov  1 22:09:53 2025
#
#num needed restored net=0
#need_extraction net=0 (total=10988)
#Processed 0/0 dirty instances, 0/0 dirty terms, 0/0 dirty fterms, 0/0 dirty pgterms, 0/0 misc dirty regions(0 insts marked dirty, reset pre-exisiting dirty flag on 0 insts, 0 nets marked need extraction)
#NanoRoute Version 20.11-s130_1 NR200802-2257/20_11-UB
#Skip comparing routing design signature in db-snapshot flow
#Start routing data preparation on Sat Nov  1 22:09:54 2025
#
#Minimum voltage of a net in the design = 0.000.
#Maximum voltage of a net in the design = 1.100.
#Voltage range [0.000 - 1.100] has 10959 nets.
#Voltage range [0.000 - 0.000] has 28 nets.
#Voltage range [1.100 - 1.100] has 1 net.
#Initial pin access analysis.
#Detail pin access analysis.
# metal1       H   Track-Pitch = 0.14000    Line-2-Via Pitch = 0.13500
# metal2       V   Track-Pitch = 0.19000    Line-2-Via Pitch = 0.14000
# metal3       H   Track-Pitch = 0.14000    Line-2-Via Pitch = 0.14000
# metal4       V   Track-Pitch = 0.28000    Line-2-Via Pitch = 0.28000
# metal5       H   Track-Pitch = 0.28000    Line-2-Via Pitch = 0.28000
# metal6       V   Track-Pitch = 0.28000    Line-2-Via Pitch = 0.28000
# metal7       H   Track-Pitch = 0.84000    Line-2-Via Pitch = 0.80000
# metal8       V   Track-Pitch = 0.84000    Line-2-Via Pitch = 0.80000
# metal9       H   Track-Pitch = 1.60000    Line-2-Via Pitch = 1.60000
# metal10      V   Track-Pitch = 1.68000    Line-2-Via Pitch = 1.60000
#Monitoring time of adding inner blkg by smac
#cpu time = 00:00:00, elapsed time = 00:00:00, memory = 1160.71 (MB), peak = 1297.33 (MB)
#Regenerating Ggrids automatically.
#Auto generating G-grids with size=15 tracks, using layer metal3's pitch = 0.14000.
#Using automatically generated G-grids.
#Done routing data preparation.
#cpu time = 00:00:01, elapsed time = 00:00:01, memory = 1160.71 (MB), peak = 1297.33 (MB)
#Found 0 nets for post-route si or timing fixing.
#
#Finished routing data preparation on Sat Nov  1 22:09:55 2025
#
#Cpu time = 00:00:01
#Elapsed time = 00:00:01
#Increased memory = 4.21 (MB)
#Total memory = 1160.71 (MB)
#Peak memory = 1297.33 (MB)
#
#
#Start global routing on Sat Nov  1 22:09:55 2025
#
#
#Start global routing initialization on Sat Nov  1 22:09:55 2025
#
#WARNING (NRGR-22) Design is already detail routed.
#Routing data preparation, pin analysis, global routing and track assignment statistics:
#Cpu time = 00:00:01
#Elapsed time = 00:00:01
#Increased memory = 4.29 (MB)
#Total memory = 1160.71 (MB)
#Peak memory = 1297.33 (MB)
#
#Start Detail Routing..
#start initial detail routing ...
#   number of violations = 0
#cpu time = 00:00:00, elapsed time = 00:00:00, memory = 1162.84 (MB), peak = 1297.33 (MB)
#Complete Detail Routing.
#Total number of nets with non-default rule or having extra spacing = 19
#Total wire length = 105679 um.
#Total half perimeter of net bounding box = 100947 um.
#Total wire length on LAYER metal1 = 3407 um.
#Total wire length on LAYER metal2 = 38242 um.
#Total wire length on LAYER metal3 = 44275 um.
#Total wire length on LAYER metal4 = 16208 um.
#Total wire length on LAYER metal5 = 2973 um.
#Total wire length on LAYER metal6 = 525 um.
#Total wire length on LAYER metal7 = 19 um.
#Total wire length on LAYER metal8 = 26 um.
#Total wire length on LAYER metal9 = 3 um.
#Total wire length on LAYER metal10 = 0 um.
#Total number of vias = 59194
#Up-Via Summary (total 59194):
#           
#-----------------------
# metal1          33745
# metal2          21879
# metal3           3261
# metal4            249
# metal5             43
# metal6             10
# metal7              5
# metal8              2
#-----------------------
#                 59194 
#
#Total number of DRC violations = 0
#Cpu time = 00:00:01
#Elapsed time = 00:00:01
#Increased memory = 0.00 (MB)
#Total memory = 1160.72 (MB)
#Peak memory = 1297.33 (MB)
#
#Start Post Route wire spreading..
#
#Start data preparation for wire spreading...
#
#Data preparation is done on Sat Nov  1 22:09:58 2025
#
#
#Start Post Route Wire Spread.
#Done with 770 horizontal wires in 6 hboxes and 237 vertical wires in 6 hboxes.
#Complete Post Route Wire Spread.
#
#Total number of nets with non-default rule or having extra spacing = 19
#Total wire length = 105907 um.
#Total half perimeter of net bounding box = 100947 um.
#Total wire length on LAYER metal1 = 3408 um.
#Total wire length on LAYER metal2 = 38293 um.
#Total wire length on LAYER metal3 = 44417 um.
#Total wire length on LAYER metal4 = 16242 um.
#Total wire length on LAYER metal5 = 2974 um.
#Total wire length on LAYER metal6 = 525 um.
#Total wire length on LAYER metal7 = 19 um.
#Total wire length on LAYER metal8 = 26 um.
#Total wire length on LAYER metal9 = 3 um.
#Total wire length on LAYER metal10 = 0 um.
#Total number of vias = 59194
#Up-Via Summary (total 59194):
#           
#-----------------------
# metal1          33745
# metal2          21879
# metal3           3261
# metal4            249
# metal5             43
# metal6             10
# metal7              5
# metal8              2
#-----------------------
#                 59194 
#
#   number of violations = 0
#cpu time = 00:00:02, elapsed time = 00:00:02, memory = 1162.86 (MB), peak = 1297.33 (MB)
#CELL_VIEW FIR_UNF,init has no DRC violation.
#Total number of DRC violations = 0
#Post Route wire spread is done.
#Total number of nets with non-default rule or having extra spacing = 19
#Total wire length = 105907 um.
#Total half perimeter of net bounding box = 100947 um.
#Total wire length on LAYER metal1 = 3408 um.
#Total wire length on LAYER metal2 = 38293 um.
#Total wire length on LAYER metal3 = 44417 um.
#Total wire length on LAYER metal4 = 16242 um.
#Total wire length on LAYER metal5 = 2974 um.
#Total wire length on LAYER metal6 = 525 um.
#Total wire length on LAYER metal7 = 19 um.
#Total wire length on LAYER metal8 = 26 um.
#Total wire length on LAYER metal9 = 3 um.
#Total wire length on LAYER metal10 = 0 um.
#Total number of vias = 59194
#Up-Via Summary (total 59194):
#           
#-----------------------
# metal1          33745
# metal2          21879
# metal3           3261
# metal4            249
# metal5             43
# metal6             10
# metal7              5
# metal8              2
#-----------------------
#                 59194 
#
#detailRoute Statistics:
#Cpu time = 00:00:03
#Elapsed time = 00:00:04
#Increased memory = 0.02 (MB)
#Total memory = 1160.73 (MB)
#Peak memory = 1297.33 (MB)
#Skip updating routing design signature in db-snapshot flow
#
#globalDetailRoute statistics:
#Cpu time = 00:00:06
#Elapsed time = 00:00:07
#Increased memory = -21.95 (MB)
#Total memory = 1153.60 (MB)
#Peak memory = 1297.33 (MB)
#Number of warnings = 1
#Total number of warnings = 8
#Number of fails = 0
#Total number of fails = 0
#Complete globalDetailRoute on Sat Nov  1 22:10:00 2025
#
**optDesign ... cpu = 0:01:00, real = 0:01:05, mem = 1153.8M, totSessionCpu=0:41:38 **
-routeWithEco false                       # bool, default=false
-routeSelectedNetOnly false               # bool, default=false
-routeWithTimingDriven false              # bool, default=false, user setting
-routeWithSiDriven false                  # bool, default=false, user setting
New Signature Flow (restoreNanoRouteOptions) ....
**WARN: (IMPEXT-3518):	The lower process node is set (using command 'setDesignMode') but the technology file for TQuantus extraction not specified. Therefore, going for postRoute (effortLevel low) extraction instead of recommended extractor 'TQuantus' for lower nodes. Use command 'set_analysis_view/update_rc_corner' to specify the technology file for TQuantus extraction to take place.
Extraction called for design 'FIR_UNF' of instances=8689 and nets=10988 using extraction engine 'postRoute' at effort level 'low' .
PostRoute (effortLevel low) RC Extraction called for design FIR_UNF.
RC Extraction called in multi-corner(1) mode.
Process corner(s) are loaded.
 Corner: my_rc
extractDetailRC Option : -outfile /tmp/innovus_temp_27407_isaserver_isa30_2025_2026_qLKkCd/FIR_UNF_27407_2Px1Jf.rcdb.d -maxResLength 200  -extended
RC Mode: PostRoute -effortLevel low [Extended CapTable, RC Table Resistances]
      RC Corner Indexes            0   
Capacitance Scaling Factor   : 1.00000 
Coupling Cap. Scaling Factor : 1.00000 
Resistance Scaling Factor    : 1.00000 
Clock Cap. Scaling Factor    : 1.00000 
Clock Res. Scaling Factor    : 1.00000 
Shrink Factor                : 1.00000
Initializing multi-corner capacitance tables ... 
Initializing multi-corner resistance tables ...
Checking LVS Completed (CPU Time= 0:00:00.1  MEM= 1421.6M)
Extracted 10.0016% (CPU Time= 0:00:00.9  MEM= 1514.0M)
Extracted 20.0022% (CPU Time= 0:00:01.0  MEM= 1514.0M)
Extracted 30.0016% (CPU Time= 0:00:01.1  MEM= 1514.0M)
Extracted 40.0022% (CPU Time= 0:00:01.3  MEM= 1514.0M)
Extracted 50.0016% (CPU Time= 0:00:01.5  MEM= 1514.0M)
Extracted 60.0022% (CPU Time= 0:00:01.8  MEM= 1514.0M)
Extracted 70.0016% (CPU Time= 0:00:02.0  MEM= 1514.0M)
Extracted 80.0022% (CPU Time= 0:00:02.3  MEM= 1514.0M)
Extracted 90.0016% (CPU Time= 0:00:02.6  MEM= 1514.0M)
Extracted 100% (CPU Time= 0:00:03.4  MEM= 1518.0M)
Number of Extracted Resistors     : 150759
Number of Extracted Ground Cap.   : 161246
Number of Extracted Coupling Cap. : 420278
Filtering XCap in 'relativeAndCoupling' mode using values coupling_c_threshold=0.1fF, relative_c_threshold=1, and total_c_threshold=0fF.
 Corner: my_rc
Checking LVS Completed (CPU Time= 0:00:00.1  MEM= 1486.7M)
PostRoute (effortLevel low) RC Extraction DONE (CPU Time: 0:00:05.3  Real Time: 0:00:07.0  MEM: 1486.699M)
**optDesign ... cpu = 0:01:05, real = 0:01:12, mem = 1118.0M, totSessionCpu=0:41:44 **
Starting delay calculation for Setup views
Starting SI iteration 1 using Infinite Timing Windows
#################################################################################
# Design Stage: PostRoute
# Design Name: FIR_UNF
# Design Mode: 45nm
# Analysis Mode: MMMC OCV 
# Parasitics Mode: SPEF/RCDB 
# Signoff Settings: SI On 
#################################################################################
AAE_INFO: 1 threads acquired from CTE.
Start delay calculation (fullDC) (1 T). (MEM=1401.5)
Initializing multi-corner capacitance tables ... 
Initializing multi-corner resistance tables ...
Total number of fetched objects 11033
AAE_INFO-618: Total number of nets in the design is 10988,  100.0 percent of the nets selected for SI analysis
End delay calculation. (MEM=1428.79 CPU=0:00:14.7 REAL=0:00:17.0)
End delay calculation (fullDC). (MEM=1428.79 CPU=0:00:15.9 REAL=0:00:19.0)
Loading CTE timing window with TwFlowType 0...(CPU = 0:00:00.0, REAL = 0:00:00.0, MEM = 1428.8M)
Add other clocks and setupCteToAAEClockMapping during iter 1
Loading CTE timing window is completed (CPU = 0:00:00.2, REAL = 0:00:01.0, MEM = 1428.8M)
Starting SI iteration 2
Start delay calculation (fullDC) (1 T). (MEM=1393.9)
Glitch Analysis: View MyAnView -- Total Number of Nets Skipped = 0. 
Glitch Analysis: View MyAnView -- Total Number of Nets Analyzed = 11033. 
Total number of fetched objects 11033
AAE_INFO-618: Total number of nets in the design is 10988,  0.3 percent of the nets selected for SI analysis
End delay calculation. (MEM=1435.05 CPU=0:00:00.3 REAL=0:00:00.0)
End delay calculation (fullDC). (MEM=1435.05 CPU=0:00:00.4 REAL=0:00:00.0)
*** Done Building Timing Graph (cpu=0:00:20.6 real=0:00:24.0 totSessionCpu=0:42:04 mem=1435.1M)

------------------------------------------------------------
       Post-ecoRoute Summary                             
------------------------------------------------------------

Setup views included:
 MyAnView 

+--------------------+---------+---------+---------+---------+
|     Setup mode     |   all   | reg2reg |reg2cgate| default |
+--------------------+---------+---------+---------+---------+
|           WNS (ns):|  3.876  |  3.908  |   N/A   |  3.876  |
|           TNS (ns):|  0.000  |  0.000  |   N/A   |  0.000  |
|    Violating Paths:|    0    |    0    |   N/A   |    0    |
|          All Paths:|   363   |   134   |   N/A   |   253   |
+--------------------+---------+---------+---------+---------+

+----------------+-------------------------------+------------------+
|                |              Real             |       Total      |
|    DRVs        +------------------+------------+------------------|
|                |  Nr nets(terms)  | Worst Vio  |  Nr nets(terms)  |
+----------------+------------------+------------+------------------+
|   max_cap      |      0 (0)       |   0.000    |      0 (0)       |
|   max_tran     |      0 (0)       |   0.000    |      0 (0)       |
|   max_fanout   |      0 (0)       |     0      |      0 (0)       |
|   max_length   |      0 (0)       |     0      |      0 (0)       |
+----------------+------------------+------------+------------------+

Density: 57.012%
Total number of glitch violations: 0
------------------------------------------------------------
**optDesign ... cpu = 0:01:26, real = 0:01:37, mem = 1172.3M, totSessionCpu=0:42:05 **
Executing marking Critical Nets1
Footprint XOR2_X1 has at least 2 pins...
Footprint XNOR2_X1 has at least 3 pins...
Footprint TLAT_X1 has at least 4 pins...
Footprint SDFF_X1 has at least 5 pins...
*** Number of Vt Cells Partition = 1
Running postRoute recovery in postEcoRoute mode
**optDesign ... cpu = 0:01:26, real = 0:01:37, mem = 1172.4M, totSessionCpu=0:42:05 **
Checking setup slack degradation ...
Checking DRV degradation...
**INFO: Skipping DRV recovery as drv did not degrade beyond margin
Finish postRoute recovery in postEcoRoute mode (cpu=0:00:01, real=0:00:00, mem=1410.32M, totSessionCpu=0:42:05).
**optDesign ... cpu = 0:01:27, real = 0:01:37, mem = 1172.4M, totSessionCpu=0:42:05 **

Latch borrow mode reset to max_borrow
Reported timing to dir ./timingReports
**optDesign ... cpu = 0:01:27, real = 0:01:38, mem = 1172.4M, totSessionCpu=0:42:06 **

------------------------------------------------------------
     optDesign Final SI Timing Summary                             
------------------------------------------------------------

Setup views included:
 MyAnView 

+--------------------+---------+---------+---------+---------+
|     Setup mode     |   all   | reg2reg |reg2cgate| default |
+--------------------+---------+---------+---------+---------+
|           WNS (ns):|  3.876  |  3.908  |   N/A   |  3.876  |
|           TNS (ns):|  0.000  |  0.000  |   N/A   |  0.000  |
|    Violating Paths:|    0    |    0    |   N/A   |    0    |
|          All Paths:|   363   |   134   |   N/A   |   253   |
+--------------------+---------+---------+---------+---------+

+----------------+-------------------------------+------------------+
|                |              Real             |       Total      |
|    DRVs        +------------------+------------+------------------|
|                |  Nr nets(terms)  | Worst Vio  |  Nr nets(terms)  |
+----------------+------------------+------------+------------------+
|   max_cap      |      0 (0)       |   0.000    |      0 (0)       |
|   max_tran     |      0 (0)       |   0.000    |      0 (0)       |
|   max_fanout   |      0 (0)       |     0      |      0 (0)       |
|   max_length   |      0 (0)       |     0      |      0 (0)       |
+----------------+------------------+------------+------------------+

Density: 57.012%
Total number of glitch violations: 0
------------------------------------------------------------
**optDesign ... cpu = 0:01:29, real = 0:01:45, mem = 1172.4M, totSessionCpu=0:42:07 **
 ReSet Options after AAE Based Opt flow 
Opt: RC extraction mode changed to 'detail'
*** Finished optDesign ***
Info: Destroy the CCOpt slew target map.
<CMD> optDesign -postRoute -hold
**optDesign ... cpu = 0:00:00, real = 0:00:00, mem = 1167.7M, totSessionCpu=0:42:08 **
**INFO: User settings:
setNanoRouteMode -drouteAntennaFactor                           1
setNanoRouteMode -droutePostRouteSpreadWire                     1
setNanoRouteMode -drouteStartIteration                          0
setNanoRouteMode -extractThirdPartyCompatible                   false
setNanoRouteMode -grouteExpTdStdDelay                           10.1
setNanoRouteMode -grouteExpTdUseTifTimingEngineForImportDesign  false
setNanoRouteMode -routeWithSiDriven                             false
setNanoRouteMode -routeWithSiPostRouteFix                       false
setNanoRouteMode -routeWithTimingDriven                         false
setNanoRouteMode -timingEngine                                  {}
setDesignMode -process                                          45
setExtractRCMode -coupled                                       true
setExtractRCMode -coupling_c_th                                 0.1
setExtractRCMode -engine                                        postRoute
setExtractRCMode -noCleanRCDB                                   true
setExtractRCMode -nrNetInMemory                                 100000
setExtractRCMode -relative_c_th                                 1
setExtractRCMode -total_c_th                                    0
setUsefulSkewMode -ecoRoute                                     false
setUsefulSkewMode -maxAllowedDelay                              1
setUsefulSkewMode -maxSkew                                      false
setUsefulSkewMode -noBoundary                                   false
setUsefulSkewMode -useCells                                     {BUF_X1 BUF_X2 BUF_X4 BUF_X8 BUF_X16 BUF_X32 CLKBUF_X1 CLKBUF_X2 CLKBUF_X3 INV_X1 INV_X2 INV_X4 INV_X8 INV_X16 INV_X32}
setDelayCalMode -enable_high_fanout                             true
setDelayCalMode -eng_copyNetPropToNewNet                        true
setDelayCalMode -engine                                         aae
setDelayCalMode -ignoreNetLoad                                  false
setDelayCalMode -SIAware                                        true
setOptMode -activeSetupViews                                    { MyAnView }
setOptMode -autoSetupViews                                      { MyAnView}
setOptMode -autoTDGRSetupViews                                  { MyAnView}
setOptMode -deleteInst                                          true
setOptMode -drcMargin                                           0
setOptMode -fixCap                                              true
setOptMode -fixDrc                                              true
setOptMode -fixFanoutLoad                                       false
setOptMode -fixTran                                             true
setOptMode -optimizeFF                                          true
setOptMode -preserveAllSequential                               false
setOptMode -setupTargetSlack                                    0
setSIMode -separate_delta_delay_on_data                         true
setSIMode -si_reselection                                       slack
setPlaceMode -place_design_floorplan_mode                       false
setPlaceMode -place_detail_check_route                          false
setPlaceMode -place_detail_preserve_routing                     true
setPlaceMode -place_detail_remove_affected_routing              false
setPlaceMode -place_detail_swap_eeq_cells                       false
setPlaceMode -place_global_clock_gate_aware                     true
setPlaceMode -place_global_cong_effort                          auto
setPlaceMode -place_global_ignore_scan                          true
setPlaceMode -place_global_ignore_spare                         false
setPlaceMode -place_global_module_aware_spare                   false
setPlaceMode -place_global_place_io_pins                        true
setPlaceMode -place_global_reorder_scan                         true
setPlaceMode -powerDriven                                       false
setPlaceMode -timingDriven                                      true
setAnalysisMode -analysisType                                   onChipVariation
setAnalysisMode -checkType                                      setup
setAnalysisMode -clkSrcPath                                     true
setAnalysisMode -clockPropagation                               sdcControl
setAnalysisMode -usefulSkew                                     true
setAnalysisMode -virtualIPO                                     false

**INFO: setDesignMode -flowEffort standard -> setting 'setOptMode -allEndPoints true' for the duration of this command.
Disable merging buffers from different footprints for postRoute code for non-MSV designs
GigaOpt running with 1 threads.
Need call spDPlaceInit before registerPrioInstLoc.
**optDesign ... cpu = 0:00:01, real = 0:00:00, mem = 1174.2M, totSessionCpu=0:42:08 **
Existing Dirty Nets : 0
New Signature Flow (optDesignCheckOptions) ....
#Taking db snapshot
#Taking db snapshot ... done
Begin checking placement ... (start mem=1427.1M, init mem=1427.1M)
*info: Placed = 8689           (Fixed = 18)
*info: Unplaced = 0           
Placement Density:57.01%(17809/31237)
Placement Density (including fixed std cells):57.01%(17809/31237)
Finished checkPlace (total: cpu=0:00:00.3, real=0:00:01.0; vio checks: cpu=0:00:00.3, real=0:00:00.0; mem=1427.1M)
 Initial DC engine is -> aae
 
 AAE-Opt:: Current number of nets in RC Memory -> 100 K
 
 
 AAE-Opt:: New number of nets in RC Memory -> 100 K
 
Reset EOS DB
Ignoring AAE DB Resetting ...
 Set Options for AAE Based Opt flow 
*** optDesign -postRoute ***
DRC Margin: user margin 0.0; extra margin 0
Setup Target Slack: user slack 0
Hold Target Slack: user slack 0
** INFO : this run is activating 'postRoute' automaton
**WARN: (IMPEXT-3518):	The lower process node is set (using command 'setDesignMode') but the technology file for TQuantus extraction not specified. Therefore, going for postRoute (effortLevel low) extraction instead of recommended extractor 'TQuantus' for lower nodes. Use command 'set_analysis_view/update_rc_corner' to specify the technology file for TQuantus extraction to take place.
Extraction called for design 'FIR_UNF' of instances=8689 and nets=10988 using extraction engine 'postRoute' at effort level 'low' .
PostRoute (effortLevel low) RC Extraction called for design FIR_UNF.
RC Extraction called in multi-corner(1) mode.
Process corner(s) are loaded.
 Corner: my_rc
extractDetailRC Option : -outfile /tmp/innovus_temp_27407_isaserver_isa30_2025_2026_qLKkCd/FIR_UNF_27407_2Px1Jf.rcdb.d -maxResLength 200  -extended
RC Mode: PostRoute -effortLevel low [Extended CapTable, RC Table Resistances]
      RC Corner Indexes            0   
Capacitance Scaling Factor   : 1.00000 
Coupling Cap. Scaling Factor : 1.00000 
Resistance Scaling Factor    : 1.00000 
Clock Cap. Scaling Factor    : 1.00000 
Clock Res. Scaling Factor    : 1.00000 
Shrink Factor                : 1.00000
Initializing multi-corner capacitance tables ... 
Initializing multi-corner resistance tables ...
Checking LVS Completed (CPU Time= 0:00:00.1  MEM= 1419.1M)
Extracted 10.0016% (CPU Time= 0:00:01.1  MEM= 1511.5M)
Extracted 20.0022% (CPU Time= 0:00:01.3  MEM= 1511.5M)
Extracted 30.0016% (CPU Time= 0:00:01.3  MEM= 1511.5M)
Extracted 40.0022% (CPU Time= 0:00:01.6  MEM= 1511.5M)
Extracted 50.0016% (CPU Time= 0:00:01.8  MEM= 1511.5M)
Extracted 60.0022% (CPU Time= 0:00:02.1  MEM= 1511.5M)
Extracted 70.0016% (CPU Time= 0:00:02.3  MEM= 1511.5M)
Extracted 80.0022% (CPU Time= 0:00:02.7  MEM= 1511.5M)
Extracted 90.0016% (CPU Time= 0:00:03.1  MEM= 1511.5M)
Extracted 100% (CPU Time= 0:00:04.0  MEM= 1515.5M)
Number of Extracted Resistors     : 150759
Number of Extracted Ground Cap.   : 161246
Number of Extracted Coupling Cap. : 420278
Filtering XCap in 'relativeAndCoupling' mode using values coupling_c_threshold=0.1fF, relative_c_threshold=1, and total_c_threshold=0fF.
 Corner: my_rc
Checking LVS Completed (CPU Time= 0:00:00.1  MEM= 1483.5M)
PostRoute (effortLevel low) RC Extraction DONE (CPU Time: 0:00:07.0  Real Time: 0:00:10.0  MEM: 1483.465M)
GigaOpt Hold Optimizer is used
Initializing multi-corner capacitance tables ... 
Initializing multi-corner resistance tables ...
Starting initialization (fixHold) cpu=0:00:00.0 real=0:00:00.0 totSessionCpu=0:42:17 mem=1465.7M ***
Starting delay calculation for Hold views
Starting SI iteration 1 using Infinite Timing Windows
#################################################################################
# Design Stage: PostRoute
# Design Name: FIR_UNF
# Design Mode: 45nm
# Analysis Mode: MMMC OCV 
# Parasitics Mode: SPEF/RCDB 
# Signoff Settings: SI On 
#################################################################################
AAE_INFO: 1 threads acquired from CTE.
Start delay calculation (fullDC) (1 T). (MEM=1463.73)
Total number of fetched objects 11033
AAE_INFO-618: Total number of nets in the design is 10988,  100.0 percent of the nets selected for SI analysis
End delay calculation. (MEM=1462.41 CPU=0:00:14.0 REAL=0:00:17.0)
End delay calculation (fullDC). (MEM=1462.41 CPU=0:00:14.6 REAL=0:00:18.0)
Loading CTE timing window with TwFlowType 0...(CPU = 0:00:00.0, REAL = 0:00:00.0, MEM = 1462.4M)
Add other clocks and setupCteToAAEClockMapping during iter 1
Loading CTE timing window is completed (CPU = 0:00:00.2, REAL = 0:00:00.0, MEM = 1462.4M)

Executing IPO callback for view pruning ..
Starting SI iteration 2
Start delay calculation (fullDC) (1 T). (MEM=1405.53)
Glitch Analysis: View MyAnView -- Total Number of Nets Skipped = 0. 
Glitch Analysis: View MyAnView -- Total Number of Nets Analyzed = 11033. 
Total number of fetched objects 11033
AAE_INFO-618: Total number of nets in the design is 10988,  0.1 percent of the nets selected for SI analysis
End delay calculation. (MEM=1446.68 CPU=0:00:00.3 REAL=0:00:00.0)
End delay calculation (fullDC). (MEM=1446.68 CPU=0:00:00.3 REAL=0:00:01.0)
*** Done Building Timing Graph (cpu=0:00:17.8 real=0:00:21.0 totSessionCpu=0:42:37 mem=1446.7M)

Active hold views:
 MyAnView
  Dominating endpoints: 0
  Dominating TNS: -0.000

Done building cte hold timing graph (fixHold) cpu=0:00:20.4 real=0:00:25.0 totSessionCpu=0:42:38 mem=1461.9M ***
Done building hold timer [1 node(s), 0 edge(s), 1 view(s)] (fixHold) cpu=0:00:21.0 real=0:00:25.0 totSessionCpu=0:42:38 mem=1461.9M ***
Starting delay calculation for Setup views
Starting SI iteration 1 using Infinite Timing Windows
#################################################################################
# Design Stage: PostRoute
# Design Name: FIR_UNF
# Design Mode: 45nm
# Analysis Mode: MMMC OCV 
# Parasitics Mode: SPEF/RCDB 
# Signoff Settings: SI On 
#################################################################################
AAE_INFO: 1 threads acquired from CTE.
Start delay calculation (fullDC) (1 T). (MEM=1442.21)
Total number of fetched objects 11033
AAE_INFO-618: Total number of nets in the design is 10988,  100.0 percent of the nets selected for SI analysis
End delay calculation. (MEM=1438.56 CPU=0:00:11.7 REAL=0:00:14.0)
End delay calculation (fullDC). (MEM=1438.56 CPU=0:00:12.4 REAL=0:00:15.0)
Loading CTE timing window with TwFlowType 0...(CPU = 0:00:00.0, REAL = 0:00:00.0, MEM = 1438.6M)
Add other clocks and setupCteToAAEClockMapping during iter 1
Loading CTE timing window is completed (CPU = 0:00:00.1, REAL = 0:00:00.0, MEM = 1438.6M)

Executing IPO callback for view pruning ..
Starting SI iteration 2
Start delay calculation (fullDC) (1 T). (MEM=1406.68)
Glitch Analysis: View MyAnView -- Total Number of Nets Skipped = 0. 
Glitch Analysis: View MyAnView -- Total Number of Nets Analyzed = 11033. 
Total number of fetched objects 11033
AAE_INFO-618: Total number of nets in the design is 10988,  0.3 percent of the nets selected for SI analysis
End delay calculation. (MEM=1447.82 CPU=0:00:00.2 REAL=0:00:00.0)
End delay calculation (fullDC). (MEM=1447.82 CPU=0:00:00.3 REAL=0:00:00.0)
*** Done Building Timing Graph (cpu=0:00:15.5 real=0:00:18.0 totSessionCpu=0:42:55 mem=1447.8M)
Done building cte setup timing graph (fixHold) cpu=0:00:37.7 real=0:00:45.0 totSessionCpu=0:42:55 mem=1447.8M ***
Setting latch borrow mode to budget during optimization.

*Info: minBufDelay = 21.9 ps, libStdDelay = 10.1 ps, minBufSize = 3192000 (3.0)
*Info: worst delay setup view: MyAnView

------------------------------------------------------------
     Hold Opt Initial Summary                             
------------------------------------------------------------

Setup views included:
 MyAnView
Hold views included:
 MyAnView

+--------------------+---------+---------+---------+---------+
|     Setup mode     |   all   | reg2reg |reg2cgate| default |
+--------------------+---------+---------+---------+---------+
|           WNS (ns):|  3.876  |  3.908  |   N/A   |  3.876  |
|           TNS (ns):|  0.000  |  0.000  |   N/A   |  0.000  |
|    Violating Paths:|    0    |    0    |   N/A   |    0    |
|          All Paths:|   363   |   134   |   N/A   |   253   |
+--------------------+---------+---------+---------+---------+

+--------------------+---------+---------+---------+---------+
|     Hold mode      |   all   | reg2reg |reg2cgate| default |
+--------------------+---------+---------+---------+---------+
|           WNS (ns):|  0.063  |  0.063  |   N/A   |  0.000  |
|           TNS (ns):|  0.000  |  0.000  |   N/A   |  0.000  |
|    Violating Paths:|    0    |    0    |   N/A   |    0    |
|          All Paths:|   134   |   134   |   N/A   |    0    |
+--------------------+---------+---------+---------+---------+

+----------------+-------------------------------+------------------+
|                |              Real             |       Total      |
|    DRVs        +------------------+------------+------------------|
|                |  Nr nets(terms)  | Worst Vio  |  Nr nets(terms)  |
+----------------+------------------+------------+------------------+
|   max_cap      |      0 (0)       |   0.000    |      0 (0)       |
|   max_tran     |      0 (0)       |   0.000    |      0 (0)       |
|   max_fanout   |      0 (0)       |     0      |      0 (0)       |
|   max_length   |      0 (0)       |     0      |      0 (0)       |
+----------------+------------------+------------+------------------+

Density: 57.012%
Total number of glitch violations: 0
------------------------------------------------------------
**optDesign ... cpu = 0:00:51, real = 0:01:01, mem = 1182.3M, totSessionCpu=0:42:58 **
*** HoldOpt [begin] : cpu/real = 0:00:00.0/0:00:00.0 (0.0), totSession cpu/real = 0:42:58.4/3:11:32.6 (0.2), mem = 1437.1M
*info: Run optDesign holdfix with 1 thread.
Info: 19 clock nets excluded from IPO operation.
*** Hold timing is met. Hold fixing is not needed 
**INFO: total 0 insts, 0 nets marked don't touch
**INFO: total 0 insts, 0 nets marked don't touch DB property
**INFO: total 0 insts, 0 nets unmarked don't touch

*** HoldOpt [finish] : cpu/real = 0:00:00.6/0:00:00.7 (1.0), totSession cpu/real = 0:42:59.0/3:11:33.2 (0.2), mem = 1588.7M
Latch borrow mode reset to max_borrow
Reported timing to dir ./timingReports
**optDesign ... cpu = 0:00:52, real = 0:01:03, mem = 1260.7M, totSessionCpu=0:43:00 **
Running 'saveTimingGraph -compress -file /tmp/innovus_temp_27407_isaserver_isa30_2025_2026_qLKkCd/opt_timing_graph_GNmuwx/timingGraph.tgz -dir /tmp/innovus_temp_27407_isaserver_isa30_2025_2026_qLKkCd/opt_timing_graph_GNmuwx -prefix timingGraph'
Done saveTimingGraph
Starting delay calculation for Hold views
Starting SI iteration 1 using Infinite Timing Windows
#################################################################################
# Design Stage: PostRoute
# Design Name: FIR_UNF
# Design Mode: 45nm
# Analysis Mode: MMMC OCV 
# Parasitics Mode: SPEF/RCDB 
# Signoff Settings: SI On 
#################################################################################
AAE_INFO: 1 threads acquired from CTE.
Start delay calculation (fullDC) (1 T). (MEM=1514.46)
Total number of fetched objects 11033
AAE_INFO-618: Total number of nets in the design is 10988,  100.0 percent of the nets selected for SI analysis
End delay calculation. (MEM=1513.88 CPU=0:00:12.8 REAL=0:00:14.0)
End delay calculation (fullDC). (MEM=1513.88 CPU=0:00:13.5 REAL=0:00:15.0)
Loading CTE timing window with TwFlowType 0...(CPU = 0:00:00.0, REAL = 0:00:00.0, MEM = 1513.9M)
Add other clocks and setupCteToAAEClockMapping during iter 1
Loading CTE timing window is completed (CPU = 0:00:00.2, REAL = 0:00:00.0, MEM = 1513.9M)
Starting SI iteration 2
Start delay calculation (fullDC) (1 T). (MEM=1472)
Glitch Analysis: View MyAnView -- Total Number of Nets Skipped = 0. 
Glitch Analysis: View MyAnView -- Total Number of Nets Analyzed = 11033. 
Total number of fetched objects 11033
AAE_INFO-618: Total number of nets in the design is 10988,  0.1 percent of the nets selected for SI analysis
End delay calculation. (MEM=1514.15 CPU=0:00:00.3 REAL=0:00:01.0)
End delay calculation (fullDC). (MEM=1514.15 CPU=0:00:00.3 REAL=0:00:01.0)
*** Done Building Timing Graph (cpu=0:00:16.5 real=0:00:17.0 totSessionCpu=0:43:18 mem=1514.2M)
Running 'restoreTimingGraph -file /tmp/innovus_temp_27407_isaserver_isa30_2025_2026_qLKkCd/opt_timing_graph_GNmuwx/timingGraph.tgz -dir /tmp/innovus_temp_27407_isaserver_isa30_2025_2026_qLKkCd/opt_timing_graph_GNmuwx -prefix timingGraph'
Done restoreTimingGraph

------------------------------------------------------------
     optDesign Final SI Timing Summary                             
------------------------------------------------------------

Setup views included:
 MyAnView 
Hold views included:
 MyAnView

+--------------------+---------+---------+---------+---------+
|     Setup mode     |   all   | reg2reg |reg2cgate| default |
+--------------------+---------+---------+---------+---------+
|           WNS (ns):|  3.876  |  3.908  |   N/A   |  3.876  |
|           TNS (ns):|  0.000  |  0.000  |   N/A   |  0.000  |
|    Violating Paths:|    0    |    0    |   N/A   |    0    |
|          All Paths:|   363   |   134   |   N/A   |   253   |
+--------------------+---------+---------+---------+---------+

+--------------------+---------+---------+---------+---------+
|     Hold mode      |   all   | reg2reg |reg2cgate| default |
+--------------------+---------+---------+---------+---------+
|           WNS (ns):|  0.063  |  0.063  |   N/A   |  0.000  |
|           TNS (ns):|  0.000  |  0.000  |   N/A   |  0.000  |
|    Violating Paths:|    0    |    0    |   N/A   |    0    |
|          All Paths:|   134   |   134   |   N/A   |    0    |
+--------------------+---------+---------+---------+---------+

+----------------+-------------------------------+------------------+
|                |              Real             |       Total      |
|    DRVs        +------------------+------------+------------------|
|                |  Nr nets(terms)  | Worst Vio  |  Nr nets(terms)  |
+----------------+------------------+------------+------------------+
|   max_cap      |      0 (0)       |   0.000    |      0 (0)       |
|   max_tran     |      0 (0)       |   0.000    |      0 (0)       |
|   max_fanout   |      0 (0)       |     0      |      0 (0)       |
|   max_length   |      0 (0)       |     0      |      0 (0)       |
+----------------+------------------+------------+------------------+

Density: 57.012%
Total number of glitch violations: 0
------------------------------------------------------------
**optDesign ... cpu = 0:01:15, real = 0:01:31, mem = 1327.3M, totSessionCpu=0:43:23 **
 ReSet Options after AAE Based Opt flow 
*** Finished optDesign ***
Info: Destroy the CCOpt slew target map.
<CMD> setOptMode -fixCap true -fixTran true -fixFanoutLoad false
<CMD> optDesign -postRoute
**optDesign ... cpu = 0:00:00, real = 0:00:00, mem = 1241.3M, totSessionCpu=0:43:23 **
**INFO: User settings:
setNanoRouteMode -drouteAntennaFactor                           1
setNanoRouteMode -droutePostRouteSpreadWire                     1
setNanoRouteMode -drouteStartIteration                          0
setNanoRouteMode -extractThirdPartyCompatible                   false
setNanoRouteMode -grouteExpTdStdDelay                           10.1
setNanoRouteMode -grouteExpTdUseTifTimingEngineForImportDesign  false
setNanoRouteMode -routeExpDirtyAreaEco                          false
setNanoRouteMode -routeExpSignatureEco                          false
setNanoRouteMode -routeWithSiDriven                             false
setNanoRouteMode -routeWithSiPostRouteFix                       false
setNanoRouteMode -routeWithTimingDriven                         false
setNanoRouteMode -timingEngine                                  {}
setDesignMode -process                                          45
setExtractRCMode -coupled                                       true
setExtractRCMode -coupling_c_th                                 0.1
setExtractRCMode -engine                                        postRoute
setExtractRCMode -noCleanRCDB                                   true
setExtractRCMode -nrNetInMemory                                 100000
setExtractRCMode -relative_c_th                                 1
setExtractRCMode -total_c_th                                    0
setUsefulSkewMode -ecoRoute                                     false
setUsefulSkewMode -maxAllowedDelay                              1
setUsefulSkewMode -maxSkew                                      false
setUsefulSkewMode -noBoundary                                   false
setUsefulSkewMode -useCells                                     {BUF_X1 BUF_X2 BUF_X4 BUF_X8 BUF_X16 BUF_X32 CLKBUF_X1 CLKBUF_X2 CLKBUF_X3 INV_X1 INV_X2 INV_X4 INV_X8 INV_X16 INV_X32}
setDelayCalMode -enable_high_fanout                             true
setDelayCalMode -eng_copyNetPropToNewNet                        true
setDelayCalMode -engine                                         aae
setDelayCalMode -ignoreNetLoad                                  false
setDelayCalMode -SIAware                                        true
setOptMode -activeHoldViews                                     { MyAnView }
setOptMode -activeSetupViews                                    { MyAnView }
setOptMode -autoHoldViews                                       { MyAnView}
setOptMode -autoSetupViews                                      { MyAnView}
setOptMode -autoTDGRSetupViews                                  { MyAnView}
setOptMode -autoViewHoldTargetSlack                             0
setOptMode -deleteInst                                          true
setOptMode -drcMargin                                           0
setOptMode -fixCap                                              true
setOptMode -fixDrc                                              true
setOptMode -fixFanoutLoad                                       false
setOptMode -fixTran                                             true
setOptMode -optimizeFF                                          true
setOptMode -preserveAllSequential                               false
setOptMode -setupTargetSlack                                    0
setSIMode -separate_delta_delay_on_data                         true
setSIMode -si_reselection                                       slack
setPlaceMode -place_design_floorplan_mode                       false
setPlaceMode -place_detail_check_route                          false
setPlaceMode -place_detail_preserve_routing                     true
setPlaceMode -place_detail_remove_affected_routing              false
setPlaceMode -place_detail_swap_eeq_cells                       false
setPlaceMode -place_global_clock_gate_aware                     true
setPlaceMode -place_global_cong_effort                          auto
setPlaceMode -place_global_ignore_scan                          true
setPlaceMode -place_global_ignore_spare                         false
setPlaceMode -place_global_module_aware_spare                   false
setPlaceMode -place_global_place_io_pins                        true
setPlaceMode -place_global_reorder_scan                         true
setPlaceMode -powerDriven                                       false
setPlaceMode -timingDriven                                      true
setAnalysisMode -analysisType                                   onChipVariation
setAnalysisMode -checkType                                      setup
setAnalysisMode -clkSrcPath                                     true
setAnalysisMode -clockPropagation                               sdcControl
setAnalysisMode -usefulSkew                                     true
setAnalysisMode -virtualIPO                                     false

**INFO: setDesignMode -flowEffort standard -> setting 'setOptMode -allEndPoints true' for the duration of this command.
Disable merging buffers from different footprints for postRoute code for non-MSV designs
Need call spDPlaceInit before registerPrioInstLoc.
GigaOpt running with 1 threads.
**optDesign ... cpu = 0:00:02, real = 0:00:02, mem = 1188.3M, totSessionCpu=0:43:26 **
Existing Dirty Nets : 0
New Signature Flow (optDesignCheckOptions) ....
#Taking db snapshot
#Taking db snapshot ... done
Begin checking placement ... (start mem=1453.3M, init mem=1453.3M)
*info: Placed = 8689           (Fixed = 18)
*info: Unplaced = 0           
Placement Density:57.01%(17809/31237)
Placement Density (including fixed std cells):57.01%(17809/31237)
Finished checkPlace (total: cpu=0:00:00.3, real=0:00:01.0; vio checks: cpu=0:00:00.2, real=0:00:01.0; mem=1453.3M)
 Initial DC engine is -> aae
 
 AAE-Opt:: Current number of nets in RC Memory -> 100 K
 
 
 AAE-Opt:: New number of nets in RC Memory -> 100 K
 
Reset EOS DB
Ignoring AAE DB Resetting ...
 Set Options for AAE Based Opt flow 
*** optDesign -postRoute ***
DRC Margin: user margin 0.0; extra margin 0
Setup Target Slack: user slack 0
Hold Target Slack: user slack 0
Multi-VT timing optimization disabled based on library information.
** INFO : this run is activating 'postRoute' automaton
**WARN: (IMPEXT-3518):	The lower process node is set (using command 'setDesignMode') but the technology file for TQuantus extraction not specified. Therefore, going for postRoute (effortLevel low) extraction instead of recommended extractor 'TQuantus' for lower nodes. Use command 'set_analysis_view/update_rc_corner' to specify the technology file for TQuantus extraction to take place.
Extraction called for design 'FIR_UNF' of instances=8689 and nets=10988 using extraction engine 'postRoute' at effort level 'low' .
PostRoute (effortLevel low) RC Extraction called for design FIR_UNF.
RC Extraction called in multi-corner(1) mode.
Process corner(s) are loaded.
 Corner: my_rc
extractDetailRC Option : -outfile /tmp/innovus_temp_27407_isaserver_isa30_2025_2026_qLKkCd/FIR_UNF_27407_2Px1Jf.rcdb.d -maxResLength 200  -extended
RC Mode: PostRoute -effortLevel low [Extended CapTable, RC Table Resistances]
      RC Corner Indexes            0   
Capacitance Scaling Factor   : 1.00000 
Coupling Cap. Scaling Factor : 1.00000 
Resistance Scaling Factor    : 1.00000 
Clock Cap. Scaling Factor    : 1.00000 
Clock Res. Scaling Factor    : 1.00000 
Shrink Factor                : 1.00000
Initializing multi-corner capacitance tables ... 
Initializing multi-corner resistance tables ...
Checking LVS Completed (CPU Time= 0:00:00.1  MEM= 1443.3M)
Extracted 10.0016% (CPU Time= 0:00:01.0  MEM= 1535.7M)
Extracted 20.0022% (CPU Time= 0:00:01.2  MEM= 1535.7M)
Extracted 30.0016% (CPU Time= 0:00:01.3  MEM= 1535.7M)
Extracted 40.0022% (CPU Time= 0:00:01.5  MEM= 1535.7M)
Extracted 50.0016% (CPU Time= 0:00:01.8  MEM= 1535.7M)
Extracted 60.0022% (CPU Time= 0:00:02.0  MEM= 1535.7M)
Extracted 70.0016% (CPU Time= 0:00:02.2  MEM= 1535.7M)
Extracted 80.0022% (CPU Time= 0:00:02.7  MEM= 1535.7M)
Extracted 90.0016% (CPU Time= 0:00:03.1  MEM= 1535.7M)
Extracted 100% (CPU Time= 0:00:04.4  MEM= 1539.7M)
Number of Extracted Resistors     : 150759
Number of Extracted Ground Cap.   : 161246
Number of Extracted Coupling Cap. : 420278
Filtering XCap in 'relativeAndCoupling' mode using values coupling_c_threshold=0.1fF, relative_c_threshold=1, and total_c_threshold=0fF.
 Corner: my_rc
Checking LVS Completed (CPU Time= 0:00:00.1  MEM= 1503.6M)
PostRoute (effortLevel low) RC Extraction DONE (CPU Time: 0:00:06.7  Real Time: 0:00:07.0  MEM: 1503.637M)
Initializing multi-corner capacitance tables ... 
Initializing multi-corner resistance tables ...
Starting delay calculation for Hold views
#################################################################################
# Design Stage: PostRoute
# Design Name: FIR_UNF
# Design Mode: 45nm
# Analysis Mode: MMMC OCV 
# Parasitics Mode: SPEF/RCDB 
# Signoff Settings: SI Off 
#################################################################################
Start delay calculation (fullDC) (1 T). (MEM=1483.91)
Glitch Analysis: View MyAnView -- Total Number of Nets Skipped = 0. 
Glitch Analysis: View MyAnView -- Total Number of Nets Analyzed = 11033. 
Total number of fetched objects 11033
End delay calculation. (MEM=1490.7 CPU=0:00:07.1 REAL=0:00:07.0)
End delay calculation (fullDC). (MEM=1490.7 CPU=0:00:07.8 REAL=0:00:08.0)
*** Done Building Timing Graph (cpu=0:00:08.2 real=0:00:09.0 totSessionCpu=0:43:43 mem=1490.7M)
Done building cte hold timing graph (HoldAware) cpu=0:00:09.1 real=0:00:10.0 totSessionCpu=0:43:43 mem=1490.7M ***
Starting delay calculation for Setup views
Starting SI iteration 1 using Infinite Timing Windows
#################################################################################
# Design Stage: PostRoute
# Design Name: FIR_UNF
# Design Mode: 45nm
# Analysis Mode: MMMC OCV 
# Parasitics Mode: SPEF/RCDB 
# Signoff Settings: SI On 
#################################################################################
AAE_INFO: 1 threads acquired from CTE.
Start delay calculation (fullDC) (1 T). (MEM=1486.24)
Total number of fetched objects 11033
AAE_INFO-618: Total number of nets in the design is 10988,  100.0 percent of the nets selected for SI analysis
End delay calculation. (MEM=1482.58 CPU=0:00:12.7 REAL=0:00:14.0)
End delay calculation (fullDC). (MEM=1482.58 CPU=0:00:13.3 REAL=0:00:15.0)
Loading CTE timing window with TwFlowType 0...(CPU = 0:00:00.0, REAL = 0:00:00.0, MEM = 1482.6M)
Add other clocks and setupCteToAAEClockMapping during iter 1
Loading CTE timing window is completed (CPU = 0:00:00.2, REAL = 0:00:00.0, MEM = 1482.6M)

Executing IPO callback for view pruning ..
Starting SI iteration 2
Start delay calculation (fullDC) (1 T). (MEM=1412.7)
Glitch Analysis: View MyAnView -- Total Number of Nets Skipped = 0. 
Glitch Analysis: View MyAnView -- Total Number of Nets Analyzed = 11033. 
Total number of fetched objects 11033
AAE_INFO-618: Total number of nets in the design is 10988,  0.3 percent of the nets selected for SI analysis
End delay calculation. (MEM=1453.85 CPU=0:00:00.2 REAL=0:00:00.0)
End delay calculation (fullDC). (MEM=1453.85 CPU=0:00:00.3 REAL=0:00:00.0)
*** Done Building Timing Graph (cpu=0:00:16.3 real=0:00:18.0 totSessionCpu=0:44:00 mem=1453.8M)

------------------------------------------------------------
     Initial SI Timing Summary                             
------------------------------------------------------------

Setup views included:
 MyAnView 

+--------------------+---------+---------+---------+---------+
|     Setup mode     |   all   | reg2reg |reg2cgate| default |
+--------------------+---------+---------+---------+---------+
|           WNS (ns):|  3.876  |  3.908  |   N/A   |  3.876  |
|           TNS (ns):|  0.000  |  0.000  |   N/A   |  0.000  |
|    Violating Paths:|    0    |    0    |   N/A   |    0    |
|          All Paths:|   363   |   134   |   N/A   |   253   |
+--------------------+---------+---------+---------+---------+

+----------------+-------------------------------+------------------+
|                |              Real             |       Total      |
|    DRVs        +------------------+------------+------------------|
|                |  Nr nets(terms)  | Worst Vio  |  Nr nets(terms)  |
+----------------+------------------+------------+------------------+
|   max_cap      |      0 (0)       |   0.000    |      0 (0)       |
|   max_tran     |      0 (0)       |   0.000    |      0 (0)       |
|   max_fanout   |      0 (0)       |     0      |      0 (0)       |
|   max_length   |      0 (0)       |     0      |      0 (0)       |
+----------------+------------------+------------+------------------+

Density: 57.012%
Total number of glitch violations: 0
------------------------------------------------------------
**optDesign ... cpu = 0:00:38, real = 0:00:41, mem = 1184.0M, totSessionCpu=0:44:01 **
Setting latch borrow mode to budget during optimization.
Info: Done creating the CCOpt slew target map.
Glitch fixing enabled
Running CCOpt-PRO on entire clock network
Net route status summary:
  Clock:        19 (unrouted=0, trialRouted=0, noStatus=0, routed=19, fixed=0, [crossesIlmBoundary=0, tooFewTerms=0, (crossesIlmBoundary AND tooFewTerms=0)])
  Non-clock: 10969 (unrouted=200, trialRouted=0, noStatus=0, routed=10769, fixed=0, [crossesIlmBoundary=0, tooFewTerms=200, (crossesIlmBoundary AND tooFewTerms=0)])
Clock tree cells fixed by user: 0 out of 18 (0%)
PRO...
Relaxing adjacent_rows_legal and cell_density for the duration of PRO. To stop this set pro_respect_cell_density_and_adjacent_row_legal to true.
Initializing clock structures...
  Creating own balancer
  Permitting the movement of (non-FIXED) datapath insts as required for sized/new clock tree insts
  Removing CTS place status from clock tree and sinks.
  Initializing legalizer
  Using cell based legalization.
  Reconstructing clock tree datastructures, skew aware...
    Validating CTS configuration...
    Checking module port directions...
    Checking module port directions done. (took cpu=0:00:00.0 real=0:00:00.0)
    Non-default CCOpt properties:
    adjacent_rows_legal: true (default: false)
    allow_non_fterm_identical_swaps: 0 (default: true)
    cannot_merge_reason is set for at least one object
    cell_density is set for at least one object
    cell_halo_rows: 0 (default: 1)
    cell_halo_sites: 0 (default: 4)
    clock_nets_detailed_routed: 1 (default: false)
    force_design_routing_status: 1 (default: auto)
    route_type is set for at least one object
    target_insertion_delay is set for at least one object
    target_max_trans is set for at least one object
    target_skew is set for at least one object
    target_skew_wire is set for at least one object
    Route type trimming info:
      No route type modifications were made.
**WARN: (IMPCCOPT-1184):	The library has no usable balanced inverters for power domain auto-default, while balancing clock_tree MY_CLK. If this is not intended behavior, you can specify a list of lib_cells to use with the inverter_cells property.
    Clock tree balancer configuration for clock_tree MY_CLK:
    Non-default CCOpt properties:
      cell_density: 1 (default: 0.75)
      route_type (leaf): default_route_type_leaf (default: default)
      route_type (trunk): default_route_type_nonleaf (default: default)
      route_type (top): default_route_type_nonleaf (default: default)
    For power domain auto-default:
      Buffers:     CLKBUF_X3 CLKBUF_X2 CLKBUF_X1 
      Inverters:   
      Clock gates: CLKGATETST_X8 CLKGATETST_X4 CLKGATETST_X2 CLKGATETST_X1 
      Unblocked area available for placement of any clock cells in power_domain auto-default: 31236.912um^2
    Top Routing info:
      Route-type name: default_route_type_nonleaf; Top/bottom preferred layer name: metal4/metal3; 
      Unshielded; Mask Constraint: 0; Source: route_type.
    Trunk Routing info:
      Route-type name: default_route_type_nonleaf; Top/bottom preferred layer name: metal4/metal3; 
      Unshielded; Preferred extra space: 1; Mask Constraint: 0; Source: route_type.
    Leaf Routing info:
      Route-type name: default_route_type_leaf; Top/bottom preferred layer name: metal4/metal3; 
      Unshielded; Preferred extra space: 1; Mask Constraint: 0; Source: route_type.
    For timing_corner my_delay:both, late and power domain auto-default:
      Slew time target (leaf):    0.080ns
      Slew time target (trunk):   0.080ns
      Slew time target (top):     0.080ns (Note: no nets are considered top nets in this clock tree)
      Buffer unit delay: 0.047ns
      Buffer max distance: 596.721um
    Fastest wire driving cells and distances:
      Buffer    : {lib_cell:CLKBUF_X3, fastest_considered_half_corner=my_delay:both.late, optimalDrivingDistance=596.721um, saturatedSlew=0.068ns, speed=4381.212um per ns, cellArea=2.229um^2 per 1000um}
      Clock gate (with test): {lib_cell:CLKGATETST_X8, fastest_considered_half_corner=my_delay:both.late, optimalDrivingDistance=720.125um, saturatedSlew=0.063ns, speed=5688.191um per ns, cellArea=10.712um^2 per 1000um}
      Clock gate   (no test): {lib_cell:CLKGATE_X8, fastest_considered_half_corner=my_delay:both.late, optimalDrivingDistance=697.375um, saturatedSlew=0.060ns, speed=5899.958um per ns, cellArea=9.917um^2 per 1000um}
    
    
    Logic Sizing Table:
    
    ----------------------------------------------------------
    Cell    Instance count    Source    Eligible library cells
    ----------------------------------------------------------
      (empty table)
    ----------------------------------------------------------
    
    
    Clock tree balancer configuration for skew_group MY_CLK:
      Sources:                     pin clk
      Total number of sinks:       188
      Delay constrained sinks:     177
      Non-leaf sinks:              0
      Ignore pins:                 0
     Timing corner my_delay:both.late:
      Skew target:                 0.500ns
**WARN: (IMPCCOPT-1361):	Routing configuration for top nets in clock tree MY_CLK: preferred layers metal3-metal4 are outside NanoRoute configured layer range. This is likely to cause routing correlation issues.
**WARN: (IMPCCOPT-1361):	Routing configuration for trunk nets in clock tree MY_CLK: preferred layers metal3-metal4 are outside NanoRoute configured layer range. This is likely to cause routing correlation issues.
**WARN: (IMPCCOPT-1361):	Routing configuration for leaf nets in clock tree MY_CLK: preferred layers metal3-metal4 are outside NanoRoute configured layer range. This is likely to cause routing correlation issues.
    Primary reporting skew groups are:
    skew_group MY_CLK with 188 clock sinks
    
    Clock DAG stats initial state:
      cell counts      : b=2, i=0, icg=16, nicg=0, l=0, total=18
      cell areas       : b=1.862um^2, i=0.000um^2, icg=68.096um^2, nicg=0.000um^2, l=0.000um^2, total=69.958um^2
      hp wire lengths  : top=0.000um, trunk=0.000um, leaf=530.415um, total=530.415um
    Clock DAG library cell distribution initial state {count}:
       Bufs: CLKBUF_X2: 1 CLKBUF_X1: 1 
       ICGs: CLKGATETST_X2: 16 
    
    Distribution of half-perimeter wire length by ICG depth:
    
    ---------------------------------------------------------------------------
    Min ICG    Max ICG    Count    HPWL
    Depth      Depth               (um)
    ---------------------------------------------------------------------------
       0          0        18      [min=14, max=165, avg=29, sd=35, total=530]
       0          1         1      [min=208, max=208, avg=208, sd=0, total=208]
    ---------------------------------------------------------------------------
    
    No ideal or dont_touch nets found in the clock tree
    No dont_touch hnets found in the clock tree
    Validating CTS configuration done. (took cpu=0:00:02.4 real=0:00:02.7)
    CCOpt configuration status: all checks passed.
  Reconstructing clock tree datastructures, skew aware done.
Initializing clock structures done.
PRO...
  PRO active optimizations:
   - DRV fixing with cell sizing
  
**WARN: (IMPCCOPT-2277):	CCOpt/PRO found datapath net 'DOUT3k2_REG_clk_gate_Dout_reg/TE' is not routed.
**WARN: (IMPCCOPT-2277):	CCOpt/PRO found datapath net 'DOUT3k1_REG_clk_gate_Dout_reg/TE' is not routed.
**WARN: (IMPCCOPT-2277):	CCOpt/PRO found datapath net 'DOUT3k_REG_clk_gate_Dout_reg/TE' is not routed.
**WARN: (IMPCCOPT-2277):	CCOpt/PRO found datapath net 'DIN3k2_REG_clk_gate_Dout_reg/TE' is not routed.
**WARN: (IMPCCOPT-2277):	CCOpt/PRO found datapath net 'DIN3k1_REG_clk_gate_Dout_reg/TE' is not routed.
**WARN: (IMPCCOPT-2277):	CCOpt/PRO found datapath net 'DIN3k_REG_clk_gate_Dout_reg/TE' is not routed.
**WARN: (IMPCCOPT-2277):	CCOpt/PRO found datapath net 'i2_R3_clk_gate_Dout_reg/TE' is not routed.
**WARN: (IMPCCOPT-2277):	CCOpt/PRO found datapath net 'i2_R2_clk_gate_Dout_reg/TE' is not routed.
**WARN: (IMPCCOPT-2277):	CCOpt/PRO found datapath net 'i2_R1_clk_gate_Dout_reg/TE' is not routed.
**WARN: (IMPCCOPT-2277):	CCOpt/PRO found datapath net 'i2_R0_clk_gate_Dout_reg/TE' is not routed.
**WARN: (IMPCCOPT-2277):	CCOpt/PRO found datapath net 'i1_R2_clk_gate_Dout_reg/TE' is not routed.
**WARN: (IMPCCOPT-2277):	CCOpt/PRO found datapath net 'i1_R1_clk_gate_Dout_reg/TE' is not routed.
**WARN: (IMPCCOPT-2277):	CCOpt/PRO found datapath net 'i1_R0_clk_gate_Dout_reg/TE' is not routed.
**WARN: (IMPCCOPT-2277):	CCOpt/PRO found datapath net 'i0_R2_clk_gate_Dout_reg/TE' is not routed.
**WARN: (IMPCCOPT-2277):	CCOpt/PRO found datapath net 'i0_R1_clk_gate_Dout_reg/TE' is not routed.
**WARN: (IMPCCOPT-2277):	CCOpt/PRO found datapath net 'i0_R0_clk_gate_Dout_reg/TE' is not routed.
  Detected clock skew data from CTS
  Clock tree timing engine global stage delay update for my_delay:both.late...
  Clock tree timing engine global stage delay update for my_delay:both.late done. (took cpu=0:00:00.0 real=0:00:00.1)
  Clock DAG stats PRO initial state:
    cell counts      : b=2, i=0, icg=16, nicg=0, l=0, total=18
    cell areas       : b=1.862um^2, i=0.000um^2, icg=68.096um^2, nicg=0.000um^2, l=0.000um^2, total=69.958um^2
    cell capacitance : b=2.186fF, i=0.000fF, icg=45.097fF, nicg=0.000fF, l=0.000fF, total=47.283fF
    sink capacitance : count=188, total=192.782fF, avg=1.025fF, sd=0.197fF, min=0.965fF, max=1.812fF
    wire capacitance : top=0.000fF, trunk=32.053fF, leaf=74.014fF, total=106.067fF
    wire lengths     : top=0.000um, trunk=352.520um, leaf=730.090um, total=1082.610um
    hp wire lengths  : top=0.000um, trunk=0.000um, leaf=530.415um, total=530.415um
  Clock DAG net violations PRO initial state: none
  Clock DAG primary half-corner transition distribution PRO initial state:
    Trunk : target=0.080ns count=1 avg=0.005ns sd=0.000ns min=0.005ns max=0.005ns {1 <= 0.048ns, 0 <= 0.064ns, 0 <= 0.072ns, 0 <= 0.076ns, 0 <= 0.080ns}
    Leaf  : target=0.080ns count=18 avg=0.019ns sd=0.007ns min=0.013ns max=0.047ns {18 <= 0.048ns, 0 <= 0.064ns, 0 <= 0.072ns, 0 <= 0.076ns, 0 <= 0.080ns}
  Clock DAG library cell distribution PRO initial state {count}:
     Bufs: CLKBUF_X2: 1 CLKBUF_X1: 1 
     ICGs: CLKGATETST_X2: 16 
  Primary reporting skew groups PRO initial state:
    skew_group default.MY_CLK: unconstrained
  Skew group summary PRO initial state:
    skew_group MY_CLK: insertion delay [min=0.038, max=0.043, avg=0.041, sd=0.002], skew [0.006 vs 0.500], 100% {0.038, 0.043} (wid=0.006 ws=0.004) (gid=0.037 gs=0.003)
  Recomputing CTS skew targets...
  Resolving skew group constraints...
    Solving LP: 1 skew groups; 3 fragments, 3 fraglets and 4 vertices; 21 variables and 54 constraints; tolerance 1
  Resolving skew group constraints done.
  Recomputing CTS skew targets done. (took cpu=0:00:00.0 real=0:00:00.1)
  PRO Fixing DRVs...
    Fixing clock tree DRVs: ...20% ...40% ...60% ...80% ...100% 
    CCOpt-PRO: considered: 19, tested: 19, violation detected: 0, violation ignored (due to small violation): 0, cannot run: 0, attempted: 0, unsuccessful: 0, sized: 0
    
    PRO Statistics: Fix DRVs (cell sizing):
    =======================================
    
    Cell changes by Net Type:
    
    -------------------------------------------------------------------------------------------------
    Net Type    Attempted    Upsized     Downsized    Swapped Same Size    Total Changed    Not Sized
    -------------------------------------------------------------------------------------------------
    top                0            0           0            0                    0                0
    trunk              0            0           0            0                    0                0
    leaf               0            0           0            0                    0                0
    -------------------------------------------------------------------------------------------------
    Total              0            0           0            0                    0                0
    -------------------------------------------------------------------------------------------------
    
    Upsized: 0, Downsized: 0, Sized but same area: 0, Unchanged: 0, Area change: 0.000um^2 (0.000%)
    Max. move: 0.000um, Min. move: 0.000um, Avg. move: N/A
    
    Clock DAG stats after 'PRO Fixing DRVs':
      cell counts      : b=2, i=0, icg=16, nicg=0, l=0, total=18
      cell areas       : b=1.862um^2, i=0.000um^2, icg=68.096um^2, nicg=0.000um^2, l=0.000um^2, total=69.958um^2
      cell capacitance : b=2.186fF, i=0.000fF, icg=45.097fF, nicg=0.000fF, l=0.000fF, total=47.283fF
      sink capacitance : count=188, total=192.782fF, avg=1.025fF, sd=0.197fF, min=0.965fF, max=1.812fF
      wire capacitance : top=0.000fF, trunk=32.053fF, leaf=74.014fF, total=106.067fF
      wire lengths     : top=0.000um, trunk=352.520um, leaf=730.090um, total=1082.610um
      hp wire lengths  : top=0.000um, trunk=0.000um, leaf=530.415um, total=530.415um
    Clock DAG net violations after 'PRO Fixing DRVs': none
    Clock DAG primary half-corner transition distribution after 'PRO Fixing DRVs':
      Trunk : target=0.080ns count=1 avg=0.005ns sd=0.000ns min=0.005ns max=0.005ns {1 <= 0.048ns, 0 <= 0.064ns, 0 <= 0.072ns, 0 <= 0.076ns, 0 <= 0.080ns}
      Leaf  : target=0.080ns count=18 avg=0.019ns sd=0.007ns min=0.013ns max=0.047ns {18 <= 0.048ns, 0 <= 0.064ns, 0 <= 0.072ns, 0 <= 0.076ns, 0 <= 0.080ns}
    Clock DAG library cell distribution after 'PRO Fixing DRVs' {count}:
       Bufs: CLKBUF_X2: 1 CLKBUF_X1: 1 
       ICGs: CLKGATETST_X2: 16 
    Primary reporting skew groups after 'PRO Fixing DRVs':
      skew_group default.MY_CLK: unconstrained
    Skew group summary after 'PRO Fixing DRVs':
      skew_group MY_CLK: insertion delay [min=0.038, max=0.043, avg=0.041, sd=0.002], skew [0.006 vs 0.500], 100% {0.038, 0.043} (wid=0.006 ws=0.004) (gid=0.037 gs=0.003)
    Legalizer API calls during this step: 0 succeeded with high effort: 0 succeeded with medium effort: 0 succeeded with low effort: 0 succeeded with basic effort: 0 succeeded with basic unbounded effort: 0
  PRO Fixing DRVs done. (took cpu=0:00:00.0 real=0:00:00.0)
  Reconnecting optimized routes...
  Reconnecting optimized routes done. (took cpu=0:00:00.0 real=0:00:00.0)
  Set dirty flag on 0 instances, 0 nets
  Clock tree timing engine global stage delay update for my_delay:both.late...
  Clock tree timing engine global stage delay update for my_delay:both.late done. (took cpu=0:00:00.1 real=0:00:00.1)
  Clock DAG stats PRO final:
    cell counts      : b=2, i=0, icg=16, nicg=0, l=0, total=18
    cell areas       : b=1.862um^2, i=0.000um^2, icg=68.096um^2, nicg=0.000um^2, l=0.000um^2, total=69.958um^2
    cell capacitance : b=2.186fF, i=0.000fF, icg=45.097fF, nicg=0.000fF, l=0.000fF, total=47.283fF
    sink capacitance : count=188, total=192.782fF, avg=1.025fF, sd=0.197fF, min=0.965fF, max=1.812fF
    wire capacitance : top=0.000fF, trunk=32.053fF, leaf=74.014fF, total=106.067fF
    wire lengths     : top=0.000um, trunk=352.520um, leaf=730.090um, total=1082.610um
    hp wire lengths  : top=0.000um, trunk=0.000um, leaf=530.415um, total=530.415um
  Clock DAG net violations PRO final: none
  Clock DAG primary half-corner transition distribution PRO final:
    Trunk : target=0.080ns count=1 avg=0.005ns sd=0.000ns min=0.005ns max=0.005ns {1 <= 0.048ns, 0 <= 0.064ns, 0 <= 0.072ns, 0 <= 0.076ns, 0 <= 0.080ns}
    Leaf  : target=0.080ns count=18 avg=0.019ns sd=0.007ns min=0.013ns max=0.047ns {18 <= 0.048ns, 0 <= 0.064ns, 0 <= 0.072ns, 0 <= 0.076ns, 0 <= 0.080ns}
  Clock DAG library cell distribution PRO final {count}:
     Bufs: CLKBUF_X2: 1 CLKBUF_X1: 1 
     ICGs: CLKGATETST_X2: 16 
  Primary reporting skew groups PRO final:
    skew_group default.MY_CLK: unconstrained
  Skew group summary PRO final:
    skew_group MY_CLK: insertion delay [min=0.038, max=0.043, avg=0.041, sd=0.002], skew [0.006 vs 0.500], 100% {0.038, 0.043} (wid=0.006 ws=0.004) (gid=0.037 gs=0.003)
PRO done.
Restoring CTS place status for unmodified clock tree cells and sinks.
Net route status summary:
  Clock:        19 (unrouted=0, trialRouted=0, noStatus=0, routed=19, fixed=0, [crossesIlmBoundary=0, tooFewTerms=0, (crossesIlmBoundary AND tooFewTerms=0)])
  Non-clock: 10969 (unrouted=200, trialRouted=0, noStatus=0, routed=10769, fixed=0, [crossesIlmBoundary=0, tooFewTerms=200, (crossesIlmBoundary AND tooFewTerms=0)])
Updating delays...
Updating delays done.
PRO done. (took cpu=0:00:02.9 real=0:00:03.3)
**INFO: Start fixing DRV (Mem = 1437.21M) ...
Begin: GigaOpt DRV Optimization
Glitch fixing enabled
Info: 19 clock nets excluded from IPO operation.
*** DrvOpt [begin] : cpu/real = 0:00:00.0/0:00:00.0 (0.0), totSession cpu/real = 0:44:05.4/3:12:49.2 (0.2), mem = 1437.2M
DRV pessimism of 2.00% is used for tran, 2.00% for cap, 2.00% for fanout, on top of margin 0.00%
+---------------------------------------------------------------------------------------------------------------------------------------------------------------------+
|        max-tran       |        max-cap        |  max-fanout |  max-length |    glitch   |       setup       |        |        |        |       |          |         |
+---------------------------------------------------------------------------------------------------------------------------------------------------------------------+
| nets | terms|  wViol  | nets | terms|  wViol  | nets | terms| nets | terms| nets | terms|   WNS   |   TNS   |  #Buf  |  #Inv  | #Resize|Density|   Real   |   Mem   |
+---------------------------------------------------------------------------------------------------------------------------------------------------------------------+
|     0|     0|     0.00|     0|     0|     0.00|     0|     0|     0|     0|     0|     0|     3.88|     0.00|       0|       0|       0|  57.01|          |         |
|     0|     0|     0.00|     0|     0|     0.00|     0|     0|     0|     0|     0|     0|     3.88|     0.00|       0|       0|       0|  57.01| 0:00:00.0|  1625.4M|
+---------------------------------------------------------------------------------------------------------------------------------------------------------------------+
Bottom Preferred Layer:
+---------------+------------+----------+
|     Layer     |    CLK     |   Rule   |
+---------------+------------+----------+
| metal3 (z=3)  |         19 | default  |
+---------------+------------+----------+
Via Pillar Rule:
    None

*** Finish DRV Fixing (cpu=0:00:00.7 real=0:00:01.0 mem=1625.4M) ***

*** DrvOpt [finish] : cpu/real = 0:00:05.6/0:00:06.0 (0.9), totSession cpu/real = 0:44:11.0/3:12:55.2 (0.2), mem = 1606.3M
drv optimizer changes nothing and skips refinePlace
End: GigaOpt DRV Optimization
**optDesign ... cpu = 0:00:48, real = 0:00:52, mem = 1290.8M, totSessionCpu=0:44:11 **
*info:
**INFO: Completed fixing DRV (CPU Time = 0:00:06, Mem = 1528.34M).

------------------------------------------------------------
     SI Timing Summary (cpu=0.10min real=0.10min mem=1528.3M)                             
------------------------------------------------------------

Setup views included:
 MyAnView 

+--------------------+---------+---------+---------+---------+
|     Setup mode     |   all   | reg2reg |reg2cgate| default |
+--------------------+---------+---------+---------+---------+
|           WNS (ns):|  3.876  |  3.908  |   N/A   |  3.876  |
|           TNS (ns):|  0.000  |  0.000  |   N/A   |  0.000  |
|    Violating Paths:|    0    |    0    |   N/A   |    0    |
|          All Paths:|   363   |   134   |   N/A   |   253   |
+--------------------+---------+---------+---------+---------+

+----------------+-------------------------------+------------------+
|                |              Real             |       Total      |
|    DRVs        +------------------+------------+------------------|
|                |  Nr nets(terms)  | Worst Vio  |  Nr nets(terms)  |
+----------------+------------------+------------+------------------+
|   max_cap      |      0 (0)       |   0.000    |      0 (0)       |
|   max_tran     |      0 (0)       |   0.000    |      0 (0)       |
|   max_fanout   |      0 (0)       |     0      |      0 (0)       |
|   max_length   |      0 (0)       |     0      |      0 (0)       |
+----------------+------------------+------------+------------------+

Density: 57.012%
Total number of glitch violations: 0
------------------------------------------------------------
**optDesign ... cpu = 0:00:48, real = 0:00:52, mem = 1290.8M, totSessionCpu=0:44:12 **
*** Timing Is met
*** Check timing (0:00:00.0)
*** Setup timing is met (target slack 0ns)
Running postRoute recovery in preEcoRoute mode
**optDesign ... cpu = 0:00:49, real = 0:00:53, mem = 1284.5M, totSessionCpu=0:44:12 **
Checking DRV degradation...
**INFO: Skipping DRV recovery as drv did not degrade beyond margin
Finish postRoute recovery in preEcoRoute mode (cpu=0:00:00, real=0:00:01, mem=1518.80M, totSessionCpu=0:44:13).
**optDesign ... cpu = 0:00:49, real = 0:00:54, mem = 1284.6M, totSessionCpu=0:44:13 **

Skipping post route harden opt
Default Rule : ""
Non Default Rules :
Worst Slack : 3.908 ns

Start Layer Assignment ...
WNS(3.908ns) Target(0.000ns) MaxAssign(0%) MaxCong(20%) MinLen(100um) MinCap(0.050pf) layerBucket(3)

Select 0 cadidates out of 10988.
No critical nets selected. Skipped !
GigaOpt: setting up router preferences
GigaOpt: 0 nets assigned router directives

Start Assign Priority Nets ...
TargetSlk(0.200ns) MaxAssign(3%) minLen(50um)
Existing Priority Nets 0 (0.0%)
Assigned Priority Nets 0 (0.0%)
Default Rule : ""
Non Default Rules :
Worst Slack : 3.876 ns

Start Layer Assignment ...
WNS(3.876ns) Target(0.000ns) MaxAssign(0%) MaxCong(20%) MinLen(100um) MinCap(0.050pf) layerBucket(3)

Select 0 cadidates out of 10988.
No critical nets selected. Skipped !
GigaOpt: setting up router preferences
GigaOpt: 0 nets assigned router directives

Start Assign Priority Nets ...
TargetSlk(0.200ns) MaxAssign(3%) minLen(50um)
Existing Priority Nets 0 (0.0%)
Assigned Priority Nets 0 (0.0%)

------------------------------------------------------------
        Pre-ecoRoute Summary                             
------------------------------------------------------------

Setup views included:
 MyAnView 

+--------------------+---------+---------+---------+---------+
|     Setup mode     |   all   | reg2reg |reg2cgate| default |
+--------------------+---------+---------+---------+---------+
|           WNS (ns):|  3.876  |  3.908  |   N/A   |  3.876  |
|           TNS (ns):|  0.000  |  0.000  |   N/A   |  0.000  |
|    Violating Paths:|    0    |    0    |   N/A   |    0    |
|          All Paths:|   363   |   134   |   N/A   |   253   |
+--------------------+---------+---------+---------+---------+

+----------------+-------------------------------+------------------+
|                |              Real             |       Total      |
|    DRVs        +------------------+------------+------------------|
|                |  Nr nets(terms)  | Worst Vio  |  Nr nets(terms)  |
+----------------+------------------+------------+------------------+
|   max_cap      |      0 (0)       |   0.000    |      0 (0)       |
|   max_tran     |      0 (0)       |   0.000    |      0 (0)       |
|   max_fanout   |      0 (0)       |     0      |      0 (0)       |
|   max_length   |      0 (0)       |     0      |      0 (0)       |
+----------------+------------------+------------+------------------+

Density: 57.012%
Total number of glitch violations: 0
------------------------------------------------------------
**optDesign ... cpu = 0:00:51, real = 0:00:56, mem = 1206.5M, totSessionCpu=0:44:14 **
Running refinePlace -preserveRouting true -hardFence false
*** Starting refinePlace (0:44:14 mem=1456.7M) ***
Move report: Detail placement moves 0 insts, mean move: 0.00 um, max move: 0.00 um
	Runtime: CPU: 0:00:00.4 REAL: 0:00:00.0 MEM: 1456.7MB
Summary Report:
Instances move: 0 (out of 8671 movable)
Instances flipped: 0
Mean displacement: 0.00 um
Max displacement: 0.00 um 
Runtime: CPU: 0:00:00.4 REAL: 0:00:00.0 MEM: 1456.7MB
*** Finished refinePlace (0:44:15 mem=1456.7M) ***
-routeWithEco false                       # bool, default=false
-routeWithEco true                        # bool, default=false, user setting
-routeSelectedNetOnly false               # bool, default=false
-routeWithTimingDriven false              # bool, default=false, user setting
-routeWithSiDriven false                  # bool, default=false, user setting

globalDetailRoute

#Start globalDetailRoute on Sat Nov  1 22:13:09 2025
#
#num needed restored net=0
#need_extraction net=0 (total=10988)
#NanoRoute Version 20.11-s130_1 NR200802-2257/20_11-UB
#Skip comparing routing design signature in db-snapshot flow
#Start routing data preparation on Sat Nov  1 22:13:10 2025
#
#Minimum voltage of a net in the design = 0.000.
#Maximum voltage of a net in the design = 1.100.
#Voltage range [0.000 - 1.100] has 10959 nets.
#Voltage range [0.000 - 0.000] has 28 nets.
#Voltage range [1.100 - 1.100] has 1 net.
#Initial pin access analysis.
#Detail pin access analysis.
# metal1       H   Track-Pitch = 0.14000    Line-2-Via Pitch = 0.13500
# metal2       V   Track-Pitch = 0.19000    Line-2-Via Pitch = 0.14000
# metal3       H   Track-Pitch = 0.14000    Line-2-Via Pitch = 0.14000
# metal4       V   Track-Pitch = 0.28000    Line-2-Via Pitch = 0.28000
# metal5       H   Track-Pitch = 0.28000    Line-2-Via Pitch = 0.28000
# metal6       V   Track-Pitch = 0.28000    Line-2-Via Pitch = 0.28000
# metal7       H   Track-Pitch = 0.84000    Line-2-Via Pitch = 0.80000
# metal8       V   Track-Pitch = 0.84000    Line-2-Via Pitch = 0.80000
# metal9       H   Track-Pitch = 1.60000    Line-2-Via Pitch = 1.60000
# metal10      V   Track-Pitch = 1.68000    Line-2-Via Pitch = 1.60000
#Monitoring time of adding inner blkg by smac
#cpu time = 00:00:00, elapsed time = 00:00:00, memory = 1189.52 (MB), peak = 1366.60 (MB)
#Regenerating Ggrids automatically.
#Auto generating G-grids with size=15 tracks, using layer metal3's pitch = 0.14000.
#Using automatically generated G-grids.
#Done routing data preparation.
#cpu time = 00:00:01, elapsed time = 00:00:01, memory = 1189.59 (MB), peak = 1366.60 (MB)
#Found 0 nets for post-route si or timing fixing.
#
#Finished routing data preparation on Sat Nov  1 22:13:11 2025
#
#Cpu time = 00:00:01
#Elapsed time = 00:00:01
#Increased memory = 4.68 (MB)
#Total memory = 1189.59 (MB)
#Peak memory = 1366.60 (MB)
#
#
#Start global routing on Sat Nov  1 22:13:11 2025
#
#
#Start global routing initialization on Sat Nov  1 22:13:11 2025
#
#WARNING (NRGR-22) Design is already detail routed.
#Routing data preparation, pin analysis, global routing and track assignment statistics:
#Cpu time = 00:00:01
#Elapsed time = 00:00:02
#Increased memory = 4.75 (MB)
#Total memory = 1189.59 (MB)
#Peak memory = 1366.60 (MB)
#
#Start Detail Routing..
#start initial detail routing ...
#   number of violations = 0
#cpu time = 00:00:00, elapsed time = 00:00:00, memory = 1191.79 (MB), peak = 1366.60 (MB)
#Complete Detail Routing.
#Total number of nets with non-default rule or having extra spacing = 19
#Total wire length = 105907 um.
#Total half perimeter of net bounding box = 100947 um.
#Total wire length on LAYER metal1 = 3408 um.
#Total wire length on LAYER metal2 = 38293 um.
#Total wire length on LAYER metal3 = 44417 um.
#Total wire length on LAYER metal4 = 16242 um.
#Total wire length on LAYER metal5 = 2974 um.
#Total wire length on LAYER metal6 = 525 um.
#Total wire length on LAYER metal7 = 19 um.
#Total wire length on LAYER metal8 = 26 um.
#Total wire length on LAYER metal9 = 3 um.
#Total wire length on LAYER metal10 = 0 um.
#Total number of vias = 59194
#Up-Via Summary (total 59194):
#           
#-----------------------
# metal1          33745
# metal2          21879
# metal3           3261
# metal4            249
# metal5             43
# metal6             10
# metal7              5
# metal8              2
#-----------------------
#                 59194 
#
#Total number of DRC violations = 0
#Cpu time = 00:00:01
#Elapsed time = 00:00:02
#Increased memory = 0.07 (MB)
#Total memory = 1189.66 (MB)
#Peak memory = 1366.60 (MB)
#
#Start Post Route wire spreading..
#
#Start data preparation for wire spreading...
#
#Data preparation is done on Sat Nov  1 22:13:14 2025
#
#
#Start Post Route Wire Spread.
#Done with 233 horizontal wires in 6 hboxes and 22 vertical wires in 6 hboxes.
#Complete Post Route Wire Spread.
#
#Total number of nets with non-default rule or having extra spacing = 19
#Total wire length = 105909 um.
#Total half perimeter of net bounding box = 100947 um.
#Total wire length on LAYER metal1 = 3408 um.
#Total wire length on LAYER metal2 = 38293 um.
#Total wire length on LAYER metal3 = 44419 um.
#Total wire length on LAYER metal4 = 16242 um.
#Total wire length on LAYER metal5 = 2974 um.
#Total wire length on LAYER metal6 = 525 um.
#Total wire length on LAYER metal7 = 19 um.
#Total wire length on LAYER metal8 = 26 um.
#Total wire length on LAYER metal9 = 3 um.
#Total wire length on LAYER metal10 = 0 um.
#Total number of vias = 59194
#Up-Via Summary (total 59194):
#           
#-----------------------
# metal1          33745
# metal2          21879
# metal3           3261
# metal4            249
# metal5             43
# metal6             10
# metal7              5
# metal8              2
#-----------------------
#                 59194 
#
#   number of violations = 0
#cpu time = 00:00:02, elapsed time = 00:00:02, memory = 1191.80 (MB), peak = 1366.60 (MB)
#CELL_VIEW FIR_UNF,init has no DRC violation.
#Total number of DRC violations = 0
#Post Route wire spread is done.
#Total number of nets with non-default rule or having extra spacing = 19
#Total wire length = 105909 um.
#Total half perimeter of net bounding box = 100947 um.
#Total wire length on LAYER metal1 = 3408 um.
#Total wire length on LAYER metal2 = 38293 um.
#Total wire length on LAYER metal3 = 44419 um.
#Total wire length on LAYER metal4 = 16242 um.
#Total wire length on LAYER metal5 = 2974 um.
#Total wire length on LAYER metal6 = 525 um.
#Total wire length on LAYER metal7 = 19 um.
#Total wire length on LAYER metal8 = 26 um.
#Total wire length on LAYER metal9 = 3 um.
#Total wire length on LAYER metal10 = 0 um.
#Total number of vias = 59194
#Up-Via Summary (total 59194):
#           
#-----------------------
# metal1          33745
# metal2          21879
# metal3           3261
# metal4            249
# metal5             43
# metal6             10
# metal7              5
# metal8              2
#-----------------------
#                 59194 
#
#detailRoute Statistics:
#Cpu time = 00:00:04
#Elapsed time = 00:00:04
#Increased memory = 0.09 (MB)
#Total memory = 1189.68 (MB)
#Peak memory = 1366.60 (MB)
#Skip updating routing design signature in db-snapshot flow
#
#globalDetailRoute statistics:
#Cpu time = 00:00:07
#Elapsed time = 00:00:08
#Increased memory = -19.83 (MB)
#Total memory = 1189.23 (MB)
#Peak memory = 1366.60 (MB)
#Number of warnings = 1
#Total number of warnings = 9
#Number of fails = 0
#Total number of fails = 0
#Complete globalDetailRoute on Sat Nov  1 22:13:17 2025
#
**optDesign ... cpu = 0:00:58, real = 0:01:04, mem = 1189.3M, totSessionCpu=0:44:21 **
-routeWithEco false                       # bool, default=false
-routeSelectedNetOnly false               # bool, default=false
-routeWithTimingDriven false              # bool, default=false, user setting
-routeWithSiDriven false                  # bool, default=false, user setting
**WARN: (IMPEXT-3518):	The lower process node is set (using command 'setDesignMode') but the technology file for TQuantus extraction not specified. Therefore, going for postRoute (effortLevel low) extraction instead of recommended extractor 'TQuantus' for lower nodes. Use command 'set_analysis_view/update_rc_corner' to specify the technology file for TQuantus extraction to take place.
Extraction called for design 'FIR_UNF' of instances=8689 and nets=10988 using extraction engine 'postRoute' at effort level 'low' .
PostRoute (effortLevel low) RC Extraction called for design FIR_UNF.
RC Extraction called in multi-corner(1) mode.
Process corner(s) are loaded.
 Corner: my_rc
extractDetailRC Option : -outfile /tmp/innovus_temp_27407_isaserver_isa30_2025_2026_qLKkCd/FIR_UNF_27407_2Px1Jf.rcdb.d -maxResLength 200  -extended
RC Mode: PostRoute -effortLevel low [Extended CapTable, RC Table Resistances]
      RC Corner Indexes            0   
Capacitance Scaling Factor   : 1.00000 
Coupling Cap. Scaling Factor : 1.00000 
Resistance Scaling Factor    : 1.00000 
Clock Cap. Scaling Factor    : 1.00000 
Clock Res. Scaling Factor    : 1.00000 
Shrink Factor                : 1.00000
Initializing multi-corner capacitance tables ... 
Initializing multi-corner resistance tables ...
Checking LVS Completed (CPU Time= 0:00:00.1  MEM= 1458.8M)
Extracted 10.0022% (CPU Time= 0:00:01.0  MEM= 1551.2M)
Extracted 20.0022% (CPU Time= 0:00:01.1  MEM= 1551.2M)
Extracted 30.0022% (CPU Time= 0:00:01.2  MEM= 1551.2M)
Extracted 40.0022% (CPU Time= 0:00:01.5  MEM= 1551.2M)
Extracted 50.0022% (CPU Time= 0:00:01.7  MEM= 1551.2M)
Extracted 60.0022% (CPU Time= 0:00:01.9  MEM= 1551.2M)
Extracted 70.0022% (CPU Time= 0:00:02.1  MEM= 1551.2M)
Extracted 80.0022% (CPU Time= 0:00:02.5  MEM= 1551.2M)
Extracted 90.0022% (CPU Time= 0:00:02.8  MEM= 1551.2M)
Extracted 100% (CPU Time= 0:00:03.7  MEM= 1555.2M)
Number of Extracted Resistors     : 150734
Number of Extracted Ground Cap.   : 161222
Number of Extracted Coupling Cap. : 420274
Filtering XCap in 'relativeAndCoupling' mode using values coupling_c_threshold=0.1fF, relative_c_threshold=1, and total_c_threshold=0fF.
 Corner: my_rc
Checking LVS Completed (CPU Time= 0:00:00.1  MEM= 1523.9M)
PostRoute (effortLevel low) RC Extraction DONE (CPU Time: 0:00:06.7  Real Time: 0:00:09.0  MEM: 1523.879M)
**optDesign ... cpu = 0:01:05, real = 0:01:13, mem = 1148.9M, totSessionCpu=0:44:28 **
Starting delay calculation for Setup views
Starting SI iteration 1 using Infinite Timing Windows
#################################################################################
# Design Stage: PostRoute
# Design Name: FIR_UNF
# Design Mode: 45nm
# Analysis Mode: MMMC OCV 
# Parasitics Mode: SPEF/RCDB 
# Signoff Settings: SI On 
#################################################################################
AAE_INFO: 1 threads acquired from CTE.
Start delay calculation (fullDC) (1 T). (MEM=1434.68)
Initializing multi-corner capacitance tables ... 
Initializing multi-corner resistance tables ...
Total number of fetched objects 11033
AAE_INFO-618: Total number of nets in the design is 10988,  100.0 percent of the nets selected for SI analysis
End delay calculation. (MEM=1463.96 CPU=0:00:13.3 REAL=0:00:16.0)
End delay calculation (fullDC). (MEM=1463.96 CPU=0:00:14.6 REAL=0:00:17.0)
Loading CTE timing window with TwFlowType 0...(CPU = 0:00:00.0, REAL = 0:00:00.0, MEM = 1464.0M)
Add other clocks and setupCteToAAEClockMapping during iter 1
Loading CTE timing window is completed (CPU = 0:00:00.2, REAL = 0:00:00.0, MEM = 1464.0M)
Starting SI iteration 2
Start delay calculation (fullDC) (1 T). (MEM=1429.08)
Glitch Analysis: View MyAnView -- Total Number of Nets Skipped = 0. 
Glitch Analysis: View MyAnView -- Total Number of Nets Analyzed = 11033. 
Total number of fetched objects 11033
AAE_INFO-618: Total number of nets in the design is 10988,  0.3 percent of the nets selected for SI analysis
End delay calculation. (MEM=1470.23 CPU=0:00:00.2 REAL=0:00:00.0)
End delay calculation (fullDC). (MEM=1470.23 CPU=0:00:00.3 REAL=0:00:00.0)
*** Done Building Timing Graph (cpu=0:00:18.5 real=0:00:21.0 totSessionCpu=0:44:47 mem=1470.2M)

------------------------------------------------------------
       Post-ecoRoute Summary                             
------------------------------------------------------------

Setup views included:
 MyAnView 

+--------------------+---------+---------+---------+---------+
|     Setup mode     |   all   | reg2reg |reg2cgate| default |
+--------------------+---------+---------+---------+---------+
|           WNS (ns):|  3.876  |  3.908  |   N/A   |  3.876  |
|           TNS (ns):|  0.000  |  0.000  |   N/A   |  0.000  |
|    Violating Paths:|    0    |    0    |   N/A   |    0    |
|          All Paths:|   363   |   134   |   N/A   |   253   |
+--------------------+---------+---------+---------+---------+

+----------------+-------------------------------+------------------+
|                |              Real             |       Total      |
|    DRVs        +------------------+------------+------------------|
|                |  Nr nets(terms)  | Worst Vio  |  Nr nets(terms)  |
+----------------+------------------+------------+------------------+
|   max_cap      |      0 (0)       |   0.000    |      0 (0)       |
|   max_tran     |      0 (0)       |   0.000    |      0 (0)       |
|   max_fanout   |      0 (0)       |     0      |      0 (0)       |
|   max_length   |      0 (0)       |     0      |      0 (0)       |
+----------------+------------------+------------+------------------+

Density: 57.012%
Total number of glitch violations: 0
------------------------------------------------------------
**optDesign ... cpu = 0:01:24, real = 0:01:34, mem = 1198.6M, totSessionCpu=0:44:47 **
Executing marking Critical Nets1
Footprint XOR2_X1 has at least 2 pins...
Footprint XNOR2_X1 has at least 3 pins...
Footprint TLAT_X1 has at least 4 pins...
Footprint SDFF_X1 has at least 5 pins...
*** Number of Vt Cells Partition = 1
Running postRoute recovery in postEcoRoute mode
**optDesign ... cpu = 0:01:24, real = 0:01:34, mem = 1198.6M, totSessionCpu=0:44:47 **
Checking setup slack degradation ...
Checking DRV degradation...
**INFO: Skipping DRV recovery as drv did not degrade beyond margin
Finish postRoute recovery in postEcoRoute mode (cpu=0:00:00, real=0:00:01, mem=1444.50M, totSessionCpu=0:44:48).
**optDesign ... cpu = 0:01:25, real = 0:01:35, mem = 1198.6M, totSessionCpu=0:44:48 **

Latch borrow mode reset to max_borrow
Reported timing to dir ./timingReports
**optDesign ... cpu = 0:01:25, real = 0:01:35, mem = 1198.6M, totSessionCpu=0:44:48 **

------------------------------------------------------------
     optDesign Final SI Timing Summary                             
------------------------------------------------------------

Setup views included:
 MyAnView 

+--------------------+---------+---------+---------+---------+
|     Setup mode     |   all   | reg2reg |reg2cgate| default |
+--------------------+---------+---------+---------+---------+
|           WNS (ns):|  3.876  |  3.908  |   N/A   |  3.876  |
|           TNS (ns):|  0.000  |  0.000  |   N/A   |  0.000  |
|    Violating Paths:|    0    |    0    |   N/A   |    0    |
|          All Paths:|   363   |   134   |   N/A   |   253   |
+--------------------+---------+---------+---------+---------+

+----------------+-------------------------------+------------------+
|                |              Real             |       Total      |
|    DRVs        +------------------+------------+------------------|
|                |  Nr nets(terms)  | Worst Vio  |  Nr nets(terms)  |
+----------------+------------------+------------+------------------+
|   max_cap      |      0 (0)       |   0.000    |      0 (0)       |
|   max_tran     |      0 (0)       |   0.000    |      0 (0)       |
|   max_fanout   |      0 (0)       |     0      |      0 (0)       |
|   max_length   |      0 (0)       |     0      |      0 (0)       |
+----------------+------------------+------------+------------------+

Density: 57.012%
Total number of glitch violations: 0
------------------------------------------------------------
**optDesign ... cpu = 0:01:27, real = 0:01:41, mem = 1198.6M, totSessionCpu=0:44:50 **
 ReSet Options after AAE Based Opt flow 
*** Finished optDesign ***
Info: Destroy the CCOpt slew target map.
<CMD> optDesign -postRoute -hold
**optDesign ... cpu = 0:00:00, real = 0:00:00, mem = 1193.9M, totSessionCpu=0:44:50 **
**INFO: User settings:
setNanoRouteMode -drouteAntennaFactor                           1
setNanoRouteMode -droutePostRouteSpreadWire                     1
setNanoRouteMode -drouteStartIteration                          0
setNanoRouteMode -extractThirdPartyCompatible                   false
setNanoRouteMode -grouteExpTdStdDelay                           10.1
setNanoRouteMode -grouteExpTdUseTifTimingEngineForImportDesign  false
setNanoRouteMode -routeExpDirtyAreaEco                          false
setNanoRouteMode -routeExpSignatureEco                          false
setNanoRouteMode -routeWithSiDriven                             false
setNanoRouteMode -routeWithSiPostRouteFix                       false
setNanoRouteMode -routeWithTimingDriven                         false
setNanoRouteMode -timingEngine                                  {}
setDesignMode -process                                          45
setExtractRCMode -coupled                                       true
setExtractRCMode -coupling_c_th                                 0.1
setExtractRCMode -engine                                        postRoute
setExtractRCMode -noCleanRCDB                                   true
setExtractRCMode -nrNetInMemory                                 100000
setExtractRCMode -relative_c_th                                 1
setExtractRCMode -total_c_th                                    0
setUsefulSkewMode -ecoRoute                                     false
setUsefulSkewMode -maxAllowedDelay                              1
setUsefulSkewMode -maxSkew                                      false
setUsefulSkewMode -noBoundary                                   false
setUsefulSkewMode -useCells                                     {BUF_X1 BUF_X2 BUF_X4 BUF_X8 BUF_X16 BUF_X32 CLKBUF_X1 CLKBUF_X2 CLKBUF_X3 INV_X1 INV_X2 INV_X4 INV_X8 INV_X16 INV_X32}
setDelayCalMode -enable_high_fanout                             true
setDelayCalMode -eng_copyNetPropToNewNet                        true
setDelayCalMode -engine                                         aae
setDelayCalMode -ignoreNetLoad                                  false
setDelayCalMode -SIAware                                        true
setOptMode -activeSetupViews                                    { MyAnView }
setOptMode -autoSetupViews                                      { MyAnView}
setOptMode -autoTDGRSetupViews                                  { MyAnView}
setOptMode -deleteInst                                          true
setOptMode -drcMargin                                           0
setOptMode -fixCap                                              true
setOptMode -fixDrc                                              true
setOptMode -fixFanoutLoad                                       false
setOptMode -fixTran                                             true
setOptMode -optimizeFF                                          true
setOptMode -preserveAllSequential                               false
setOptMode -setupTargetSlack                                    0
setSIMode -separate_delta_delay_on_data                         true
setSIMode -si_reselection                                       slack
setPlaceMode -place_design_floorplan_mode                       false
setPlaceMode -place_detail_check_route                          false
setPlaceMode -place_detail_preserve_routing                     true
setPlaceMode -place_detail_remove_affected_routing              false
setPlaceMode -place_detail_swap_eeq_cells                       false
setPlaceMode -place_global_clock_gate_aware                     true
setPlaceMode -place_global_cong_effort                          auto
setPlaceMode -place_global_ignore_scan                          true
setPlaceMode -place_global_ignore_spare                         false
setPlaceMode -place_global_module_aware_spare                   false
setPlaceMode -place_global_place_io_pins                        true
setPlaceMode -place_global_reorder_scan                         true
setPlaceMode -powerDriven                                       false
setPlaceMode -timingDriven                                      true
setAnalysisMode -analysisType                                   onChipVariation
setAnalysisMode -checkType                                      setup
setAnalysisMode -clkSrcPath                                     true
setAnalysisMode -clockPropagation                               sdcControl
setAnalysisMode -usefulSkew                                     true
setAnalysisMode -virtualIPO                                     false

**INFO: setDesignMode -flowEffort standard -> setting 'setOptMode -allEndPoints true' for the duration of this command.
Disable merging buffers from different footprints for postRoute code for non-MSV designs
GigaOpt running with 1 threads.
Need call spDPlaceInit before registerPrioInstLoc.
**optDesign ... cpu = 0:00:01, real = 0:00:01, mem = 1200.4M, totSessionCpu=0:44:51 **
Existing Dirty Nets : 0
New Signature Flow (optDesignCheckOptions) ....
#Taking db snapshot
#Taking db snapshot ... done
Begin checking placement ... (start mem=1461.3M, init mem=1461.3M)
*info: Placed = 8689           (Fixed = 18)
*info: Unplaced = 0           
Placement Density:57.01%(17809/31237)
Placement Density (including fixed std cells):57.01%(17809/31237)
Finished checkPlace (total: cpu=0:00:00.3, real=0:00:00.0; vio checks: cpu=0:00:00.3, real=0:00:00.0; mem=1461.3M)
 Initial DC engine is -> aae
 
 AAE-Opt:: Current number of nets in RC Memory -> 100 K
 
 
 AAE-Opt:: New number of nets in RC Memory -> 100 K
 
Reset EOS DB
Ignoring AAE DB Resetting ...
 Set Options for AAE Based Opt flow 
*** optDesign -postRoute ***
DRC Margin: user margin 0.0; extra margin 0
Setup Target Slack: user slack 0
Hold Target Slack: user slack 0
** INFO : this run is activating 'postRoute' automaton
**WARN: (IMPEXT-3518):	The lower process node is set (using command 'setDesignMode') but the technology file for TQuantus extraction not specified. Therefore, going for postRoute (effortLevel low) extraction instead of recommended extractor 'TQuantus' for lower nodes. Use command 'set_analysis_view/update_rc_corner' to specify the technology file for TQuantus extraction to take place.
Extraction called for design 'FIR_UNF' of instances=8689 and nets=10988 using extraction engine 'postRoute' at effort level 'low' .
PostRoute (effortLevel low) RC Extraction called for design FIR_UNF.
RC Extraction called in multi-corner(1) mode.
Process corner(s) are loaded.
 Corner: my_rc
extractDetailRC Option : -outfile /tmp/innovus_temp_27407_isaserver_isa30_2025_2026_qLKkCd/FIR_UNF_27407_2Px1Jf.rcdb.d -maxResLength 200  -extended
RC Mode: PostRoute -effortLevel low [Extended CapTable, RC Table Resistances]
      RC Corner Indexes            0   
Capacitance Scaling Factor   : 1.00000 
Coupling Cap. Scaling Factor : 1.00000 
Resistance Scaling Factor    : 1.00000 
Clock Cap. Scaling Factor    : 1.00000 
Clock Res. Scaling Factor    : 1.00000 
Shrink Factor                : 1.00000
Initializing multi-corner capacitance tables ... 
Initializing multi-corner resistance tables ...
Checking LVS Completed (CPU Time= 0:00:00.1  MEM= 1453.3M)
Extracted 10.0022% (CPU Time= 0:00:00.9  MEM= 1545.7M)
Extracted 20.0022% (CPU Time= 0:00:01.1  MEM= 1545.7M)
Extracted 30.0022% (CPU Time= 0:00:01.1  MEM= 1545.7M)
Extracted 40.0022% (CPU Time= 0:00:01.4  MEM= 1545.7M)
Extracted 50.0022% (CPU Time= 0:00:01.6  MEM= 1545.7M)
Extracted 60.0022% (CPU Time= 0:00:01.8  MEM= 1545.7M)
Extracted 70.0022% (CPU Time= 0:00:02.0  MEM= 1545.7M)
Extracted 80.0022% (CPU Time= 0:00:02.4  MEM= 1545.7M)
Extracted 90.0022% (CPU Time= 0:00:02.7  MEM= 1545.7M)
Extracted 100% (CPU Time= 0:00:03.5  MEM= 1549.7M)
Number of Extracted Resistors     : 150734
Number of Extracted Ground Cap.   : 161222
Number of Extracted Coupling Cap. : 420274
Filtering XCap in 'relativeAndCoupling' mode using values coupling_c_threshold=0.1fF, relative_c_threshold=1, and total_c_threshold=0fF.
 Corner: my_rc
Checking LVS Completed (CPU Time= 0:00:00.1  MEM= 1517.6M)
PostRoute (effortLevel low) RC Extraction DONE (CPU Time: 0:00:05.8  Real Time: 0:00:07.0  MEM: 1517.645M)
GigaOpt Hold Optimizer is used
Initializing multi-corner capacitance tables ... 
Initializing multi-corner resistance tables ...
Starting initialization (fixHold) cpu=0:00:00.0 real=0:00:00.0 totSessionCpu=0:44:59 mem=1499.9M ***
Starting delay calculation for Hold views
Starting SI iteration 1 using Infinite Timing Windows
#################################################################################
# Design Stage: PostRoute
# Design Name: FIR_UNF
# Design Mode: 45nm
# Analysis Mode: MMMC OCV 
# Parasitics Mode: SPEF/RCDB 
# Signoff Settings: SI On 
#################################################################################
AAE_INFO: 1 threads acquired from CTE.
Start delay calculation (fullDC) (1 T). (MEM=1497.91)
Total number of fetched objects 11033
AAE_INFO-618: Total number of nets in the design is 10988,  100.0 percent of the nets selected for SI analysis
End delay calculation. (MEM=1496.59 CPU=0:00:13.1 REAL=0:00:13.0)
End delay calculation (fullDC). (MEM=1496.59 CPU=0:00:13.9 REAL=0:00:14.0)
Loading CTE timing window with TwFlowType 0...(CPU = 0:00:00.0, REAL = 0:00:00.0, MEM = 1496.6M)
Add other clocks and setupCteToAAEClockMapping during iter 1
Loading CTE timing window is completed (CPU = 0:00:00.2, REAL = 0:00:00.0, MEM = 1496.6M)

Executing IPO callback for view pruning ..
Starting SI iteration 2
Start delay calculation (fullDC) (1 T). (MEM=1431.71)
Glitch Analysis: View MyAnView -- Total Number of Nets Skipped = 0. 
Glitch Analysis: View MyAnView -- Total Number of Nets Analyzed = 11033. 
Total number of fetched objects 11033
AAE_INFO-618: Total number of nets in the design is 10988,  0.1 percent of the nets selected for SI analysis
End delay calculation. (MEM=1472.86 CPU=0:00:00.2 REAL=0:00:00.0)
End delay calculation (fullDC). (MEM=1472.86 CPU=0:00:00.3 REAL=0:00:00.0)
*** Done Building Timing Graph (cpu=0:00:16.8 real=0:00:18.0 totSessionCpu=0:45:18 mem=1472.9M)

Active hold views:
 MyAnView
  Dominating endpoints: 0
  Dominating TNS: -0.000

Done building cte hold timing graph (fixHold) cpu=0:00:19.8 real=0:00:21.0 totSessionCpu=0:45:18 mem=1488.1M ***
Done building hold timer [1 node(s), 0 edge(s), 1 view(s)] (fixHold) cpu=0:00:20.3 real=0:00:21.0 totSessionCpu=0:45:19 mem=1488.1M ***
Starting delay calculation for Setup views
Starting SI iteration 1 using Infinite Timing Windows
#################################################################################
# Design Stage: PostRoute
# Design Name: FIR_UNF
# Design Mode: 45nm
# Analysis Mode: MMMC OCV 
# Parasitics Mode: SPEF/RCDB 
# Signoff Settings: SI On 
#################################################################################
AAE_INFO: 1 threads acquired from CTE.
Start delay calculation (fullDC) (1 T). (MEM=1468.39)
Total number of fetched objects 11033
AAE_INFO-618: Total number of nets in the design is 10988,  100.0 percent of the nets selected for SI analysis
End delay calculation. (MEM=1464.74 CPU=0:00:13.0 REAL=0:00:13.0)
End delay calculation (fullDC). (MEM=1464.74 CPU=0:00:13.8 REAL=0:00:14.0)
Loading CTE timing window with TwFlowType 0...(CPU = 0:00:00.0, REAL = 0:00:00.0, MEM = 1464.7M)
Add other clocks and setupCteToAAEClockMapping during iter 1
Loading CTE timing window is completed (CPU = 0:00:00.2, REAL = 0:00:01.0, MEM = 1464.7M)

Executing IPO callback for view pruning ..
Starting SI iteration 2
Start delay calculation (fullDC) (1 T). (MEM=1431.86)
Glitch Analysis: View MyAnView -- Total Number of Nets Skipped = 0. 
Glitch Analysis: View MyAnView -- Total Number of Nets Analyzed = 11033. 
Total number of fetched objects 11033
AAE_INFO-618: Total number of nets in the design is 10988,  0.3 percent of the nets selected for SI analysis
End delay calculation. (MEM=1473 CPU=0:00:00.3 REAL=0:00:00.0)
End delay calculation (fullDC). (MEM=1473 CPU=0:00:00.4 REAL=0:00:00.0)
*** Done Building Timing Graph (cpu=0:00:17.2 real=0:00:19.0 totSessionCpu=0:45:37 mem=1473.0M)
Done building cte setup timing graph (fixHold) cpu=0:00:38.7 real=0:00:41.0 totSessionCpu=0:45:37 mem=1473.0M ***
Setting latch borrow mode to budget during optimization.

*Info: minBufDelay = 21.9 ps, libStdDelay = 10.1 ps, minBufSize = 3192000 (3.0)
*Info: worst delay setup view: MyAnView

------------------------------------------------------------
     Hold Opt Initial Summary                             
------------------------------------------------------------

Setup views included:
 MyAnView
Hold views included:
 MyAnView

+--------------------+---------+---------+---------+---------+
|     Setup mode     |   all   | reg2reg |reg2cgate| default |
+--------------------+---------+---------+---------+---------+
|           WNS (ns):|  3.876  |  3.908  |   N/A   |  3.876  |
|           TNS (ns):|  0.000  |  0.000  |   N/A   |  0.000  |
|    Violating Paths:|    0    |    0    |   N/A   |    0    |
|          All Paths:|   363   |   134   |   N/A   |   253   |
+--------------------+---------+---------+---------+---------+

+--------------------+---------+---------+---------+---------+
|     Hold mode      |   all   | reg2reg |reg2cgate| default |
+--------------------+---------+---------+---------+---------+
|           WNS (ns):|  0.063  |  0.063  |   N/A   |  0.000  |
|           TNS (ns):|  0.000  |  0.000  |   N/A   |  0.000  |
|    Violating Paths:|    0    |    0    |   N/A   |    0    |
|          All Paths:|   134   |   134   |   N/A   |    0    |
+--------------------+---------+---------+---------+---------+

+----------------+-------------------------------+------------------+
|                |              Real             |       Total      |
|    DRVs        +------------------+------------+------------------|
|                |  Nr nets(terms)  | Worst Vio  |  Nr nets(terms)  |
+----------------+------------------+------------+------------------+
|   max_cap      |      0 (0)       |   0.000    |      0 (0)       |
|   max_tran     |      0 (0)       |   0.000    |      0 (0)       |
|   max_fanout   |      0 (0)       |     0      |      0 (0)       |
|   max_length   |      0 (0)       |     0      |      0 (0)       |
+----------------+------------------+------------+------------------+

Density: 57.012%
Total number of glitch violations: 0
------------------------------------------------------------
**optDesign ... cpu = 0:00:51, real = 0:00:55, mem = 1212.2M, totSessionCpu=0:45:41 **
*** HoldOpt [begin] : cpu/real = 0:00:00.0/0:00:00.0 (0.0), totSession cpu/real = 0:45:41.1/3:14:39.2 (0.2), mem = 1463.3M
*info: Run optDesign holdfix with 1 thread.
Info: 19 clock nets excluded from IPO operation.
*** Hold timing is met. Hold fixing is not needed 
**INFO: total 0 insts, 0 nets marked don't touch
**INFO: total 0 insts, 0 nets marked don't touch DB property
**INFO: total 0 insts, 0 nets unmarked don't touch

*** HoldOpt [finish] : cpu/real = 0:00:00.5/0:00:00.5 (1.0), totSession cpu/real = 0:45:41.6/3:14:39.7 (0.2), mem = 1628.1M
Latch borrow mode reset to max_borrow
Reported timing to dir ./timingReports
**optDesign ... cpu = 0:00:52, real = 0:00:56, mem = 1290.6M, totSessionCpu=0:45:42 **
Running 'saveTimingGraph -compress -file /tmp/innovus_temp_27407_isaserver_isa30_2025_2026_qLKkCd/opt_timing_graph_nzjxdn/timingGraph.tgz -dir /tmp/innovus_temp_27407_isaserver_isa30_2025_2026_qLKkCd/opt_timing_graph_nzjxdn -prefix timingGraph'
Done saveTimingGraph
Starting delay calculation for Hold views
Starting SI iteration 1 using Infinite Timing Windows
#################################################################################
# Design Stage: PostRoute
# Design Name: FIR_UNF
# Design Mode: 45nm
# Analysis Mode: MMMC OCV 
# Parasitics Mode: SPEF/RCDB 
# Signoff Settings: SI On 
#################################################################################
AAE_INFO: 1 threads acquired from CTE.
Start delay calculation (fullDC) (1 T). (MEM=1552.89)
Total number of fetched objects 11033
AAE_INFO-618: Total number of nets in the design is 10988,  100.0 percent of the nets selected for SI analysis
End delay calculation. (MEM=1552.31 CPU=0:00:12.6 REAL=0:00:13.0)
End delay calculation (fullDC). (MEM=1552.31 CPU=0:00:13.2 REAL=0:00:14.0)
Loading CTE timing window with TwFlowType 0...(CPU = 0:00:00.0, REAL = 0:00:00.0, MEM = 1552.3M)
Add other clocks and setupCteToAAEClockMapping during iter 1
Loading CTE timing window is completed (CPU = 0:00:00.2, REAL = 0:00:00.0, MEM = 1552.3M)
Starting SI iteration 2
Start delay calculation (fullDC) (1 T). (MEM=1511.43)
Glitch Analysis: View MyAnView -- Total Number of Nets Skipped = 0. 
Glitch Analysis: View MyAnView -- Total Number of Nets Analyzed = 11033. 
Total number of fetched objects 11033
AAE_INFO-618: Total number of nets in the design is 10988,  0.1 percent of the nets selected for SI analysis
End delay calculation. (MEM=1553.58 CPU=0:00:00.3 REAL=0:00:00.0)
End delay calculation (fullDC). (MEM=1553.58 CPU=0:00:00.4 REAL=0:00:00.0)
*** Done Building Timing Graph (cpu=0:00:15.9 real=0:00:17.0 totSessionCpu=0:46:00 mem=1553.6M)
Running 'restoreTimingGraph -file /tmp/innovus_temp_27407_isaserver_isa30_2025_2026_qLKkCd/opt_timing_graph_nzjxdn/timingGraph.tgz -dir /tmp/innovus_temp_27407_isaserver_isa30_2025_2026_qLKkCd/opt_timing_graph_nzjxdn -prefix timingGraph'
Done restoreTimingGraph

------------------------------------------------------------
     optDesign Final SI Timing Summary                             
------------------------------------------------------------

Setup views included:
 MyAnView 
Hold views included:
 MyAnView

+--------------------+---------+---------+---------+---------+
|     Setup mode     |   all   | reg2reg |reg2cgate| default |
+--------------------+---------+---------+---------+---------+
|           WNS (ns):|  3.876  |  3.908  |   N/A   |  3.876  |
|           TNS (ns):|  0.000  |  0.000  |   N/A   |  0.000  |
|    Violating Paths:|    0    |    0    |   N/A   |    0    |
|          All Paths:|   363   |   134   |   N/A   |   253   |
+--------------------+---------+---------+---------+---------+

+--------------------+---------+---------+---------+---------+
|     Hold mode      |   all   | reg2reg |reg2cgate| default |
+--------------------+---------+---------+---------+---------+
|           WNS (ns):|  0.063  |  0.063  |   N/A   |  0.000  |
|           TNS (ns):|  0.000  |  0.000  |   N/A   |  0.000  |
|    Violating Paths:|    0    |    0    |   N/A   |    0    |
|          All Paths:|   134   |   134   |   N/A   |    0    |
+--------------------+---------+---------+---------+---------+

+----------------+-------------------------------+------------------+
|                |              Real             |       Total      |
|    DRVs        +------------------+------------+------------------|
|                |  Nr nets(terms)  | Worst Vio  |  Nr nets(terms)  |
+----------------+------------------+------------+------------------+
|   max_cap      |      0 (0)       |   0.000    |      0 (0)       |
|   max_tran     |      0 (0)       |   0.000    |      0 (0)       |
|   max_fanout   |      0 (0)       |     0      |      0 (0)       |
|   max_length   |      0 (0)       |     0      |      0 (0)       |
+----------------+------------------+------------+------------------+

Density: 57.012%
Total number of glitch violations: 0
------------------------------------------------------------
**optDesign ... cpu = 0:01:15, real = 0:01:23, mem = 1357.0M, totSessionCpu=0:46:05 **
 ReSet Options after AAE Based Opt flow 
*** Finished optDesign ***
Info: Destroy the CCOpt slew target map.
<CMD> selectInst i2_R3_Dout_reg_6_
<CMD> getFillerMode -quiet
<CMD> addFiller -cell FILLCELL_X8 FILLCELL_X4 FILLCELL_X32 FILLCELL_X2 FILLCELL_X16 FILLCELL_X1 -prefix FILLER
**WARN: (IMPSP-5217):	addFiller command is running on a postRoute database. It is recommended to be followed by ecoRoute -target command to make the DRC clean.
Type 'man IMPSP-5217' for more detail.
*INFO: Adding fillers to top-module.
*INFO:   Added 734 filler insts (cell FILLCELL_X32 / prefix FILLER).
*INFO:   Added 287 filler insts (cell FILLCELL_X16 / prefix FILLER).
*INFO:   Added 557 filler insts (cell FILLCELL_X8 / prefix FILLER).
*INFO:   Added 1488 filler insts (cell FILLCELL_X4 / prefix FILLER).
*INFO:   Added 11994 filler insts (cell FILLCELL_X1 / prefix FILLER).
*INFO:   Added 0 filler inst  (cell FILLCELL_X2 / prefix FILLER).
*INFO: Total 15060 filler insts added - prefix FILLER (CPU: 0:00:03.7).
For 15060 new insts, *** Applied 2 GNC rules (cpu = 0:00:00.0)
<CMD> deselectAll
<CMD> selectInst i1_R2_Dout_reg_2_
<CMD> zoomBox 5.77400 35.41100 154.66300 194.12400
<CMD> fit
<CMD> zoomIn
<CMD> zoomBox 64.23450 62.48950 122.62250 124.73000
<CMD> zoomBox 71.95550 71.70700 114.14100 116.67600
<CMD> zoomBox 77.53400 78.36700 108.01300 110.85700
<CMD> zoomBox 83.13850 85.05750 101.85700 105.01100
<CMD> zoomBox 85.61400 88.01300 99.13750 102.42900
<CMD> zoomBox 86.58050 89.16700 98.07550 101.42050
<CMD> zoomBox 88.10050 90.98150 96.40600 99.83500
<CMD> gui_select -rect {91.38850 98.41000 92.97200 96.34000}
<CMD> deselectAll
<CMD> pan -2.19200 5.34100
<CMD> zoomBox 89.59850 99.20150 91.66900 97.75250
<CMD> zoomBox 89.15900 96.88500 92.02500 99.94000
<CMD> zoomBox 88.89050 96.55700 92.26250 100.15150
<CMD> zoomBox 87.25100 94.55550 93.71100 101.44150
<CMD> saveDesign FIR_UNF
The in-memory database contained RC information but was not saved. To save 
the RC information, use saveDesign's -rc option. Note: Saving RC information can be quite large, 
so it should only be saved when it is really desired.
#% Begin save design ... (date=11/01 22:17:18, mem=1279.8M)
% Begin Save ccopt configuration ... (date=11/01 22:17:18, mem=1282.8M)
% End Save ccopt configuration ... (date=11/01 22:17:18, total cpu=0:00:00.1, real=0:00:00.0, peak res=1283.7M, current mem=1283.7M)
% Begin Save netlist data ... (date=11/01 22:17:18, mem=1283.7M)
Writing Binary DB to FIR_UNF.dat/FIR_UNF.v.bin in single-threaded mode...
% End Save netlist data ... (date=11/01 22:17:18, total cpu=0:00:00.1, real=0:00:00.0, peak res=1283.8M, current mem=1283.8M)
Saving symbol-table file ...
Saving congestion map file FIR_UNF.dat/FIR_UNF.route.congmap.gz ...
% Begin Save AAE data ... (date=11/01 22:17:19, mem=1284.2M)
Saving AAE Data ...
% End Save AAE data ... (date=11/01 22:17:19, total cpu=0:00:00.1, real=0:00:00.0, peak res=1284.2M, current mem=1284.2M)
Saving preference file FIR_UNF.dat/gui.pref.tcl ...
Saving mode setting ...
Saving global file ...
% Begin Save floorplan data ... (date=11/01 22:17:20, mem=1284.9M)
Saving floorplan file ...
% End Save floorplan data ... (date=11/01 22:17:20, total cpu=0:00:00.1, real=0:00:00.0, peak res=1284.9M, current mem=1284.9M)
Saving PG file FIR_UNF.dat/FIR_UNF.pg.gz, version#2, (Created by Innovus v20.11-s130_1 on Sat Nov  1 22:17:20 2025)
*** Completed savePGFile (cpu=0:00:00.0 real=0:00:01.0 mem=1539.7M) ***
Saving Drc markers ...
... No Drc file written since there is no markers found.
% Begin Save placement data ... (date=11/01 22:17:21, mem=1285.1M)
** Saving stdCellPlacement_binary (version# 2) ...
Save Adaptive View Pruning View Names to Binary file
% End Save placement data ... (date=11/01 22:17:21, total cpu=0:00:00.1, real=0:00:00.0, peak res=1285.2M, current mem=1285.2M)
% Begin Save routing data ... (date=11/01 22:17:21, mem=1285.2M)
Saving route file ...
*** Completed saveRoute (cpu=0:00:00.2 real=0:00:01.0 mem=1539.7M) ***
% End Save routing data ... (date=11/01 22:17:22, total cpu=0:00:00.3, real=0:00:01.0, peak res=1285.3M, current mem=1285.3M)
Saving property file FIR_UNF.dat/FIR_UNF.prop
*** Completed saveProperty (cpu=0:00:00.0 real=0:00:00.0 mem=1542.7M) ***
#Saving pin access data to file FIR_UNF.dat/FIR_UNF.apa ...
#
% Begin Save power constraints data ... (date=11/01 22:17:23, mem=1285.7M)
% End Save power constraints data ... (date=11/01 22:17:23, total cpu=0:00:00.1, real=0:00:00.0, peak res=1285.8M, current mem=1285.8M)
my_rc
Generated self-contained design FIR_UNF.dat
#% End save design ... (date=11/01 22:17:37, total cpu=0:00:14.9, real=0:00:19.0, peak res=1291.1M, current mem=1291.1M)
*** Message Summary: 0 warning(s), 0 error(s)

<CMD> saveDesign FIR_UNF
The in-memory database contained RC information but was not saved. To save 
the RC information, use saveDesign's -rc option. Note: Saving RC information can be quite large, 
so it should only be saved when it is really desired.
#% Begin save design ... (date=11/01 22:17:37, mem=1291.1M)
% Begin Save ccopt configuration ... (date=11/01 22:17:38, mem=1291.1M)
% End Save ccopt configuration ... (date=11/01 22:17:38, total cpu=0:00:00.1, real=0:00:00.0, peak res=1291.1M, current mem=1291.1M)
% Begin Save netlist data ... (date=11/01 22:17:38, mem=1291.1M)
Writing Binary DB to FIR_UNF.dat.tmp/FIR_UNF.v.bin in single-threaded mode...
% End Save netlist data ... (date=11/01 22:17:38, total cpu=0:00:00.1, real=0:00:00.0, peak res=1291.1M, current mem=1291.1M)
Saving symbol-table file ...
Saving congestion map file FIR_UNF.dat.tmp/FIR_UNF.route.congmap.gz ...
% Begin Save AAE data ... (date=11/01 22:17:39, mem=1291.1M)
Saving AAE Data ...
% End Save AAE data ... (date=11/01 22:17:39, total cpu=0:00:00.1, real=0:00:00.0, peak res=1291.1M, current mem=1291.1M)
Saving preference file FIR_UNF.dat.tmp/gui.pref.tcl ...
Saving mode setting ...
Saving global file ...
% Begin Save floorplan data ... (date=11/01 22:17:40, mem=1291.2M)
Saving floorplan file ...
% End Save floorplan data ... (date=11/01 22:17:41, total cpu=0:00:00.1, real=0:00:01.0, peak res=1291.2M, current mem=1291.2M)
Saving PG file FIR_UNF.dat.tmp/FIR_UNF.pg.gz, version#2, (Created by Innovus v20.11-s130_1 on Sat Nov  1 22:17:41 2025)
*** Completed savePGFile (cpu=0:00:00.0 real=0:00:00.0 mem=1582.6M) ***
Saving Drc markers ...
... No Drc file written since there is no markers found.
% Begin Save placement data ... (date=11/01 22:17:41, mem=1291.2M)
** Saving stdCellPlacement_binary (version# 2) ...
Save Adaptive View Pruning View Names to Binary file
% End Save placement data ... (date=11/01 22:17:41, total cpu=0:00:00.1, real=0:00:00.0, peak res=1291.2M, current mem=1291.2M)
% Begin Save routing data ... (date=11/01 22:17:41, mem=1291.2M)
Saving route file ...
*** Completed saveRoute (cpu=0:00:00.2 real=0:00:01.0 mem=1582.6M) ***
% End Save routing data ... (date=11/01 22:17:42, total cpu=0:00:00.3, real=0:00:01.0, peak res=1291.3M, current mem=1291.3M)
Saving property file FIR_UNF.dat.tmp/FIR_UNF.prop
*** Completed saveProperty (cpu=0:00:00.0 real=0:00:00.0 mem=1585.6M) ***
#Saving pin access data to file FIR_UNF.dat.tmp/FIR_UNF.apa ...
#
% Begin Save power constraints data ... (date=11/01 22:17:43, mem=1291.3M)
% End Save power constraints data ... (date=11/01 22:17:43, total cpu=0:00:00.1, real=0:00:00.0, peak res=1291.3M, current mem=1291.3M)
my_rc
Generated self-contained design FIR_UNF.dat.tmp
#% End save design ... (date=11/01 22:17:55, total cpu=0:00:12.8, real=0:00:17.0, peak res=1291.6M, current mem=1291.6M)
*** Message Summary: 0 warning(s), 0 error(s)

<CMD> deselectAll
<CMD> selectWire 82.5200 96.4950 92.0900 96.5650 3 {j0_A0[3]}
<CMD> zoomBox 86.10150 93.71850 95.04250 103.24950
<CMD> zoomBox 83.48650 91.53550 98.04600 107.05550
<CMD> zoomBox 80.87050 89.36200 101.02250 110.84350
<CMD> fit
<CMD> deselectAll
<CMD> selectInst j2_addMult6_MULT_mult_18_U42
my_rc
<CMD> reset_parasitics
Performing RC Extraction ...
<CMD> extractRC
**WARN: (IMPEXT-3518):	The lower process node is set (using command 'setDesignMode') but the technology file for TQuantus extraction not specified. Therefore, going for postRoute (effortLevel low) extraction instead of recommended extractor 'TQuantus' for lower nodes. Use command 'set_analysis_view/update_rc_corner' to specify the technology file for TQuantus extraction to take place.
Extraction called for design 'FIR_UNF' of instances=23749 and nets=10988 using extraction engine 'postRoute' at effort level 'low' .
PostRoute (effortLevel low) RC Extraction called for design FIR_UNF.
RC Extraction called in multi-corner(1) mode.
Process corner(s) are loaded.
 Corner: my_rc
extractDetailRC Option : -outfile /tmp/innovus_temp_27407_isaserver_isa30_2025_2026_qLKkCd/FIR_UNF_27407_VRam6d.rcdb.d -maxResLength 200  -extended
RC Mode: PostRoute -effortLevel low [Extended CapTable, RC Table Resistances]
      RC Corner Indexes            0   
Capacitance Scaling Factor   : 1.00000 
Coupling Cap. Scaling Factor : 1.00000 
Resistance Scaling Factor    : 1.00000 
Clock Cap. Scaling Factor    : 1.00000 
Clock Res. Scaling Factor    : 1.00000 
Shrink Factor                : 1.00000
Initializing multi-corner capacitance tables ... 
Initializing multi-corner resistance tables ...
Checking LVS Completed (CPU Time= 0:00:00.1  MEM= 1593.5M)
Extracted 10.0022% (CPU Time= 0:00:00.9  MEM= 1685.9M)
Extracted 20.0022% (CPU Time= 0:00:01.1  MEM= 1685.9M)
Extracted 30.0022% (CPU Time= 0:00:01.2  MEM= 1685.9M)
Extracted 40.0022% (CPU Time= 0:00:01.4  MEM= 1685.9M)
Extracted 50.0022% (CPU Time= 0:00:01.6  MEM= 1685.9M)
Extracted 60.0022% (CPU Time= 0:00:01.9  MEM= 1685.9M)
Extracted 70.0022% (CPU Time= 0:00:02.1  MEM= 1685.9M)
Extracted 80.0022% (CPU Time= 0:00:02.5  MEM= 1685.9M)
Extracted 90.0022% (CPU Time= 0:00:02.8  MEM= 1685.9M)
Extracted 100% (CPU Time= 0:00:03.7  MEM= 1689.9M)
Number of Extracted Resistors     : 150734
Number of Extracted Ground Cap.   : 161222
Number of Extracted Coupling Cap. : 420274
Filtering XCap in 'relativeAndCoupling' mode using values coupling_c_threshold=0.1fF, relative_c_threshold=1, and total_c_threshold=0fF.
 Corner: my_rc
Checking LVS Completed (CPU Time= 0:00:00.1  MEM= 1657.9M)
PostRoute (effortLevel low) RC Extraction DONE (CPU Time: 0:00:06.1  Real Time: 0:00:07.0  MEM: 1657.855M)
<CMD> deselectAll
<CMD> selectWire 76.2750 15.4000 98.8150 15.5400 5 FE_DBTN16_i2_R2_out_5
<CMD> redirect -quiet {set honorDomain [getAnalysisMode -honorClockDomains]} > /dev/null
<CMD> timeDesign -postRoute -pathReports -drvReports -slackReports -numPaths 50 -prefix FIR_UNF_postRoute -outDir timingReports
 Reset EOS DB
Ignoring AAE DB Resetting ...
**WARN: (IMPEXT-3518):	The lower process node is set (using command 'setDesignMode') but the technology file for TQuantus extraction not specified. Therefore, going for postRoute (effortLevel low) extraction instead of recommended extractor 'TQuantus' for lower nodes. Use command 'set_analysis_view/update_rc_corner' to specify the technology file for TQuantus extraction to take place.
Extraction called for design 'FIR_UNF' of instances=23749 and nets=10988 using extraction engine 'postRoute' at effort level 'low' .
PostRoute (effortLevel low) RC Extraction called for design FIR_UNF.
RC Extraction called in multi-corner(1) mode.
Process corner(s) are loaded.
 Corner: my_rc
extractDetailRC Option : -outfile /tmp/innovus_temp_27407_isaserver_isa30_2025_2026_qLKkCd/FIR_UNF_27407_VRam6d.rcdb.d -maxResLength 200  -extended
RC Mode: PostRoute -effortLevel low [Extended CapTable, RC Table Resistances]
      RC Corner Indexes            0   
Capacitance Scaling Factor   : 1.00000 
Coupling Cap. Scaling Factor : 1.00000 
Resistance Scaling Factor    : 1.00000 
Clock Cap. Scaling Factor    : 1.00000 
Clock Res. Scaling Factor    : 1.00000 
Shrink Factor                : 1.00000
Initializing multi-corner capacitance tables ... 
Initializing multi-corner resistance tables ...
Checking LVS Completed (CPU Time= 0:00:00.1  MEM= 1565.1M)
Extracted 10.0022% (CPU Time= 0:00:01.0  MEM= 1641.5M)
Extracted 20.0022% (CPU Time= 0:00:01.2  MEM= 1641.5M)
Extracted 30.0022% (CPU Time= 0:00:01.2  MEM= 1641.5M)
Extracted 40.0022% (CPU Time= 0:00:01.5  MEM= 1641.5M)
Extracted 50.0022% (CPU Time= 0:00:01.7  MEM= 1641.5M)
Extracted 60.0022% (CPU Time= 0:00:01.9  MEM= 1641.5M)
Extracted 70.0022% (CPU Time= 0:00:02.1  MEM= 1641.5M)
Extracted 80.0022% (CPU Time= 0:00:02.5  MEM= 1641.5M)
Extracted 90.0022% (CPU Time= 0:00:02.8  MEM= 1641.5M)
Extracted 100% (CPU Time= 0:00:03.7  MEM= 1645.5M)
Number of Extracted Resistors     : 150734
Number of Extracted Ground Cap.   : 161222
Number of Extracted Coupling Cap. : 420274
Filtering XCap in 'relativeAndCoupling' mode using values coupling_c_threshold=0.1fF, relative_c_threshold=1, and total_c_threshold=0fF.
 Corner: my_rc
Checking LVS Completed (CPU Time= 0:00:00.1  MEM= 1629.5M)
PostRoute (effortLevel low) RC Extraction DONE (CPU Time: 0:00:06.4  Real Time: 0:00:08.0  MEM: 1629.504M)
Starting delay calculation for Setup views
Starting SI iteration 1 using Infinite Timing Windows
#################################################################################
# Design Stage: PostRoute
# Design Name: FIR_UNF
# Design Mode: 45nm
# Analysis Mode: MMMC OCV 
# Parasitics Mode: SPEF/RCDB 
# Signoff Settings: SI On 
#################################################################################
AAE_INFO: 1 threads acquired from CTE.
Start delay calculation (fullDC) (1 T). (MEM=1627.5)
Initializing multi-corner capacitance tables ... 
Initializing multi-corner resistance tables ...
Total number of fetched objects 11033
AAE_INFO-618: Total number of nets in the design is 10988,  100.0 percent of the nets selected for SI analysis
End delay calculation. (MEM=1626.18 CPU=0:00:12.8 REAL=0:00:13.0)
End delay calculation (fullDC). (MEM=1626.18 CPU=0:00:13.9 REAL=0:00:15.0)
Loading CTE timing window with TwFlowType 0...(CPU = 0:00:00.0, REAL = 0:00:00.0, MEM = 1626.2M)
Add other clocks and setupCteToAAEClockMapping during iter 1
Loading CTE timing window is completed (CPU = 0:00:00.2, REAL = 0:00:00.0, MEM = 1626.2M)
Starting SI iteration 2
Start delay calculation (fullDC) (1 T). (MEM=1506.29)
Glitch Analysis: View MyAnView -- Total Number of Nets Skipped = 0. 
Glitch Analysis: View MyAnView -- Total Number of Nets Analyzed = 11033. 
Total number of fetched objects 11033
AAE_INFO-618: Total number of nets in the design is 10988,  0.3 percent of the nets selected for SI analysis
End delay calculation. (MEM=1547.44 CPU=0:00:00.3 REAL=0:00:00.0)
End delay calculation (fullDC). (MEM=1547.44 CPU=0:00:00.3 REAL=0:00:00.0)
*** Done Building Timing Graph (cpu=0:00:17.3 real=0:00:18.0 totSessionCpu=0:47:45 mem=1547.4M)

------------------------------------------------------------
          timeDesign Summary                             
------------------------------------------------------------

Setup views included:
 MyAnView 

+--------------------+---------+---------+---------+---------+
|     Setup mode     |   all   | reg2reg |reg2cgate| default |
+--------------------+---------+---------+---------+---------+
|           WNS (ns):|  3.876  |  3.908  |   N/A   |  3.876  |
|           TNS (ns):|  0.000  |  0.000  |   N/A   |  0.000  |
|    Violating Paths:|    0    |    0    |   N/A   |    0    |
|          All Paths:|   363   |   134   |   N/A   |   253   |
+--------------------+---------+---------+---------+---------+

+----------------+-------------------------------+------------------+
|                |              Real             |       Total      |
|    DRVs        +------------------+------------+------------------|
|                |  Nr nets(terms)  | Worst Vio  |  Nr nets(terms)  |
+----------------+------------------+------------+------------------+
|   max_cap      |      0 (0)       |   0.000    |      0 (0)       |
|   max_tran     |      0 (0)       |   0.000    |      0 (0)       |
|   max_fanout   |      0 (0)       |     0      |      0 (0)       |
|   max_length   |      0 (0)       |     0      |      0 (0)       |
+----------------+------------------+------------+------------------+

Density: 57.012%
       (100.000% with Fillers)
Total number of glitch violations: 0
------------------------------------------------------------
Reported timing to dir timingReports
Total CPU time: 26.65 sec
Total Real time: 32.0 sec
Total Memory Usage: 1538.457031 Mbytes
Reset AAE Options
<CMD> redirect -quiet {set honorDomain [getAnalysisMode -honorClockDomains]} > /dev/null
<CMD> timeDesign -preCTS -hold -pathReports -slackReports -numPaths 50 -prefix FIR_UNF_preCTS -outDir timingReports
**WARN: (IMPOPT-7233):	Resetting setDelayCalMode -SIAware in preRoute mode.
AAE DB initialization (MEM=1524.53 CPU=0:00:00.0 REAL=0:00:00.0) 
 Reset EOS DB
Ignoring AAE DB Resetting ...
**WARN: (IMPEXT-3518):	The lower process node is set (using command 'setDesignMode') but the technology file for TQuantus extraction not specified. Therefore, going for postRoute (effortLevel low) extraction instead of recommended extractor 'TQuantus' for lower nodes. Use command 'set_analysis_view/update_rc_corner' to specify the technology file for TQuantus extraction to take place.
Extraction called for design 'FIR_UNF' of instances=23749 and nets=10988 using extraction engine 'postRoute' at effort level 'low' .
PostRoute (effortLevel low) RC Extraction called for design FIR_UNF.
RC Extraction called in multi-corner(1) mode.
Process corner(s) are loaded.
 Corner: my_rc
extractDetailRC Option : -outfile /tmp/innovus_temp_27407_isaserver_isa30_2025_2026_qLKkCd/FIR_UNF_27407_VRam6d.rcdb.d -maxResLength 200  -extended
RC Mode: PostRoute -effortLevel low [Extended CapTable, RC Table Resistances]
      RC Corner Indexes            0   
Capacitance Scaling Factor   : 1.00000 
Coupling Cap. Scaling Factor : 1.00000 
Resistance Scaling Factor    : 1.00000 
Clock Cap. Scaling Factor    : 1.00000 
Clock Res. Scaling Factor    : 1.00000 
Shrink Factor                : 1.00000
Initializing multi-corner capacitance tables ... 
Initializing multi-corner resistance tables ...
Checking LVS Completed (CPU Time= 0:00:00.1  MEM= 1512.5M)
Extracted 10.0022% (CPU Time= 0:00:01.0  MEM= 1604.9M)
Extracted 20.0022% (CPU Time= 0:00:01.2  MEM= 1604.9M)
Extracted 30.0022% (CPU Time= 0:00:01.3  MEM= 1604.9M)
Extracted 40.0022% (CPU Time= 0:00:01.5  MEM= 1604.9M)
Extracted 50.0022% (CPU Time= 0:00:01.8  MEM= 1604.9M)
Extracted 60.0022% (CPU Time= 0:00:02.0  MEM= 1604.9M)
Extracted 70.0022% (CPU Time= 0:00:02.2  MEM= 1604.9M)
Extracted 80.0022% (CPU Time= 0:00:02.6  MEM= 1604.9M)
Extracted 90.0022% (CPU Time= 0:00:02.9  MEM= 1604.9M)
Extracted 100% (CPU Time= 0:00:03.9  MEM= 1608.9M)
Number of Extracted Resistors     : 150734
Number of Extracted Ground Cap.   : 161222
Number of Extracted Coupling Cap. : 420274
Filtering XCap in 'relativeAndCoupling' mode using values coupling_c_threshold=0.1fF, relative_c_threshold=1, and total_c_threshold=0fF.
 Corner: my_rc
Checking LVS Completed (CPU Time= 0:00:00.1  MEM= 1576.9M)
PostRoute (effortLevel low) RC Extraction DONE (CPU Time: 0:00:07.7  Real Time: 0:00:10.0  MEM: 1576.910M)
**WARN: (IMPEXT-3493):	The design extraction status has been reset by set_analysis_view/update_rc_corner or setExtractRCMode  command. The parasitic data can be regenerated either by extracting the design using the extractRC command or by loading the SPEF or RCDB file(s). To prevent resetting of the extraction status, avoid changing extraction modes.
Type 'man IMPEXT-3493' for more detail.
Start to check current routing status for nets...
All nets are already routed correctly.
End to check current routing status for nets (mem=1514.9M)
Extraction called for design 'FIR_UNF' of instances=23749 and nets=10988 using extraction engine 'preRoute' .
PreRoute RC Extraction called for design FIR_UNF.
RC Extraction called in multi-corner(1) mode.
RCMode: PreRoute
      RC Corner Indexes            0   
Capacitance Scaling Factor   : 1.00000 
Resistance Scaling Factor    : 1.00000 
Clock Cap. Scaling Factor    : 1.00000 
Clock Res. Scaling Factor    : 1.00000 
Shrink Factor                : 1.00000
PreRoute extraction is honoring NDR/Shielding/ExtraSpace for clock nets.
Using capacitance table file ...
Updating RC grid for preRoute extraction ...
Initializing multi-corner capacitance tables ... 
Initializing multi-corner resistance tables ...
PreRoute RC Extraction DONE (CPU Time: 0:00:00.5  Real Time: 0:00:01.0  MEM: 1514.910M)
Starting delay calculation for Hold views
#################################################################################
# Design Stage: PostRoute
# Design Name: FIR_UNF
# Design Mode: 45nm
# Analysis Mode: MMMC OCV 
# Parasitics Mode: No SPEF/RCDB 
# Signoff Settings: SI Off 
#################################################################################
Start delay calculation (fullDC) (1 T). (MEM=1522.43)
Total number of fetched objects 11033
End delay calculation. (MEM=1584.92 CPU=0:00:09.4 REAL=0:00:11.0)
End delay calculation (fullDC). (MEM=1557.84 CPU=0:00:10.7 REAL=0:00:13.0)
*** Done Building Timing Graph (cpu=0:00:11.6 real=0:00:14.0 totSessionCpu=0:48:19 mem=1557.8M)

------------------------------------------------------------
          timeDesign Summary                             
------------------------------------------------------------

Hold views included:
 MyAnView 

+--------------------+---------+---------+---------+---------+
|     Hold mode      |   all   | reg2reg |reg2cgate| default |
+--------------------+---------+---------+---------+---------+
|           WNS (ns):|  0.061  |  0.061  |   N/A   |  0.000  |
|           TNS (ns):|  0.000  |  0.000  |   N/A   |  0.000  |
|    Violating Paths:|    0    |    0    |   N/A   |    0    |
|          All Paths:|   134   |   134   |   N/A   |    0    |
+--------------------+---------+---------+---------+---------+

Density: 57.012%
       (100.000% with Fillers)
Routing Overflow: 0.00% H and 0.00% V
------------------------------------------------------------
Reported timing to dir timingReports
Total CPU time: 22.06 sec
Total Real time: 26.0 sec
Total Memory Usage: 1482.113281 Mbytes
Reset AAE Options
<CMD> deselectAll
<CMD> selectWire 105.1300 35.3150 105.2000 36.3650 2 {C8[0]}
<CMD> verifyConnectivity -type all -error 1000 -warning 50
VERIFY_CONNECTIVITY use new engine.

******** Start: VERIFY CONNECTIVITY ********
Start Time: Sat Nov  1 22:21:41 2025

Design Name: FIR_UNF
Database Units: 2000
Design Boundary: (0.0000, 0.0000) (187.3400, 186.4800)
Error Limit = 1000; Warning Limit = 50
Check all nets
**** 22:21:42 **** Processed 5000 nets.
**** 22:21:42 **** Processed 10000 nets.

Begin Summary 
  Found no problems or warnings.
End Summary

End Time: Sat Nov  1 22:21:44 2025
Time Elapsed: 0:00:03.0

******** End: VERIFY CONNECTIVITY ********
  Verification Complete : 0 Viols.  0 Wrngs.
  (CPU Time: 0:00:02.0  MEM: 0.000M)

<CMD> deselectAll
<CMD> selectInst j0_addMult5_MULT_mult_18_U38
<CMD> getMultiCpuUsage -localCpu
<CMD> get_verify_drc_mode -disable_rules -quiet
<CMD> get_verify_drc_mode -quiet -area
<CMD> get_verify_drc_mode -quiet -layer_range
<CMD> get_verify_drc_mode -check_ndr_spacing -quiet
<CMD> get_verify_drc_mode -check_only -quiet
<CMD> get_verify_drc_mode -check_same_via_cell -quiet
<CMD> get_verify_drc_mode -exclude_pg_net -quiet
<CMD> get_verify_drc_mode -ignore_trial_route -quiet
<CMD> get_verify_drc_mode -max_wrong_way_halo -quiet
<CMD> get_verify_drc_mode -use_min_spacing_on_block_obs -quiet
<CMD> get_verify_drc_mode -limit -quiet
<CMD> set_verify_drc_mode -disable_rules {} -check_ndr_spacing auto -check_only default -check_same_via_cell false -exclude_pg_net false -ignore_trial_route false -ignore_cell_blockage false -use_min_spacing_on_block_obs auto -report FIR_UNF.drc.rpt -limit 1000
<CMD> verify_drc
#-check_ndr_spacing auto                 # enums={true false auto}, default=auto,  user setting
#-report FIR_UNF.drc.rpt                 # string, default="", user setting
 *** Starting Verify DRC (MEM: 1484.0) ***

  VERIFY DRC ...... Starting Verification
  VERIFY DRC ...... Initializing
  VERIFY DRC ...... Deleting Existing Violations
  VERIFY DRC ...... Creating Sub-Areas
  VERIFY DRC ...... Using new threading

  Verification Complete : 0 Viols.

 *** End Verify DRC (CPU: 0:00:03.6  ELAPSED TIME: 4.00  MEM: 0.0M) ***

<CMD> set_verify_drc_mode -area {0 0 0 0}
<CMD> reportGateCount -level 5 -limit 100 -outfile FIR_UNF.gateCount
Gate area 0.7980 um^2
[0] FIR_UNF Gates=22316 Cells=8689 Area=17808.7 um^2
<CMD> saveNetlist FIR_UNF.v
Writing Netlist "FIR_UNF.v" ...
<CMD> getCTSMode -engine -quiet
<CMD> all_hold_analysis_views 
<CMD> all_setup_analysis_views 
<CMD> write_sdf  -ideal_clock_network FIR_UNF.sdf
**WARN: (SDF-808):	The software is currently operating in a high performance mode which optimizes the handling of multiple timing arcs between input and output pin pairs. With the current settings, the SDF file generated will contain the same delay information for all of these arcs. To have the SDF recalculated with explicit pin pair data, you should use the option '-recompute_delay_calc'. This setting is recommended for generating SDF for functional  simulation applications.
#################################################################################
# Design Stage: PostRoute
# Design Name: FIR_UNF
# Design Mode: 45nm
# Analysis Mode: MMMC OCV 
# Parasitics Mode: No SPEF/RCDB 
# Signoff Settings: SI Off 
#################################################################################
Start delay calculation (fullDC) (1 T). (MEM=1489.54)
Total number of fetched objects 11033
End delay calculation. (MEM=1545.44 CPU=0:00:11.6 REAL=0:00:14.0)
End delay calculation (fullDC). (MEM=1545.44 CPU=0:00:12.8 REAL=0:00:16.0)
<CMD> deselectAll
<CMD> selectInst FILLER__1_192
<CMD> write_sdf -ideal_clock_network -recompute_delay_calc FIR_UNF.sdf
#################################################################################
# Design Stage: PostRoute
# Design Name: FIR_UNF
# Design Mode: 45nm
# Analysis Mode: MMMC OCV 
# Parasitics Mode: No SPEF/RCDB 
# Signoff Settings: SI Off 
#################################################################################
Start delay calculation (fullDC) (1 T). (MEM=1537.23)
Total number of fetched objects 11033
End delay calculation. (MEM=1545.44 CPU=0:00:15.2 REAL=0:00:19.0)
End delay calculation (fullDC). (MEM=1545.44 CPU=0:00:16.5 REAL=0:00:20.0)
<CMD> deselectAll
<CMD> selectInst j2_addMult7_MULT_mult_18_U57
<CMD> deselectAll
<CMD> selectWire 5.1300 25.9550 182.2100 26.1250 1 VSS
<CMD> deselectAll
<CMD> selectWire 5.1300 25.9550 182.2100 26.1250 1 VSS
<CMD> saveDesign FIR_UNF_Routed
#% Begin save design ... (date=11/01 22:47:58, mem=1217.6M)
% Begin Save ccopt configuration ... (date=11/01 22:47:58, mem=1217.6M)
% End Save ccopt configuration ... (date=11/01 22:47:58, total cpu=0:00:00.1, real=0:00:00.0, peak res=1217.7M, current mem=1217.7M)
% Begin Save netlist data ... (date=11/01 22:47:58, mem=1217.7M)
Writing Binary DB to FIR_UNF_Routed.dat/FIR_UNF.v.bin in single-threaded mode...
% End Save netlist data ... (date=11/01 22:47:58, total cpu=0:00:00.1, real=0:00:00.0, peak res=1217.7M, current mem=1217.7M)
Saving symbol-table file ...
Saving congestion map file FIR_UNF_Routed.dat/FIR_UNF.route.congmap.gz ...
% Begin Save AAE data ... (date=11/01 22:47:59, mem=1217.9M)
Saving AAE Data ...
% End Save AAE data ... (date=11/01 22:47:59, total cpu=0:00:00.1, real=0:00:00.0, peak res=1217.9M, current mem=1217.9M)
Saving preference file FIR_UNF_Routed.dat/gui.pref.tcl ...
Saving mode setting ...
Saving global file ...
% Begin Save floorplan data ... (date=11/01 22:48:00, mem=1218.2M)
Saving floorplan file ...
% End Save floorplan data ... (date=11/01 22:48:01, total cpu=0:00:00.1, real=0:00:01.0, peak res=1218.2M, current mem=1218.2M)
Saving PG file FIR_UNF_Routed.dat/FIR_UNF.pg.gz, version#2, (Created by Innovus v20.11-s130_1 on Sat Nov  1 22:48:01 2025)
*** Completed savePGFile (cpu=0:00:00.0 real=0:00:00.0 mem=1490.8M) ***
Saving Drc markers ...
... No Drc file written since there is no markers found.
% Begin Save placement data ... (date=11/01 22:48:01, mem=1218.3M)
** Saving stdCellPlacement_binary (version# 2) ...
Save Adaptive View Pruning View Names to Binary file
% End Save placement data ... (date=11/01 22:48:01, total cpu=0:00:00.1, real=0:00:00.0, peak res=1218.3M, current mem=1218.3M)
% Begin Save routing data ... (date=11/01 22:48:01, mem=1218.3M)
Saving route file ...
*** Completed saveRoute (cpu=0:00:00.2 real=0:00:01.0 mem=1490.8M) ***
% End Save routing data ... (date=11/01 22:48:02, total cpu=0:00:00.3, real=0:00:01.0, peak res=1218.4M, current mem=1218.4M)
Saving property file FIR_UNF_Routed.dat/FIR_UNF.prop
*** Completed saveProperty (cpu=0:00:00.0 real=0:00:00.0 mem=1493.8M) ***
#Saving pin access data to file FIR_UNF_Routed.dat/FIR_UNF.apa ...
#
% Begin Save power constraints data ... (date=11/01 22:48:03, mem=1218.4M)
% End Save power constraints data ... (date=11/01 22:48:03, total cpu=0:00:00.1, real=0:00:00.0, peak res=1218.4M, current mem=1218.4M)
my_rc
Generated self-contained design FIR_UNF_Routed.dat
#% End save design ... (date=11/01 22:48:15, total cpu=0:00:12.7, real=0:00:17.0, peak res=1219.1M, current mem=1219.1M)
*** Message Summary: 0 warning(s), 0 error(s)

<CMD> saveDesign FIR_UNF_Routed
#% Begin save design ... (date=11/01 22:48:15, mem=1219.1M)
% Begin Save ccopt configuration ... (date=11/01 22:48:16, mem=1219.1M)
% End Save ccopt configuration ... (date=11/01 22:48:16, total cpu=0:00:00.1, real=0:00:00.0, peak res=1219.1M, current mem=1219.1M)
% Begin Save netlist data ... (date=11/01 22:48:16, mem=1219.1M)
Writing Binary DB to FIR_UNF_Routed.dat.tmp/FIR_UNF.v.bin in single-threaded mode...
% End Save netlist data ... (date=11/01 22:48:16, total cpu=0:00:00.1, real=0:00:00.0, peak res=1219.1M, current mem=1219.1M)
Saving symbol-table file ...
Saving congestion map file FIR_UNF_Routed.dat.tmp/FIR_UNF.route.congmap.gz ...
% Begin Save AAE data ... (date=11/01 22:48:17, mem=1219.1M)
Saving AAE Data ...
% End Save AAE data ... (date=11/01 22:48:17, total cpu=0:00:00.1, real=0:00:00.0, peak res=1219.1M, current mem=1219.1M)
Saving preference file FIR_UNF_Routed.dat.tmp/gui.pref.tcl ...
Saving mode setting ...
Saving global file ...
% Begin Save floorplan data ... (date=11/01 22:48:17, mem=1219.1M)
Saving floorplan file ...
% End Save floorplan data ... (date=11/01 22:48:18, total cpu=0:00:00.1, real=0:00:01.0, peak res=1219.1M, current mem=1219.1M)
Saving PG file FIR_UNF_Routed.dat.tmp/FIR_UNF.pg.gz, version#2, (Created by Innovus v20.11-s130_1 on Sat Nov  1 22:48:18 2025)
*** Completed savePGFile (cpu=0:00:00.0 real=0:00:00.0 mem=1488.3M) ***
Saving Drc markers ...
... No Drc file written since there is no markers found.
% Begin Save placement data ... (date=11/01 22:48:18, mem=1219.1M)
** Saving stdCellPlacement_binary (version# 2) ...
Save Adaptive View Pruning View Names to Binary file
% End Save placement data ... (date=11/01 22:48:18, total cpu=0:00:00.1, real=0:00:00.0, peak res=1219.1M, current mem=1219.1M)
% Begin Save routing data ... (date=11/01 22:48:18, mem=1219.1M)
Saving route file ...
*** Completed saveRoute (cpu=0:00:00.2 real=0:00:01.0 mem=1488.3M) ***
% End Save routing data ... (date=11/01 22:48:19, total cpu=0:00:00.3, real=0:00:01.0, peak res=1219.1M, current mem=1219.1M)
Saving property file FIR_UNF_Routed.dat.tmp/FIR_UNF.prop
*** Completed saveProperty (cpu=0:00:00.0 real=0:00:00.0 mem=1491.3M) ***
#Saving pin access data to file FIR_UNF_Routed.dat.tmp/FIR_UNF.apa ...
#
% Begin Save power constraints data ... (date=11/01 22:48:20, mem=1219.2M)
% End Save power constraints data ... (date=11/01 22:48:20, total cpu=0:00:00.1, real=0:00:00.0, peak res=1219.2M, current mem=1219.2M)
my_rc
Generated self-contained design FIR_UNF_Routed.dat.tmp
#% End save design ... (date=11/01 22:48:32, total cpu=0:00:12.9, real=0:00:16.0, peak res=1219.3M, current mem=1219.3M)
*** Message Summary: 0 warning(s), 0 error(s)

<CMD> saveDesign FIR_UNF_Routed
#% Begin save design ... (date=11/01 22:48:32, mem=1219.3M)
% Begin Save ccopt configuration ... (date=11/01 22:48:32, mem=1219.3M)
% End Save ccopt configuration ... (date=11/01 22:48:32, total cpu=0:00:00.1, real=0:00:01.0, peak res=1219.3M, current mem=1219.3M)
% Begin Save netlist data ... (date=11/01 22:48:33, mem=1219.3M)
Writing Binary DB to FIR_UNF_Routed.dat.tmp/FIR_UNF.v.bin in single-threaded mode...
% End Save netlist data ... (date=11/01 22:48:33, total cpu=0:00:00.1, real=0:00:00.0, peak res=1219.3M, current mem=1219.3M)
Saving symbol-table file ...
Saving congestion map file FIR_UNF_Routed.dat.tmp/FIR_UNF.route.congmap.gz ...
% Begin Save AAE data ... (date=11/01 22:48:33, mem=1219.3M)
Saving AAE Data ...
% End Save AAE data ... (date=11/01 22:48:34, total cpu=0:00:00.1, real=0:00:00.0, peak res=1219.3M, current mem=1219.3M)
Saving preference file FIR_UNF_Routed.dat.tmp/gui.pref.tcl ...
Saving mode setting ...
Saving global file ...
% Begin Save floorplan data ... (date=11/01 22:48:34, mem=1219.3M)
Saving floorplan file ...
% End Save floorplan data ... (date=11/01 22:48:35, total cpu=0:00:00.2, real=0:00:01.0, peak res=1219.3M, current mem=1219.3M)
Saving PG file FIR_UNF_Routed.dat.tmp/FIR_UNF.pg.gz, version#2, (Created by Innovus v20.11-s130_1 on Sat Nov  1 22:48:35 2025)
*** Completed savePGFile (cpu=0:00:00.0 real=0:00:00.0 mem=1491.9M) ***
Saving Drc markers ...
... No Drc file written since there is no markers found.
% Begin Save placement data ... (date=11/01 22:48:35, mem=1219.3M)
** Saving stdCellPlacement_binary (version# 2) ...
Save Adaptive View Pruning View Names to Binary file
% End Save placement data ... (date=11/01 22:48:35, total cpu=0:00:00.1, real=0:00:00.0, peak res=1219.3M, current mem=1219.3M)
% Begin Save routing data ... (date=11/01 22:48:35, mem=1219.3M)
Saving route file ...
*** Completed saveRoute (cpu=0:00:00.2 real=0:00:01.0 mem=1491.9M) ***
% End Save routing data ... (date=11/01 22:48:36, total cpu=0:00:00.3, real=0:00:01.0, peak res=1219.3M, current mem=1219.3M)
Saving property file FIR_UNF_Routed.dat.tmp/FIR_UNF.prop
*** Completed saveProperty (cpu=0:00:00.0 real=0:00:00.0 mem=1494.9M) ***
#Saving pin access data to file FIR_UNF_Routed.dat.tmp/FIR_UNF.apa ...
#
% Begin Save power constraints data ... (date=11/01 22:48:37, mem=1219.3M)
% End Save power constraints data ... (date=11/01 22:48:37, total cpu=0:00:00.1, real=0:00:00.0, peak res=1219.3M, current mem=1219.3M)
my_rc
Generated self-contained design FIR_UNF_Routed.dat.tmp
#% End save design ... (date=11/01 22:48:49, total cpu=0:00:12.8, real=0:00:18.0, peak res=1219.3M, current mem=1219.3M)
*** Message Summary: 0 warning(s), 0 error(s)

<CMD> saveDesign FIR_UNF_Routed
#% Begin save design ... (date=11/01 22:48:50, mem=1219.3M)
% Begin Save ccopt configuration ... (date=11/01 22:48:50, mem=1219.3M)
% End Save ccopt configuration ... (date=11/01 22:48:50, total cpu=0:00:00.1, real=0:00:00.0, peak res=1219.3M, current mem=1219.3M)
% Begin Save netlist data ... (date=11/01 22:48:50, mem=1219.3M)
Writing Binary DB to FIR_UNF_Routed.dat.tmp/FIR_UNF.v.bin in single-threaded mode...
% End Save netlist data ... (date=11/01 22:48:50, total cpu=0:00:00.1, real=0:00:00.0, peak res=1219.3M, current mem=1219.3M)
Saving symbol-table file ...
Saving congestion map file FIR_UNF_Routed.dat.tmp/FIR_UNF.route.congmap.gz ...
% Begin Save AAE data ... (date=11/01 22:48:52, mem=1219.3M)
Saving AAE Data ...
% End Save AAE data ... (date=11/01 22:48:52, total cpu=0:00:00.1, real=0:00:00.0, peak res=1219.3M, current mem=1219.3M)
Saving preference file FIR_UNF_Routed.dat.tmp/gui.pref.tcl ...
Saving mode setting ...
Saving global file ...
% Begin Save floorplan data ... (date=11/01 22:48:53, mem=1219.3M)
Saving floorplan file ...
% End Save floorplan data ... (date=11/01 22:48:53, total cpu=0:00:00.1, real=0:00:00.0, peak res=1219.3M, current mem=1219.3M)
Saving PG file FIR_UNF_Routed.dat.tmp/FIR_UNF.pg.gz, version#2, (Created by Innovus v20.11-s130_1 on Sat Nov  1 22:48:53 2025)
*** Completed savePGFile (cpu=0:00:00.0 real=0:00:01.0 mem=1492.4M) ***
Saving Drc markers ...
... No Drc file written since there is no markers found.
% Begin Save placement data ... (date=11/01 22:48:54, mem=1219.3M)
** Saving stdCellPlacement_binary (version# 2) ...
Save Adaptive View Pruning View Names to Binary file
% End Save placement data ... (date=11/01 22:48:54, total cpu=0:00:00.1, real=0:00:00.0, peak res=1219.3M, current mem=1219.3M)
% Begin Save routing data ... (date=11/01 22:48:54, mem=1219.3M)
Saving route file ...
*** Completed saveRoute (cpu=0:00:00.2 real=0:00:01.0 mem=1492.4M) ***
% End Save routing data ... (date=11/01 22:48:55, total cpu=0:00:00.3, real=0:00:01.0, peak res=1219.3M, current mem=1219.3M)
Saving property file FIR_UNF_Routed.dat.tmp/FIR_UNF.prop
*** Completed saveProperty (cpu=0:00:00.0 real=0:00:00.0 mem=1495.4M) ***
#Saving pin access data to file FIR_UNF_Routed.dat.tmp/FIR_UNF.apa ...
#
% Begin Save power constraints data ... (date=11/01 22:48:56, mem=1219.3M)
% End Save power constraints data ... (date=11/01 22:48:56, total cpu=0:00:00.1, real=0:00:00.0, peak res=1219.3M, current mem=1219.3M)
my_rc
Generated self-contained design FIR_UNF_Routed.dat.tmp
#% End save design ... (date=11/01 22:49:09, total cpu=0:00:12.8, real=0:00:19.0, peak res=1219.3M, current mem=1219.3M)
*** Message Summary: 0 warning(s), 0 error(s)

<CMD> deselectAll
<CMD> selectWire 65.2300 122.3950 65.3000 124.0050 2 j2_addMult1_MULT_mult_18_n455
<CMD> getCTSMode -engine -quiet
<CMD> zoomBox -16.06700 -71.29250 269.15800 232.75250
<CMD> deselectAll
<CMD> encMessage warning 0
Suppress "**WARN ..." messages.
<CMD> encMessage debug 0
<CMD> encMessage info 0


ERROR: **ERROR: (IMPIMEX-7031):	restoreDesign more than once in the same Innovus session is dangerous and not recommended. Some internal state of applications or global settings cannot be reset, so it's not reliable enough in real flow. If you are just experimenting and/or debugging and accept the risks, you can set the global restore_db_stop_at_design_in_memory to 0 and try again.


**ERROR: (IMPIMEX-7031):	restoreDesign more than once in the same Innovus session is dangerous and not recommended. Some internal state of applications or global settings cannot be reset, so it's not reliable enough in real flow. If you are just experimenting and/or debugging and accept the risks, you can set the global restore_db_stop_at_design_in_memory to 0 and try again.

    while executing
"error $catchMsg"
    (procedure "restoreDesign" line 31)

**ERROR: (IMPSYT-6300):	Failed to execute command 'source'. For more details, refer to error message: **ERROR: (IMPIMEX-7031):	restoreDesign more than once in the same Innovus session is dangerous and not recommended. Some internal state of applications or global settings cannot be reset, so it's not reliable enough in real flow. If you are just experimenting and/or debugging and accept the risks, you can set the global restore_db_stop_at_design_in_memory to 0 and try again.

<CMD> set_power_analysis_mode -reset
<CMD> set_power_analysis_mode -method static -corner max -create_binary_db true -write_static_currents true -honor_negative_energy true -ignore_control_signals true
<CMD> set_power_output_dir -reset
<CMD> set_power_output_dir ./
<CMD> set_default_switching_activity -reset
<CMD> set_default_switching_activity -input_activity 0.2 -period 10.0
** INFO:  (VOLTUS_POWR-3229): Using user defined default frequency 100MHz for power calculation.

'set_default_switching_activity' finished successfully.
<CMD> read_activity_file -reset
<CMD> read_activity_file -format VCD -scope /tb_fir/UUT -start {} -end {} -block {} ../vcd/design.vcd

Power Net Detected:
        Voltage	    Name
             0V	    VSS
           1.1V	    VDD
#################################################################################
# Design Stage: PostRoute
# Design Name: FIR_UNF
# Design Mode: 45nm
# Analysis Mode: MMMC OCV 
# Parasitics Mode: No SPEF/RCDB 
# Signoff Settings: SI Off 
#################################################################################
             0V	    VSS
           1.1V	    VDD
MY_CLK(136.986MHz) Parsing VCD file ../vcd/design.vcd

Starting Reading VCD variables
2025-Nov-01 22:54:59 (2025-Nov-01 21:54:59 GMT)
2025-Nov-01 22:54:59 (2025-Nov-01 21:54:59 GMT): 10%
2025-Nov-01 22:54:59 (2025-Nov-01 21:54:59 GMT): 20%
2025-Nov-01 22:54:59 (2025-Nov-01 21:54:59 GMT): 30%
2025-Nov-01 22:54:59 (2025-Nov-01 21:54:59 GMT): 40%
2025-Nov-01 22:54:59 (2025-Nov-01 21:54:59 GMT): 50%
2025-Nov-01 22:54:59 (2025-Nov-01 21:54:59 GMT): 60%
2025-Nov-01 22:54:59 (2025-Nov-01 21:54:59 GMT): 70%
2025-Nov-01 22:54:59 (2025-Nov-01 21:54:59 GMT): 80%
2025-Nov-01 22:54:59 (2025-Nov-01 21:54:59 GMT): 90%

Finished Reading VCD variables
2025-Nov-01 22:54:59 (2025-Nov-01 21:54:59 GMT)
   
The vcd command required:
   		0.55 user, 0.12 system, and 0.71 real seconds

   Total number of value changes: 820314.

   Total simulation time: 8.5e-07s.

** WARN:  (VOLTUS_POWR-1784): The SDC clock frequency 136.986MHz is being overwritten with the VCD clock frequency 166.667MHz for the clock 'MY_CLK' associated with the net
'clk' from the VCD file. If the SDC clock frequency is required for static power calculation, use the command
'set_switching_activity -clock <clock name> -scale_factor <num>' to scale frequency of this clock.

   With this vcd command,  286918 value changes and 8.5e-07 second
simulation time were counted for power consumption calculation.

  Filename (activity)                    : ../vcd/design.vcd
  Names in file that matched to design   : 10800/10929
  Annotation coverage for this file
   (Unique nets matched/Total nets)       : 10800/10800 = 100%

  129 nets were found in the VCD file(s) but were not in
  the design.  These nets are not reported because
  'set_power_analysis_mode' -report_missing_nets' is set to false
(default).

  Total annotation coverage for all files of type VCD: 10800/10800 = 100%
  Percent of VCD annotated nets with zero toggles: 860/10800 = 7.96296%

'read_activity_file' finished successfully.
<CMD> set_power -reset
<CMD> set_powerup_analysis -reset
<CMD> set_dynamic_power_simulation -reset
<CMD> report_power -rail_analysis_format VS -outfile .//FIR_UNF.rpt
Using Power View: MyAnView.
#################################################################################
# Design Stage: PostRoute
# Design Name: FIR_UNF
# Design Mode: 45nm
# Analysis Mode: MMMC OCV 
# Parasitics Mode: No SPEF/RCDB 
# Signoff Settings: SI Off 
#################################################################################
Start delay calculation (fullDC) (1 T). (MEM=1593.14)
Total number of fetched objects 11033
End delay calculation. (MEM=1621.94 CPU=0:00:08.0 REAL=0:00:09.0)
End delay calculation (fullDC). (MEM=1621.94 CPU=0:00:09.2 REAL=0:00:10.0)

Begin Power Analysis

             0V	    VSS
           1.1V	    VDD
Begin Processing Timing Library for Power Calculation

Begin Processing Timing Library for Power Calculation



Begin Processing Power Net/Grid for Power Calculation

Ended Processing Power Net/Grid for Power Calculation: (cpu=0:00:00, real=0:00:00, mem(process/total/peak)=1354.94MB/2893.78MB/1363.71MB)

Begin Processing Timing Window Data for Power Calculation

** WARN:  (VOLTUS_POWR-1608):   Found conflicting clock definitions for the same clock 'MY_CLK' in the SDC file.
  Retaining the last specified frequency of 136.986MHz.

Ended Processing Timing Window Data for Power Calculation: (cpu=0:00:00, real=0:00:00, mem(process/total/peak)=1354.96MB/2893.78MB/1363.71MB)

Begin Processing User Attributes

Ended Processing User Attributes: (cpu=0:00:00, real=0:00:00, mem(process/total/peak)=1354.97MB/2893.78MB/1363.71MB)

Begin Processing Signal Activity


Starting Levelizing
2025-Nov-01 22:55:12 (2025-Nov-01 21:55:12 GMT)
2025-Nov-01 22:55:12 (2025-Nov-01 21:55:12 GMT): 10%
2025-Nov-01 22:55:12 (2025-Nov-01 21:55:12 GMT): 20%
2025-Nov-01 22:55:12 (2025-Nov-01 21:55:12 GMT): 30%
2025-Nov-01 22:55:12 (2025-Nov-01 21:55:12 GMT): 40%
2025-Nov-01 22:55:12 (2025-Nov-01 21:55:12 GMT): 50%
2025-Nov-01 22:55:12 (2025-Nov-01 21:55:12 GMT): 60%
2025-Nov-01 22:55:12 (2025-Nov-01 21:55:12 GMT): 70%
2025-Nov-01 22:55:12 (2025-Nov-01 21:55:12 GMT): 80%
2025-Nov-01 22:55:12 (2025-Nov-01 21:55:12 GMT): 90%

Finished Levelizing
2025-Nov-01 22:55:12 (2025-Nov-01 21:55:12 GMT)

Starting Activity Propagation
2025-Nov-01 22:55:12 (2025-Nov-01 21:55:12 GMT)

Finished Activity Propagation
2025-Nov-01 22:55:12 (2025-Nov-01 21:55:12 GMT)

Activity annotation summary:
        Primary Inputs : 157/157 = 100%
          Flop outputs : 205/205 = 100%
  Memory/Macro outputs : 0/0 = 0%
      Tristate outputs : 0/0 = 0%
            Total Nets : 10800/10800 = 100%

Ended Processing Signal Activity: (cpu=0:00:00, real=0:00:00, mem(process/total/peak)=1355.36MB/2893.78MB/1363.71MB)

Begin Power Computation

      ----------------------------------------------------------
      # of cell(s) missing both power/leakage table: 0
      # of cell(s) missing power table: 0
      # of cell(s) missing leakage table: 0
      # of MSMV cell(s) missing power_level: 0
      ----------------------------------------------------------



Starting Calculating power
2025-Nov-01 22:55:12 (2025-Nov-01 21:55:12 GMT)
 ... Calculating switching power
2025-Nov-01 22:55:12 (2025-Nov-01 21:55:12 GMT): 10%
2025-Nov-01 22:55:12 (2025-Nov-01 21:55:12 GMT): 20%
2025-Nov-01 22:55:13 (2025-Nov-01 21:55:13 GMT): 30%
2025-Nov-01 22:55:13 (2025-Nov-01 21:55:13 GMT): 40%
2025-Nov-01 22:55:13 (2025-Nov-01 21:55:13 GMT): 50%
 ... Calculating internal and leakage power
2025-Nov-01 22:55:13 (2025-Nov-01 21:55:13 GMT): 60%
2025-Nov-01 22:55:14 (2025-Nov-01 21:55:14 GMT): 70%
2025-Nov-01 22:55:15 (2025-Nov-01 21:55:15 GMT): 80%
2025-Nov-01 22:55:16 (2025-Nov-01 21:55:16 GMT): 90%

Finished Calculating power
2025-Nov-01 22:55:17 (2025-Nov-01 21:55:17 GMT)
Ended Power Computation: (cpu=0:00:03, real=0:00:04, mem(process/total/peak)=1355.78MB/2893.78MB/1363.71MB)

Begin Processing User Attributes

Ended Processing User Attributes: (cpu=0:00:00, real=0:00:00, mem(process/total/peak)=1355.78MB/2893.78MB/1363.71MB)

Ended Power Analysis: (cpu=0:00:04, real=0:00:05, mem(process/total/peak)=1355.85MB/2893.78MB/1363.71MB)

Begin Boundary Leakage Calculation
Ended Boundary Leakage Calculation: (cpu=0:00:00, real=0:00:00,
mem(process/total/peak)=1355.86MB/2893.78MB/1363.71MB)
Begin Static Power Report Generation
*



Total Power
-----------------------------------------------------------------------------------------
Total Internal Power:        1.17954881 	   44.8944%
Total Switching Power:       1.09096919 	   41.5230%
Total Leakage Power:         0.35686650 	   13.5826%
Total Power:                 2.62738450
-----------------------------------------------------------------------------------------
Ended Static Power Report Generation: (cpu=0:00:00, real=0:00:00,
mem(process/total/peak)=1356.86MB/2893.78MB/1363.71MB)

Begin Creating Binary Database
Ended Creating Binary Database: (cpu=0:00:04, real=0:00:04,
mem(process/total/peak)=1861.86MB/3659.20MB/1874.62MB)

Output file is .//FIR_UNF.rpt.
<CMD> report_power -outfile reportPowerInnovus.txt -sort { total }
Using Power View: MyAnView.
Begin Boundary Leakage Calculation
Ended Boundary Leakage Calculation: (cpu=0:00:00, real=0:00:00,
mem(process/total/peak)=1295.18MB/2837.80MB/1874.62MB)
Begin Static Power Report Generation
*



Total Power
-----------------------------------------------------------------------------------------
Total Internal Power:        1.17954881 	   44.8944%
Total Switching Power:       1.09096919 	   41.5230%
Total Leakage Power:         0.35686650 	   13.5826%
Total Power:                 2.62738450
-----------------------------------------------------------------------------------------
Ended Static Power Report Generation: (cpu=0:00:00, real=0:00:00,
mem(process/total/peak)=1296.59MB/2837.80MB/1874.62MB)


Output file is .//reportPowerInnovus.txt.
<CMD> report_power -outfile reportPowerInnovus.txt -sort { total }
Using Power View: MyAnView.
Begin Boundary Leakage Calculation
Ended Boundary Leakage Calculation: (cpu=0:00:00, real=0:00:00,
mem(process/total/peak)=1296.59MB/2837.80MB/1874.62MB)
Begin Static Power Report Generation
*



Total Power
-----------------------------------------------------------------------------------------
Total Internal Power:        1.17954881 	   44.8944%
Total Switching Power:       1.09096919 	   41.5230%
Total Leakage Power:         0.35686650 	   13.5826%
Total Power:                 2.62738450
-----------------------------------------------------------------------------------------
Ended Static Power Report Generation: (cpu=0:00:00, real=0:00:00,
mem(process/total/peak)=1296.59MB/2837.80MB/1874.62MB)


Output file is .//reportPowerInnovus.txt.
invalid command name "quit"

*** Memory Usage v#2 (Current mem = 1569.398M, initial mem = 272.289M) ***
*** Message Summary: 74 warning(s), 3 error(s)

--- Ending "Innovus" (totcpu=0:54:20, real=3:59:07, mem=1569.4M) ---
